csn,Scenario,Choice_,RECRE,PRICE,CF,CF_car,CF_stay,CF_pt,CF_age,CF_male,CF_income,CF_child,CF_bike,BIKELANE,BIKESEP,DIST6,DIST3,FREQ_HIGHER,FREQ_HIGHEST,UNGUARDED,GUARDED,ID_1
1,1,1,1,5,1,0,1,5,28,1,2,1,1,1,0,0,1,0,0,0,0,1
1,2,0,1,5,1,0,1,5,28,1,2,1,1,0,0,1,0,0,0,0,1,1
1,3,0,1,6,0,0,0,0,0,0,0,0,0,0,0,0,0,0,0,0,0,1
2,1,0,3,3,1,0,1,5,28,1,2,1,1,0,0,0,0,0,0,0,0,1
2,2,1,2,1,1,0,1,5,28,1,2,1,1,1,0,1,0,1,0,0,1,1
2,3,0,1,6,0,0,0,0,0,0,0,0,0,0,0,0,0,0,0,0,0,1
3,1,1,1,5,1,0,1,5,28,1,2,1,1,0,1,0,0,1,0,0,1,1
3,2,0,1,3,1,0,1,5,28,1,2,1,1,1,0,0,1,1,0,0,1,1
3,3,0,1,6,0,0,0,0,0,0,0,0,0,0,0,0,0,0,0,0,0,1
4,1,1,3,4,1,0,1,5,28,1,2,1,1,0,0,1,0,1,0,0,1,1
4,2,0,2,6,1,0,1,5,28,1,2,1,1,1,0,0,0,0,1,0,0,1
4,3,0,1,6,0,0,0,0,0,0,0,0,0,0,0,0,0,0,0,0,0,1
5,1,0,2,2,1,0,1,5,28,1,2,1,1,0,1,0,1,1,0,0,1,1
5,2,1,3,2,1,0,1,5,28,1,2,1,1,0,1,0,0,0,0,0,0,1
5,3,0,1,6,0,0,0,0,0,0,0,0,0,0,0,0,0,0,0,0,0,1
6,1,1,3,4,1,0,1,5,28,1,2,1,1,1,0,0,1,0,1,1,0,1
6,2,0,2,1,1,0,1,5,28,1,2,1,1,0,1,1,0,0,0,0,0,1
6,3,0,1,6,0,0,0,0,0,0,0,0,0,0,0,0,0,0,0,0,0,1
7,1,0,2,6,1,0,1,5,28,1,2,1,1,0,1,0,0,0,1,1,0,1
7,2,1,3,4,1,0,1,5,28,1,2,1,1,0,1,0,1,1,0,1,0,1
7,3,0,1,6,0,0,0,0,0,0,0,0,0,0,0,0,0,0,0,0,0,1
8,1,1,1,1,1,0,1,5,28,1,2,1,1,1,0,1,0,0,1,1,0,1
8,2,0,1,3,1,0,1,5,28,1,2,1,1,0,0,0,1,0,1,1,0,1
8,3,0,1,6,0,0,0,0,0,0,0,0,0,0,0,0,0,0,0,0,0,1
9,1,0,2,6,1,0,1,5,28,1,2,1,1,0,0,1,0,0,0,0,0,1
9,2,1,3,2,1,0,1,5,28,1,2,1,1,0,0,0,0,0,1,1,0,1
9,3,0,1,6,0,0,0,0,0,0,0,0,0,0,0,0,0,0,0,0,0,1
10,1,1,2,5,1,0,1,4,27,0,1,2,1,1,0,1,0,0,0,0,1,2
10,2,0,2,1,1,0,1,4,27,0,1,2,1,0,0,0,1,1,0,0,0,2
10,3,0,1,6,0,0,0,0,0,0,0,0,0,0,0,0,0,0,0,0,0,2
11,1,0,2,5,1,0,1,4,27,0,1,2,1,0,0,0,0,0,0,1,0,2
11,2,1,1,3,1,0,1,4,27,0,1,2,1,0,1,1,0,0,1,0,0,2
11,3,0,1,6,0,0,0,0,0,0,0,0,0,0,0,0,0,0,0,0,0,2
12,1,0,1,3,1,0,1,4,27,0,1,2,1,1,0,0,0,1,0,0,0,2
12,2,1,2,5,1,0,1,4,27,0,1,2,1,0,1,0,1,0,1,0,0,2
12,3,0,1,6,0,0,0,0,0,0,0,0,0,0,0,0,0,0,0,0,0,2
13,1,0,1,4,1,0,1,4,27,0,1,2,1,0,0,0,0,1,0,1,0,2
13,2,1,3,2,1,0,1,4,27,0,1,2,1,1,0,1,0,0,0,1,0,2
13,3,0,1,6,0,0,0,0,0,0,0,0,0,0,0,0,0,0,0,0,0,2
14,1,0,1,4,1,0,1,4,27,0,1,2,1,0,1,0,1,1,0,0,0,2
14,2,1,2,1,1,0,1,4,27,0,1,2,1,0,0,0,0,1,0,1,0,2
14,3,0,1,6,0,0,0,0,0,0,0,0,0,0,0,0,0,0,0,0,0,2
15,1,1,3,2,1,0,1,4,27,0,1,2,1,0,0,0,1,0,1,0,1,2
15,2,0,3,6,1,0,1,4,27,0,1,2,1,0,0,1,0,1,0,1,0,2
15,3,0,1,6,0,0,0,0,0,0,0,0,0,0,0,0,0,0,0,0,0,2
16,1,0,3,6,1,0,1,4,27,0,1,2,1,0,1,0,1,0,1,0,0,2
16,2,1,1,3,1,0,1,4,27,0,1,2,1,0,1,0,0,0,1,0,1,2
16,3,0,1,6,0,0,0,0,0,0,0,0,0,0,0,0,0,0,0,0,0,2
17,1,0,3,6,1,0,1,4,27,0,1,2,1,1,0,1,0,0,1,0,1,2
17,2,1,3,2,1,0,1,4,27,0,1,2,1,1,0,0,1,0,0,0,1,2
17,3,0,1,6,0,0,0,0,0,0,0,0,0,0,0,0,0,0,0,0,0,2
18,1,1,2,1,1,0,1,4,27,0,1,2,1,0,1,1,0,0,0,1,0,2
18,2,0,1,4,1,0,1,4,27,0,1,2,1,1,0,0,0,0,0,0,1,2
18,3,0,1,6,0,0,0,0,0,0,0,0,0,0,0,0,0,0,0,0,0,2
19,1,0,2,3,1,0,0,5,22,1,2,1,1,1,0,0,1,1,0,0,1,3
19,2,1,1,4,1,0,0,5,22,1,2,1,1,1,0,1,0,0,1,1,0,3
19,3,0,1,6,0,0,0,0,0,0,0,0,0,0,0,0,0,0,0,0,0,3
20,1,0,3,6,1,0,0,5,22,1,2,1,1,0,1,1,0,1,0,1,0,3
20,2,1,1,5,1,0,0,5,22,1,2,1,1,0,0,1,0,1,0,0,0,3
20,3,0,1,6,0,0,0,0,0,0,0,0,0,0,0,0,0,0,0,0,0,3
21,1,1,2,3,1,0,0,5,22,1,2,1,1,0,0,0,1,1,0,1,0,3
21,2,0,2,3,1,0,0,5,22,1,2,1,1,0,0,0,1,0,0,0,1,3
21,3,0,1,6,0,0,0,0,0,0,0,0,0,0,0,0,0,0,0,0,0,3
22,1,1,1,2,1,0,0,5,22,1,2,1,1,0,0,1,0,0,1,1,0,3
22,2,0,2,5,1,0,0,5,22,1,2,1,1,0,1,0,0,1,0,0,1,3
22,3,0,1,6,0,0,0,0,0,0,0,0,0,0,0,0,0,0,0,0,0,3
23,1,1,2,5,1,0,0,5,22,1,2,1,1,1,0,0,0,0,1,0,0,3
23,2,0,2,6,1,0,0,5,22,1,2,1,1,1,0,0,0,0,0,1,0,3
23,3,0,1,6,0,0,0,0,0,0,0,0,0,0,0,0,0,0,0,0,0,3
24,1,0,1,2,1,0,0,5,22,1,2,1,1,0,1,1,0,0,1,0,0,3
24,2,1,3,1,1,0,0,5,22,1,2,1,1,1,0,1,0,0,1,0,0,3
24,3,0,1,6,0,0,0,0,0,0,0,0,0,0,0,0,0,0,0,0,0,3
25,1,1,3,1,1,0,0,5,22,1,2,1,1,0,1,0,0,0,0,0,0,3
25,2,0,3,6,1,0,0,5,22,1,2,1,1,0,0,0,1,0,0,0,0,3
25,3,0,1,6,0,0,0,0,0,0,0,0,0,0,0,0,0,0,0,0,0,3
26,1,0,1,4,1,0,0,5,22,1,2,1,1,0,0,0,1,0,0,0,1,3
26,2,1,3,4,1,0,0,5,22,1,2,1,1,0,1,0,1,0,1,0,1,3
26,3,0,1,6,0,0,0,0,0,0,0,0,0,0,0,0,0,0,0,0,0,3
27,1,0,3,1,1,0,0,5,22,1,2,1,1,1,0,0,0,0,0,0,1,3
27,2,1,1,2,1,0,0,5,22,1,2,1,1,0,1,0,0,1,0,1,0,3
27,3,0,1,6,0,0,0,0,0,0,0,0,0,0,0,0,0,0,0,0,0,3
28,1,0,1,5,1,1,0,5,26,0,1,1,1,1,0,0,1,0,0,0,0,4
28,2,1,1,5,1,1,0,5,26,0,1,1,1,0,0,1,0,0,0,0,1,4
28,3,0,1,6,0,0,0,0,0,0,0,0,0,0,0,0,0,0,0,0,0,4
29,1,0,3,3,1,1,0,5,26,0,1,1,1,0,0,0,0,0,0,0,0,4
29,2,1,2,1,1,1,0,5,26,0,1,1,1,1,0,1,0,1,0,0,1,4
29,3,0,1,6,0,0,0,0,0,0,0,0,0,0,0,0,0,0,0,0,0,4
30,1,0,1,5,1,1,0,5,26,0,1,1,1,0,1,0,0,1,0,0,1,4
30,2,1,1,3,1,1,0,5,26,0,1,1,1,1,0,0,1,1,0,0,1,4
30,3,0,1,6,0,0,0,0,0,0,0,0,0,0,0,0,0,0,0,0,0,4
31,1,0,3,4,1,1,0,5,26,0,1,1,1,0,0,1,0,1,0,0,1,4
31,2,0,2,6,1,1,0,5,26,0,1,1,1,1,0,0,0,0,1,0,0,4
31,3,1,1,6,0,0,0,0,0,0,0,0,0,0,0,0,0,0,0,0,0,4
32,1,0,2,2,1,1,0,5,26,0,1,1,1,0,1,0,1,1,0,0,1,4
32,2,0,3,2,1,1,0,5,26,0,1,1,1,0,1,0,0,0,0,0,0,4
32,3,1,1,6,0,0,0,0,0,0,0,0,0,0,0,0,0,0,0,0,0,4
33,1,1,3,4,1,1,0,5,26,0,1,1,1,1,0,0,1,0,1,1,0,4
33,2,0,2,1,1,1,0,5,26,0,1,1,1,0,1,1,0,0,0,0,0,4
33,3,0,1,6,0,0,0,0,0,0,0,0,0,0,0,0,0,0,0,0,0,4
34,1,0,2,6,1,1,0,5,26,0,1,1,1,0,1,0,0,0,1,1,0,4
34,2,1,3,4,1,1,0,5,26,0,1,1,1,0,1,0,1,1,0,1,0,4
34,3,0,1,6,0,0,0,0,0,0,0,0,0,0,0,0,0,0,0,0,0,4
35,1,0,1,1,1,1,0,5,26,0,1,1,1,1,0,1,0,0,1,1,0,4
35,2,1,1,3,1,1,0,5,26,0,1,1,1,0,0,0,1,0,1,1,0,4
35,3,0,1,6,0,0,0,0,0,0,0,0,0,0,0,0,0,0,0,0,0,4
36,1,0,2,6,1,1,0,5,26,0,1,1,1,0,0,1,0,0,0,0,0,4
36,2,1,3,2,1,1,0,5,26,0,1,1,1,0,0,0,0,0,1,1,0,4
36,3,0,1,6,0,0,0,0,0,0,0,0,0,0,0,0,0,0,0,0,0,4
46,1,0,2,5,1,0,1,5,26,0,1,1,1,1,0,1,0,0,0,0,1,5
46,2,0,2,1,1,0,1,5,26,0,1,1,1,0,0,0,1,1,0,0,0,5
46,3,1,1,6,0,0,0,0,0,0,0,0,0,0,0,0,0,0,0,0,0,5
47,1,0,2,5,1,0,1,5,26,0,1,1,1,0,0,0,0,0,0,1,0,5
47,2,0,1,3,1,0,1,5,26,0,1,1,1,0,1,1,0,0,1,0,0,5
47,3,1,1,6,0,0,0,0,0,0,0,0,0,0,0,0,0,0,0,0,0,5
48,1,0,1,3,1,0,1,5,26,0,1,1,1,1,0,0,0,1,0,0,0,5
48,2,0,2,5,1,0,1,5,26,0,1,1,1,0,1,0,1,0,1,0,0,5
48,3,1,1,6,0,0,0,0,0,0,0,0,0,0,0,0,0,0,0,0,0,5
49,1,0,1,4,1,0,1,5,26,0,1,1,1,0,0,0,0,1,0,1,0,5
49,2,1,3,2,1,0,1,5,26,0,1,1,1,1,0,1,0,0,0,1,0,5
49,3,0,1,6,0,0,0,0,0,0,0,0,0,0,0,0,0,0,0,0,0,5
50,1,0,1,4,1,0,1,5,26,0,1,1,1,0,1,0,1,1,0,0,0,5
50,2,0,2,1,1,0,1,5,26,0,1,1,1,0,0,0,0,1,0,1,0,5
50,3,1,1,6,0,0,0,0,0,0,0,0,0,0,0,0,0,0,0,0,0,5
51,1,0,3,2,1,0,1,5,26,0,1,1,1,0,0,0,1,0,1,0,1,5
51,2,0,3,6,1,0,1,5,26,0,1,1,1,0,0,1,0,1,0,1,0,5
51,3,1,1,6,0,0,0,0,0,0,0,0,0,0,0,0,0,0,0,0,0,5
52,1,0,3,6,1,0,1,5,26,0,1,1,1,0,1,0,1,0,1,0,0,5
52,2,0,1,3,1,0,1,5,26,0,1,1,1,0,1,0,0,0,1,0,1,5
52,3,1,1,6,0,0,0,0,0,0,0,0,0,0,0,0,0,0,0,0,0,5
53,1,0,3,6,1,0,1,5,26,0,1,1,1,1,0,1,0,0,1,0,1,5
53,2,1,3,2,1,0,1,5,26,0,1,1,1,1,0,0,1,0,0,0,1,5
53,3,0,1,6,0,0,0,0,0,0,0,0,0,0,0,0,0,0,0,0,0,5
54,1,0,2,1,1,0,1,5,26,0,1,1,1,0,1,1,0,0,0,1,0,5
54,2,1,1,4,1,0,1,5,26,0,1,1,1,1,0,0,0,0,0,0,1,5
54,3,0,1,6,0,0,0,0,0,0,0,0,0,0,0,0,0,0,0,0,0,5
55,1,1,2,3,1,0,0,5,35,0,1,2,1,1,0,0,1,1,0,0,1,6
55,2,0,1,4,1,0,0,5,35,0,1,2,1,1,0,1,0,0,1,1,0,6
55,3,0,1,6,0,0,0,0,0,0,0,0,0,0,0,0,0,0,0,0,0,6
56,1,1,3,6,1,0,0,5,35,0,1,2,1,0,1,1,0,1,0,1,0,6
56,2,0,1,5,1,0,0,5,35,0,1,2,1,0,0,1,0,1,0,0,0,6
56,3,0,1,6,0,0,0,0,0,0,0,0,0,0,0,0,0,0,0,0,0,6
57,1,1,2,3,1,0,0,5,35,0,1,2,1,0,0,0,1,1,0,1,0,6
57,2,0,2,3,1,0,0,5,35,0,1,2,1,0,0,0,1,0,0,0,1,6
57,3,0,1,6,0,0,0,0,0,0,0,0,0,0,0,0,0,0,0,0,0,6
58,1,0,1,2,1,0,0,5,35,0,1,2,1,0,0,1,0,0,1,1,0,6
58,2,1,2,5,1,0,0,5,35,0,1,2,1,0,1,0,0,1,0,0,1,6
58,3,0,1,6,0,0,0,0,0,0,0,0,0,0,0,0,0,0,0,0,0,6
59,1,1,2,5,1,0,0,5,35,0,1,2,1,1,0,0,0,0,1,0,0,6
59,2,0,2,6,1,0,0,5,35,0,1,2,1,1,0,0,0,0,0,1,0,6
59,3,0,1,6,0,0,0,0,0,0,0,0,0,0,0,0,0,0,0,0,0,6
60,1,1,1,2,1,0,0,5,35,0,1,2,1,0,1,1,0,0,1,0,0,6
60,2,0,3,1,1,0,0,5,35,0,1,2,1,1,0,1,0,0,1,0,0,6
60,3,0,1,6,0,0,0,0,0,0,0,0,0,0,0,0,0,0,0,0,0,6
61,1,1,3,1,1,0,0,5,35,0,1,2,1,0,1,0,0,0,0,0,0,6
61,2,0,3,6,1,0,0,5,35,0,1,2,1,0,0,0,1,0,0,0,0,6
61,3,0,1,6,0,0,0,0,0,0,0,0,0,0,0,0,0,0,0,0,0,6
62,1,0,1,4,1,0,0,5,35,0,1,2,1,0,0,0,1,0,0,0,1,6
62,2,1,3,4,1,0,0,5,35,0,1,2,1,0,1,0,1,0,1,0,1,6
62,3,0,1,6,0,0,0,0,0,0,0,0,0,0,0,0,0,0,0,0,0,6
63,1,1,3,1,1,0,0,5,35,0,1,2,1,1,0,0,0,0,0,0,1,6
63,2,0,1,2,1,0,0,5,35,0,1,2,1,0,1,0,0,1,0,1,0,6
63,3,0,1,6,0,0,0,0,0,0,0,0,0,0,0,0,0,0,0,0,0,6
82,1,1,2,5,1,0,0,4,26,0,1,1,1,1,0,1,0,0,0,0,1,7
82,2,0,2,1,1,0,0,4,26,0,1,1,1,0,0,0,1,1,0,0,0,7
82,3,0,1,6,0,0,0,0,0,0,0,0,0,0,0,0,0,0,0,0,0,7
83,1,0,2,5,1,0,0,4,26,0,1,1,1,0,0,0,0,0,0,1,0,7
83,2,1,1,3,1,0,0,4,26,0,1,1,1,0,1,1,0,0,1,0,0,7
83,3,0,1,6,0,0,0,0,0,0,0,0,0,0,0,0,0,0,0,0,0,7
84,1,0,1,3,1,0,0,4,26,0,1,1,1,1,0,0,0,1,0,0,0,7
84,2,1,2,5,1,0,0,4,26,0,1,1,1,0,1,0,1,0,1,0,0,7
84,3,0,1,6,0,0,0,0,0,0,0,0,0,0,0,0,0,0,0,0,0,7
85,1,0,1,4,1,0,0,4,26,0,1,1,1,0,0,0,0,1,0,1,0,7
85,2,1,3,2,1,0,0,4,26,0,1,1,1,1,0,1,0,0,0,1,0,7
85,3,0,1,6,0,0,0,0,0,0,0,0,0,0,0,0,0,0,0,0,0,7
86,1,0,1,4,1,0,0,4,26,0,1,1,1,0,1,0,1,1,0,0,0,7
86,2,1,2,1,1,0,0,4,26,0,1,1,1,0,0,0,0,1,0,1,0,7
86,3,0,1,6,0,0,0,0,0,0,0,0,0,0,0,0,0,0,0,0,0,7
87,1,1,3,2,1,0,0,4,26,0,1,1,1,0,0,0,1,0,1,0,1,7
87,2,0,3,6,1,0,0,4,26,0,1,1,1,0,0,1,0,1,0,1,0,7
87,3,0,1,6,0,0,0,0,0,0,0,0,0,0,0,0,0,0,0,0,0,7
88,1,0,3,6,1,0,0,4,26,0,1,1,1,0,1,0,1,0,1,0,0,7
88,2,1,1,3,1,0,0,4,26,0,1,1,1,0,1,0,0,0,1,0,1,7
88,3,0,1,6,0,0,0,0,0,0,0,0,0,0,0,0,0,0,0,0,0,7
89,1,0,3,6,1,0,0,4,26,0,1,1,1,1,0,1,0,0,1,0,1,7
89,2,1,3,2,1,0,0,4,26,0,1,1,1,1,0,0,1,0,0,0,1,7
89,3,0,1,6,0,0,0,0,0,0,0,0,0,0,0,0,0,0,0,0,0,7
90,1,1,2,1,1,0,0,4,26,0,1,1,1,0,1,1,0,0,0,1,0,7
90,2,0,1,4,1,0,0,4,26,0,1,1,1,1,0,0,0,0,0,0,1,7
90,3,0,1,6,0,0,0,0,0,0,0,0,0,0,0,0,0,0,0,0,0,7
91,1,0,1,5,1,0,0,5,27,1,1,1,1,1,0,0,1,0,0,0,0,8
91,2,1,1,5,1,0,0,5,27,1,1,1,1,0,0,1,0,0,0,0,1,8
91,3,0,1,6,0,0,0,0,0,0,0,0,0,0,0,0,0,0,0,0,0,8
92,1,0,3,3,1,0,0,5,27,1,1,1,1,0,0,0,0,0,0,0,0,8
92,2,0,2,1,1,0,0,5,27,1,1,1,1,1,0,1,0,1,0,0,1,8
92,3,1,1,6,0,0,0,0,0,0,0,0,0,0,0,0,0,0,0,0,0,8
93,1,0,1,5,1,0,0,5,27,1,1,1,1,0,1,0,0,1,0,0,1,8
93,2,1,1,3,1,0,0,5,27,1,1,1,1,1,0,0,1,1,0,0,1,8
93,3,0,1,6,0,0,0,0,0,0,0,0,0,0,0,0,0,0,0,0,0,8
94,1,0,3,4,1,0,0,5,27,1,1,1,1,0,0,1,0,1,0,0,1,8
94,2,0,2,6,1,0,0,5,27,1,1,1,1,1,0,0,0,0,1,0,0,8
94,3,1,1,6,0,0,0,0,0,0,0,0,0,0,0,0,0,0,0,0,0,8
95,1,1,2,2,1,0,0,5,27,1,1,1,1,0,1,0,1,1,0,0,1,8
95,2,0,3,2,1,0,0,5,27,1,1,1,1,0,1,0,0,0,0,0,0,8
95,3,0,1,6,0,0,0,0,0,0,0,0,0,0,0,0,0,0,0,0,0,8
96,1,0,3,4,1,0,0,5,27,1,1,1,1,1,0,0,1,0,1,1,0,8
96,2,0,2,1,1,0,0,5,27,1,1,1,1,0,1,1,0,0,0,0,0,8
96,3,1,1,6,0,0,0,0,0,0,0,0,0,0,0,0,0,0,0,0,0,8
97,1,0,2,6,1,0,0,5,27,1,1,1,1,0,1,0,0,0,1,1,0,8
97,2,0,3,4,1,0,0,5,27,1,1,1,1,0,1,0,1,1,0,1,0,8
97,3,1,1,6,0,0,0,0,0,0,0,0,0,0,0,0,0,0,0,0,0,8
98,1,0,1,1,1,0,0,5,27,1,1,1,1,1,0,1,0,0,1,1,0,8
98,2,1,1,3,1,0,0,5,27,1,1,1,1,0,0,0,1,0,1,1,0,8
98,3,0,1,6,0,0,0,0,0,0,0,0,0,0,0,0,0,0,0,0,0,8
99,1,0,2,6,1,0,0,5,27,1,1,1,1,0,0,1,0,0,0,0,0,8
99,2,0,3,2,1,0,0,5,27,1,1,1,1,0,0,0,0,0,1,1,0,8
99,3,1,1,6,0,0,0,0,0,0,0,0,0,0,0,0,0,0,0,0,0,8
100,1,0,2,5,1,0,1,4,26,0,2,1,1,1,0,1,0,0,0,0,1,9
100,2,1,2,1,1,0,1,4,26,0,2,1,1,0,0,0,1,1,0,0,0,9
100,3,0,1,6,0,0,0,0,0,0,0,0,0,0,0,0,0,0,0,0,0,9
101,1,0,2,5,1,0,1,4,26,0,2,1,1,0,0,0,0,0,0,1,0,9
101,2,1,1,3,1,0,1,4,26,0,2,1,1,0,1,1,0,0,1,0,0,9
101,3,0,1,6,0,0,0,0,0,0,0,0,0,0,0,0,0,0,0,0,0,9
102,1,1,1,3,1,0,1,4,26,0,2,1,1,1,0,0,0,1,0,0,0,9
102,2,0,2,5,1,0,1,4,26,0,2,1,1,0,1,0,1,0,1,0,0,9
102,3,0,1,6,0,0,0,0,0,0,0,0,0,0,0,0,0,0,0,0,0,9
103,1,0,1,4,1,0,1,4,26,0,2,1,1,0,0,0,0,1,0,1,0,9
103,2,1,3,2,1,0,1,4,26,0,2,1,1,1,0,1,0,0,0,1,0,9
103,3,0,1,6,0,0,0,0,0,0,0,0,0,0,0,0,0,0,0,0,0,9
104,1,0,1,4,1,0,1,4,26,0,2,1,1,0,1,0,1,1,0,0,0,9
104,2,1,2,1,1,0,1,4,26,0,2,1,1,0,0,0,0,1,0,1,0,9
104,3,0,1,6,0,0,0,0,0,0,0,0,0,0,0,0,0,0,0,0,0,9
105,1,1,3,2,1,0,1,4,26,0,2,1,1,0,0,0,1,0,1,0,1,9
105,2,0,3,6,1,0,1,4,26,0,2,1,1,0,0,1,0,1,0,1,0,9
105,3,0,1,6,0,0,0,0,0,0,0,0,0,0,0,0,0,0,0,0,0,9
106,1,0,3,6,1,0,1,4,26,0,2,1,1,0,1,0,1,0,1,0,0,9
106,2,1,1,3,1,0,1,4,26,0,2,1,1,0,1,0,0,0,1,0,1,9
106,3,0,1,6,0,0,0,0,0,0,0,0,0,0,0,0,0,0,0,0,0,9
107,1,0,3,6,1,0,1,4,26,0,2,1,1,1,0,1,0,0,1,0,1,9
107,2,1,3,2,1,0,1,4,26,0,2,1,1,1,0,0,1,0,0,0,1,9
107,3,0,1,6,0,0,0,0,0,0,0,0,0,0,0,0,0,0,0,0,0,9
108,1,1,2,1,1,0,1,4,26,0,2,1,1,0,1,1,0,0,0,1,0,9
108,2,0,1,4,1,0,1,4,26,0,2,1,1,1,0,0,0,0,0,0,1,9
108,3,0,1,6,0,0,0,0,0,0,0,0,0,0,0,0,0,0,0,0,0,9
118,1,1,2,5,1,0,1,4,25,0,2,1,1,1,0,1,0,0,0,0,1,10
118,2,0,2,1,1,0,1,4,25,0,2,1,1,0,0,0,1,1,0,0,0,10
118,3,0,1,6,0,0,0,0,0,0,0,0,0,0,0,0,0,0,0,0,0,10
119,1,0,2,5,1,0,1,4,25,0,2,1,1,0,0,0,0,0,0,1,0,10
119,2,1,1,3,1,0,1,4,25,0,2,1,1,0,1,1,0,0,1,0,0,10
119,3,0,1,6,0,0,0,0,0,0,0,0,0,0,0,0,0,0,0,0,0,10
120,1,0,1,3,1,0,1,4,25,0,2,1,1,1,0,0,0,1,0,0,0,10
120,2,1,2,5,1,0,1,4,25,0,2,1,1,0,1,0,1,0,1,0,0,10
120,3,0,1,6,0,0,0,0,0,0,0,0,0,0,0,0,0,0,0,0,0,10
121,1,0,1,4,1,0,1,4,25,0,2,1,1,0,0,0,0,1,0,1,0,10
121,2,1,3,2,1,0,1,4,25,0,2,1,1,1,0,1,0,0,0,1,0,10
121,3,0,1,6,0,0,0,0,0,0,0,0,0,0,0,0,0,0,0,0,0,10
122,1,1,1,4,1,0,1,4,25,0,2,1,1,0,1,0,1,1,0,0,0,10
122,2,0,2,1,1,0,1,4,25,0,2,1,1,0,0,0,0,1,0,1,0,10
122,3,0,1,6,0,0,0,0,0,0,0,0,0,0,0,0,0,0,0,0,0,10
123,1,1,3,2,1,0,1,4,25,0,2,1,1,0,0,0,1,0,1,0,1,10
123,2,0,3,6,1,0,1,4,25,0,2,1,1,0,0,1,0,1,0,1,0,10
123,3,0,1,6,0,0,0,0,0,0,0,0,0,0,0,0,0,0,0,0,0,10
124,1,0,3,6,1,0,1,4,25,0,2,1,1,0,1,0,1,0,1,0,0,10
124,2,1,1,3,1,0,1,4,25,0,2,1,1,0,1,0,0,0,1,0,1,10
124,3,0,1,6,0,0,0,0,0,0,0,0,0,0,0,0,0,0,0,0,0,10
125,1,0,3,6,1,0,1,4,25,0,2,1,1,1,0,1,0,0,1,0,1,10
125,2,1,3,2,1,0,1,4,25,0,2,1,1,1,0,0,1,0,0,0,1,10
125,3,0,1,6,0,0,0,0,0,0,0,0,0,0,0,0,0,0,0,0,0,10
126,1,1,2,1,1,0,1,4,25,0,2,1,1,0,1,1,0,0,0,1,0,10
126,2,0,1,4,1,0,1,4,25,0,2,1,1,1,0,0,0,0,0,0,1,10
126,3,0,1,6,0,0,0,0,0,0,0,0,0,0,0,0,0,0,0,0,0,10
136,1,0,2,5,1,0,1,3,30,0,1,1,1,1,0,1,0,0,0,0,1,11
136,2,1,2,1,1,0,1,3,30,0,1,1,1,0,0,0,1,1,0,0,0,11
136,3,0,1,6,0,0,0,0,0,0,0,0,0,0,0,0,0,0,0,0,0,11
137,1,0,2,5,1,0,1,3,30,0,1,1,1,0,0,0,0,0,0,1,0,11
137,2,1,1,3,1,0,1,3,30,0,1,1,1,0,1,1,0,0,1,0,0,11
137,3,0,1,6,0,0,0,0,0,0,0,0,0,0,0,0,0,0,0,0,0,11
138,1,1,1,3,1,0,1,3,30,0,1,1,1,1,0,0,0,1,0,0,0,11
138,2,0,2,5,1,0,1,3,30,0,1,1,1,0,1,0,1,0,1,0,0,11
138,3,0,1,6,0,0,0,0,0,0,0,0,0,0,0,0,0,0,0,0,0,11
139,1,0,1,4,1,0,1,3,30,0,1,1,1,0,0,0,0,1,0,1,0,11
139,2,1,3,2,1,0,1,3,30,0,1,1,1,1,0,1,0,0,0,1,0,11
139,3,0,1,6,0,0,0,0,0,0,0,0,0,0,0,0,0,0,0,0,0,11
140,1,1,1,4,1,0,1,3,30,0,1,1,1,0,1,0,1,1,0,0,0,11
140,2,0,2,1,1,0,1,3,30,0,1,1,1,0,0,0,0,1,0,1,0,11
140,3,0,1,6,0,0,0,0,0,0,0,0,0,0,0,0,0,0,0,0,0,11
141,1,1,3,2,1,0,1,3,30,0,1,1,1,0,0,0,1,0,1,0,1,11
141,2,0,3,6,1,0,1,3,30,0,1,1,1,0,0,1,0,1,0,1,0,11
141,3,0,1,6,0,0,0,0,0,0,0,0,0,0,0,0,0,0,0,0,0,11
142,1,0,3,6,1,0,1,3,30,0,1,1,1,0,1,0,1,0,1,0,0,11
142,2,1,1,3,1,0,1,3,30,0,1,1,1,0,1,0,0,0,1,0,1,11
142,3,0,1,6,0,0,0,0,0,0,0,0,0,0,0,0,0,0,0,0,0,11
143,1,0,3,6,1,0,1,3,30,0,1,1,1,1,0,1,0,0,1,0,1,11
143,2,1,3,2,1,0,1,3,30,0,1,1,1,1,0,0,1,0,0,0,1,11
143,3,0,1,6,0,0,0,0,0,0,0,0,0,0,0,0,0,0,0,0,0,11
144,1,1,2,1,1,0,1,3,30,0,1,1,1,0,1,1,0,0,0,1,0,11
144,2,0,1,4,1,0,1,3,30,0,1,1,1,1,0,0,0,0,0,0,1,11
144,3,0,1,6,0,0,0,0,0,0,0,0,0,0,0,0,0,0,0,0,0,11
145,1,1,2,3,1,0,0,5,25,1,2,1,1,1,0,0,1,1,0,0,1,12
145,2,0,1,4,1,0,0,5,25,1,2,1,1,1,0,1,0,0,1,1,0,12
145,3,0,1,6,0,0,0,0,0,0,0,0,0,0,0,0,0,0,0,0,0,12
146,1,1,3,6,1,0,0,5,25,1,2,1,1,0,1,1,0,1,0,1,0,12
146,2,0,1,5,1,0,0,5,25,1,2,1,1,0,0,1,0,1,0,0,0,12
146,3,0,1,6,0,0,0,0,0,0,0,0,0,0,0,0,0,0,0,0,0,12
147,1,0,2,3,1,0,0,5,25,1,2,1,1,0,0,0,1,1,0,1,0,12
147,2,1,2,3,1,0,0,5,25,1,2,1,1,0,0,0,1,0,0,0,1,12
147,3,0,1,6,0,0,0,0,0,0,0,0,0,0,0,0,0,0,0,0,0,12
148,1,0,1,2,1,0,0,5,25,1,2,1,1,0,0,1,0,0,1,1,0,12
148,2,1,2,5,1,0,0,5,25,1,2,1,1,0,1,0,0,1,0,0,1,12
148,3,0,1,6,0,0,0,0,0,0,0,0,0,0,0,0,0,0,0,0,0,12
149,1,0,2,5,1,0,0,5,25,1,2,1,1,1,0,0,0,0,1,0,0,12
149,2,1,2,6,1,0,0,5,25,1,2,1,1,1,0,0,0,0,0,1,0,12
149,3,0,1,6,0,0,0,0,0,0,0,0,0,0,0,0,0,0,0,0,0,12
150,1,0,1,2,1,0,0,5,25,1,2,1,1,0,1,1,0,0,1,0,0,12
150,2,1,3,1,1,0,0,5,25,1,2,1,1,1,0,1,0,0,1,0,0,12
150,3,0,1,6,0,0,0,0,0,0,0,0,0,0,0,0,0,0,0,0,0,12
151,1,1,3,1,1,0,0,5,25,1,2,1,1,0,1,0,0,0,0,0,0,12
151,2,0,3,6,1,0,0,5,25,1,2,1,1,0,0,0,1,0,0,0,0,12
151,3,0,1,6,0,0,0,0,0,0,0,0,0,0,0,0,0,0,0,0,0,12
152,1,1,1,4,1,0,0,5,25,1,2,1,1,0,0,0,1,0,0,0,1,12
152,2,0,3,4,1,0,0,5,25,1,2,1,1,0,1,0,1,0,1,0,1,12
152,3,0,1,6,0,0,0,0,0,0,0,0,0,0,0,0,0,0,0,0,0,12
153,1,0,3,1,1,0,0,5,25,1,2,1,1,1,0,0,0,0,0,0,1,12
153,2,1,1,2,1,0,0,5,25,1,2,1,1,0,1,0,0,1,0,1,0,12
153,3,0,1,6,0,0,0,0,0,0,0,0,0,0,0,0,0,0,0,0,0,12
163,1,0,3,5,1,0,1,4,31,0,2,1,1,0,1,0,1,0,0,1,0,13
163,2,0,2,5,1,0,1,4,31,0,2,1,1,1,0,0,1,0,1,1,0,13
163,3,1,1,6,0,0,0,0,0,0,0,0,0,0,0,0,0,0,0,0,0,13
164,1,0,1,3,1,0,1,4,31,0,2,1,1,0,1,1,0,0,0,0,1,13
164,2,0,2,3,1,0,1,4,31,0,2,1,1,0,1,1,0,0,0,1,0,13
164,3,1,1,6,0,0,0,0,0,0,0,0,0,0,0,0,0,0,0,0,0,13
165,1,0,3,2,1,0,1,4,31,0,2,1,1,0,0,1,0,1,0,0,0,13
165,2,0,1,4,1,0,1,4,31,0,2,1,1,0,1,0,1,0,0,1,0,13
165,3,1,1,6,0,0,0,0,0,0,0,0,0,0,0,0,0,0,0,0,0,13
166,1,0,2,4,1,0,1,4,31,0,2,1,1,1,0,1,0,1,0,0,0,13
166,2,0,3,6,1,0,1,4,31,0,2,1,1,0,1,1,0,1,0,0,1,13
166,3,1,1,6,0,0,0,0,0,0,0,0,0,0,0,0,0,0,0,0,0,13
167,1,0,3,2,1,0,1,4,31,0,2,1,1,1,0,0,0,1,0,1,0,13
167,2,0,3,1,1,0,1,4,31,0,2,1,1,0,0,0,0,0,1,0,1,13
167,3,1,1,6,0,0,0,0,0,0,0,0,0,0,0,0,0,0,0,0,0,13
168,1,0,2,1,1,0,1,4,31,0,2,1,1,0,1,0,0,0,1,0,1,13
168,2,0,2,5,1,0,1,4,31,0,2,1,1,0,0,1,0,0,1,0,1,13
168,3,1,1,6,0,0,0,0,0,0,0,0,0,0,0,0,0,0,0,0,0,13
169,1,0,1,6,1,0,1,4,31,0,2,1,1,0,0,0,0,0,1,0,1,13
169,2,1,1,4,1,0,1,4,31,0,2,1,1,0,0,0,0,0,0,0,0,13
169,3,0,1,6,0,0,0,0,0,0,0,0,0,0,0,0,0,0,0,0,0,13
170,1,0,2,1,1,0,1,4,31,0,2,1,1,0,0,0,1,0,1,0,0,13
170,2,0,1,2,1,0,1,4,31,0,2,1,1,1,0,0,1,1,0,0,0,13
170,3,1,1,6,0,0,0,0,0,0,0,0,0,0,0,0,0,0,0,0,0,13
171,1,0,1,3,1,0,1,4,31,0,2,1,1,1,0,0,1,0,0,1,0,13
171,2,0,3,6,1,0,1,4,31,0,2,1,1,1,0,0,0,1,0,0,0,13
171,3,1,1,6,0,0,0,0,0,0,0,0,0,0,0,0,0,0,0,0,0,13
172,1,1,2,3,1,0,1,3,30,0,2,1,1,1,0,0,1,1,0,0,1,14
172,2,0,1,4,1,0,1,3,30,0,2,1,1,1,0,1,0,0,1,1,0,14
172,3,0,1,6,0,0,0,0,0,0,0,0,0,0,0,0,0,0,0,0,0,14
173,1,1,3,6,1,0,1,3,30,0,2,1,1,0,1,1,0,1,0,1,0,14
173,2,0,1,5,1,0,1,3,30,0,2,1,1,0,0,1,0,1,0,0,0,14
173,3,0,1,6,0,0,0,0,0,0,0,0,0,0,0,0,0,0,0,0,0,14
174,1,1,2,3,1,0,1,3,30,0,2,1,1,0,0,0,1,1,0,1,0,14
174,2,0,2,3,1,0,1,3,30,0,2,1,1,0,0,0,1,0,0,0,1,14
174,3,0,1,6,0,0,0,0,0,0,0,0,0,0,0,0,0,0,0,0,0,14
175,1,0,1,2,1,0,1,3,30,0,2,1,1,0,0,1,0,0,1,1,0,14
175,2,1,2,5,1,0,1,3,30,0,2,1,1,0,1,0,0,1,0,0,1,14
175,3,0,1,6,0,0,0,0,0,0,0,0,0,0,0,0,0,0,0,0,0,14
176,1,1,2,5,1,0,1,3,30,0,2,1,1,1,0,0,0,0,1,0,0,14
176,2,0,2,6,1,0,1,3,30,0,2,1,1,1,0,0,0,0,0,1,0,14
176,3,0,1,6,0,0,0,0,0,0,0,0,0,0,0,0,0,0,0,0,0,14
177,1,1,1,2,1,0,1,3,30,0,2,1,1,0,1,1,0,0,1,0,0,14
177,2,0,3,1,1,0,1,3,30,0,2,1,1,1,0,1,0,0,1,0,0,14
177,3,0,1,6,0,0,0,0,0,0,0,0,0,0,0,0,0,0,0,0,0,14
178,1,1,3,1,1,0,1,3,30,0,2,1,1,0,1,0,0,0,0,0,0,14
178,2,0,3,6,1,0,1,3,30,0,2,1,1,0,0,0,1,0,0,0,0,14
178,3,0,1,6,0,0,0,0,0,0,0,0,0,0,0,0,0,0,0,0,0,14
179,1,0,1,4,1,0,1,3,30,0,2,1,1,0,0,0,1,0,0,0,1,14
179,2,1,3,4,1,0,1,3,30,0,2,1,1,0,1,0,1,0,1,0,1,14
179,3,0,1,6,0,0,0,0,0,0,0,0,0,0,0,0,0,0,0,0,0,14
180,1,0,3,1,1,0,1,3,30,0,2,1,1,1,0,0,0,0,0,0,1,14
180,2,1,1,2,1,0,1,3,30,0,2,1,1,0,1,0,0,1,0,1,0,14
180,3,0,1,6,0,0,0,0,0,0,0,0,0,0,0,0,0,0,0,0,0,14
181,1,1,1,5,1,0,1,4,24,1,1,1,1,1,0,0,1,0,0,0,0,15
181,2,0,1,5,1,0,1,4,24,1,1,1,1,0,0,1,0,0,0,0,1,15
181,3,0,1,6,0,0,0,0,0,0,0,0,0,0,0,0,0,0,0,0,0,15
182,1,1,3,3,1,0,1,4,24,1,1,1,1,0,0,0,0,0,0,0,0,15
182,2,0,2,1,1,0,1,4,24,1,1,1,1,1,0,1,0,1,0,0,1,15
182,3,0,1,6,0,0,0,0,0,0,0,0,0,0,0,0,0,0,0,0,0,15
183,1,1,1,5,1,0,1,4,24,1,1,1,1,0,1,0,0,1,0,0,1,15
183,2,0,1,3,1,0,1,4,24,1,1,1,1,1,0,0,1,1,0,0,1,15
183,3,0,1,6,0,0,0,0,0,0,0,0,0,0,0,0,0,0,0,0,0,15
184,1,0,3,4,1,0,1,4,24,1,1,1,1,0,0,1,0,1,0,0,1,15
184,2,1,2,6,1,0,1,4,24,1,1,1,1,1,0,0,0,0,1,0,0,15
184,3,0,1,6,0,0,0,0,0,0,0,0,0,0,0,0,0,0,0,0,0,15
185,1,1,2,2,1,0,1,4,24,1,1,1,1,0,1,0,1,1,0,0,1,15
185,2,0,3,2,1,0,1,4,24,1,1,1,1,0,1,0,0,0,0,0,0,15
185,3,0,1,6,0,0,0,0,0,0,0,0,0,0,0,0,0,0,0,0,0,15
186,1,0,3,4,1,0,1,4,24,1,1,1,1,1,0,0,1,0,1,1,0,15
186,2,1,2,1,1,0,1,4,24,1,1,1,1,0,1,1,0,0,0,0,0,15
186,3,0,1,6,0,0,0,0,0,0,0,0,0,0,0,0,0,0,0,0,0,15
187,1,0,2,6,1,0,1,4,24,1,1,1,1,0,1,0,0,0,1,1,0,15
187,2,1,3,4,1,0,1,4,24,1,1,1,1,0,1,0,1,1,0,1,0,15
187,3,0,1,6,0,0,0,0,0,0,0,0,0,0,0,0,0,0,0,0,0,15
188,1,1,1,1,1,0,1,4,24,1,1,1,1,1,0,1,0,0,1,1,0,15
188,2,0,1,3,1,0,1,4,24,1,1,1,1,0,0,0,1,0,1,1,0,15
188,3,0,1,6,0,0,0,0,0,0,0,0,0,0,0,0,0,0,0,0,0,15
189,1,0,2,6,1,0,1,4,24,1,1,1,1,0,0,1,0,0,0,0,0,15
189,2,1,3,2,1,0,1,4,24,1,1,1,1,0,0,0,0,0,1,1,0,15
189,3,0,1,6,0,0,0,0,0,0,0,0,0,0,0,0,0,0,0,0,0,15
190,1,1,3,5,1,0,1,4,35,0,1,1,1,0,1,0,1,0,0,1,0,16
190,2,0,2,5,1,0,1,4,35,0,1,1,1,1,0,0,1,0,1,1,0,16
190,3,0,1,6,0,0,0,0,0,0,0,0,0,0,0,0,0,0,0,0,0,16
191,1,0,1,3,1,0,1,4,35,0,1,1,1,0,1,1,0,0,0,0,1,16
191,2,1,2,3,1,0,1,4,35,0,1,1,1,0,1,1,0,0,0,1,0,16
191,3,0,1,6,0,0,0,0,0,0,0,0,0,0,0,0,0,0,0,0,0,16
192,1,0,3,2,1,0,1,4,35,0,1,1,1,0,0,1,0,1,0,0,0,16
192,2,1,1,4,1,0,1,4,35,0,1,1,1,0,1,0,1,0,0,1,0,16
192,3,0,1,6,0,0,0,0,0,0,0,0,0,0,0,0,0,0,0,0,0,16
193,1,0,2,4,1,0,1,4,35,0,1,1,1,1,0,1,0,1,0,0,0,16
193,2,1,3,6,1,0,1,4,35,0,1,1,1,0,1,1,0,1,0,0,1,16
193,3,0,1,6,0,0,0,0,0,0,0,0,0,0,0,0,0,0,0,0,0,16
194,1,1,3,2,1,0,1,4,35,0,1,1,1,1,0,0,0,1,0,1,0,16
194,2,0,3,1,1,0,1,4,35,0,1,1,1,0,0,0,0,0,1,0,1,16
194,3,0,1,6,0,0,0,0,0,0,0,0,0,0,0,0,0,0,0,0,0,16
195,1,1,2,1,1,0,1,4,35,0,1,1,1,0,1,0,0,0,1,0,1,16
195,2,0,2,5,1,0,1,4,35,0,1,1,1,0,0,1,0,0,1,0,1,16
195,3,0,1,6,0,0,0,0,0,0,0,0,0,0,0,0,0,0,0,0,0,16
196,1,0,1,6,1,0,1,4,35,0,1,1,1,0,0,0,0,0,1,0,1,16
196,2,1,1,4,1,0,1,4,35,0,1,1,1,0,0,0,0,0,0,0,0,16
196,3,0,1,6,0,0,0,0,0,0,0,0,0,0,0,0,0,0,0,0,0,16
197,1,0,2,1,1,0,1,4,35,0,1,1,1,0,0,0,1,0,1,0,0,16
197,2,1,1,2,1,0,1,4,35,0,1,1,1,1,0,0,1,1,0,0,0,16
197,3,0,1,6,0,0,0,0,0,0,0,0,0,0,0,0,0,0,0,0,0,16
198,1,0,1,3,1,0,1,4,35,0,1,1,1,1,0,0,1,0,0,1,0,16
198,2,1,3,6,1,0,1,4,35,0,1,1,1,1,0,0,0,1,0,0,0,16
198,3,0,1,6,0,0,0,0,0,0,0,0,0,0,0,0,0,0,0,0,0,16
199,1,0,3,5,1,0,1,4,24,0,1,1,1,0,1,0,1,0,0,1,0,17
199,2,1,2,5,1,0,1,4,24,0,1,1,1,1,0,0,1,0,1,1,0,17
199,3,0,1,6,0,0,0,0,0,0,0,0,0,0,0,0,0,0,0,0,0,17
200,1,0,1,3,1,0,1,4,24,0,1,1,1,0,1,1,0,0,0,0,1,17
200,2,1,2,3,1,0,1,4,24,0,1,1,1,0,1,1,0,0,0,1,0,17
200,3,0,1,6,0,0,0,0,0,0,0,0,0,0,0,0,0,0,0,0,0,17
201,1,0,3,2,1,0,1,4,24,0,1,1,1,0,0,1,0,1,0,0,0,17
201,2,1,1,4,1,0,1,4,24,0,1,1,1,0,1,0,1,0,0,1,0,17
201,3,0,1,6,0,0,0,0,0,0,0,0,0,0,0,0,0,0,0,0,0,17
202,1,1,2,4,1,0,1,4,24,0,1,1,1,1,0,1,0,1,0,0,0,17
202,2,0,3,6,1,0,1,4,24,0,1,1,1,0,1,1,0,1,0,0,1,17
202,3,0,1,6,0,0,0,0,0,0,0,0,0,0,0,0,0,0,0,0,0,17
203,1,1,3,2,1,0,1,4,24,0,1,1,1,1,0,0,0,1,0,1,0,17
203,2,0,3,1,1,0,1,4,24,0,1,1,1,0,0,0,0,0,1,0,1,17
203,3,0,1,6,0,0,0,0,0,0,0,0,0,0,0,0,0,0,0,0,0,17
204,1,1,2,1,1,0,1,4,24,0,1,1,1,0,1,0,0,0,1,0,1,17
204,2,0,2,5,1,0,1,4,24,0,1,1,1,0,0,1,0,0,1,0,1,17
204,3,0,1,6,0,0,0,0,0,0,0,0,0,0,0,0,0,0,0,0,0,17
205,1,0,1,6,1,0,1,4,24,0,1,1,1,0,0,0,0,0,1,0,1,17
205,2,1,1,4,1,0,1,4,24,0,1,1,1,0,0,0,0,0,0,0,0,17
205,3,0,1,6,0,0,0,0,0,0,0,0,0,0,0,0,0,0,0,0,0,17
206,1,0,2,1,1,0,1,4,24,0,1,1,1,0,0,0,1,0,1,0,0,17
206,2,1,1,2,1,0,1,4,24,0,1,1,1,1,0,0,1,1,0,0,0,17
206,3,0,1,6,0,0,0,0,0,0,0,0,0,0,0,0,0,0,0,0,0,17
207,1,1,1,3,1,0,1,4,24,0,1,1,1,1,0,0,1,0,0,1,0,17
207,2,0,3,6,1,0,1,4,24,0,1,1,1,1,0,0,0,1,0,0,0,17
207,3,0,1,6,0,0,0,0,0,0,0,0,0,0,0,0,0,0,0,0,0,17
208,1,1,2,5,1,1,1,4,31,1,2,1,1,1,0,1,0,0,0,0,1,18
208,2,0,2,1,1,1,1,4,31,1,2,1,1,0,0,0,1,1,0,0,0,18
208,3,0,1,6,0,0,0,0,0,0,0,0,0,0,0,0,0,0,0,0,0,18
209,1,1,2,5,1,1,1,4,31,1,2,1,1,0,0,0,0,0,0,1,0,18
209,2,0,1,3,1,1,1,4,31,1,2,1,1,0,1,1,0,0,1,0,0,18
209,3,0,1,6,0,0,0,0,0,0,0,0,0,0,0,0,0,0,0,0,0,18
210,1,1,1,3,1,1,1,4,31,1,2,1,1,1,0,0,0,1,0,0,0,18
210,2,0,2,5,1,1,1,4,31,1,2,1,1,0,1,0,1,0,1,0,0,18
210,3,0,1,6,0,0,0,0,0,0,0,0,0,0,0,0,0,0,0,0,0,18
211,1,0,1,4,1,1,1,4,31,1,2,1,1,0,0,0,0,1,0,1,0,18
211,2,1,3,2,1,1,1,4,31,1,2,1,1,1,0,1,0,0,0,1,0,18
211,3,0,1,6,0,0,0,0,0,0,0,0,0,0,0,0,0,0,0,0,0,18
212,1,0,1,4,1,1,1,4,31,1,2,1,1,0,1,0,1,1,0,0,0,18
212,2,1,2,1,1,1,1,4,31,1,2,1,1,0,0,0,0,1,0,1,0,18
212,3,0,1,6,0,0,0,0,0,0,0,0,0,0,0,0,0,0,0,0,0,18
213,1,1,3,2,1,1,1,4,31,1,2,1,1,0,0,0,1,0,1,0,1,18
213,2,0,3,6,1,1,1,4,31,1,2,1,1,0,0,1,0,1,0,1,0,18
213,3,0,1,6,0,0,0,0,0,0,0,0,0,0,0,0,0,0,0,0,0,18
214,1,0,3,6,1,1,1,4,31,1,2,1,1,0,1,0,1,0,1,0,0,18
214,2,0,1,3,1,1,1,4,31,1,2,1,1,0,1,0,0,0,1,0,1,18
214,3,1,1,6,0,0,0,0,0,0,0,0,0,0,0,0,0,0,0,0,0,18
215,1,0,3,6,1,1,1,4,31,1,2,1,1,1,0,1,0,0,1,0,1,18
215,2,1,3,2,1,1,1,4,31,1,2,1,1,1,0,0,1,0,0,0,1,18
215,3,0,1,6,0,0,0,0,0,0,0,0,0,0,0,0,0,0,0,0,0,18
216,1,0,2,1,1,1,1,4,31,1,2,1,1,0,1,1,0,0,0,1,0,18
216,2,1,1,4,1,1,1,4,31,1,2,1,1,1,0,0,0,0,0,0,1,18
216,3,0,1,6,0,0,0,0,0,0,0,0,0,0,0,0,0,0,0,0,0,18
217,1,0,1,5,1,1,1,2,37,0,3,2,1,1,0,0,1,0,0,0,0,19
217,2,0,1,5,1,1,1,2,37,0,3,2,1,0,0,1,0,0,0,0,1,19
217,3,1,1,6,0,0,0,0,0,0,0,0,0,0,0,0,0,0,0,0,0,19
218,1,0,3,3,1,1,1,2,37,0,3,2,1,0,0,0,0,0,0,0,0,19
218,2,1,2,1,1,1,1,2,37,0,3,2,1,1,0,1,0,1,0,0,1,19
218,3,0,1,6,0,0,0,0,0,0,0,0,0,0,0,0,0,0,0,0,0,19
219,1,0,1,5,1,1,1,2,37,0,3,2,1,0,1,0,0,1,0,0,1,19
219,2,1,1,3,1,1,1,2,37,0,3,2,1,1,0,0,1,1,0,0,1,19
219,3,0,1,6,0,0,0,0,0,0,0,0,0,0,0,0,0,0,0,0,0,19
220,1,0,3,4,1,1,1,2,37,0,3,2,1,0,0,1,0,1,0,0,1,19
220,2,0,2,6,1,1,1,2,37,0,3,2,1,1,0,0,0,0,1,0,0,19
220,3,1,1,6,0,0,0,0,0,0,0,0,0,0,0,0,0,0,0,0,0,19
221,1,0,2,2,1,1,1,2,37,0,3,2,1,0,1,0,1,1,0,0,1,19
221,2,1,3,2,1,1,1,2,37,0,3,2,1,0,1,0,0,0,0,0,0,19
221,3,0,1,6,0,0,0,0,0,0,0,0,0,0,0,0,0,0,0,0,0,19
222,1,0,3,4,1,1,1,2,37,0,3,2,1,1,0,0,1,0,1,1,0,19
222,2,1,2,1,1,1,1,2,37,0,3,2,1,0,1,1,0,0,0,0,0,19
222,3,0,1,6,0,0,0,0,0,0,0,0,0,0,0,0,0,0,0,0,0,19
223,1,0,2,6,1,1,1,2,37,0,3,2,1,0,1,0,0,0,1,1,0,19
223,2,0,3,4,1,1,1,2,37,0,3,2,1,0,1,0,1,1,0,1,0,19
223,3,1,1,6,0,0,0,0,0,0,0,0,0,0,0,0,0,0,0,0,0,19
224,1,0,1,1,1,1,1,2,37,0,3,2,1,1,0,1,0,0,1,1,0,19
224,2,0,1,3,1,1,1,2,37,0,3,2,1,0,0,0,1,0,1,1,0,19
224,3,1,1,6,0,0,0,0,0,0,0,0,0,0,0,0,0,0,0,0,0,19
225,1,0,2,6,1,1,1,2,37,0,3,2,1,0,0,1,0,0,0,0,0,19
225,2,0,3,2,1,1,1,2,37,0,3,2,1,0,0,0,0,0,1,1,0,19
225,3,1,1,6,0,0,0,0,0,0,0,0,0,0,0,0,0,0,0,0,0,19
235,1,1,2,5,1,0,1,4,29,1,1,1,1,1,0,1,0,0,0,0,1,20
235,2,0,2,1,1,0,1,4,29,1,1,1,1,0,0,0,1,1,0,0,0,20
235,3,0,1,6,0,0,0,0,0,0,0,0,0,0,0,0,0,0,0,0,0,20
236,1,0,2,5,1,0,1,4,29,1,1,1,1,0,0,0,0,0,0,1,0,20
236,2,1,1,3,1,0,1,4,29,1,1,1,1,0,1,1,0,0,1,0,0,20
236,3,0,1,6,0,0,0,0,0,0,0,0,0,0,0,0,0,0,0,0,0,20
237,1,1,1,3,1,0,1,4,29,1,1,1,1,1,0,0,0,1,0,0,0,20
237,2,0,2,5,1,0,1,4,29,1,1,1,1,0,1,0,1,0,1,0,0,20
237,3,0,1,6,0,0,0,0,0,0,0,0,0,0,0,0,0,0,0,0,0,20
238,1,0,1,4,1,0,1,4,29,1,1,1,1,0,0,0,0,1,0,1,0,20
238,2,1,3,2,1,0,1,4,29,1,1,1,1,1,0,1,0,0,0,1,0,20
238,3,0,1,6,0,0,0,0,0,0,0,0,0,0,0,0,0,0,0,0,0,20
239,1,1,1,4,1,0,1,4,29,1,1,1,1,0,1,0,1,1,0,0,0,20
239,2,0,2,1,1,0,1,4,29,1,1,1,1,0,0,0,0,1,0,1,0,20
239,3,0,1,6,0,0,0,0,0,0,0,0,0,0,0,0,0,0,0,0,0,20
240,1,1,3,2,1,0,1,4,29,1,1,1,1,0,0,0,1,0,1,0,1,20
240,2,0,3,6,1,0,1,4,29,1,1,1,1,0,0,1,0,1,0,1,0,20
240,3,0,1,6,0,0,0,0,0,0,0,0,0,0,0,0,0,0,0,0,0,20
241,1,0,3,6,1,0,1,4,29,1,1,1,1,0,1,0,1,0,1,0,0,20
241,2,1,1,3,1,0,1,4,29,1,1,1,1,0,1,0,0,0,1,0,1,20
241,3,0,1,6,0,0,0,0,0,0,0,0,0,0,0,0,0,0,0,0,0,20
242,1,0,3,6,1,0,1,4,29,1,1,1,1,1,0,1,0,0,1,0,1,20
242,2,1,3,2,1,0,1,4,29,1,1,1,1,1,0,0,1,0,0,0,1,20
242,3,0,1,6,0,0,0,0,0,0,0,0,0,0,0,0,0,0,0,0,0,20
243,1,1,2,1,1,0,1,4,29,1,1,1,1,0,1,1,0,0,0,1,0,20
243,2,0,1,4,1,0,1,4,29,1,1,1,1,1,0,0,0,0,0,0,1,20
243,3,0,1,6,0,0,0,0,0,0,0,0,0,0,0,0,0,0,0,0,0,20
244,1,1,2,3,1,0,0,4,24,0,2,1,1,1,0,0,1,1,0,0,1,21
244,2,0,1,4,1,0,0,4,24,0,2,1,1,1,0,1,0,0,1,1,0,21
244,3,0,1,6,0,0,0,0,0,0,0,0,0,0,0,0,0,0,0,0,0,21
245,1,1,3,6,1,0,0,4,24,0,2,1,1,0,1,1,0,1,0,1,0,21
245,2,0,1,5,1,0,0,4,24,0,2,1,1,0,0,1,0,1,0,0,0,21
245,3,0,1,6,0,0,0,0,0,0,0,0,0,0,0,0,0,0,0,0,0,21
246,1,1,2,3,1,0,0,4,24,0,2,1,1,0,0,0,1,1,0,1,0,21
246,2,0,2,3,1,0,0,4,24,0,2,1,1,0,0,0,1,0,0,0,1,21
246,3,0,1,6,0,0,0,0,0,0,0,0,0,0,0,0,0,0,0,0,0,21
247,1,0,1,2,1,0,0,4,24,0,2,1,1,0,0,1,0,0,1,1,0,21
247,2,1,2,5,1,0,0,4,24,0,2,1,1,0,1,0,0,1,0,0,1,21
247,3,0,1,6,0,0,0,0,0,0,0,0,0,0,0,0,0,0,0,0,0,21
248,1,1,2,5,1,0,0,4,24,0,2,1,1,1,0,0,0,0,1,0,0,21
248,2,0,2,6,1,0,0,4,24,0,2,1,1,1,0,0,0,0,0,1,0,21
248,3,0,1,6,0,0,0,0,0,0,0,0,0,0,0,0,0,0,0,0,0,21
249,1,0,1,2,1,0,0,4,24,0,2,1,1,0,1,1,0,0,1,0,0,21
249,2,1,3,1,1,0,0,4,24,0,2,1,1,1,0,1,0,0,1,0,0,21
249,3,0,1,6,0,0,0,0,0,0,0,0,0,0,0,0,0,0,0,0,0,21
250,1,1,3,1,1,0,0,4,24,0,2,1,1,0,1,0,0,0,0,0,0,21
250,2,0,3,6,1,0,0,4,24,0,2,1,1,0,0,0,1,0,0,0,0,21
250,3,0,1,6,0,0,0,0,0,0,0,0,0,0,0,0,0,0,0,0,0,21
251,1,0,1,4,1,0,0,4,24,0,2,1,1,0,0,0,1,0,0,0,1,21
251,2,1,3,4,1,0,0,4,24,0,2,1,1,0,1,0,1,0,1,0,1,21
251,3,0,1,6,0,0,0,0,0,0,0,0,0,0,0,0,0,0,0,0,0,21
252,1,1,3,1,1,0,0,4,24,0,2,1,1,1,0,0,0,0,0,0,1,21
252,2,0,1,2,1,0,0,4,24,0,2,1,1,0,1,0,0,1,0,1,0,21
252,3,0,1,6,0,0,0,0,0,0,0,0,0,0,0,0,0,0,0,0,0,21
253,1,0,2,3,1,0,0,5,42,0,2,1,1,1,0,0,1,1,0,0,1,22
253,2,1,1,4,1,0,0,5,42,0,2,1,1,1,0,1,0,0,1,1,0,22
253,3,0,1,6,0,0,0,0,0,0,0,0,0,0,0,0,0,0,0,0,0,22
254,1,1,3,6,1,0,0,5,42,0,2,1,1,0,1,1,0,1,0,1,0,22
254,2,0,1,5,1,0,0,5,42,0,2,1,1,0,0,1,0,1,0,0,0,22
254,3,0,1,6,0,0,0,0,0,0,0,0,0,0,0,0,0,0,0,0,0,22
255,1,1,2,3,1,0,0,5,42,0,2,1,1,0,0,0,1,1,0,1,0,22
255,2,0,2,3,1,0,0,5,42,0,2,1,1,0,0,0,1,0,0,0,1,22
255,3,0,1,6,0,0,0,0,0,0,0,0,0,0,0,0,0,0,0,0,0,22
256,1,0,1,2,1,0,0,5,42,0,2,1,1,0,0,1,0,0,1,1,0,22
256,2,1,2,5,1,0,0,5,42,0,2,1,1,0,1,0,0,1,0,0,1,22
256,3,0,1,6,0,0,0,0,0,0,0,0,0,0,0,0,0,0,0,0,0,22
257,1,1,2,5,1,0,0,5,42,0,2,1,1,1,0,0,0,0,1,0,0,22
257,2,0,2,6,1,0,0,5,42,0,2,1,1,1,0,0,0,0,0,1,0,22
257,3,0,1,6,0,0,0,0,0,0,0,0,0,0,0,0,0,0,0,0,0,22
258,1,1,1,2,1,0,0,5,42,0,2,1,1,0,1,1,0,0,1,0,0,22
258,2,0,3,1,1,0,0,5,42,0,2,1,1,1,0,1,0,0,1,0,0,22
258,3,0,1,6,0,0,0,0,0,0,0,0,0,0,0,0,0,0,0,0,0,22
259,1,1,3,1,1,0,0,5,42,0,2,1,1,0,1,0,0,0,0,0,0,22
259,2,0,3,6,1,0,0,5,42,0,2,1,1,0,0,0,1,0,0,0,0,22
259,3,0,1,6,0,0,0,0,0,0,0,0,0,0,0,0,0,0,0,0,0,22
260,1,0,1,4,1,0,0,5,42,0,2,1,1,0,0,0,1,0,0,0,1,22
260,2,1,3,4,1,0,0,5,42,0,2,1,1,0,1,0,1,0,1,0,1,22
260,3,0,1,6,0,0,0,0,0,0,0,0,0,0,0,0,0,0,0,0,0,22
261,1,0,3,1,1,0,0,5,42,0,2,1,1,1,0,0,0,0,0,0,1,22
261,2,1,1,2,1,0,0,5,42,0,2,1,1,0,1,0,0,1,0,1,0,22
261,3,0,1,6,0,0,0,0,0,0,0,0,0,0,0,0,0,0,0,0,0,22
262,1,1,1,5,1,0,1,4,28,1,2,1,1,1,0,0,1,0,0,0,0,23
262,2,0,1,5,1,0,1,4,28,1,2,1,1,0,0,1,0,0,0,0,1,23
262,3,0,1,6,0,0,0,0,0,0,0,0,0,0,0,0,0,0,0,0,0,23
263,1,0,3,3,1,0,1,4,28,1,2,1,1,0,0,0,0,0,0,0,0,23
263,2,1,2,1,1,0,1,4,28,1,2,1,1,1,0,1,0,1,0,0,1,23
263,3,0,1,6,0,0,0,0,0,0,0,0,0,0,0,0,0,0,0,0,0,23
264,1,1,1,5,1,0,1,4,28,1,2,1,1,0,1,0,0,1,0,0,1,23
264,2,0,1,3,1,0,1,4,28,1,2,1,1,1,0,0,1,1,0,0,1,23
264,3,0,1,6,0,0,0,0,0,0,0,0,0,0,0,0,0,0,0,0,0,23
265,1,1,3,4,1,0,1,4,28,1,2,1,1,0,0,1,0,1,0,0,1,23
265,2,0,2,6,1,0,1,4,28,1,2,1,1,1,0,0,0,0,1,0,0,23
265,3,0,1,6,0,0,0,0,0,0,0,0,0,0,0,0,0,0,0,0,0,23
266,1,1,2,2,1,0,1,4,28,1,2,1,1,0,1,0,1,1,0,0,1,23
266,2,0,3,2,1,0,1,4,28,1,2,1,1,0,1,0,0,0,0,0,0,23
266,3,0,1,6,0,0,0,0,0,0,0,0,0,0,0,0,0,0,0,0,0,23
267,1,1,3,4,1,0,1,4,28,1,2,1,1,1,0,0,1,0,1,1,0,23
267,2,0,2,1,1,0,1,4,28,1,2,1,1,0,1,1,0,0,0,0,0,23
267,3,0,1,6,0,0,0,0,0,0,0,0,0,0,0,0,0,0,0,0,0,23
268,1,0,2,6,1,0,1,4,28,1,2,1,1,0,1,0,0,0,1,1,0,23
268,2,1,3,4,1,0,1,4,28,1,2,1,1,0,1,0,1,1,0,1,0,23
268,3,0,1,6,0,0,0,0,0,0,0,0,0,0,0,0,0,0,0,0,0,23
269,1,1,1,1,1,0,1,4,28,1,2,1,1,1,0,1,0,0,1,1,0,23
269,2,0,1,3,1,0,1,4,28,1,2,1,1,0,0,0,1,0,1,1,0,23
269,3,0,1,6,0,0,0,0,0,0,0,0,0,0,0,0,0,0,0,0,0,23
270,1,0,2,6,1,0,1,4,28,1,2,1,1,0,0,1,0,0,0,0,0,23
270,2,1,3,2,1,0,1,4,28,1,2,1,1,0,0,0,0,0,1,1,0,23
270,3,0,1,6,0,0,0,0,0,0,0,0,0,0,0,0,0,0,0,0,0,23
271,1,1,1,5,1,0,0,4,29,0,2,1,1,1,0,0,1,0,0,0,0,24
271,2,0,1,5,1,0,0,4,29,0,2,1,1,0,0,1,0,0,0,0,1,24
271,3,0,1,6,0,0,0,0,0,0,0,0,0,0,0,0,0,0,0,0,0,24
272,1,0,3,3,1,0,0,4,29,0,2,1,1,0,0,0,0,0,0,0,0,24
272,2,1,2,1,1,0,0,4,29,0,2,1,1,1,0,1,0,1,0,0,1,24
272,3,0,1,6,0,0,0,0,0,0,0,0,0,0,0,0,0,0,0,0,0,24
273,1,1,1,5,1,0,0,4,29,0,2,1,1,0,1,0,0,1,0,0,1,24
273,2,0,1,3,1,0,0,4,29,0,2,1,1,1,0,0,1,1,0,0,1,24
273,3,0,1,6,0,0,0,0,0,0,0,0,0,0,0,0,0,0,0,0,0,24
274,1,0,3,4,1,0,0,4,29,0,2,1,1,0,0,1,0,1,0,0,1,24
274,2,1,2,6,1,0,0,4,29,0,2,1,1,1,0,0,0,0,1,0,0,24
274,3,0,1,6,0,0,0,0,0,0,0,0,0,0,0,0,0,0,0,0,0,24
275,1,0,2,2,1,0,0,4,29,0,2,1,1,0,1,0,1,1,0,0,1,24
275,2,1,3,2,1,0,0,4,29,0,2,1,1,0,1,0,0,0,0,0,0,24
275,3,0,1,6,0,0,0,0,0,0,0,0,0,0,0,0,0,0,0,0,0,24
276,1,0,3,4,1,0,0,4,29,0,2,1,1,1,0,0,1,0,1,1,0,24
276,2,1,2,1,1,0,0,4,29,0,2,1,1,0,1,1,0,0,0,0,0,24
276,3,0,1,6,0,0,0,0,0,0,0,0,0,0,0,0,0,0,0,0,0,24
277,1,0,2,6,1,0,0,4,29,0,2,1,1,0,1,0,0,0,1,1,0,24
277,2,1,3,4,1,0,0,4,29,0,2,1,1,0,1,0,1,1,0,1,0,24
277,3,0,1,6,0,0,0,0,0,0,0,0,0,0,0,0,0,0,0,0,0,24
278,1,1,1,1,1,0,0,4,29,0,2,1,1,1,0,1,0,0,1,1,0,24
278,2,0,1,3,1,0,0,4,29,0,2,1,1,0,0,0,1,0,1,1,0,24
278,3,0,1,6,0,0,0,0,0,0,0,0,0,0,0,0,0,0,0,0,0,24
279,1,0,2,6,1,0,0,4,29,0,2,1,1,0,0,1,0,0,0,0,0,24
279,2,1,3,2,1,0,0,4,29,0,2,1,1,0,0,0,0,0,1,1,0,24
279,3,0,1,6,0,0,0,0,0,0,0,0,0,0,0,0,0,0,0,0,0,24
280,1,1,2,3,1,0,1,5,22,0,1,1,1,1,0,0,1,1,0,0,1,25
280,2,0,1,4,1,0,1,5,22,0,1,1,1,1,0,1,0,0,1,1,0,25
280,3,0,1,6,0,0,0,0,0,0,0,0,0,0,0,0,0,0,0,0,0,25
281,1,0,3,6,1,0,1,5,22,0,1,1,1,0,1,1,0,1,0,1,0,25
281,2,1,1,5,1,0,1,5,22,0,1,1,1,0,0,1,0,1,0,0,0,25
281,3,0,1,6,0,0,0,0,0,0,0,0,0,0,0,0,0,0,0,0,0,25
282,1,0,2,3,1,0,1,5,22,0,1,1,1,0,0,0,1,1,0,1,0,25
282,2,1,2,3,1,0,1,5,22,0,1,1,1,0,0,0,1,0,0,0,1,25
282,3,0,1,6,0,0,0,0,0,0,0,0,0,0,0,0,0,0,0,0,0,25
283,1,1,1,2,1,0,1,5,22,0,1,1,1,0,0,1,0,0,1,1,0,25
283,2,0,2,5,1,0,1,5,22,0,1,1,1,0,1,0,0,1,0,0,1,25
283,3,0,1,6,0,0,0,0,0,0,0,0,0,0,0,0,0,0,0,0,0,25
284,1,1,2,5,1,0,1,5,22,0,1,1,1,1,0,0,0,0,1,0,0,25
284,2,0,2,6,1,0,1,5,22,0,1,1,1,1,0,0,0,0,0,1,0,25
284,3,0,1,6,0,0,0,0,0,0,0,0,0,0,0,0,0,0,0,0,0,25
285,1,1,1,2,1,0,1,5,22,0,1,1,1,0,1,1,0,0,1,0,0,25
285,2,0,3,1,1,0,1,5,22,0,1,1,1,1,0,1,0,0,1,0,0,25
285,3,0,1,6,0,0,0,0,0,0,0,0,0,0,0,0,0,0,0,0,0,25
286,1,1,3,1,1,0,1,5,22,0,1,1,1,0,1,0,0,0,0,0,0,25
286,2,0,3,6,1,0,1,5,22,0,1,1,1,0,0,0,1,0,0,0,0,25
286,3,0,1,6,0,0,0,0,0,0,0,0,0,0,0,0,0,0,0,0,0,25
287,1,0,1,4,1,0,1,5,22,0,1,1,1,0,0,0,1,0,0,0,1,25
287,2,1,3,4,1,0,1,5,22,0,1,1,1,0,1,0,1,0,1,0,1,25
287,3,0,1,6,0,0,0,0,0,0,0,0,0,0,0,0,0,0,0,0,0,25
288,1,0,3,1,1,0,1,5,22,0,1,1,1,1,0,0,0,0,0,0,1,25
288,2,1,1,2,1,0,1,5,22,0,1,1,1,0,1,0,0,1,0,1,0,25
288,3,0,1,6,0,0,0,0,0,0,0,0,0,0,0,0,0,0,0,0,0,25
289,1,0,2,5,1,1,1,5,26,1,1,1,1,1,0,1,0,0,0,0,1,26
289,2,1,2,1,1,1,1,5,26,1,1,1,1,0,0,0,1,1,0,0,0,26
289,3,0,1,6,0,0,0,0,0,0,0,0,0,0,0,0,0,0,0,0,0,26
290,1,0,2,5,1,1,1,5,26,1,1,1,1,0,0,0,0,0,0,1,0,26
290,2,1,1,3,1,1,1,5,26,1,1,1,1,0,1,1,0,0,1,0,0,26
290,3,0,1,6,0,0,0,0,0,0,0,0,0,0,0,0,0,0,0,0,0,26
291,1,1,1,3,1,1,1,5,26,1,1,1,1,1,0,0,0,1,0,0,0,26
291,2,0,2,5,1,1,1,5,26,1,1,1,1,0,1,0,1,0,1,0,0,26
291,3,0,1,6,0,0,0,0,0,0,0,0,0,0,0,0,0,0,0,0,0,26
292,1,0,1,4,1,1,1,5,26,1,1,1,1,0,0,0,0,1,0,1,0,26
292,2,1,3,2,1,1,1,5,26,1,1,1,1,1,0,1,0,0,0,1,0,26
292,3,0,1,6,0,0,0,0,0,0,0,0,0,0,0,0,0,0,0,0,0,26
293,1,0,1,4,1,1,1,5,26,1,1,1,1,0,1,0,1,1,0,0,0,26
293,2,1,2,1,1,1,1,5,26,1,1,1,1,0,0,0,0,1,0,1,0,26
293,3,0,1,6,0,0,0,0,0,0,0,0,0,0,0,0,0,0,0,0,0,26
294,1,1,3,2,1,1,1,5,26,1,1,1,1,0,0,0,1,0,1,0,1,26
294,2,0,3,6,1,1,1,5,26,1,1,1,1,0,0,1,0,1,0,1,0,26
294,3,0,1,6,0,0,0,0,0,0,0,0,0,0,0,0,0,0,0,0,0,26
295,1,0,3,6,1,1,1,5,26,1,1,1,1,0,1,0,1,0,1,0,0,26
295,2,1,1,3,1,1,1,5,26,1,1,1,1,0,1,0,0,0,1,0,1,26
295,3,0,1,6,0,0,0,0,0,0,0,0,0,0,0,0,0,0,0,0,0,26
296,1,0,3,6,1,1,1,5,26,1,1,1,1,1,0,1,0,0,1,0,1,26
296,2,1,3,2,1,1,1,5,26,1,1,1,1,1,0,0,1,0,0,0,1,26
296,3,0,1,6,0,0,0,0,0,0,0,0,0,0,0,0,0,0,0,0,0,26
297,1,1,2,1,1,1,1,5,26,1,1,1,1,0,1,1,0,0,0,1,0,26
297,2,0,1,4,1,1,1,5,26,1,1,1,1,1,0,0,0,0,0,0,1,26
297,3,0,1,6,0,0,0,0,0,0,0,0,0,0,0,0,0,0,0,0,0,26
298,1,0,3,5,1,0,1,5,24,0,1,1,1,0,1,0,1,0,0,1,0,27
298,2,1,2,5,1,0,1,5,24,0,1,1,1,1,0,0,1,0,1,1,0,27
298,3,0,1,6,0,0,0,0,0,0,0,0,0,0,0,0,0,0,0,0,0,27
299,1,0,1,3,1,0,1,5,24,0,1,1,1,0,1,1,0,0,0,0,1,27
299,2,1,2,3,1,0,1,5,24,0,1,1,1,0,1,1,0,0,0,1,0,27
299,3,0,1,6,0,0,0,0,0,0,0,0,0,0,0,0,0,0,0,0,0,27
300,1,1,3,2,1,0,1,5,24,0,1,1,1,0,0,1,0,1,0,0,0,27
300,2,0,1,4,1,0,1,5,24,0,1,1,1,0,1,0,1,0,0,1,0,27
300,3,0,1,6,0,0,0,0,0,0,0,0,0,0,0,0,0,0,0,0,0,27
301,1,1,2,4,1,0,1,5,24,0,1,1,1,1,0,1,0,1,0,0,0,27
301,2,0,3,6,1,0,1,5,24,0,1,1,1,0,1,1,0,1,0,0,1,27
301,3,0,1,6,0,0,0,0,0,0,0,0,0,0,0,0,0,0,0,0,0,27
302,1,1,3,2,1,0,1,5,24,0,1,1,1,1,0,0,0,1,0,1,0,27
302,2,0,3,1,1,0,1,5,24,0,1,1,1,0,0,0,0,0,1,0,1,27
302,3,0,1,6,0,0,0,0,0,0,0,0,0,0,0,0,0,0,0,0,0,27
303,1,1,2,1,1,0,1,5,24,0,1,1,1,0,1,0,0,0,1,0,1,27
303,2,0,2,5,1,0,1,5,24,0,1,1,1,0,0,1,0,0,1,0,1,27
303,3,0,1,6,0,0,0,0,0,0,0,0,0,0,0,0,0,0,0,0,0,27
304,1,0,1,6,1,0,1,5,24,0,1,1,1,0,0,0,0,0,1,0,1,27
304,2,1,1,4,1,0,1,5,24,0,1,1,1,0,0,0,0,0,0,0,0,27
304,3,0,1,6,0,0,0,0,0,0,0,0,0,0,0,0,0,0,0,0,0,27
305,1,1,2,1,1,0,1,5,24,0,1,1,1,0,0,0,1,0,1,0,0,27
305,2,0,1,2,1,0,1,5,24,0,1,1,1,1,0,0,1,1,0,0,0,27
305,3,0,1,6,0,0,0,0,0,0,0,0,0,0,0,0,0,0,0,0,0,27
306,1,1,1,3,1,0,1,5,24,0,1,1,1,1,0,0,1,0,0,1,0,27
306,2,0,3,6,1,0,1,5,24,0,1,1,1,1,0,0,0,1,0,0,0,27
306,3,0,1,6,0,0,0,0,0,0,0,0,0,0,0,0,0,0,0,0,0,27
307,1,0,3,5,1,0,0,5,23,1,2,1,1,0,1,0,1,0,0,1,0,28
307,2,1,2,5,1,0,0,5,23,1,2,1,1,1,0,0,1,0,1,1,0,28
307,3,0,1,6,0,0,0,0,0,0,0,0,0,0,0,0,0,0,0,0,0,28
308,1,0,1,3,1,0,0,5,23,1,2,1,1,0,1,1,0,0,0,0,1,28
308,2,1,2,3,1,0,0,5,23,1,2,1,1,0,1,1,0,0,0,1,0,28
308,3,0,1,6,0,0,0,0,0,0,0,0,0,0,0,0,0,0,0,0,0,28
309,1,0,3,2,1,0,0,5,23,1,2,1,1,0,0,1,0,1,0,0,0,28
309,2,1,1,4,1,0,0,5,23,1,2,1,1,0,1,0,1,0,0,1,0,28
309,3,0,1,6,0,0,0,0,0,0,0,0,0,0,0,0,0,0,0,0,0,28
310,1,1,2,4,1,0,0,5,23,1,2,1,1,1,0,1,0,1,0,0,0,28
310,2,0,3,6,1,0,0,5,23,1,2,1,1,0,1,1,0,1,0,0,1,28
310,3,0,1,6,0,0,0,0,0,0,0,0,0,0,0,0,0,0,0,0,0,28
311,1,1,3,2,1,0,0,5,23,1,2,1,1,1,0,0,0,1,0,1,0,28
311,2,0,3,1,1,0,0,5,23,1,2,1,1,0,0,0,0,0,1,0,1,28
311,3,0,1,6,0,0,0,0,0,0,0,0,0,0,0,0,0,0,0,0,0,28
312,1,0,2,1,1,0,0,5,23,1,2,1,1,0,1,0,0,0,1,0,1,28
312,2,0,2,5,1,0,0,5,23,1,2,1,1,0,0,1,0,0,1,0,1,28
312,3,1,1,6,0,0,0,0,0,0,0,0,0,0,0,0,0,0,0,0,0,28
313,1,0,1,6,1,0,0,5,23,1,2,1,1,0,0,0,0,0,1,0,1,28
313,2,1,1,4,1,0,0,5,23,1,2,1,1,0,0,0,0,0,0,0,0,28
313,3,0,1,6,0,0,0,0,0,0,0,0,0,0,0,0,0,0,0,0,0,28
314,1,0,2,1,1,0,0,5,23,1,2,1,1,0,0,0,1,0,1,0,0,28
314,2,1,1,2,1,0,0,5,23,1,2,1,1,1,0,0,1,1,0,0,0,28
314,3,0,1,6,0,0,0,0,0,0,0,0,0,0,0,0,0,0,0,0,0,28
315,1,0,1,3,1,0,0,5,23,1,2,1,1,1,0,0,1,0,0,1,0,28
315,2,0,3,6,1,0,0,5,23,1,2,1,1,1,0,0,0,1,0,0,0,28
315,3,1,1,6,0,0,0,0,0,0,0,0,0,0,0,0,0,0,0,0,0,28
316,1,0,2,3,1,0,1,5,23,1,1,1,1,1,0,0,1,1,0,0,1,29
316,2,0,1,4,1,0,1,5,23,1,1,1,1,1,0,1,0,0,1,1,0,29
316,3,1,1,6,0,0,0,0,0,0,0,0,0,0,0,0,0,0,0,0,0,29
317,1,0,3,6,1,0,1,5,23,1,1,1,1,0,1,1,0,1,0,1,0,29
317,2,0,1,5,1,0,1,5,23,1,1,1,1,0,0,1,0,1,0,0,0,29
317,3,1,1,6,0,0,0,0,0,0,0,0,0,0,0,0,0,0,0,0,0,29
318,1,1,2,3,1,0,1,5,23,1,1,1,1,0,0,0,1,1,0,1,0,29
318,2,0,2,3,1,0,1,5,23,1,1,1,1,0,0,0,1,0,0,0,1,29
318,3,0,1,6,0,0,0,0,0,0,0,0,0,0,0,0,0,0,0,0,0,29
319,1,0,1,2,1,0,1,5,23,1,1,1,1,0,0,1,0,0,1,1,0,29
319,2,0,2,5,1,0,1,5,23,1,1,1,1,0,1,0,0,1,0,0,1,29
319,3,1,1,6,0,0,0,0,0,0,0,0,0,0,0,0,0,0,0,0,0,29
320,1,0,2,5,1,0,1,5,23,1,1,1,1,1,0,0,0,0,1,0,0,29
320,2,0,2,6,1,0,1,5,23,1,1,1,1,1,0,0,0,0,0,1,0,29
320,3,1,1,6,0,0,0,0,0,0,0,0,0,0,0,0,0,0,0,0,0,29
321,1,0,1,2,1,0,1,5,23,1,1,1,1,0,1,1,0,0,1,0,0,29
321,2,1,3,1,1,0,1,5,23,1,1,1,1,1,0,1,0,0,1,0,0,29
321,3,0,1,6,0,0,0,0,0,0,0,0,0,0,0,0,0,0,0,0,0,29
322,1,0,3,1,1,0,1,5,23,1,1,1,1,0,1,0,0,0,0,0,0,29
322,2,0,3,6,1,0,1,5,23,1,1,1,1,0,0,0,1,0,0,0,0,29
322,3,1,1,6,0,0,0,0,0,0,0,0,0,0,0,0,0,0,0,0,0,29
323,1,0,1,4,1,0,1,5,23,1,1,1,1,0,0,0,1,0,0,0,1,29
323,2,0,3,4,1,0,1,5,23,1,1,1,1,0,1,0,1,0,1,0,1,29
323,3,1,1,6,0,0,0,0,0,0,0,0,0,0,0,0,0,0,0,0,0,29
324,1,1,3,1,1,0,1,5,23,1,1,1,1,1,0,0,0,0,0,0,1,29
324,2,0,1,2,1,0,1,5,23,1,1,1,1,0,1,0,0,1,0,1,0,29
324,3,0,1,6,0,0,0,0,0,0,0,0,0,0,0,0,0,0,0,0,0,29
325,1,1,2,5,1,1,0,5,20,1,1,1,1,1,0,1,0,0,0,0,1,30
325,2,0,2,1,1,1,0,5,20,1,1,1,1,0,0,0,1,1,0,0,0,30
325,3,0,1,6,0,0,0,0,0,0,0,0,0,0,0,0,0,0,0,0,0,30
326,1,0,2,5,1,1,0,5,20,1,1,1,1,0,0,0,0,0,0,1,0,30
326,2,1,1,3,1,1,0,5,20,1,1,1,1,0,1,1,0,0,1,0,0,30
326,3,0,1,6,0,0,0,0,0,0,0,0,0,0,0,0,0,0,0,0,0,30
327,1,0,1,3,1,1,0,5,20,1,1,1,1,1,0,0,0,1,0,0,0,30
327,2,1,2,5,1,1,0,5,20,1,1,1,1,0,1,0,1,0,1,0,0,30
327,3,0,1,6,0,0,0,0,0,0,0,0,0,0,0,0,0,0,0,0,0,30
328,1,0,1,4,1,1,0,5,20,1,1,1,1,0,0,0,0,1,0,1,0,30
328,2,1,3,2,1,1,0,5,20,1,1,1,1,1,0,1,0,0,0,1,0,30
328,3,0,1,6,0,0,0,0,0,0,0,0,0,0,0,0,0,0,0,0,0,30
329,1,1,1,4,1,1,0,5,20,1,1,1,1,0,1,0,1,1,0,0,0,30
329,2,0,2,1,1,1,0,5,20,1,1,1,1,0,0,0,0,1,0,1,0,30
329,3,0,1,6,0,0,0,0,0,0,0,0,0,0,0,0,0,0,0,0,0,30
330,1,1,3,2,1,1,0,5,20,1,1,1,1,0,0,0,1,0,1,0,1,30
330,2,0,3,6,1,1,0,5,20,1,1,1,1,0,0,1,0,1,0,1,0,30
330,3,0,1,6,0,0,0,0,0,0,0,0,0,0,0,0,0,0,0,0,0,30
331,1,0,3,6,1,1,0,5,20,1,1,1,1,0,1,0,1,0,1,0,0,30
331,2,1,1,3,1,1,0,5,20,1,1,1,1,0,1,0,0,0,1,0,1,30
331,3,0,1,6,0,0,0,0,0,0,0,0,0,0,0,0,0,0,0,0,0,30
332,1,1,3,6,1,1,0,5,20,1,1,1,1,1,0,1,0,0,1,0,1,30
332,2,0,3,2,1,1,0,5,20,1,1,1,1,1,0,0,1,0,0,0,1,30
332,3,0,1,6,0,0,0,0,0,0,0,0,0,0,0,0,0,0,0,0,0,30
333,1,0,2,1,1,1,0,5,20,1,1,1,1,0,1,1,0,0,0,1,0,30
333,2,1,1,4,1,1,0,5,20,1,1,1,1,1,0,0,0,0,0,0,1,30
333,3,0,1,6,0,0,0,0,0,0,0,0,0,0,0,0,0,0,0,0,0,30
334,1,0,3,5,1,0,0,5,22,1,2,1,1,0,1,0,1,0,0,1,0,31
334,2,1,2,5,1,0,0,5,22,1,2,1,1,1,0,0,1,0,1,1,0,31
334,3,0,1,6,0,0,0,0,0,0,0,0,0,0,0,0,0,0,0,0,0,31
335,1,0,1,3,1,0,0,5,22,1,2,1,1,0,1,1,0,0,0,0,1,31
335,2,0,2,3,1,0,0,5,22,1,2,1,1,0,1,1,0,0,0,1,0,31
335,3,1,1,6,0,0,0,0,0,0,0,0,0,0,0,0,0,0,0,0,0,31
336,1,0,3,2,1,0,0,5,22,1,2,1,1,0,0,1,0,1,0,0,0,31
336,2,0,1,4,1,0,0,5,22,1,2,1,1,0,1,0,1,0,0,1,0,31
336,3,1,1,6,0,0,0,0,0,0,0,0,0,0,0,0,0,0,0,0,0,31
337,1,1,2,4,1,0,0,5,22,1,2,1,1,1,0,1,0,1,0,0,0,31
337,2,0,3,6,1,0,0,5,22,1,2,1,1,0,1,1,0,1,0,0,1,31
337,3,0,1,6,0,0,0,0,0,0,0,0,0,0,0,0,0,0,0,0,0,31
338,1,0,3,2,1,0,0,5,22,1,2,1,1,1,0,0,0,1,0,1,0,31
338,2,0,3,1,1,0,0,5,22,1,2,1,1,0,0,0,0,0,1,0,1,31
338,3,1,1,6,0,0,0,0,0,0,0,0,0,0,0,0,0,0,0,0,0,31
339,1,0,2,1,1,0,0,5,22,1,2,1,1,0,1,0,0,0,1,0,1,31
339,2,1,2,5,1,0,0,5,22,1,2,1,1,0,0,1,0,0,1,0,1,31
339,3,0,1,6,0,0,0,0,0,0,0,0,0,0,0,0,0,0,0,0,0,31
340,1,0,1,6,1,0,0,5,22,1,2,1,1,0,0,0,0,0,1,0,1,31
340,2,1,1,4,1,0,0,5,22,1,2,1,1,0,0,0,0,0,0,0,0,31
340,3,0,1,6,0,0,0,0,0,0,0,0,0,0,0,0,0,0,0,0,0,31
341,1,0,2,1,1,0,0,5,22,1,2,1,1,0,0,0,1,0,1,0,0,31
341,2,0,1,2,1,0,0,5,22,1,2,1,1,1,0,0,1,1,0,0,0,31
341,3,1,1,6,0,0,0,0,0,0,0,0,0,0,0,0,0,0,0,0,0,31
342,1,0,1,3,1,0,0,5,22,1,2,1,1,1,0,0,1,0,0,1,0,31
342,2,1,3,6,1,0,0,5,22,1,2,1,1,1,0,0,0,1,0,0,0,31
342,3,0,1,6,0,0,0,0,0,0,0,0,0,0,0,0,0,0,0,0,0,31
352,1,1,2,5,1,1,0,5,23,1,3,1,0,1,0,1,0,0,0,0,1,32
352,2,0,2,1,1,1,0,5,23,1,3,1,0,0,0,0,1,1,0,0,0,32
352,3,0,1,6,0,0,0,0,0,0,0,0,0,0,0,0,0,0,0,0,0,32
353,1,0,2,5,1,1,0,5,23,1,3,1,0,0,0,0,0,0,0,1,0,32
353,2,1,1,3,1,1,0,5,23,1,3,1,0,0,1,1,0,0,1,0,0,32
353,3,0,1,6,0,0,0,0,0,0,0,0,0,0,0,0,0,0,0,0,0,32
354,1,0,1,3,1,1,0,5,23,1,3,1,0,1,0,0,0,1,0,0,0,32
354,2,0,2,5,1,1,0,5,23,1,3,1,0,0,1,0,1,0,1,0,0,32
354,3,1,1,6,0,0,0,0,0,0,0,0,0,0,0,0,0,0,0,0,0,32
355,1,0,1,4,1,1,0,5,23,1,3,1,0,0,0,0,0,1,0,1,0,32
355,2,1,3,2,1,1,0,5,23,1,3,1,0,1,0,1,0,0,0,1,0,32
355,3,0,1,6,0,0,0,0,0,0,0,0,0,0,0,0,0,0,0,0,0,32
356,1,0,1,4,1,1,0,5,23,1,3,1,0,0,1,0,1,1,0,0,0,32
356,2,1,2,1,1,1,0,5,23,1,3,1,0,0,0,0,0,1,0,1,0,32
356,3,0,1,6,0,0,0,0,0,0,0,0,0,0,0,0,0,0,0,0,0,32
357,1,1,3,2,1,1,0,5,23,1,3,1,0,0,0,0,1,0,1,0,1,32
357,2,0,3,6,1,1,0,5,23,1,3,1,0,0,0,1,0,1,0,1,0,32
357,3,0,1,6,0,0,0,0,0,0,0,0,0,0,0,0,0,0,0,0,0,32
358,1,0,3,6,1,1,0,5,23,1,3,1,0,0,1,0,1,0,1,0,0,32
358,2,1,1,3,1,1,0,5,23,1,3,1,0,0,1,0,0,0,1,0,1,32
358,3,0,1,6,0,0,0,0,0,0,0,0,0,0,0,0,0,0,0,0,0,32
359,1,0,3,6,1,1,0,5,23,1,3,1,0,1,0,1,0,0,1,0,1,32
359,2,1,3,2,1,1,0,5,23,1,3,1,0,1,0,0,1,0,0,0,1,32
359,3,0,1,6,0,0,0,0,0,0,0,0,0,0,0,0,0,0,0,0,0,32
360,1,1,2,1,1,1,0,5,23,1,3,1,0,0,1,1,0,0,0,1,0,32
360,2,0,1,4,1,1,0,5,23,1,3,1,0,1,0,0,0,0,0,0,1,32
360,3,0,1,6,0,0,0,0,0,0,0,0,0,0,0,0,0,0,0,0,0,32
361,1,1,1,5,1,0,0,5,24,0,1,1,1,1,0,0,1,0,0,0,0,33
361,2,0,1,5,1,0,0,5,24,0,1,1,1,0,0,1,0,0,0,0,1,33
361,3,0,1,6,0,0,0,0,0,0,0,0,0,0,0,0,0,0,0,0,0,33
362,1,0,3,3,1,0,0,5,24,0,1,1,1,0,0,0,0,0,0,0,0,33
362,2,1,2,1,1,0,0,5,24,0,1,1,1,1,0,1,0,1,0,0,1,33
362,3,0,1,6,0,0,0,0,0,0,0,0,0,0,0,0,0,0,0,0,0,33
363,1,0,1,5,1,0,0,5,24,0,1,1,1,0,1,0,0,1,0,0,1,33
363,2,1,1,3,1,0,0,5,24,0,1,1,1,1,0,0,1,1,0,0,1,33
363,3,0,1,6,0,0,0,0,0,0,0,0,0,0,0,0,0,0,0,0,0,33
364,1,0,3,4,1,0,0,5,24,0,1,1,1,0,0,1,0,1,0,0,1,33
364,2,0,2,6,1,0,0,5,24,0,1,1,1,1,0,0,0,0,1,0,0,33
364,3,1,1,6,0,0,0,0,0,0,0,0,0,0,0,0,0,0,0,0,0,33
365,1,0,2,2,1,0,0,5,24,0,1,1,1,0,1,0,1,1,0,0,1,33
365,2,1,3,2,1,0,0,5,24,0,1,1,1,0,1,0,0,0,0,0,0,33
365,3,0,1,6,0,0,0,0,0,0,0,0,0,0,0,0,0,0,0,0,0,33
366,1,1,3,4,1,0,0,5,24,0,1,1,1,1,0,0,1,0,1,1,0,33
366,2,0,2,1,1,0,0,5,24,0,1,1,1,0,1,1,0,0,0,0,0,33
366,3,0,1,6,0,0,0,0,0,0,0,0,0,0,0,0,0,0,0,0,0,33
367,1,0,2,6,1,0,0,5,24,0,1,1,1,0,1,0,0,0,1,1,0,33
367,2,1,3,4,1,0,0,5,24,0,1,1,1,0,1,0,1,1,0,1,0,33
367,3,0,1,6,0,0,0,0,0,0,0,0,0,0,0,0,0,0,0,0,0,33
368,1,1,1,1,1,0,0,5,24,0,1,1,1,1,0,1,0,0,1,1,0,33
368,2,0,1,3,1,0,0,5,24,0,1,1,1,0,0,0,1,0,1,1,0,33
368,3,0,1,6,0,0,0,0,0,0,0,0,0,0,0,0,0,0,0,0,0,33
369,1,0,2,6,1,0,0,5,24,0,1,1,1,0,0,1,0,0,0,0,0,33
369,2,1,3,2,1,0,0,5,24,0,1,1,1,0,0,0,0,0,1,1,0,33
369,3,0,1,6,0,0,0,0,0,0,0,0,0,0,0,0,0,0,0,0,0,33
370,1,1,1,5,1,0,1,4,26,1,3,1,1,1,0,0,1,0,0,0,0,34
370,2,0,1,5,1,0,1,4,26,1,3,1,1,0,0,1,0,0,0,0,1,34
370,3,0,1,6,0,0,0,0,0,0,0,0,0,0,0,0,0,0,0,0,0,34
371,1,0,3,3,1,0,1,4,26,1,3,1,1,0,0,0,0,0,0,0,0,34
371,2,1,2,1,1,0,1,4,26,1,3,1,1,1,0,1,0,1,0,0,1,34
371,3,0,1,6,0,0,0,0,0,0,0,0,0,0,0,0,0,0,0,0,0,34
372,1,0,1,5,1,0,1,4,26,1,3,1,1,0,1,0,0,1,0,0,1,34
372,2,1,1,3,1,0,1,4,26,1,3,1,1,1,0,0,1,1,0,0,1,34
372,3,0,1,6,0,0,0,0,0,0,0,0,0,0,0,0,0,0,0,0,0,34
373,1,0,3,4,1,0,1,4,26,1,3,1,1,0,0,1,0,1,0,0,1,34
373,2,1,2,6,1,0,1,4,26,1,3,1,1,1,0,0,0,0,1,0,0,34
373,3,0,1,6,0,0,0,0,0,0,0,0,0,0,0,0,0,0,0,0,0,34
374,1,1,2,2,1,0,1,4,26,1,3,1,1,0,1,0,1,1,0,0,1,34
374,2,0,3,2,1,0,1,4,26,1,3,1,1,0,1,0,0,0,0,0,0,34
374,3,0,1,6,0,0,0,0,0,0,0,0,0,0,0,0,0,0,0,0,0,34
375,1,0,3,4,1,0,1,4,26,1,3,1,1,1,0,0,1,0,1,1,0,34
375,2,1,2,1,1,0,1,4,26,1,3,1,1,0,1,1,0,0,0,0,0,34
375,3,0,1,6,0,0,0,0,0,0,0,0,0,0,0,0,0,0,0,0,0,34
376,1,0,2,6,1,0,1,4,26,1,3,1,1,0,1,0,0,0,1,1,0,34
376,2,1,3,4,1,0,1,4,26,1,3,1,1,0,1,0,1,1,0,1,0,34
376,3,0,1,6,0,0,0,0,0,0,0,0,0,0,0,0,0,0,0,0,0,34
377,1,1,1,1,1,0,1,4,26,1,3,1,1,1,0,1,0,0,1,1,0,34
377,2,0,1,3,1,0,1,4,26,1,3,1,1,0,0,0,1,0,1,1,0,34
377,3,0,1,6,0,0,0,0,0,0,0,0,0,0,0,0,0,0,0,0,0,34
378,1,0,2,6,1,0,1,4,26,1,3,1,1,0,0,1,0,0,0,0,0,34
378,2,1,3,2,1,0,1,4,26,1,3,1,1,0,0,0,0,0,1,1,0,34
378,3,0,1,6,0,0,0,0,0,0,0,0,0,0,0,0,0,0,0,0,0,34
379,1,1,2,5,1,0,0,5,25,0,2,1,0,1,0,1,0,0,0,0,1,35
379,2,0,2,1,1,0,0,5,25,0,2,1,0,0,0,0,1,1,0,0,0,35
379,3,0,1,6,0,0,0,0,0,0,0,0,0,0,0,0,0,0,0,0,0,35
380,1,0,2,5,1,0,0,5,25,0,2,1,0,0,0,0,0,0,0,1,0,35
380,2,1,1,3,1,0,0,5,25,0,2,1,0,0,1,1,0,0,1,0,0,35
380,3,0,1,6,0,0,0,0,0,0,0,0,0,0,0,0,0,0,0,0,0,35
381,1,1,1,3,1,0,0,5,25,0,2,1,0,1,0,0,0,1,0,0,0,35
381,2,0,2,5,1,0,0,5,25,0,2,1,0,0,1,0,1,0,1,0,0,35
381,3,0,1,6,0,0,0,0,0,0,0,0,0,0,0,0,0,0,0,0,0,35
382,1,0,1,4,1,0,0,5,25,0,2,1,0,0,0,0,0,1,0,1,0,35
382,2,1,3,2,1,0,0,5,25,0,2,1,0,1,0,1,0,0,0,1,0,35
382,3,0,1,6,0,0,0,0,0,0,0,0,0,0,0,0,0,0,0,0,0,35
383,1,1,1,4,1,0,0,5,25,0,2,1,0,0,1,0,1,1,0,0,0,35
383,2,0,2,1,1,0,0,5,25,0,2,1,0,0,0,0,0,1,0,1,0,35
383,3,0,1,6,0,0,0,0,0,0,0,0,0,0,0,0,0,0,0,0,0,35
384,1,0,3,2,1,0,0,5,25,0,2,1,0,0,0,0,1,0,1,0,1,35
384,2,1,3,6,1,0,0,5,25,0,2,1,0,0,0,1,0,1,0,1,0,35
384,3,0,1,6,0,0,0,0,0,0,0,0,0,0,0,0,0,0,0,0,0,35
385,1,0,3,6,1,0,0,5,25,0,2,1,0,0,1,0,1,0,1,0,0,35
385,2,1,1,3,1,0,0,5,25,0,2,1,0,0,1,0,0,0,1,0,1,35
385,3,0,1,6,0,0,0,0,0,0,0,0,0,0,0,0,0,0,0,0,0,35
386,1,0,3,6,1,0,0,5,25,0,2,1,0,1,0,1,0,0,1,0,1,35
386,2,1,3,2,1,0,0,5,25,0,2,1,0,1,0,0,1,0,0,0,1,35
386,3,0,1,6,0,0,0,0,0,0,0,0,0,0,0,0,0,0,0,0,0,35
387,1,1,2,1,1,0,0,5,25,0,2,1,0,0,1,1,0,0,0,1,0,35
387,2,0,1,4,1,0,0,5,25,0,2,1,0,1,0,0,0,0,0,0,1,35
387,3,0,1,6,0,0,0,0,0,0,0,0,0,0,0,0,0,0,0,0,0,35
388,1,0,3,5,1,1,1,5,30,0,1,1,1,0,1,0,1,0,0,1,0,36
388,2,1,2,5,1,1,1,5,30,0,1,1,1,1,0,0,1,0,1,1,0,36
388,3,0,1,6,0,0,0,0,0,0,0,0,0,0,0,0,0,0,0,0,0,36
389,1,0,1,3,1,1,1,5,30,0,1,1,1,0,1,1,0,0,0,0,1,36
389,2,1,2,3,1,1,1,5,30,0,1,1,1,0,1,1,0,0,0,1,0,36
389,3,0,1,6,0,0,0,0,0,0,0,0,0,0,0,0,0,0,0,0,0,36
390,1,1,3,2,1,1,1,5,30,0,1,1,1,0,0,1,0,1,0,0,0,36
390,2,0,1,4,1,1,1,5,30,0,1,1,1,0,1,0,1,0,0,1,0,36
390,3,0,1,6,0,0,0,0,0,0,0,0,0,0,0,0,0,0,0,0,0,36
391,1,1,2,4,1,1,1,5,30,0,1,1,1,1,0,1,0,1,0,0,0,36
391,2,0,3,6,1,1,1,5,30,0,1,1,1,0,1,1,0,1,0,0,1,36
391,3,0,1,6,0,0,0,0,0,0,0,0,0,0,0,0,0,0,0,0,0,36
392,1,1,3,2,1,1,1,5,30,0,1,1,1,1,0,0,0,1,0,1,0,36
392,2,0,3,1,1,1,1,5,30,0,1,1,1,0,0,0,0,0,1,0,1,36
392,3,0,1,6,0,0,0,0,0,0,0,0,0,0,0,0,0,0,0,0,0,36
393,1,1,2,1,1,1,1,5,30,0,1,1,1,0,1,0,0,0,1,0,1,36
393,2,0,2,5,1,1,1,5,30,0,1,1,1,0,0,1,0,0,1,0,1,36
393,3,0,1,6,0,0,0,0,0,0,0,0,0,0,0,0,0,0,0,0,0,36
394,1,0,1,6,1,1,1,5,30,0,1,1,1,0,0,0,0,0,1,0,1,36
394,2,1,1,4,1,1,1,5,30,0,1,1,1,0,0,0,0,0,0,0,0,36
394,3,0,1,6,0,0,0,0,0,0,0,0,0,0,0,0,0,0,0,0,0,36
395,1,0,2,1,1,1,1,5,30,0,1,1,1,0,0,0,1,0,1,0,0,36
395,2,1,1,2,1,1,1,5,30,0,1,1,1,1,0,0,1,1,0,0,0,36
395,3,0,1,6,0,0,0,0,0,0,0,0,0,0,0,0,0,0,0,0,0,36
396,1,1,1,3,1,1,1,5,30,0,1,1,1,1,0,0,1,0,0,1,0,36
396,2,0,3,6,1,1,1,5,30,0,1,1,1,1,0,0,0,1,0,0,0,36
396,3,0,1,6,0,0,0,0,0,0,0,0,0,0,0,0,0,0,0,0,0,36
397,1,1,3,5,1,1,0,3,35,0,3,2,1,0,1,0,1,0,0,1,0,37
397,2,0,2,5,1,1,0,3,35,0,3,2,1,1,0,0,1,0,1,1,0,37
397,3,0,1,6,0,0,0,0,0,0,0,0,0,0,0,0,0,0,0,0,0,37
398,1,0,1,3,1,1,0,3,35,0,3,2,1,0,1,1,0,0,0,0,1,37
398,2,1,2,3,1,1,0,3,35,0,3,2,1,0,1,1,0,0,0,1,0,37
398,3,0,1,6,0,0,0,0,0,0,0,0,0,0,0,0,0,0,0,0,0,37
399,1,0,3,2,1,1,0,3,35,0,3,2,1,0,0,1,0,1,0,0,0,37
399,2,1,1,4,1,1,0,3,35,0,3,2,1,0,1,0,1,0,0,1,0,37
399,3,0,1,6,0,0,0,0,0,0,0,0,0,0,0,0,0,0,0,0,0,37
400,1,1,2,4,1,1,0,3,35,0,3,2,1,1,0,1,0,1,0,0,0,37
400,2,0,3,6,1,1,0,3,35,0,3,2,1,0,1,1,0,1,0,0,1,37
400,3,0,1,6,0,0,0,0,0,0,0,0,0,0,0,0,0,0,0,0,0,37
401,1,1,3,2,1,1,0,3,35,0,3,2,1,1,0,0,0,1,0,1,0,37
401,2,0,3,1,1,1,0,3,35,0,3,2,1,0,0,0,0,0,1,0,1,37
401,3,0,1,6,0,0,0,0,0,0,0,0,0,0,0,0,0,0,0,0,0,37
402,1,1,2,1,1,1,0,3,35,0,3,2,1,0,1,0,0,0,1,0,1,37
402,2,0,2,5,1,1,0,3,35,0,3,2,1,0,0,1,0,0,1,0,1,37
402,3,0,1,6,0,0,0,0,0,0,0,0,0,0,0,0,0,0,0,0,0,37
403,1,0,1,6,1,1,0,3,35,0,3,2,1,0,0,0,0,0,1,0,1,37
403,2,1,1,4,1,1,0,3,35,0,3,2,1,0,0,0,0,0,0,0,0,37
403,3,0,1,6,0,0,0,0,0,0,0,0,0,0,0,0,0,0,0,0,0,37
404,1,0,2,1,1,1,0,3,35,0,3,2,1,0,0,0,1,0,1,0,0,37
404,2,1,1,2,1,1,0,3,35,0,3,2,1,1,0,0,1,1,0,0,0,37
404,3,0,1,6,0,0,0,0,0,0,0,0,0,0,0,0,0,0,0,0,0,37
405,1,1,1,3,1,1,0,3,35,0,3,2,1,1,0,0,1,0,0,1,0,37
405,2,0,3,6,1,1,0,3,35,0,3,2,1,1,0,0,0,1,0,0,0,37
405,3,0,1,6,0,0,0,0,0,0,0,0,0,0,0,0,0,0,0,0,0,37
415,1,1,2,3,1,0,1,4,21,0,1,1,1,1,0,0,1,1,0,0,1,38
415,2,0,1,4,1,0,1,4,21,0,1,1,1,1,0,1,0,0,1,1,0,38
415,3,0,1,6,0,0,0,0,0,0,0,0,0,0,0,0,0,0,0,0,0,38
416,1,0,3,6,1,0,1,4,21,0,1,1,1,0,1,1,0,1,0,1,0,38
416,2,0,1,5,1,0,1,4,21,0,1,1,1,0,0,1,0,1,0,0,0,38
416,3,1,1,6,0,0,0,0,0,0,0,0,0,0,0,0,0,0,0,0,0,38
417,1,0,2,3,1,0,1,4,21,0,1,1,1,0,0,0,1,1,0,1,0,38
417,2,1,2,3,1,0,1,4,21,0,1,1,1,0,0,0,1,0,0,0,1,38
417,3,0,1,6,0,0,0,0,0,0,0,0,0,0,0,0,0,0,0,0,0,38
418,1,0,1,2,1,0,1,4,21,0,1,1,1,0,0,1,0,0,1,1,0,38
418,2,1,2,5,1,0,1,4,21,0,1,1,1,0,1,0,0,1,0,0,1,38
418,3,0,1,6,0,0,0,0,0,0,0,0,0,0,0,0,0,0,0,0,0,38
419,1,1,2,5,1,0,1,4,21,0,1,1,1,1,0,0,0,0,1,0,0,38
419,2,0,2,6,1,0,1,4,21,0,1,1,1,1,0,0,0,0,0,1,0,38
419,3,0,1,6,0,0,0,0,0,0,0,0,0,0,0,0,0,0,0,0,0,38
420,1,0,1,2,1,0,1,4,21,0,1,1,1,0,1,1,0,0,1,0,0,38
420,2,1,3,1,1,0,1,4,21,0,1,1,1,1,0,1,0,0,1,0,0,38
420,3,0,1,6,0,0,0,0,0,0,0,0,0,0,0,0,0,0,0,0,0,38
421,1,1,3,1,1,0,1,4,21,0,1,1,1,0,1,0,0,0,0,0,0,38
421,2,0,3,6,1,0,1,4,21,0,1,1,1,0,0,0,1,0,0,0,0,38
421,3,0,1,6,0,0,0,0,0,0,0,0,0,0,0,0,0,0,0,0,0,38
422,1,0,1,4,1,0,1,4,21,0,1,1,1,0,0,0,1,0,0,0,1,38
422,2,1,3,4,1,0,1,4,21,0,1,1,1,0,1,0,1,0,1,0,1,38
422,3,0,1,6,0,0,0,0,0,0,0,0,0,0,0,0,0,0,0,0,0,38
423,1,1,3,1,1,0,1,4,21,0,1,1,1,1,0,0,0,0,0,0,1,38
423,2,0,1,2,1,0,1,4,21,0,1,1,1,0,1,0,0,1,0,1,0,38
423,3,0,1,6,0,0,0,0,0,0,0,0,0,0,0,0,0,0,0,0,0,38
424,1,1,1,5,1,0,1,5,26,0,2,1,1,1,0,0,1,0,0,0,0,39
424,2,0,1,5,1,0,1,5,26,0,2,1,1,0,0,1,0,0,0,0,1,39
424,3,0,1,6,0,0,0,0,0,0,0,0,0,0,0,0,0,0,0,0,0,39
425,1,0,3,3,1,0,1,5,26,0,2,1,1,0,0,0,0,0,0,0,0,39
425,2,1,2,1,1,0,1,5,26,0,2,1,1,1,0,1,0,1,0,0,1,39
425,3,0,1,6,0,0,0,0,0,0,0,0,0,0,0,0,0,0,0,0,0,39
426,1,1,1,5,1,0,1,5,26,0,2,1,1,0,1,0,0,1,0,0,1,39
426,2,0,1,3,1,0,1,5,26,0,2,1,1,1,0,0,1,1,0,0,1,39
426,3,0,1,6,0,0,0,0,0,0,0,0,0,0,0,0,0,0,0,0,0,39
427,1,1,3,4,1,0,1,5,26,0,2,1,1,0,0,1,0,1,0,0,1,39
427,2,0,2,6,1,0,1,5,26,0,2,1,1,1,0,0,0,0,1,0,0,39
427,3,0,1,6,0,0,0,0,0,0,0,0,0,0,0,0,0,0,0,0,0,39
428,1,1,2,2,1,0,1,5,26,0,2,1,1,0,1,0,1,1,0,0,1,39
428,2,0,3,2,1,0,1,5,26,0,2,1,1,0,1,0,0,0,0,0,0,39
428,3,0,1,6,0,0,0,0,0,0,0,0,0,0,0,0,0,0,0,0,0,39
429,1,0,3,4,1,0,1,5,26,0,2,1,1,1,0,0,1,0,1,1,0,39
429,2,1,2,1,1,0,1,5,26,0,2,1,1,0,1,1,0,0,0,0,0,39
429,3,0,1,6,0,0,0,0,0,0,0,0,0,0,0,0,0,0,0,0,0,39
430,1,0,2,6,1,0,1,5,26,0,2,1,1,0,1,0,0,0,1,1,0,39
430,2,1,3,4,1,0,1,5,26,0,2,1,1,0,1,0,1,1,0,1,0,39
430,3,0,1,6,0,0,0,0,0,0,0,0,0,0,0,0,0,0,0,0,0,39
431,1,1,1,1,1,0,1,5,26,0,2,1,1,1,0,1,0,0,1,1,0,39
431,2,0,1,3,1,0,1,5,26,0,2,1,1,0,0,0,1,0,1,1,0,39
431,3,0,1,6,0,0,0,0,0,0,0,0,0,0,0,0,0,0,0,0,0,39
432,1,0,2,6,1,0,1,5,26,0,2,1,1,0,0,1,0,0,0,0,0,39
432,2,1,3,2,1,0,1,5,26,0,2,1,1,0,0,0,0,0,1,1,0,39
432,3,0,1,6,0,0,0,0,0,0,0,0,0,0,0,0,0,0,0,0,0,39
433,1,1,1,5,1,0,1,4,22,0,1,1,1,1,0,0,1,0,0,0,0,40
433,2,0,1,5,1,0,1,4,22,0,1,1,1,0,0,1,0,0,0,0,1,40
433,3,0,1,6,0,0,0,0,0,0,0,0,0,0,0,0,0,0,0,0,0,40
434,1,0,3,3,1,0,1,4,22,0,1,1,1,0,0,0,0,0,0,0,0,40
434,2,1,2,1,1,0,1,4,22,0,1,1,1,1,0,1,0,1,0,0,1,40
434,3,0,1,6,0,0,0,0,0,0,0,0,0,0,0,0,0,0,0,0,0,40
435,1,1,1,5,1,0,1,4,22,0,1,1,1,0,1,0,0,1,0,0,1,40
435,2,0,1,3,1,0,1,4,22,0,1,1,1,1,0,0,1,1,0,0,1,40
435,3,0,1,6,0,0,0,0,0,0,0,0,0,0,0,0,0,0,0,0,0,40
436,1,0,3,4,1,0,1,4,22,0,1,1,1,0,0,1,0,1,0,0,1,40
436,2,1,2,6,1,0,1,4,22,0,1,1,1,1,0,0,0,0,1,0,0,40
436,3,0,1,6,0,0,0,0,0,0,0,0,0,0,0,0,0,0,0,0,0,40
437,1,1,2,2,1,0,1,4,22,0,1,1,1,0,1,0,1,1,0,0,1,40
437,2,0,3,2,1,0,1,4,22,0,1,1,1,0,1,0,0,0,0,0,0,40
437,3,0,1,6,0,0,0,0,0,0,0,0,0,0,0,0,0,0,0,0,0,40
438,1,1,3,4,1,0,1,4,22,0,1,1,1,1,0,0,1,0,1,1,0,40
438,2,0,2,1,1,0,1,4,22,0,1,1,1,0,1,1,0,0,0,0,0,40
438,3,0,1,6,0,0,0,0,0,0,0,0,0,0,0,0,0,0,0,0,0,40
439,1,0,2,6,1,0,1,4,22,0,1,1,1,0,1,0,0,0,1,1,0,40
439,2,1,3,4,1,0,1,4,22,0,1,1,1,0,1,0,1,1,0,1,0,40
439,3,0,1,6,0,0,0,0,0,0,0,0,0,0,0,0,0,0,0,0,0,40
440,1,1,1,1,1,0,1,4,22,0,1,1,1,1,0,1,0,0,1,1,0,40
440,2,0,1,3,1,0,1,4,22,0,1,1,1,0,0,0,1,0,1,1,0,40
440,3,0,1,6,0,0,0,0,0,0,0,0,0,0,0,0,0,0,0,0,0,40
441,1,0,2,6,1,0,1,4,22,0,1,1,1,0,0,1,0,0,0,0,0,40
441,2,1,3,2,1,0,1,4,22,0,1,1,1,0,0,0,0,0,1,1,0,40
441,3,0,1,6,0,0,0,0,0,0,0,0,0,0,0,0,0,0,0,0,0,40
442,1,1,3,5,1,0,0,4,21,1,1,1,1,0,1,0,1,0,0,1,0,41
442,2,0,2,5,1,0,0,4,21,1,1,1,1,1,0,0,1,0,1,1,0,41
442,3,0,1,6,0,0,0,0,0,0,0,0,0,0,0,0,0,0,0,0,0,41
443,1,0,1,3,1,0,0,4,21,1,1,1,1,0,1,1,0,0,0,0,1,41
443,2,1,2,3,1,0,0,4,21,1,1,1,1,0,1,1,0,0,0,1,0,41
443,3,0,1,6,0,0,0,0,0,0,0,0,0,0,0,0,0,0,0,0,0,41
444,1,1,3,2,1,0,0,4,21,1,1,1,1,0,0,1,0,1,0,0,0,41
444,2,0,1,4,1,0,0,4,21,1,1,1,1,0,1,0,1,0,0,1,0,41
444,3,0,1,6,0,0,0,0,0,0,0,0,0,0,0,0,0,0,0,0,0,41
445,1,1,2,4,1,0,0,4,21,1,1,1,1,1,0,1,0,1,0,0,0,41
445,2,0,3,6,1,0,0,4,21,1,1,1,1,0,1,1,0,1,0,0,1,41
445,3,0,1,6,0,0,0,0,0,0,0,0,0,0,0,0,0,0,0,0,0,41
446,1,1,3,2,1,0,0,4,21,1,1,1,1,1,0,0,0,1,0,1,0,41
446,2,0,3,1,1,0,0,4,21,1,1,1,1,0,0,0,0,0,1,0,1,41
446,3,0,1,6,0,0,0,0,0,0,0,0,0,0,0,0,0,0,0,0,0,41
447,1,1,2,1,1,0,0,4,21,1,1,1,1,0,1,0,0,0,1,0,1,41
447,2,0,2,5,1,0,0,4,21,1,1,1,1,0,0,1,0,0,1,0,1,41
447,3,0,1,6,0,0,0,0,0,0,0,0,0,0,0,0,0,0,0,0,0,41
448,1,0,1,6,1,0,0,4,21,1,1,1,1,0,0,0,0,0,1,0,1,41
448,2,1,1,4,1,0,0,4,21,1,1,1,1,0,0,0,0,0,0,0,0,41
448,3,0,1,6,0,0,0,0,0,0,0,0,0,0,0,0,0,0,0,0,0,41
449,1,1,2,1,1,0,0,4,21,1,1,1,1,0,0,0,1,0,1,0,0,41
449,2,0,1,2,1,0,0,4,21,1,1,1,1,1,0,0,1,1,0,0,0,41
449,3,0,1,6,0,0,0,0,0,0,0,0,0,0,0,0,0,0,0,0,0,41
450,1,1,1,3,1,0,0,4,21,1,1,1,1,1,0,0,1,0,0,1,0,41
450,2,0,3,6,1,0,0,4,21,1,1,1,1,1,0,0,0,1,0,0,0,41
450,3,0,1,6,0,0,0,0,0,0,0,0,0,0,0,0,0,0,0,0,0,41
451,1,1,2,3,1,0,0,5,21,0,1,2,1,1,0,0,1,1,0,0,1,42
451,2,0,1,4,1,0,0,5,21,0,1,2,1,1,0,1,0,0,1,1,0,42
451,3,0,1,6,0,0,0,0,0,0,0,0,0,0,0,0,0,0,0,0,0,42
452,1,1,3,6,1,0,0,5,21,0,1,2,1,0,1,1,0,1,0,1,0,42
452,2,0,1,5,1,0,0,5,21,0,1,2,1,0,0,1,0,1,0,0,0,42
452,3,0,1,6,0,0,0,0,0,0,0,0,0,0,0,0,0,0,0,0,0,42
453,1,0,2,3,1,0,0,5,21,0,1,2,1,0,0,0,1,1,0,1,0,42
453,2,1,2,3,1,0,0,5,21,0,1,2,1,0,0,0,1,0,0,0,1,42
453,3,0,1,6,0,0,0,0,0,0,0,0,0,0,0,0,0,0,0,0,0,42
454,1,0,1,2,1,0,0,5,21,0,1,2,1,0,0,1,0,0,1,1,0,42
454,2,1,2,5,1,0,0,5,21,0,1,2,1,0,1,0,0,1,0,0,1,42
454,3,0,1,6,0,0,0,0,0,0,0,0,0,0,0,0,0,0,0,0,0,42
455,1,1,2,5,1,0,0,5,21,0,1,2,1,1,0,0,0,0,1,0,0,42
455,2,0,2,6,1,0,0,5,21,0,1,2,1,1,0,0,0,0,0,1,0,42
455,3,0,1,6,0,0,0,0,0,0,0,0,0,0,0,0,0,0,0,0,0,42
456,1,1,1,2,1,0,0,5,21,0,1,2,1,0,1,1,0,0,1,0,0,42
456,2,0,3,1,1,0,0,5,21,0,1,2,1,1,0,1,0,0,1,0,0,42
456,3,0,1,6,0,0,0,0,0,0,0,0,0,0,0,0,0,0,0,0,0,42
457,1,1,3,1,1,0,0,5,21,0,1,2,1,0,1,0,0,0,0,0,0,42
457,2,0,3,6,1,0,0,5,21,0,1,2,1,0,0,0,1,0,0,0,0,42
457,3,0,1,6,0,0,0,0,0,0,0,0,0,0,0,0,0,0,0,0,0,42
458,1,0,1,4,1,0,0,5,21,0,1,2,1,0,0,0,1,0,0,0,1,42
458,2,1,3,4,1,0,0,5,21,0,1,2,1,0,1,0,1,0,1,0,1,42
458,3,0,1,6,0,0,0,0,0,0,0,0,0,0,0,0,0,0,0,0,0,42
459,1,0,3,1,1,0,0,5,21,0,1,2,1,1,0,0,0,0,0,0,1,42
459,2,1,1,2,1,0,0,5,21,0,1,2,1,0,1,0,0,1,0,1,0,42
459,3,0,1,6,0,0,0,0,0,0,0,0,0,0,0,0,0,0,0,0,0,42
460,1,0,2,5,1,0,0,4,24,0,1,1,1,1,0,1,0,0,0,0,1,43
460,2,1,2,1,1,0,0,4,24,0,1,1,1,0,0,0,1,1,0,0,0,43
460,3,0,1,6,0,0,0,0,0,0,0,0,0,0,0,0,0,0,0,0,0,43
461,1,0,2,5,1,0,0,4,24,0,1,1,1,0,0,0,0,0,0,1,0,43
461,2,1,1,3,1,0,0,4,24,0,1,1,1,0,1,1,0,0,1,0,0,43
461,3,0,1,6,0,0,0,0,0,0,0,0,0,0,0,0,0,0,0,0,0,43
462,1,1,1,3,1,0,0,4,24,0,1,1,1,1,0,0,0,1,0,0,0,43
462,2,0,2,5,1,0,0,4,24,0,1,1,1,0,1,0,1,0,1,0,0,43
462,3,0,1,6,0,0,0,0,0,0,0,0,0,0,0,0,0,0,0,0,0,43
463,1,0,1,4,1,0,0,4,24,0,1,1,1,0,0,0,0,1,0,1,0,43
463,2,0,3,2,1,0,0,4,24,0,1,1,1,1,0,1,0,0,0,1,0,43
463,3,1,1,6,0,0,0,0,0,0,0,0,0,0,0,0,0,0,0,0,0,43
464,1,1,1,4,1,0,0,4,24,0,1,1,1,0,1,0,1,1,0,0,0,43
464,2,0,2,1,1,0,0,4,24,0,1,1,1,0,0,0,0,1,0,1,0,43
464,3,0,1,6,0,0,0,0,0,0,0,0,0,0,0,0,0,0,0,0,0,43
465,1,1,3,2,1,0,0,4,24,0,1,1,1,0,0,0,1,0,1,0,1,43
465,2,0,3,6,1,0,0,4,24,0,1,1,1,0,0,1,0,1,0,1,0,43
465,3,0,1,6,0,0,0,0,0,0,0,0,0,0,0,0,0,0,0,0,0,43
466,1,1,3,6,1,0,0,4,24,0,1,1,1,0,1,0,1,0,1,0,0,43
466,2,0,1,3,1,0,0,4,24,0,1,1,1,0,1,0,0,0,1,0,1,43
466,3,0,1,6,0,0,0,0,0,0,0,0,0,0,0,0,0,0,0,0,0,43
467,1,0,3,6,1,0,0,4,24,0,1,1,1,1,0,1,0,0,1,0,1,43
467,2,1,3,2,1,0,0,4,24,0,1,1,1,1,0,0,1,0,0,0,1,43
467,3,0,1,6,0,0,0,0,0,0,0,0,0,0,0,0,0,0,0,0,0,43
468,1,1,2,1,1,0,0,4,24,0,1,1,1,0,1,1,0,0,0,1,0,43
468,2,0,1,4,1,0,0,4,24,0,1,1,1,1,0,0,0,0,0,0,1,43
468,3,0,1,6,0,0,0,0,0,0,0,0,0,0,0,0,0,0,0,0,0,43
469,1,1,2,3,1,0,1,3,23,0,2,1,1,1,0,0,1,1,0,0,1,44
469,2,0,1,4,1,0,1,3,23,0,2,1,1,1,0,1,0,0,1,1,0,44
469,3,0,1,6,0,0,0,0,0,0,0,0,0,0,0,0,0,0,0,0,0,44
470,1,1,3,6,1,0,1,3,23,0,2,1,1,0,1,1,0,1,0,1,0,44
470,2,0,1,5,1,0,1,3,23,0,2,1,1,0,0,1,0,1,0,0,0,44
470,3,0,1,6,0,0,0,0,0,0,0,0,0,0,0,0,0,0,0,0,0,44
471,1,0,2,3,1,0,1,3,23,0,2,1,1,0,0,0,1,1,0,1,0,44
471,2,1,2,3,1,0,1,3,23,0,2,1,1,0,0,0,1,0,0,0,1,44
471,3,0,1,6,0,0,0,0,0,0,0,0,0,0,0,0,0,0,0,0,0,44
472,1,0,1,2,1,0,1,3,23,0,2,1,1,0,0,1,0,0,1,1,0,44
472,2,1,2,5,1,0,1,3,23,0,2,1,1,0,1,0,0,1,0,0,1,44
472,3,0,1,6,0,0,0,0,0,0,0,0,0,0,0,0,0,0,0,0,0,44
473,1,0,2,5,1,0,1,3,23,0,2,1,1,1,0,0,0,0,1,0,0,44
473,2,1,2,6,1,0,1,3,23,0,2,1,1,1,0,0,0,0,0,1,0,44
473,3,0,1,6,0,0,0,0,0,0,0,0,0,0,0,0,0,0,0,0,0,44
474,1,0,1,2,1,0,1,3,23,0,2,1,1,0,1,1,0,0,1,0,0,44
474,2,1,3,1,1,0,1,3,23,0,2,1,1,1,0,1,0,0,1,0,0,44
474,3,0,1,6,0,0,0,0,0,0,0,0,0,0,0,0,0,0,0,0,0,44
475,1,1,3,1,1,0,1,3,23,0,2,1,1,0,1,0,0,0,0,0,0,44
475,2,0,3,6,1,0,1,3,23,0,2,1,1,0,0,0,1,0,0,0,0,44
475,3,0,1,6,0,0,0,0,0,0,0,0,0,0,0,0,0,0,0,0,0,44
476,1,0,1,4,1,0,1,3,23,0,2,1,1,0,0,0,1,0,0,0,1,44
476,2,1,3,4,1,0,1,3,23,0,2,1,1,0,1,0,1,0,1,0,1,44
476,3,0,1,6,0,0,0,0,0,0,0,0,0,0,0,0,0,0,0,0,0,44
477,1,1,3,1,1,0,1,3,23,0,2,1,1,1,0,0,0,0,0,0,1,44
477,2,0,1,2,1,0,1,3,23,0,2,1,1,0,1,0,0,1,0,1,0,44
477,3,0,1,6,0,0,0,0,0,0,0,0,0,0,0,0,0,0,0,0,0,44
478,1,1,3,5,1,0,0,2,23,0,1,1,1,0,1,0,1,0,0,1,0,45
478,2,0,2,5,1,0,0,2,23,0,1,1,1,1,0,0,1,0,1,1,0,45
478,3,0,1,6,0,0,0,0,0,0,0,0,0,0,0,0,0,0,0,0,0,45
479,1,0,1,3,1,0,0,2,23,0,1,1,1,0,1,1,0,0,0,0,1,45
479,2,1,2,3,1,0,0,2,23,0,1,1,1,0,1,1,0,0,0,1,0,45
479,3,0,1,6,0,0,0,0,0,0,0,0,0,0,0,0,0,0,0,0,0,45
480,1,1,3,2,1,0,0,2,23,0,1,1,1,0,0,1,0,1,0,0,0,45
480,2,0,1,4,1,0,0,2,23,0,1,1,1,0,1,0,1,0,0,1,0,45
480,3,0,1,6,0,0,0,0,0,0,0,0,0,0,0,0,0,0,0,0,0,45
481,1,1,2,4,1,0,0,2,23,0,1,1,1,1,0,1,0,1,0,0,0,45
481,2,0,3,6,1,0,0,2,23,0,1,1,1,0,1,1,0,1,0,0,1,45
481,3,0,1,6,0,0,0,0,0,0,0,0,0,0,0,0,0,0,0,0,0,45
482,1,0,3,2,1,0,0,2,23,0,1,1,1,1,0,0,0,1,0,1,0,45
482,2,1,3,1,1,0,0,2,23,0,1,1,1,0,0,0,0,0,1,0,1,45
482,3,0,1,6,0,0,0,0,0,0,0,0,0,0,0,0,0,0,0,0,0,45
483,1,1,2,1,1,0,0,2,23,0,1,1,1,0,1,0,0,0,1,0,1,45
483,2,0,2,5,1,0,0,2,23,0,1,1,1,0,0,1,0,0,1,0,1,45
483,3,0,1,6,0,0,0,0,0,0,0,0,0,0,0,0,0,0,0,0,0,45
484,1,0,1,6,1,0,0,2,23,0,1,1,1,0,0,0,0,0,1,0,1,45
484,2,1,1,4,1,0,0,2,23,0,1,1,1,0,0,0,0,0,0,0,0,45
484,3,0,1,6,0,0,0,0,0,0,0,0,0,0,0,0,0,0,0,0,0,45
485,1,0,2,1,1,0,0,2,23,0,1,1,1,0,0,0,1,0,1,0,0,45
485,2,1,1,2,1,0,0,2,23,0,1,1,1,1,0,0,1,1,0,0,0,45
485,3,0,1,6,0,0,0,0,0,0,0,0,0,0,0,0,0,0,0,0,0,45
486,1,1,1,3,1,0,0,2,23,0,1,1,1,1,0,0,1,0,0,1,0,45
486,2,0,3,6,1,0,0,2,23,0,1,1,1,1,0,0,0,1,0,0,0,45
486,3,0,1,6,0,0,0,0,0,0,0,0,0,0,0,0,0,0,0,0,0,45
487,1,1,3,5,1,0,1,5,28,0,1,1,1,0,1,0,1,0,0,1,0,46
487,2,0,2,5,1,0,1,5,28,0,1,1,1,1,0,0,1,0,1,1,0,46
487,3,0,1,6,0,0,0,0,0,0,0,0,0,0,0,0,0,0,0,0,0,46
488,1,0,1,3,1,0,1,5,28,0,1,1,1,0,1,1,0,0,0,0,1,46
488,2,1,2,3,1,0,1,5,28,0,1,1,1,0,1,1,0,0,0,1,0,46
488,3,0,1,6,0,0,0,0,0,0,0,0,0,0,0,0,0,0,0,0,0,46
489,1,0,3,2,1,0,1,5,28,0,1,1,1,0,0,1,0,1,0,0,0,46
489,2,1,1,4,1,0,1,5,28,0,1,1,1,0,1,0,1,0,0,1,0,46
489,3,0,1,6,0,0,0,0,0,0,0,0,0,0,0,0,0,0,0,0,0,46
490,1,0,2,4,1,0,1,5,28,0,1,1,1,1,0,1,0,1,0,0,0,46
490,2,1,3,6,1,0,1,5,28,0,1,1,1,0,1,1,0,1,0,0,1,46
490,3,0,1,6,0,0,0,0,0,0,0,0,0,0,0,0,0,0,0,0,0,46
491,1,1,3,2,1,0,1,5,28,0,1,1,1,1,0,0,0,1,0,1,0,46
491,2,0,3,1,1,0,1,5,28,0,1,1,1,0,0,0,0,0,1,0,1,46
491,3,0,1,6,0,0,0,0,0,0,0,0,0,0,0,0,0,0,0,0,0,46
492,1,1,2,1,1,0,1,5,28,0,1,1,1,0,1,0,0,0,1,0,1,46
492,2,0,2,5,1,0,1,5,28,0,1,1,1,0,0,1,0,0,1,0,1,46
492,3,0,1,6,0,0,0,0,0,0,0,0,0,0,0,0,0,0,0,0,0,46
493,1,0,1,6,1,0,1,5,28,0,1,1,1,0,0,0,0,0,1,0,1,46
493,2,1,1,4,1,0,1,5,28,0,1,1,1,0,0,0,0,0,0,0,0,46
493,3,0,1,6,0,0,0,0,0,0,0,0,0,0,0,0,0,0,0,0,0,46
494,1,0,2,1,1,0,1,5,28,0,1,1,1,0,0,0,1,0,1,0,0,46
494,2,1,1,2,1,0,1,5,28,0,1,1,1,1,0,0,1,1,0,0,0,46
494,3,0,1,6,0,0,0,0,0,0,0,0,0,0,0,0,0,0,0,0,0,46
495,1,1,1,3,1,0,1,5,28,0,1,1,1,1,0,0,1,0,0,1,0,46
495,2,0,3,6,1,0,1,5,28,0,1,1,1,1,0,0,0,1,0,0,0,46
495,3,0,1,6,0,0,0,0,0,0,0,0,0,0,0,0,0,0,0,0,0,46
496,1,0,2,5,1,0,1,5,22,0,1,1,1,1,0,1,0,0,0,0,1,47
496,2,1,2,1,1,0,1,5,22,0,1,1,1,0,0,0,1,1,0,0,0,47
496,3,0,1,6,0,0,0,0,0,0,0,0,0,0,0,0,0,0,0,0,0,47
497,1,0,2,5,1,0,1,5,22,0,1,1,1,0,0,0,0,0,0,1,0,47
497,2,1,1,3,1,0,1,5,22,0,1,1,1,0,1,1,0,0,1,0,0,47
497,3,0,1,6,0,0,0,0,0,0,0,0,0,0,0,0,0,0,0,0,0,47
498,1,1,1,3,1,0,1,5,22,0,1,1,1,1,0,0,0,1,0,0,0,47
498,2,0,2,5,1,0,1,5,22,0,1,1,1,0,1,0,1,0,1,0,0,47
498,3,0,1,6,0,0,0,0,0,0,0,0,0,0,0,0,0,0,0,0,0,47
499,1,0,1,4,1,0,1,5,22,0,1,1,1,0,0,0,0,1,0,1,0,47
499,2,1,3,2,1,0,1,5,22,0,1,1,1,1,0,1,0,0,0,1,0,47
499,3,0,1,6,0,0,0,0,0,0,0,0,0,0,0,0,0,0,0,0,0,47
500,1,0,1,4,1,0,1,5,22,0,1,1,1,0,1,0,1,1,0,0,0,47
500,2,1,2,1,1,0,1,5,22,0,1,1,1,0,0,0,0,1,0,1,0,47
500,3,0,1,6,0,0,0,0,0,0,0,0,0,0,0,0,0,0,0,0,0,47
501,1,1,3,2,1,0,1,5,22,0,1,1,1,0,0,0,1,0,1,0,1,47
501,2,0,3,6,1,0,1,5,22,0,1,1,1,0,0,1,0,1,0,1,0,47
501,3,0,1,6,0,0,0,0,0,0,0,0,0,0,0,0,0,0,0,0,0,47
502,1,0,3,6,1,0,1,5,22,0,1,1,1,0,1,0,1,0,1,0,0,47
502,2,1,1,3,1,0,1,5,22,0,1,1,1,0,1,0,0,0,1,0,1,47
502,3,0,1,6,0,0,0,0,0,0,0,0,0,0,0,0,0,0,0,0,0,47
503,1,0,3,6,1,0,1,5,22,0,1,1,1,1,0,1,0,0,1,0,1,47
503,2,1,3,2,1,0,1,5,22,0,1,1,1,1,0,0,1,0,0,0,1,47
503,3,0,1,6,0,0,0,0,0,0,0,0,0,0,0,0,0,0,0,0,0,47
504,1,1,2,1,1,0,1,5,22,0,1,1,1,0,1,1,0,0,0,1,0,47
504,2,0,1,4,1,0,1,5,22,0,1,1,1,1,0,0,0,0,0,0,1,47
504,3,0,1,6,0,0,0,0,0,0,0,0,0,0,0,0,0,0,0,0,0,47
505,1,1,3,5,1,0,1,5,22,0,2,1,1,0,1,0,1,0,0,1,0,48
505,2,0,2,5,1,0,1,5,22,0,2,1,1,1,0,0,1,0,1,1,0,48
505,3,0,1,6,0,0,0,0,0,0,0,0,0,0,0,0,0,0,0,0,0,48
506,1,0,1,3,1,0,1,5,22,0,2,1,1,0,1,1,0,0,0,0,1,48
506,2,1,2,3,1,0,1,5,22,0,2,1,1,0,1,1,0,0,0,1,0,48
506,3,0,1,6,0,0,0,0,0,0,0,0,0,0,0,0,0,0,0,0,0,48
507,1,0,3,2,1,0,1,5,22,0,2,1,1,0,0,1,0,1,0,0,0,48
507,2,1,1,4,1,0,1,5,22,0,2,1,1,0,1,0,1,0,0,1,0,48
507,3,0,1,6,0,0,0,0,0,0,0,0,0,0,0,0,0,0,0,0,0,48
508,1,0,2,4,1,0,1,5,22,0,2,1,1,1,0,1,0,1,0,0,0,48
508,2,1,3,6,1,0,1,5,22,0,2,1,1,0,1,1,0,1,0,0,1,48
508,3,0,1,6,0,0,0,0,0,0,0,0,0,0,0,0,0,0,0,0,0,48
509,1,1,3,2,1,0,1,5,22,0,2,1,1,1,0,0,0,1,0,1,0,48
509,2,0,3,1,1,0,1,5,22,0,2,1,1,0,0,0,0,0,1,0,1,48
509,3,0,1,6,0,0,0,0,0,0,0,0,0,0,0,0,0,0,0,0,0,48
510,1,1,2,1,1,0,1,5,22,0,2,1,1,0,1,0,0,0,1,0,1,48
510,2,0,2,5,1,0,1,5,22,0,2,1,1,0,0,1,0,0,1,0,1,48
510,3,0,1,6,0,0,0,0,0,0,0,0,0,0,0,0,0,0,0,0,0,48
511,1,0,1,6,1,0,1,5,22,0,2,1,1,0,0,0,0,0,1,0,1,48
511,2,1,1,4,1,0,1,5,22,0,2,1,1,0,0,0,0,0,0,0,0,48
511,3,0,1,6,0,0,0,0,0,0,0,0,0,0,0,0,0,0,0,0,0,48
512,1,0,2,1,1,0,1,5,22,0,2,1,1,0,0,0,1,0,1,0,0,48
512,2,1,1,2,1,0,1,5,22,0,2,1,1,1,0,0,1,1,0,0,0,48
512,3,0,1,6,0,0,0,0,0,0,0,0,0,0,0,0,0,0,0,0,0,48
513,1,0,1,3,1,0,1,5,22,0,2,1,1,1,0,0,1,0,0,1,0,48
513,2,1,3,6,1,0,1,5,22,0,2,1,1,1,0,0,0,1,0,0,0,48
513,3,0,1,6,0,0,0,0,0,0,0,0,0,0,0,0,0,0,0,0,0,48
514,1,1,3,5,1,0,1,3,30,1,2,1,1,0,1,0,1,0,0,1,0,49
514,2,0,2,5,1,0,1,3,30,1,2,1,1,1,0,0,1,0,1,1,0,49
514,3,0,1,6,0,0,0,0,0,0,0,0,0,0,0,0,0,0,0,0,0,49
515,1,0,1,3,1,0,1,3,30,1,2,1,1,0,1,1,0,0,0,0,1,49
515,2,1,2,3,1,0,1,3,30,1,2,1,1,0,1,1,0,0,0,1,0,49
515,3,0,1,6,0,0,0,0,0,0,0,0,0,0,0,0,0,0,0,0,0,49
516,1,1,3,2,1,0,1,3,30,1,2,1,1,0,0,1,0,1,0,0,0,49
516,2,0,1,4,1,0,1,3,30,1,2,1,1,0,1,0,1,0,0,1,0,49
516,3,0,1,6,0,0,0,0,0,0,0,0,0,0,0,0,0,0,0,0,0,49
517,1,1,2,4,1,0,1,3,30,1,2,1,1,1,0,1,0,1,0,0,0,49
517,2,0,3,6,1,0,1,3,30,1,2,1,1,0,1,1,0,1,0,0,1,49
517,3,0,1,6,0,0,0,0,0,0,0,0,0,0,0,0,0,0,0,0,0,49
518,1,0,3,2,1,0,1,3,30,1,2,1,1,1,0,0,0,1,0,1,0,49
518,2,1,3,1,1,0,1,3,30,1,2,1,1,0,0,0,0,0,1,0,1,49
518,3,0,1,6,0,0,0,0,0,0,0,0,0,0,0,0,0,0,0,0,0,49
519,1,1,2,1,1,0,1,3,30,1,2,1,1,0,1,0,0,0,1,0,1,49
519,2,0,2,5,1,0,1,3,30,1,2,1,1,0,0,1,0,0,1,0,1,49
519,3,0,1,6,0,0,0,0,0,0,0,0,0,0,0,0,0,0,0,0,0,49
520,1,0,1,6,1,0,1,3,30,1,2,1,1,0,0,0,0,0,1,0,1,49
520,2,1,1,4,1,0,1,3,30,1,2,1,1,0,0,0,0,0,0,0,0,49
520,3,0,1,6,0,0,0,0,0,0,0,0,0,0,0,0,0,0,0,0,0,49
521,1,1,2,1,1,0,1,3,30,1,2,1,1,0,0,0,1,0,1,0,0,49
521,2,0,1,2,1,0,1,3,30,1,2,1,1,1,0,0,1,1,0,0,0,49
521,3,0,1,6,0,0,0,0,0,0,0,0,0,0,0,0,0,0,0,0,0,49
522,1,1,1,3,1,0,1,3,30,1,2,1,1,1,0,0,1,0,0,1,0,49
522,2,0,3,6,1,0,1,3,30,1,2,1,1,1,0,0,0,1,0,0,0,49
522,3,0,1,6,0,0,0,0,0,0,0,0,0,0,0,0,0,0,0,0,0,49
523,1,1,1,5,1,1,0,4,20,1,1,2,1,1,0,0,1,0,0,0,0,50
523,2,0,1,5,1,1,0,4,20,1,1,2,1,0,0,1,0,0,0,0,1,50
523,3,0,1,6,0,0,0,0,0,0,0,0,0,0,0,0,0,0,0,0,0,50
524,1,1,3,3,1,1,0,4,20,1,1,2,1,0,0,0,0,0,0,0,0,50
524,2,0,2,1,1,1,0,4,20,1,1,2,1,1,0,1,0,1,0,0,1,50
524,3,0,1,6,0,0,0,0,0,0,0,0,0,0,0,0,0,0,0,0,0,50
525,1,0,1,5,1,1,0,4,20,1,1,2,1,0,1,0,0,1,0,0,1,50
525,2,1,1,3,1,1,0,4,20,1,1,2,1,1,0,0,1,1,0,0,1,50
525,3,0,1,6,0,0,0,0,0,0,0,0,0,0,0,0,0,0,0,0,0,50
526,1,1,3,4,1,1,0,4,20,1,1,2,1,0,0,1,0,1,0,0,1,50
526,2,0,2,6,1,1,0,4,20,1,1,2,1,1,0,0,0,0,1,0,0,50
526,3,0,1,6,0,0,0,0,0,0,0,0,0,0,0,0,0,0,0,0,0,50
527,1,0,2,2,1,1,0,4,20,1,1,2,1,0,1,0,1,1,0,0,1,50
527,2,0,3,2,1,1,0,4,20,1,1,2,1,0,1,0,0,0,0,0,0,50
527,3,1,1,6,0,0,0,0,0,0,0,0,0,0,0,0,0,0,0,0,0,50
528,1,0,3,4,1,1,0,4,20,1,1,2,1,1,0,0,1,0,1,1,0,50
528,2,0,2,1,1,1,0,4,20,1,1,2,1,0,1,1,0,0,0,0,0,50
528,3,1,1,6,0,0,0,0,0,0,0,0,0,0,0,0,0,0,0,0,0,50
529,1,0,2,6,1,1,0,4,20,1,1,2,1,0,1,0,0,0,1,1,0,50
529,2,0,3,4,1,1,0,4,20,1,1,2,1,0,1,0,1,1,0,1,0,50
529,3,1,1,6,0,0,0,0,0,0,0,0,0,0,0,0,0,0,0,0,0,50
530,1,0,1,1,1,1,0,4,20,1,1,2,1,1,0,1,0,0,1,1,0,50
530,2,1,1,3,1,1,0,4,20,1,1,2,1,0,0,0,1,0,1,1,0,50
530,3,0,1,6,0,0,0,0,0,0,0,0,0,0,0,0,0,0,0,0,0,50
531,1,0,2,6,1,1,0,4,20,1,1,2,1,0,0,1,0,0,0,0,0,50
531,2,0,3,2,1,1,0,4,20,1,1,2,1,0,0,0,0,0,1,1,0,50
531,3,1,1,6,0,0,0,0,0,0,0,0,0,0,0,0,0,0,0,0,0,50
532,1,1,1,5,1,0,1,5,30,0,1,2,1,1,0,0,1,0,0,0,0,51
532,2,0,1,5,1,0,1,5,30,0,1,2,1,0,0,1,0,0,0,0,1,51
532,3,0,1,6,0,0,0,0,0,0,0,0,0,0,0,0,0,0,0,0,0,51
533,1,1,3,3,1,0,1,5,30,0,1,2,1,0,0,0,0,0,0,0,0,51
533,2,0,2,1,1,0,1,5,30,0,1,2,1,1,0,1,0,1,0,0,1,51
533,3,0,1,6,0,0,0,0,0,0,0,0,0,0,0,0,0,0,0,0,0,51
534,1,1,1,5,1,0,1,5,30,0,1,2,1,0,1,0,0,1,0,0,1,51
534,2,0,1,3,1,0,1,5,30,0,1,2,1,1,0,0,1,1,0,0,1,51
534,3,0,1,6,0,0,0,0,0,0,0,0,0,0,0,0,0,0,0,0,0,51
535,1,1,3,4,1,0,1,5,30,0,1,2,1,0,0,1,0,1,0,0,1,51
535,2,0,2,6,1,0,1,5,30,0,1,2,1,1,0,0,0,0,1,0,0,51
535,3,0,1,6,0,0,0,0,0,0,0,0,0,0,0,0,0,0,0,0,0,51
536,1,1,2,2,1,0,1,5,30,0,1,2,1,0,1,0,1,1,0,0,1,51
536,2,0,3,2,1,0,1,5,30,0,1,2,1,0,1,0,0,0,0,0,0,51
536,3,0,1,6,0,0,0,0,0,0,0,0,0,0,0,0,0,0,0,0,0,51
537,1,1,3,4,1,0,1,5,30,0,1,2,1,1,0,0,1,0,1,1,0,51
537,2,0,2,1,1,0,1,5,30,0,1,2,1,0,1,1,0,0,0,0,0,51
537,3,0,1,6,0,0,0,0,0,0,0,0,0,0,0,0,0,0,0,0,0,51
538,1,0,2,6,1,0,1,5,30,0,1,2,1,0,1,0,0,0,1,1,0,51
538,2,1,3,4,1,0,1,5,30,0,1,2,1,0,1,0,1,1,0,1,0,51
538,3,0,1,6,0,0,0,0,0,0,0,0,0,0,0,0,0,0,0,0,0,51
539,1,0,1,1,1,0,1,5,30,0,1,2,1,1,0,1,0,0,1,1,0,51
539,2,1,1,3,1,0,1,5,30,0,1,2,1,0,0,0,1,0,1,1,0,51
539,3,0,1,6,0,0,0,0,0,0,0,0,0,0,0,0,0,0,0,0,0,51
540,1,0,2,6,1,0,1,5,30,0,1,2,1,0,0,1,0,0,0,0,0,51
540,2,1,3,2,1,0,1,5,30,0,1,2,1,0,0,0,0,0,1,1,0,51
540,3,0,1,6,0,0,0,0,0,0,0,0,0,0,0,0,0,0,0,0,0,51
541,1,0,1,5,1,1,0,5,25,0,1,2,1,1,0,0,1,0,0,0,0,52
541,2,1,1,5,1,1,0,5,25,0,1,2,1,0,0,1,0,0,0,0,1,52
541,3,0,1,6,0,0,0,0,0,0,0,0,0,0,0,0,0,0,0,0,0,52
542,1,0,3,3,1,1,0,5,25,0,1,2,1,0,0,0,0,0,0,0,0,52
542,2,1,2,1,1,1,0,5,25,0,1,2,1,1,0,1,0,1,0,0,1,52
542,3,0,1,6,0,0,0,0,0,0,0,0,0,0,0,0,0,0,0,0,0,52
543,1,0,1,5,1,1,0,5,25,0,1,2,1,0,1,0,0,1,0,0,1,52
543,2,1,1,3,1,1,0,5,25,0,1,2,1,1,0,0,1,1,0,0,1,52
543,3,0,1,6,0,0,0,0,0,0,0,0,0,0,0,0,0,0,0,0,0,52
544,1,0,3,4,1,1,0,5,25,0,1,2,1,0,0,1,0,1,0,0,1,52
544,2,1,2,6,1,1,0,5,25,0,1,2,1,1,0,0,0,0,1,0,0,52
544,3,0,1,6,0,0,0,0,0,0,0,0,0,0,0,0,0,0,0,0,0,52
545,1,1,2,2,1,1,0,5,25,0,1,2,1,0,1,0,1,1,0,0,1,52
545,2,0,3,2,1,1,0,5,25,0,1,2,1,0,1,0,0,0,0,0,0,52
545,3,0,1,6,0,0,0,0,0,0,0,0,0,0,0,0,0,0,0,0,0,52
546,1,1,3,4,1,1,0,5,25,0,1,2,1,1,0,0,1,0,1,1,0,52
546,2,0,2,1,1,1,0,5,25,0,1,2,1,0,1,1,0,0,0,0,0,52
546,3,0,1,6,0,0,0,0,0,0,0,0,0,0,0,0,0,0,0,0,0,52
547,1,0,2,6,1,1,0,5,25,0,1,2,1,0,1,0,0,0,1,1,0,52
547,2,1,3,4,1,1,0,5,25,0,1,2,1,0,1,0,1,1,0,1,0,52
547,3,0,1,6,0,0,0,0,0,0,0,0,0,0,0,0,0,0,0,0,0,52
548,1,1,1,1,1,1,0,5,25,0,1,2,1,1,0,1,0,0,1,1,0,52
548,2,0,1,3,1,1,0,5,25,0,1,2,1,0,0,0,1,0,1,1,0,52
548,3,0,1,6,0,0,0,0,0,0,0,0,0,0,0,0,0,0,0,0,0,52
549,1,0,2,6,1,1,0,5,25,0,1,2,1,0,0,1,0,0,0,0,0,52
549,2,1,3,2,1,1,0,5,25,0,1,2,1,0,0,0,0,0,1,1,0,52
549,3,0,1,6,0,0,0,0,0,0,0,0,0,0,0,0,0,0,0,0,0,52
550,1,0,2,5,1,0,0,5,24,0,2,1,1,1,0,1,0,0,0,0,1,53
550,2,1,2,1,1,0,0,5,24,0,2,1,1,0,0,0,1,1,0,0,0,53
550,3,0,1,6,0,0,0,0,0,0,0,0,0,0,0,0,0,0,0,0,0,53
551,1,0,2,5,1,0,0,5,24,0,2,1,1,0,0,0,0,0,0,1,0,53
551,2,1,1,3,1,0,0,5,24,0,2,1,1,0,1,1,0,0,1,0,0,53
551,3,0,1,6,0,0,0,0,0,0,0,0,0,0,0,0,0,0,0,0,0,53
552,1,1,1,3,1,0,0,5,24,0,2,1,1,1,0,0,0,1,0,0,0,53
552,2,0,2,5,1,0,0,5,24,0,2,1,1,0,1,0,1,0,1,0,0,53
552,3,0,1,6,0,0,0,0,0,0,0,0,0,0,0,0,0,0,0,0,0,53
553,1,0,1,4,1,0,0,5,24,0,2,1,1,0,0,0,0,1,0,1,0,53
553,2,1,3,2,1,0,0,5,24,0,2,1,1,1,0,1,0,0,0,1,0,53
553,3,0,1,6,0,0,0,0,0,0,0,0,0,0,0,0,0,0,0,0,0,53
554,1,1,1,4,1,0,0,5,24,0,2,1,1,0,1,0,1,1,0,0,0,53
554,2,0,2,1,1,0,0,5,24,0,2,1,1,0,0,0,0,1,0,1,0,53
554,3,0,1,6,0,0,0,0,0,0,0,0,0,0,0,0,0,0,0,0,0,53
555,1,1,3,2,1,0,0,5,24,0,2,1,1,0,0,0,1,0,1,0,1,53
555,2,0,3,6,1,0,0,5,24,0,2,1,1,0,0,1,0,1,0,1,0,53
555,3,0,1,6,0,0,0,0,0,0,0,0,0,0,0,0,0,0,0,0,0,53
556,1,0,3,6,1,0,0,5,24,0,2,1,1,0,1,0,1,0,1,0,0,53
556,2,1,1,3,1,0,0,5,24,0,2,1,1,0,1,0,0,0,1,0,1,53
556,3,0,1,6,0,0,0,0,0,0,0,0,0,0,0,0,0,0,0,0,0,53
557,1,0,3,6,1,0,0,5,24,0,2,1,1,1,0,1,0,0,1,0,1,53
557,2,1,3,2,1,0,0,5,24,0,2,1,1,1,0,0,1,0,0,0,1,53
557,3,0,1,6,0,0,0,0,0,0,0,0,0,0,0,0,0,0,0,0,0,53
558,1,1,2,1,1,0,0,5,24,0,2,1,1,0,1,1,0,0,0,1,0,53
558,2,0,1,4,1,0,0,5,24,0,2,1,1,1,0,0,0,0,0,0,1,53
558,3,0,1,6,0,0,0,0,0,0,0,0,0,0,0,0,0,0,0,0,0,53
559,1,1,3,5,1,0,1,4,26,1,2,1,1,0,1,0,1,0,0,1,0,54
559,2,0,2,5,1,0,1,4,26,1,2,1,1,1,0,0,1,0,1,1,0,54
559,3,0,1,6,0,0,0,0,0,0,0,0,0,0,0,0,0,0,0,0,0,54
560,1,0,1,3,1,0,1,4,26,1,2,1,1,0,1,1,0,0,0,0,1,54
560,2,1,2,3,1,0,1,4,26,1,2,1,1,0,1,1,0,0,0,1,0,54
560,3,0,1,6,0,0,0,0,0,0,0,0,0,0,0,0,0,0,0,0,0,54
561,1,1,3,2,1,0,1,4,26,1,2,1,1,0,0,1,0,1,0,0,0,54
561,2,0,1,4,1,0,1,4,26,1,2,1,1,0,1,0,1,0,0,1,0,54
561,3,0,1,6,0,0,0,0,0,0,0,0,0,0,0,0,0,0,0,0,0,54
562,1,1,2,4,1,0,1,4,26,1,2,1,1,1,0,1,0,1,0,0,0,54
562,2,0,3,6,1,0,1,4,26,1,2,1,1,0,1,1,0,1,0,0,1,54
562,3,0,1,6,0,0,0,0,0,0,0,0,0,0,0,0,0,0,0,0,0,54
563,1,1,3,2,1,0,1,4,26,1,2,1,1,1,0,0,0,1,0,1,0,54
563,2,0,3,1,1,0,1,4,26,1,2,1,1,0,0,0,0,0,1,0,1,54
563,3,0,1,6,0,0,0,0,0,0,0,0,0,0,0,0,0,0,0,0,0,54
564,1,1,2,1,1,0,1,4,26,1,2,1,1,0,1,0,0,0,1,0,1,54
564,2,0,2,5,1,0,1,4,26,1,2,1,1,0,0,1,0,0,1,0,1,54
564,3,0,1,6,0,0,0,0,0,0,0,0,0,0,0,0,0,0,0,0,0,54
565,1,0,1,6,1,0,1,4,26,1,2,1,1,0,0,0,0,0,1,0,1,54
565,2,1,1,4,1,0,1,4,26,1,2,1,1,0,0,0,0,0,0,0,0,54
565,3,0,1,6,0,0,0,0,0,0,0,0,0,0,0,0,0,0,0,0,0,54
566,1,0,2,1,1,0,1,4,26,1,2,1,1,0,0,0,1,0,1,0,0,54
566,2,1,1,2,1,0,1,4,26,1,2,1,1,1,0,0,1,1,0,0,0,54
566,3,0,1,6,0,0,0,0,0,0,0,0,0,0,0,0,0,0,0,0,0,54
567,1,0,1,3,1,0,1,4,26,1,2,1,1,1,0,0,1,0,0,1,0,54
567,2,1,3,6,1,0,1,4,26,1,2,1,1,1,0,0,0,1,0,0,0,54
567,3,0,1,6,0,0,0,0,0,0,0,0,0,0,0,0,0,0,0,0,0,54
568,1,1,2,3,1,1,1,2,29,1,2,2,1,1,0,0,1,1,0,0,1,55
568,2,0,1,4,1,1,1,2,29,1,2,2,1,1,0,1,0,0,1,1,0,55
568,3,0,1,6,0,0,0,0,0,0,0,0,0,0,0,0,0,0,0,0,0,55
569,1,1,3,6,1,1,1,2,29,1,2,2,1,0,1,1,0,1,0,1,0,55
569,2,0,1,5,1,1,1,2,29,1,2,2,1,0,0,1,0,1,0,0,0,55
569,3,0,1,6,0,0,0,0,0,0,0,0,0,0,0,0,0,0,0,0,0,55
570,1,0,2,3,1,1,1,2,29,1,2,2,1,0,0,0,1,1,0,1,0,55
570,2,1,2,3,1,1,1,2,29,1,2,2,1,0,0,0,1,0,0,0,1,55
570,3,0,1,6,0,0,0,0,0,0,0,0,0,0,0,0,0,0,0,0,0,55
571,1,1,1,2,1,1,1,2,29,1,2,2,1,0,0,1,0,0,1,1,0,55
571,2,0,2,5,1,1,1,2,29,1,2,2,1,0,1,0,0,1,0,0,1,55
571,3,0,1,6,0,0,0,0,0,0,0,0,0,0,0,0,0,0,0,0,0,55
572,1,1,2,5,1,1,1,2,29,1,2,2,1,1,0,0,0,0,1,0,0,55
572,2,0,2,6,1,1,1,2,29,1,2,2,1,1,0,0,0,0,0,1,0,55
572,3,0,1,6,0,0,0,0,0,0,0,0,0,0,0,0,0,0,0,0,0,55
573,1,0,1,2,1,1,1,2,29,1,2,2,1,0,1,1,0,0,1,0,0,55
573,2,1,3,1,1,1,1,2,29,1,2,2,1,1,0,1,0,0,1,0,0,55
573,3,0,1,6,0,0,0,0,0,0,0,0,0,0,0,0,0,0,0,0,0,55
574,1,1,3,1,1,1,1,2,29,1,2,2,1,0,1,0,0,0,0,0,0,55
574,2,0,3,6,1,1,1,2,29,1,2,2,1,0,0,0,1,0,0,0,0,55
574,3,0,1,6,0,0,0,0,0,0,0,0,0,0,0,0,0,0,0,0,0,55
575,1,0,1,4,1,1,1,2,29,1,2,2,1,0,0,0,1,0,0,0,1,55
575,2,1,3,4,1,1,1,2,29,1,2,2,1,0,1,0,1,0,1,0,1,55
575,3,0,1,6,0,0,0,0,0,0,0,0,0,0,0,0,0,0,0,0,0,55
576,1,1,3,1,1,1,1,2,29,1,2,2,1,1,0,0,0,0,0,0,1,55
576,2,0,1,2,1,1,1,2,29,1,2,2,1,0,1,0,0,1,0,1,0,55
576,3,0,1,6,0,0,0,0,0,0,0,0,0,0,0,0,0,0,0,0,0,55
577,1,0,2,5,1,0,0,4,29,1,2,2,1,1,0,1,0,0,0,0,1,56
577,2,1,2,1,1,0,0,4,29,1,2,2,1,0,0,0,1,1,0,0,0,56
577,3,0,1,6,0,0,0,0,0,0,0,0,0,0,0,0,0,0,0,0,0,56
578,1,0,2,5,1,0,0,4,29,1,2,2,1,0,0,0,0,0,0,1,0,56
578,2,1,1,3,1,0,0,4,29,1,2,2,1,0,1,1,0,0,1,0,0,56
578,3,0,1,6,0,0,0,0,0,0,0,0,0,0,0,0,0,0,0,0,0,56
579,1,0,1,3,1,0,0,4,29,1,2,2,1,1,0,0,0,1,0,0,0,56
579,2,1,2,5,1,0,0,4,29,1,2,2,1,0,1,0,1,0,1,0,0,56
579,3,0,1,6,0,0,0,0,0,0,0,0,0,0,0,0,0,0,0,0,0,56
580,1,0,1,4,1,0,0,4,29,1,2,2,1,0,0,0,0,1,0,1,0,56
580,2,1,3,2,1,0,0,4,29,1,2,2,1,1,0,1,0,0,0,1,0,56
580,3,0,1,6,0,0,0,0,0,0,0,0,0,0,0,0,0,0,0,0,0,56
581,1,1,1,4,1,0,0,4,29,1,2,2,1,0,1,0,1,1,0,0,0,56
581,2,0,2,1,1,0,0,4,29,1,2,2,1,0,0,0,0,1,0,1,0,56
581,3,0,1,6,0,0,0,0,0,0,0,0,0,0,0,0,0,0,0,0,0,56
582,1,1,3,2,1,0,0,4,29,1,2,2,1,0,0,0,1,0,1,0,1,56
582,2,0,3,6,1,0,0,4,29,1,2,2,1,0,0,1,0,1,0,1,0,56
582,3,0,1,6,0,0,0,0,0,0,0,0,0,0,0,0,0,0,0,0,0,56
583,1,0,3,6,1,0,0,4,29,1,2,2,1,0,1,0,1,0,1,0,0,56
583,2,1,1,3,1,0,0,4,29,1,2,2,1,0,1,0,0,0,1,0,1,56
583,3,0,1,6,0,0,0,0,0,0,0,0,0,0,0,0,0,0,0,0,0,56
584,1,0,3,6,1,0,0,4,29,1,2,2,1,1,0,1,0,0,1,0,1,56
584,2,1,3,2,1,0,0,4,29,1,2,2,1,1,0,0,1,0,0,0,1,56
584,3,0,1,6,0,0,0,0,0,0,0,0,0,0,0,0,0,0,0,0,0,56
585,1,1,2,1,1,0,0,4,29,1,2,2,1,0,1,1,0,0,0,1,0,56
585,2,0,1,4,1,0,0,4,29,1,2,2,1,1,0,0,0,0,0,0,1,56
585,3,0,1,6,0,0,0,0,0,0,0,0,0,0,0,0,0,0,0,0,0,56
586,1,1,2,3,1,0,1,5,22,1,1,1,1,1,0,0,1,1,0,0,1,57
586,2,0,1,4,1,0,1,5,22,1,1,1,1,1,0,1,0,0,1,1,0,57
586,3,0,1,6,0,0,0,0,0,0,0,0,0,0,0,0,0,0,0,0,0,57
587,1,0,3,6,1,0,1,5,22,1,1,1,1,0,1,1,0,1,0,1,0,57
587,2,1,1,5,1,0,1,5,22,1,1,1,1,0,0,1,0,1,0,0,0,57
587,3,0,1,6,0,0,0,0,0,0,0,0,0,0,0,0,0,0,0,0,0,57
588,1,0,2,3,1,0,1,5,22,1,1,1,1,0,0,0,1,1,0,1,0,57
588,2,1,2,3,1,0,1,5,22,1,1,1,1,0,0,0,1,0,0,0,1,57
588,3,0,1,6,0,0,0,0,0,0,0,0,0,0,0,0,0,0,0,0,0,57
589,1,0,1,2,1,0,1,5,22,1,1,1,1,0,0,1,0,0,1,1,0,57
589,2,1,2,5,1,0,1,5,22,1,1,1,1,0,1,0,0,1,0,0,1,57
589,3,0,1,6,0,0,0,0,0,0,0,0,0,0,0,0,0,0,0,0,0,57
590,1,0,2,5,1,0,1,5,22,1,1,1,1,1,0,0,0,0,1,0,0,57
590,2,1,2,6,1,0,1,5,22,1,1,1,1,1,0,0,0,0,0,1,0,57
590,3,0,1,6,0,0,0,0,0,0,0,0,0,0,0,0,0,0,0,0,0,57
591,1,1,1,2,1,0,1,5,22,1,1,1,1,0,1,1,0,0,1,0,0,57
591,2,0,3,1,1,0,1,5,22,1,1,1,1,1,0,1,0,0,1,0,0,57
591,3,0,1,6,0,0,0,0,0,0,0,0,0,0,0,0,0,0,0,0,0,57
592,1,0,3,1,1,0,1,5,22,1,1,1,1,0,1,0,0,0,0,0,0,57
592,2,1,3,6,1,0,1,5,22,1,1,1,1,0,0,0,1,0,0,0,0,57
592,3,0,1,6,0,0,0,0,0,0,0,0,0,0,0,0,0,0,0,0,0,57
593,1,1,1,4,1,0,1,5,22,1,1,1,1,0,0,0,1,0,0,0,1,57
593,2,0,3,4,1,0,1,5,22,1,1,1,1,0,1,0,1,0,1,0,1,57
593,3,0,1,6,0,0,0,0,0,0,0,0,0,0,0,0,0,0,0,0,0,57
594,1,0,3,1,1,0,1,5,22,1,1,1,1,1,0,0,0,0,0,0,1,57
594,2,1,1,2,1,0,1,5,22,1,1,1,1,0,1,0,0,1,0,1,0,57
594,3,0,1,6,0,0,0,0,0,0,0,0,0,0,0,0,0,0,0,0,0,57
595,1,0,3,5,1,0,1,5,34,1,2,1,0,0,1,0,1,0,0,1,0,58
595,2,1,2,5,1,0,1,5,34,1,2,1,0,1,0,0,1,0,1,1,0,58
595,3,0,1,6,0,0,0,0,0,0,0,0,0,0,0,0,0,0,0,0,0,58
596,1,0,1,3,1,0,1,5,34,1,2,1,0,0,1,1,0,0,0,0,1,58
596,2,1,2,3,1,0,1,5,34,1,2,1,0,0,1,1,0,0,0,1,0,58
596,3,0,1,6,0,0,0,0,0,0,0,0,0,0,0,0,0,0,0,0,0,58
597,1,1,3,2,1,0,1,5,34,1,2,1,0,0,0,1,0,1,0,0,0,58
597,2,0,1,4,1,0,1,5,34,1,2,1,0,0,1,0,1,0,0,1,0,58
597,3,0,1,6,0,0,0,0,0,0,0,0,0,0,0,0,0,0,0,0,0,58
598,1,0,2,4,1,0,1,5,34,1,2,1,0,1,0,1,0,1,0,0,0,58
598,2,1,3,6,1,0,1,5,34,1,2,1,0,0,1,1,0,1,0,0,1,58
598,3,0,1,6,0,0,0,0,0,0,0,0,0,0,0,0,0,0,0,0,0,58
599,1,0,3,2,1,0,1,5,34,1,2,1,0,1,0,0,0,1,0,1,0,58
599,2,1,3,1,1,0,1,5,34,1,2,1,0,0,0,0,0,0,1,0,1,58
599,3,0,1,6,0,0,0,0,0,0,0,0,0,0,0,0,0,0,0,0,0,58
600,1,0,2,1,1,0,1,5,34,1,2,1,0,0,1,0,0,0,1,0,1,58
600,2,1,2,5,1,0,1,5,34,1,2,1,0,0,0,1,0,0,1,0,1,58
600,3,0,1,6,0,0,0,0,0,0,0,0,0,0,0,0,0,0,0,0,0,58
601,1,1,1,6,1,0,1,5,34,1,2,1,0,0,0,0,0,0,1,0,1,58
601,2,0,1,4,1,0,1,5,34,1,2,1,0,0,0,0,0,0,0,0,0,58
601,3,0,1,6,0,0,0,0,0,0,0,0,0,0,0,0,0,0,0,0,0,58
602,1,1,2,1,1,0,1,5,34,1,2,1,0,0,0,0,1,0,1,0,0,58
602,2,0,1,2,1,0,1,5,34,1,2,1,0,1,0,0,1,1,0,0,0,58
602,3,0,1,6,0,0,0,0,0,0,0,0,0,0,0,0,0,0,0,0,0,58
603,1,0,1,3,1,0,1,5,34,1,2,1,0,1,0,0,1,0,0,1,0,58
603,2,1,3,6,1,0,1,5,34,1,2,1,0,1,0,0,0,1,0,0,0,58
603,3,0,1,6,0,0,0,0,0,0,0,0,0,0,0,0,0,0,0,0,0,58
604,1,0,3,5,1,1,0,5,22,0,1,1,1,0,1,0,1,0,0,1,0,59
604,2,1,2,5,1,1,0,5,22,0,1,1,1,1,0,0,1,0,1,1,0,59
604,3,0,1,6,0,0,0,0,0,0,0,0,0,0,0,0,0,0,0,0,0,59
605,1,0,1,3,1,1,0,5,22,0,1,1,1,0,1,1,0,0,0,0,1,59
605,2,1,2,3,1,1,0,5,22,0,1,1,1,0,1,1,0,0,0,1,0,59
605,3,0,1,6,0,0,0,0,0,0,0,0,0,0,0,0,0,0,0,0,0,59
606,1,1,3,2,1,1,0,5,22,0,1,1,1,0,0,1,0,1,0,0,0,59
606,2,0,1,4,1,1,0,5,22,0,1,1,1,0,1,0,1,0,0,1,0,59
606,3,0,1,6,0,0,0,0,0,0,0,0,0,0,0,0,0,0,0,0,0,59
607,1,1,2,4,1,1,0,5,22,0,1,1,1,1,0,1,0,1,0,0,0,59
607,2,0,3,6,1,1,0,5,22,0,1,1,1,0,1,1,0,1,0,0,1,59
607,3,0,1,6,0,0,0,0,0,0,0,0,0,0,0,0,0,0,0,0,0,59
608,1,1,3,2,1,1,0,5,22,0,1,1,1,1,0,0,0,1,0,1,0,59
608,2,0,3,1,1,1,0,5,22,0,1,1,1,0,0,0,0,0,1,0,1,59
608,3,0,1,6,0,0,0,0,0,0,0,0,0,0,0,0,0,0,0,0,0,59
609,1,1,2,1,1,1,0,5,22,0,1,1,1,0,1,0,0,0,1,0,1,59
609,2,0,2,5,1,1,0,5,22,0,1,1,1,0,0,1,0,0,1,0,1,59
609,3,0,1,6,0,0,0,0,0,0,0,0,0,0,0,0,0,0,0,0,0,59
610,1,0,1,6,1,1,0,5,22,0,1,1,1,0,0,0,0,0,1,0,1,59
610,2,1,1,4,1,1,0,5,22,0,1,1,1,0,0,0,0,0,0,0,0,59
610,3,0,1,6,0,0,0,0,0,0,0,0,0,0,0,0,0,0,0,0,0,59
611,1,0,2,1,1,1,0,5,22,0,1,1,1,0,0,0,1,0,1,0,0,59
611,2,1,1,2,1,1,0,5,22,0,1,1,1,1,0,0,1,1,0,0,0,59
611,3,0,1,6,0,0,0,0,0,0,0,0,0,0,0,0,0,0,0,0,0,59
612,1,1,1,3,1,1,0,5,22,0,1,1,1,1,0,0,1,0,0,1,0,59
612,2,0,3,6,1,1,0,5,22,0,1,1,1,1,0,0,0,1,0,0,0,59
612,3,0,1,6,0,0,0,0,0,0,0,0,0,0,0,0,0,0,0,0,0,59
622,1,1,1,5,1,1,0,5,25,0,2,2,1,1,0,0,1,0,0,0,0,60
622,2,0,1,5,1,1,0,5,25,0,2,2,1,0,0,1,0,0,0,0,1,60
622,3,0,1,6,0,0,0,0,0,0,0,0,0,0,0,0,0,0,0,0,0,60
623,1,0,3,3,1,1,0,5,25,0,2,2,1,0,0,0,0,0,0,0,0,60
623,2,1,2,1,1,1,0,5,25,0,2,2,1,1,0,1,0,1,0,0,1,60
623,3,0,1,6,0,0,0,0,0,0,0,0,0,0,0,0,0,0,0,0,0,60
624,1,0,1,5,1,1,0,5,25,0,2,2,1,0,1,0,0,1,0,0,1,60
624,2,1,1,3,1,1,0,5,25,0,2,2,1,1,0,0,1,1,0,0,1,60
624,3,0,1,6,0,0,0,0,0,0,0,0,0,0,0,0,0,0,0,0,0,60
625,1,1,3,4,1,1,0,5,25,0,2,2,1,0,0,1,0,1,0,0,1,60
625,2,0,2,6,1,1,0,5,25,0,2,2,1,1,0,0,0,0,1,0,0,60
625,3,0,1,6,0,0,0,0,0,0,0,0,0,0,0,0,0,0,0,0,0,60
626,1,1,2,2,1,1,0,5,25,0,2,2,1,0,1,0,1,1,0,0,1,60
626,2,0,3,2,1,1,0,5,25,0,2,2,1,0,1,0,0,0,0,0,0,60
626,3,0,1,6,0,0,0,0,0,0,0,0,0,0,0,0,0,0,0,0,0,60
627,1,1,3,4,1,1,0,5,25,0,2,2,1,1,0,0,1,0,1,1,0,60
627,2,0,2,1,1,1,0,5,25,0,2,2,1,0,1,1,0,0,0,0,0,60
627,3,0,1,6,0,0,0,0,0,0,0,0,0,0,0,0,0,0,0,0,0,60
628,1,0,2,6,1,1,0,5,25,0,2,2,1,0,1,0,0,0,1,1,0,60
628,2,1,3,4,1,1,0,5,25,0,2,2,1,0,1,0,1,1,0,1,0,60
628,3,0,1,6,0,0,0,0,0,0,0,0,0,0,0,0,0,0,0,0,0,60
629,1,1,1,1,1,1,0,5,25,0,2,2,1,1,0,1,0,0,1,1,0,60
629,2,0,1,3,1,1,0,5,25,0,2,2,1,0,0,0,1,0,1,1,0,60
629,3,0,1,6,0,0,0,0,0,0,0,0,0,0,0,0,0,0,0,0,0,60
630,1,0,2,6,1,1,0,5,25,0,2,2,1,0,0,1,0,0,0,0,0,60
630,2,1,3,2,1,1,0,5,25,0,2,2,1,0,0,0,0,0,1,1,0,60
630,3,0,1,6,0,0,0,0,0,0,0,0,0,0,0,0,0,0,0,0,0,60
631,1,0,2,5,1,1,1,5,26,0,2,2,1,1,0,1,0,0,0,0,1,61
631,2,0,2,1,1,1,1,5,26,0,2,2,1,0,0,0,1,1,0,0,0,61
631,3,1,1,6,0,0,0,0,0,0,0,0,0,0,0,0,0,0,0,0,0,61
632,1,0,2,5,1,1,1,5,26,0,2,2,1,0,0,0,0,0,0,1,0,61
632,2,0,1,3,1,1,1,5,26,0,2,2,1,0,1,1,0,0,1,0,0,61
632,3,1,1,6,0,0,0,0,0,0,0,0,0,0,0,0,0,0,0,0,0,61
633,1,0,1,3,1,1,1,5,26,0,2,2,1,1,0,0,0,1,0,0,0,61
633,2,0,2,5,1,1,1,5,26,0,2,2,1,0,1,0,1,0,1,0,0,61
633,3,1,1,6,0,0,0,0,0,0,0,0,0,0,0,0,0,0,0,0,0,61
634,1,0,1,4,1,1,1,5,26,0,2,2,1,0,0,0,0,1,0,1,0,61
634,2,0,3,2,1,1,1,5,26,0,2,2,1,1,0,1,0,0,0,1,0,61
634,3,1,1,6,0,0,0,0,0,0,0,0,0,0,0,0,0,0,0,0,0,61
635,1,0,1,4,1,1,1,5,26,0,2,2,1,0,1,0,1,1,0,0,0,61
635,2,0,2,1,1,1,1,5,26,0,2,2,1,0,0,0,0,1,0,1,0,61
635,3,1,1,6,0,0,0,0,0,0,0,0,0,0,0,0,0,0,0,0,0,61
636,1,0,3,2,1,1,1,5,26,0,2,2,1,0,0,0,1,0,1,0,1,61
636,2,0,3,6,1,1,1,5,26,0,2,2,1,0,0,1,0,1,0,1,0,61
636,3,1,1,6,0,0,0,0,0,0,0,0,0,0,0,0,0,0,0,0,0,61
637,1,0,3,6,1,1,1,5,26,0,2,2,1,0,1,0,1,0,1,0,0,61
637,2,0,1,3,1,1,1,5,26,0,2,2,1,0,1,0,0,0,1,0,1,61
637,3,1,1,6,0,0,0,0,0,0,0,0,0,0,0,0,0,0,0,0,0,61
638,1,0,3,6,1,1,1,5,26,0,2,2,1,1,0,1,0,0,1,0,1,61
638,2,0,3,2,1,1,1,5,26,0,2,2,1,1,0,0,1,0,0,0,1,61
638,3,1,1,6,0,0,0,0,0,0,0,0,0,0,0,0,0,0,0,0,0,61
639,1,0,2,1,1,1,1,5,26,0,2,2,1,0,1,1,0,0,0,1,0,61
639,2,0,1,4,1,1,1,5,26,0,2,2,1,1,0,0,0,0,0,0,1,61
639,3,1,1,6,0,0,0,0,0,0,0,0,0,0,0,0,0,0,0,0,0,61
640,1,0,2,5,1,1,0,3,23,1,1,1,1,1,0,1,0,0,0,0,1,62
640,2,0,2,1,1,1,0,3,23,1,1,1,1,0,0,0,1,1,0,0,0,62
640,3,1,1,6,0,0,0,0,0,0,0,0,0,0,0,0,0,0,0,0,0,62
641,1,1,2,5,1,1,0,3,23,1,1,1,1,0,0,0,0,0,0,1,0,62
641,2,0,1,3,1,1,0,3,23,1,1,1,1,0,1,1,0,0,1,0,0,62
641,3,0,1,6,0,0,0,0,0,0,0,0,0,0,0,0,0,0,0,0,0,62
642,1,1,1,3,1,1,0,3,23,1,1,1,1,1,0,0,0,1,0,0,0,62
642,2,0,2,5,1,1,0,3,23,1,1,1,1,0,1,0,1,0,1,0,0,62
642,3,0,1,6,0,0,0,0,0,0,0,0,0,0,0,0,0,0,0,0,0,62
643,1,1,1,4,1,1,0,3,23,1,1,1,1,0,0,0,0,1,0,1,0,62
643,2,0,3,2,1,1,0,3,23,1,1,1,1,1,0,1,0,0,0,1,0,62
643,3,0,1,6,0,0,0,0,0,0,0,0,0,0,0,0,0,0,0,0,0,62
644,1,0,1,4,1,1,0,3,23,1,1,1,1,0,1,0,1,1,0,0,0,62
644,2,1,2,1,1,1,0,3,23,1,1,1,1,0,0,0,0,1,0,1,0,62
644,3,0,1,6,0,0,0,0,0,0,0,0,0,0,0,0,0,0,0,0,0,62
645,1,1,3,2,1,1,0,3,23,1,1,1,1,0,0,0,1,0,1,0,1,62
645,2,0,3,6,1,1,0,3,23,1,1,1,1,0,0,1,0,1,0,1,0,62
645,3,0,1,6,0,0,0,0,0,0,0,0,0,0,0,0,0,0,0,0,0,62
646,1,0,3,6,1,1,0,3,23,1,1,1,1,0,1,0,1,0,1,0,0,62
646,2,0,1,3,1,1,0,3,23,1,1,1,1,0,1,0,0,0,1,0,1,62
646,3,1,1,6,0,0,0,0,0,0,0,0,0,0,0,0,0,0,0,0,0,62
647,1,0,3,6,1,1,0,3,23,1,1,1,1,1,0,1,0,0,1,0,1,62
647,2,1,3,2,1,1,0,3,23,1,1,1,1,1,0,0,1,0,0,0,1,62
647,3,0,1,6,0,0,0,0,0,0,0,0,0,0,0,0,0,0,0,0,0,62
648,1,0,2,1,1,1,0,3,23,1,1,1,1,0,1,1,0,0,0,1,0,62
648,2,1,1,4,1,1,0,3,23,1,1,1,1,1,0,0,0,0,0,0,1,62
648,3,0,1,6,0,0,0,0,0,0,0,0,0,0,0,0,0,0,0,0,0,62
649,1,0,2,3,1,0,1,5,26,0,1,1,1,1,0,0,1,1,0,0,1,63
649,2,1,1,4,1,0,1,5,26,0,1,1,1,1,0,1,0,0,1,1,0,63
649,3,0,1,6,0,0,0,0,0,0,0,0,0,0,0,0,0,0,0,0,0,63
650,1,1,3,6,1,0,1,5,26,0,1,1,1,0,1,1,0,1,0,1,0,63
650,2,0,1,5,1,0,1,5,26,0,1,1,1,0,0,1,0,1,0,0,0,63
650,3,0,1,6,0,0,0,0,0,0,0,0,0,0,0,0,0,0,0,0,0,63
651,1,1,2,3,1,0,1,5,26,0,1,1,1,0,0,0,1,1,0,1,0,63
651,2,0,2,3,1,0,1,5,26,0,1,1,1,0,0,0,1,0,0,0,1,63
651,3,0,1,6,0,0,0,0,0,0,0,0,0,0,0,0,0,0,0,0,0,63
652,1,1,1,2,1,0,1,5,26,0,1,1,1,0,0,1,0,0,1,1,0,63
652,2,0,2,5,1,0,1,5,26,0,1,1,1,0,1,0,0,1,0,0,1,63
652,3,0,1,6,0,0,0,0,0,0,0,0,0,0,0,0,0,0,0,0,0,63
653,1,1,2,5,1,0,1,5,26,0,1,1,1,1,0,0,0,0,1,0,0,63
653,2,0,2,6,1,0,1,5,26,0,1,1,1,1,0,0,0,0,0,1,0,63
653,3,0,1,6,0,0,0,0,0,0,0,0,0,0,0,0,0,0,0,0,0,63
654,1,0,1,2,1,0,1,5,26,0,1,1,1,0,1,1,0,0,1,0,0,63
654,2,1,3,1,1,0,1,5,26,0,1,1,1,1,0,1,0,0,1,0,0,63
654,3,0,1,6,0,0,0,0,0,0,0,0,0,0,0,0,0,0,0,0,0,63
655,1,1,3,1,1,0,1,5,26,0,1,1,1,0,1,0,0,0,0,0,0,63
655,2,0,3,6,1,0,1,5,26,0,1,1,1,0,0,0,1,0,0,0,0,63
655,3,0,1,6,0,0,0,0,0,0,0,0,0,0,0,0,0,0,0,0,0,63
656,1,0,1,4,1,0,1,5,26,0,1,1,1,0,0,0,1,0,0,0,1,63
656,2,1,3,4,1,0,1,5,26,0,1,1,1,0,1,0,1,0,1,0,1,63
656,3,0,1,6,0,0,0,0,0,0,0,0,0,0,0,0,0,0,0,0,0,63
657,1,0,3,1,1,0,1,5,26,0,1,1,1,1,0,0,0,0,0,0,1,63
657,2,1,1,2,1,0,1,5,26,0,1,1,1,0,1,0,0,1,0,1,0,63
657,3,0,1,6,0,0,0,0,0,0,0,0,0,0,0,0,0,0,0,0,0,63
658,1,0,2,5,1,0,1,5,28,1,2,1,1,1,0,1,0,0,0,0,1,64
658,2,1,2,1,1,0,1,5,28,1,2,1,1,0,0,0,1,1,0,0,0,64
658,3,0,1,6,0,0,0,0,0,0,0,0,0,0,0,0,0,0,0,0,0,64
659,1,0,2,5,1,0,1,5,28,1,2,1,1,0,0,0,0,0,0,1,0,64
659,2,1,1,3,1,0,1,5,28,1,2,1,1,0,1,1,0,0,1,0,0,64
659,3,0,1,6,0,0,0,0,0,0,0,0,0,0,0,0,0,0,0,0,0,64
660,1,0,1,3,1,0,1,5,28,1,2,1,1,1,0,0,0,1,0,0,0,64
660,2,1,2,5,1,0,1,5,28,1,2,1,1,0,1,0,1,0,1,0,0,64
660,3,0,1,6,0,0,0,0,0,0,0,0,0,0,0,0,0,0,0,0,0,64
661,1,0,1,4,1,0,1,5,28,1,2,1,1,0,0,0,0,1,0,1,0,64
661,2,1,3,2,1,0,1,5,28,1,2,1,1,1,0,1,0,0,0,1,0,64
661,3,0,1,6,0,0,0,0,0,0,0,0,0,0,0,0,0,0,0,0,0,64
662,1,0,1,4,1,0,1,5,28,1,2,1,1,0,1,0,1,1,0,0,0,64
662,2,1,2,1,1,0,1,5,28,1,2,1,1,0,0,0,0,1,0,1,0,64
662,3,0,1,6,0,0,0,0,0,0,0,0,0,0,0,0,0,0,0,0,0,64
663,1,1,3,2,1,0,1,5,28,1,2,1,1,0,0,0,1,0,1,0,1,64
663,2,0,3,6,1,0,1,5,28,1,2,1,1,0,0,1,0,1,0,1,0,64
663,3,0,1,6,0,0,0,0,0,0,0,0,0,0,0,0,0,0,0,0,0,64
664,1,0,3,6,1,0,1,5,28,1,2,1,1,0,1,0,1,0,1,0,0,64
664,2,1,1,3,1,0,1,5,28,1,2,1,1,0,1,0,0,0,1,0,1,64
664,3,0,1,6,0,0,0,0,0,0,0,0,0,0,0,0,0,0,0,0,0,64
665,1,0,3,6,1,0,1,5,28,1,2,1,1,1,0,1,0,0,1,0,1,64
665,2,1,3,2,1,0,1,5,28,1,2,1,1,1,0,0,1,0,0,0,1,64
665,3,0,1,6,0,0,0,0,0,0,0,0,0,0,0,0,0,0,0,0,0,64
666,1,1,2,1,1,0,1,5,28,1,2,1,1,0,1,1,0,0,0,1,0,64
666,2,0,1,4,1,0,1,5,28,1,2,1,1,1,0,0,0,0,0,0,1,64
666,3,0,1,6,0,0,0,0,0,0,0,0,0,0,0,0,0,0,0,0,0,64
667,1,0,2,5,1,0,1,4,25,0,2,1,1,1,0,1,0,0,0,0,1,65
667,2,1,2,1,1,0,1,4,25,0,2,1,1,0,0,0,1,1,0,0,0,65
667,3,0,1,6,0,0,0,0,0,0,0,0,0,0,0,0,0,0,0,0,0,65
668,1,0,2,5,1,0,1,4,25,0,2,1,1,0,0,0,0,0,0,1,0,65
668,2,1,1,3,1,0,1,4,25,0,2,1,1,0,1,1,0,0,1,0,0,65
668,3,0,1,6,0,0,0,0,0,0,0,0,0,0,0,0,0,0,0,0,0,65
669,1,1,1,3,1,0,1,4,25,0,2,1,1,1,0,0,0,1,0,0,0,65
669,2,0,2,5,1,0,1,4,25,0,2,1,1,0,1,0,1,0,1,0,0,65
669,3,0,1,6,0,0,0,0,0,0,0,0,0,0,0,0,0,0,0,0,0,65
670,1,0,1,4,1,0,1,4,25,0,2,1,1,0,0,0,0,1,0,1,0,65
670,2,1,3,2,1,0,1,4,25,0,2,1,1,1,0,1,0,0,0,1,0,65
670,3,0,1,6,0,0,0,0,0,0,0,0,0,0,0,0,0,0,0,0,0,65
671,1,0,1,4,1,0,1,4,25,0,2,1,1,0,1,0,1,1,0,0,0,65
671,2,1,2,1,1,0,1,4,25,0,2,1,1,0,0,0,0,1,0,1,0,65
671,3,0,1,6,0,0,0,0,0,0,0,0,0,0,0,0,0,0,0,0,0,65
672,1,1,3,2,1,0,1,4,25,0,2,1,1,0,0,0,1,0,1,0,1,65
672,2,0,3,6,1,0,1,4,25,0,2,1,1,0,0,1,0,1,0,1,0,65
672,3,0,1,6,0,0,0,0,0,0,0,0,0,0,0,0,0,0,0,0,0,65
673,1,0,3,6,1,0,1,4,25,0,2,1,1,0,1,0,1,0,1,0,0,65
673,2,1,1,3,1,0,1,4,25,0,2,1,1,0,1,0,0,0,1,0,1,65
673,3,0,1,6,0,0,0,0,0,0,0,0,0,0,0,0,0,0,0,0,0,65
674,1,0,3,6,1,0,1,4,25,0,2,1,1,1,0,1,0,0,1,0,1,65
674,2,1,3,2,1,0,1,4,25,0,2,1,1,1,0,0,1,0,0,0,1,65
674,3,0,1,6,0,0,0,0,0,0,0,0,0,0,0,0,0,0,0,0,0,65
675,1,0,2,1,1,0,1,4,25,0,2,1,1,0,1,1,0,0,0,1,0,65
675,2,1,1,4,1,0,1,4,25,0,2,1,1,1,0,0,0,0,0,0,1,65
675,3,0,1,6,0,0,0,0,0,0,0,0,0,0,0,0,0,0,0,0,0,65
676,1,0,2,5,1,0,1,5,32,0,1,1,1,1,0,1,0,0,0,0,1,66
676,2,1,2,1,1,0,1,5,32,0,1,1,1,0,0,0,1,1,0,0,0,66
676,3,0,1,6,0,0,0,0,0,0,0,0,0,0,0,0,0,0,0,0,0,66
677,1,0,2,5,1,0,1,5,32,0,1,1,1,0,0,0,0,0,0,1,0,66
677,2,1,1,3,1,0,1,5,32,0,1,1,1,0,1,1,0,0,1,0,0,66
677,3,0,1,6,0,0,0,0,0,0,0,0,0,0,0,0,0,0,0,0,0,66
678,1,0,1,3,1,0,1,5,32,0,1,1,1,1,0,0,0,1,0,0,0,66
678,2,1,2,5,1,0,1,5,32,0,1,1,1,0,1,0,1,0,1,0,0,66
678,3,0,1,6,0,0,0,0,0,0,0,0,0,0,0,0,0,0,0,0,0,66
679,1,1,1,4,1,0,1,5,32,0,1,1,1,0,0,0,0,1,0,1,0,66
679,2,0,3,2,1,0,1,5,32,0,1,1,1,1,0,1,0,0,0,1,0,66
679,3,0,1,6,0,0,0,0,0,0,0,0,0,0,0,0,0,0,0,0,0,66
680,1,1,1,4,1,0,1,5,32,0,1,1,1,0,1,0,1,1,0,0,0,66
680,2,0,2,1,1,0,1,5,32,0,1,1,1,0,0,0,0,1,0,1,0,66
680,3,0,1,6,0,0,0,0,0,0,0,0,0,0,0,0,0,0,0,0,0,66
681,1,0,3,2,1,0,1,5,32,0,1,1,1,0,0,0,1,0,1,0,1,66
681,2,1,3,6,1,0,1,5,32,0,1,1,1,0,0,1,0,1,0,1,0,66
681,3,0,1,6,0,0,0,0,0,0,0,0,0,0,0,0,0,0,0,0,0,66
682,1,0,3,6,1,0,1,5,32,0,1,1,1,0,1,0,1,0,1,0,0,66
682,2,1,1,3,1,0,1,5,32,0,1,1,1,0,1,0,0,0,1,0,1,66
682,3,0,1,6,0,0,0,0,0,0,0,0,0,0,0,0,0,0,0,0,0,66
683,1,0,3,6,1,0,1,5,32,0,1,1,1,1,0,1,0,0,1,0,1,66
683,2,1,3,2,1,0,1,5,32,0,1,1,1,1,0,0,1,0,0,0,1,66
683,3,0,1,6,0,0,0,0,0,0,0,0,0,0,0,0,0,0,0,0,0,66
684,1,0,2,1,1,0,1,5,32,0,1,1,1,0,1,1,0,0,0,1,0,66
684,2,1,1,4,1,0,1,5,32,0,1,1,1,1,0,0,0,0,0,0,1,66
684,3,0,1,6,0,0,0,0,0,0,0,0,0,0,0,0,0,0,0,0,0,66
685,1,1,2,5,1,0,0,4,30,1,1,1,1,1,0,1,0,0,0,0,1,67
685,2,0,2,1,1,0,0,4,30,1,1,1,1,0,0,0,1,1,0,0,0,67
685,3,0,1,6,0,0,0,0,0,0,0,0,0,0,0,0,0,0,0,0,0,67
686,1,0,2,5,1,0,0,4,30,1,1,1,1,0,0,0,0,0,0,1,0,67
686,2,1,1,3,1,0,0,4,30,1,1,1,1,0,1,1,0,0,1,0,0,67
686,3,0,1,6,0,0,0,0,0,0,0,0,0,0,0,0,0,0,0,0,0,67
687,1,1,1,3,1,0,0,4,30,1,1,1,1,1,0,0,0,1,0,0,0,67
687,2,0,2,5,1,0,0,4,30,1,1,1,1,0,1,0,1,0,1,0,0,67
687,3,0,1,6,0,0,0,0,0,0,0,0,0,0,0,0,0,0,0,0,0,67
688,1,0,1,4,1,0,0,4,30,1,1,1,1,0,0,0,0,1,0,1,0,67
688,2,1,3,2,1,0,0,4,30,1,1,1,1,1,0,1,0,0,0,1,0,67
688,3,0,1,6,0,0,0,0,0,0,0,0,0,0,0,0,0,0,0,0,0,67
689,1,1,1,4,1,0,0,4,30,1,1,1,1,0,1,0,1,1,0,0,0,67
689,2,0,2,1,1,0,0,4,30,1,1,1,1,0,0,0,0,1,0,1,0,67
689,3,0,1,6,0,0,0,0,0,0,0,0,0,0,0,0,0,0,0,0,0,67
690,1,1,3,2,1,0,0,4,30,1,1,1,1,0,0,0,1,0,1,0,1,67
690,2,0,3,6,1,0,0,4,30,1,1,1,1,0,0,1,0,1,0,1,0,67
690,3,0,1,6,0,0,0,0,0,0,0,0,0,0,0,0,0,0,0,0,0,67
691,1,1,3,6,1,0,0,4,30,1,1,1,1,0,1,0,1,0,1,0,0,67
691,2,0,1,3,1,0,0,4,30,1,1,1,1,0,1,0,0,0,1,0,1,67
691,3,0,1,6,0,0,0,0,0,0,0,0,0,0,0,0,0,0,0,0,0,67
692,1,1,3,6,1,0,0,4,30,1,1,1,1,1,0,1,0,0,1,0,1,67
692,2,0,3,2,1,0,0,4,30,1,1,1,1,1,0,0,1,0,0,0,1,67
692,3,0,1,6,0,0,0,0,0,0,0,0,0,0,0,0,0,0,0,0,0,67
693,1,0,2,1,1,0,0,4,30,1,1,1,1,0,1,1,0,0,0,1,0,67
693,2,1,1,4,1,0,0,4,30,1,1,1,1,1,0,0,0,0,0,0,1,67
693,3,0,1,6,0,0,0,0,0,0,0,0,0,0,0,0,0,0,0,0,0,67
694,1,1,1,5,1,0,0,5,22,0,1,1,1,1,0,0,1,0,0,0,0,68
694,2,0,1,5,1,0,0,5,22,0,1,1,1,0,0,1,0,0,0,0,1,68
694,3,0,1,6,0,0,0,0,0,0,0,0,0,0,0,0,0,0,0,0,0,68
695,1,0,3,3,1,0,0,5,22,0,1,1,1,0,0,0,0,0,0,0,0,68
695,2,1,2,1,1,0,0,5,22,0,1,1,1,1,0,1,0,1,0,0,1,68
695,3,0,1,6,0,0,0,0,0,0,0,0,0,0,0,0,0,0,0,0,0,68
696,1,0,1,5,1,0,0,5,22,0,1,1,1,0,1,0,0,1,0,0,1,68
696,2,1,1,3,1,0,0,5,22,0,1,1,1,1,0,0,1,1,0,0,1,68
696,3,0,1,6,0,0,0,0,0,0,0,0,0,0,0,0,0,0,0,0,0,68
697,1,1,3,4,1,0,0,5,22,0,1,1,1,0,0,1,0,1,0,0,1,68
697,2,0,2,6,1,0,0,5,22,0,1,1,1,1,0,0,0,0,1,0,0,68
697,3,0,1,6,0,0,0,0,0,0,0,0,0,0,0,0,0,0,0,0,0,68
698,1,1,2,2,1,0,0,5,22,0,1,1,1,0,1,0,1,1,0,0,1,68
698,2,0,3,2,1,0,0,5,22,0,1,1,1,0,1,0,0,0,0,0,0,68
698,3,0,1,6,0,0,0,0,0,0,0,0,0,0,0,0,0,0,0,0,0,68
699,1,0,3,4,1,0,0,5,22,0,1,1,1,1,0,0,1,0,1,1,0,68
699,2,1,2,1,1,0,0,5,22,0,1,1,1,0,1,1,0,0,0,0,0,68
699,3,0,1,6,0,0,0,0,0,0,0,0,0,0,0,0,0,0,0,0,0,68
700,1,0,2,6,1,0,0,5,22,0,1,1,1,0,1,0,0,0,1,1,0,68
700,2,1,3,4,1,0,0,5,22,0,1,1,1,0,1,0,1,1,0,1,0,68
700,3,0,1,6,0,0,0,0,0,0,0,0,0,0,0,0,0,0,0,0,0,68
701,1,1,1,1,1,0,0,5,22,0,1,1,1,1,0,1,0,0,1,1,0,68
701,2,0,1,3,1,0,0,5,22,0,1,1,1,0,0,0,1,0,1,1,0,68
701,3,0,1,6,0,0,0,0,0,0,0,0,0,0,0,0,0,0,0,0,0,68
702,1,0,2,6,1,0,0,5,22,0,1,1,1,0,0,1,0,0,0,0,0,68
702,2,1,3,2,1,0,0,5,22,0,1,1,1,0,0,0,0,0,1,1,0,68
702,3,0,1,6,0,0,0,0,0,0,0,0,0,0,0,0,0,0,0,0,0,68
703,1,0,2,3,1,1,1,5,24,1,1,1,1,1,0,0,1,1,0,0,1,69
703,2,0,1,4,1,1,1,5,24,1,1,1,1,1,0,1,0,0,1,1,0,69
703,3,1,1,6,0,0,0,0,0,0,0,0,0,0,0,0,0,0,0,0,0,69
704,1,0,3,6,1,1,1,5,24,1,1,1,1,0,1,1,0,1,0,1,0,69
704,2,0,1,5,1,1,1,5,24,1,1,1,1,0,0,1,0,1,0,0,0,69
704,3,1,1,6,0,0,0,0,0,0,0,0,0,0,0,0,0,0,0,0,0,69
705,1,0,2,3,1,1,1,5,24,1,1,1,1,0,0,0,1,1,0,1,0,69
705,2,0,2,3,1,1,1,5,24,1,1,1,1,0,0,0,1,0,0,0,1,69
705,3,1,1,6,0,0,0,0,0,0,0,0,0,0,0,0,0,0,0,0,0,69
706,1,0,1,2,1,1,1,5,24,1,1,1,1,0,0,1,0,0,1,1,0,69
706,2,0,2,5,1,1,1,5,24,1,1,1,1,0,1,0,0,1,0,0,1,69
706,3,1,1,6,0,0,0,0,0,0,0,0,0,0,0,0,0,0,0,0,0,69
707,1,0,2,5,1,1,1,5,24,1,1,1,1,1,0,0,0,0,1,0,0,69
707,2,0,2,6,1,1,1,5,24,1,1,1,1,1,0,0,0,0,0,1,0,69
707,3,1,1,6,0,0,0,0,0,0,0,0,0,0,0,0,0,0,0,0,0,69
708,1,0,1,2,1,1,1,5,24,1,1,1,1,0,1,1,0,0,1,0,0,69
708,2,0,3,1,1,1,1,5,24,1,1,1,1,1,0,1,0,0,1,0,0,69
708,3,1,1,6,0,0,0,0,0,0,0,0,0,0,0,0,0,0,0,0,0,69
709,1,0,3,1,1,1,1,5,24,1,1,1,1,0,1,0,0,0,0,0,0,69
709,2,0,3,6,1,1,1,5,24,1,1,1,1,0,0,0,1,0,0,0,0,69
709,3,1,1,6,0,0,0,0,0,0,0,0,0,0,0,0,0,0,0,0,0,69
710,1,0,1,4,1,1,1,5,24,1,1,1,1,0,0,0,1,0,0,0,1,69
710,2,0,3,4,1,1,1,5,24,1,1,1,1,0,1,0,1,0,1,0,1,69
710,3,1,1,6,0,0,0,0,0,0,0,0,0,0,0,0,0,0,0,0,0,69
711,1,0,3,1,1,1,1,5,24,1,1,1,1,1,0,0,0,0,0,0,1,69
711,2,0,1,2,1,1,1,5,24,1,1,1,1,0,1,0,0,1,0,1,0,69
711,3,1,1,6,0,0,0,0,0,0,0,0,0,0,0,0,0,0,0,0,0,69
712,1,0,3,5,1,0,1,5,23,0,2,1,1,0,1,0,1,0,0,1,0,70
712,2,1,2,5,1,0,1,5,23,0,2,1,1,1,0,0,1,0,1,1,0,70
712,3,0,1,6,0,0,0,0,0,0,0,0,0,0,0,0,0,0,0,0,0,70
713,1,0,1,3,1,0,1,5,23,0,2,1,1,0,1,1,0,0,0,0,1,70
713,2,1,2,3,1,0,1,5,23,0,2,1,1,0,1,1,0,0,0,1,0,70
713,3,0,1,6,0,0,0,0,0,0,0,0,0,0,0,0,0,0,0,0,0,70
714,1,1,3,2,1,0,1,5,23,0,2,1,1,0,0,1,0,1,0,0,0,70
714,2,0,1,4,1,0,1,5,23,0,2,1,1,0,1,0,1,0,0,1,0,70
714,3,0,1,6,0,0,0,0,0,0,0,0,0,0,0,0,0,0,0,0,0,70
715,1,1,2,4,1,0,1,5,23,0,2,1,1,1,0,1,0,1,0,0,0,70
715,2,0,3,6,1,0,1,5,23,0,2,1,1,0,1,1,0,1,0,0,1,70
715,3,0,1,6,0,0,0,0,0,0,0,0,0,0,0,0,0,0,0,0,0,70
716,1,1,3,2,1,0,1,5,23,0,2,1,1,1,0,0,0,1,0,1,0,70
716,2,0,3,1,1,0,1,5,23,0,2,1,1,0,0,0,0,0,1,0,1,70
716,3,0,1,6,0,0,0,0,0,0,0,0,0,0,0,0,0,0,0,0,0,70
717,1,0,2,1,1,0,1,5,23,0,2,1,1,0,1,0,0,0,1,0,1,70
717,2,1,2,5,1,0,1,5,23,0,2,1,1,0,0,1,0,0,1,0,1,70
717,3,0,1,6,0,0,0,0,0,0,0,0,0,0,0,0,0,0,0,0,0,70
718,1,0,1,6,1,0,1,5,23,0,2,1,1,0,0,0,0,0,1,0,1,70
718,2,1,1,4,1,0,1,5,23,0,2,1,1,0,0,0,0,0,0,0,0,70
718,3,0,1,6,0,0,0,0,0,0,0,0,0,0,0,0,0,0,0,0,0,70
719,1,0,2,1,1,0,1,5,23,0,2,1,1,0,0,0,1,0,1,0,0,70
719,2,1,1,2,1,0,1,5,23,0,2,1,1,1,0,0,1,1,0,0,0,70
719,3,0,1,6,0,0,0,0,0,0,0,0,0,0,0,0,0,0,0,0,0,70
720,1,1,1,3,1,0,1,5,23,0,2,1,1,1,0,0,1,0,0,1,0,70
720,2,0,3,6,1,0,1,5,23,0,2,1,1,1,0,0,0,1,0,0,0,70
720,3,0,1,6,0,0,0,0,0,0,0,0,0,0,0,0,0,0,0,0,0,70
721,1,0,3,5,1,1,0,3,24,1,1,1,1,0,1,0,1,0,0,1,0,71
721,2,0,2,5,1,1,0,3,24,1,1,1,1,1,0,0,1,0,1,1,0,71
721,3,1,1,6,0,0,0,0,0,0,0,0,0,0,0,0,0,0,0,0,0,71
722,1,0,1,3,1,1,0,3,24,1,1,1,1,0,1,1,0,0,0,0,1,71
722,2,0,2,3,1,1,0,3,24,1,1,1,1,0,1,1,0,0,0,1,0,71
722,3,1,1,6,0,0,0,0,0,0,0,0,0,0,0,0,0,0,0,0,0,71
723,1,0,3,2,1,1,0,3,24,1,1,1,1,0,0,1,0,1,0,0,0,71
723,2,0,1,4,1,1,0,3,24,1,1,1,1,0,1,0,1,0,0,1,0,71
723,3,1,1,6,0,0,0,0,0,0,0,0,0,0,0,0,0,0,0,0,0,71
724,1,0,2,4,1,1,0,3,24,1,1,1,1,1,0,1,0,1,0,0,0,71
724,2,0,3,6,1,1,0,3,24,1,1,1,1,0,1,1,0,1,0,0,1,71
724,3,1,1,6,0,0,0,0,0,0,0,0,0,0,0,0,0,0,0,0,0,71
725,1,0,3,2,1,1,0,3,24,1,1,1,1,1,0,0,0,1,0,1,0,71
725,2,0,3,1,1,1,0,3,24,1,1,1,1,0,0,0,0,0,1,0,1,71
725,3,1,1,6,0,0,0,0,0,0,0,0,0,0,0,0,0,0,0,0,0,71
726,1,0,2,1,1,1,0,3,24,1,1,1,1,0,1,0,0,0,1,0,1,71
726,2,0,2,5,1,1,0,3,24,1,1,1,1,0,0,1,0,0,1,0,1,71
726,3,1,1,6,0,0,0,0,0,0,0,0,0,0,0,0,0,0,0,0,0,71
727,1,0,1,6,1,1,0,3,24,1,1,1,1,0,0,0,0,0,1,0,1,71
727,2,0,1,4,1,1,0,3,24,1,1,1,1,0,0,0,0,0,0,0,0,71
727,3,1,1,6,0,0,0,0,0,0,0,0,0,0,0,0,0,0,0,0,0,71
728,1,0,2,1,1,1,0,3,24,1,1,1,1,0,0,0,1,0,1,0,0,71
728,2,0,1,2,1,1,0,3,24,1,1,1,1,1,0,0,1,1,0,0,0,71
728,3,1,1,6,0,0,0,0,0,0,0,0,0,0,0,0,0,0,0,0,0,71
729,1,0,1,3,1,1,0,3,24,1,1,1,1,1,0,0,1,0,0,1,0,71
729,2,0,3,6,1,1,0,3,24,1,1,1,1,1,0,0,0,1,0,0,0,71
729,3,1,1,6,0,0,0,0,0,0,0,0,0,0,0,0,0,0,0,0,0,71
730,1,0,2,5,1,0,0,4,35,1,1,2,1,1,0,1,0,0,0,0,1,72
730,2,1,2,1,1,0,0,4,35,1,1,2,1,0,0,0,1,1,0,0,0,72
730,3,0,1,6,0,0,0,0,0,0,0,0,0,0,0,0,0,0,0,0,0,72
731,1,0,2,5,1,0,0,4,35,1,1,2,1,0,0,0,0,0,0,1,0,72
731,2,1,1,3,1,0,0,4,35,1,1,2,1,0,1,1,0,0,1,0,0,72
731,3,0,1,6,0,0,0,0,0,0,0,0,0,0,0,0,0,0,0,0,0,72
732,1,1,1,3,1,0,0,4,35,1,1,2,1,1,0,0,0,1,0,0,0,72
732,2,0,2,5,1,0,0,4,35,1,1,2,1,0,1,0,1,0,1,0,0,72
732,3,0,1,6,0,0,0,0,0,0,0,0,0,0,0,0,0,0,0,0,0,72
733,1,0,1,4,1,0,0,4,35,1,1,2,1,0,0,0,0,1,0,1,0,72
733,2,1,3,2,1,0,0,4,35,1,1,2,1,1,0,1,0,0,0,1,0,72
733,3,0,1,6,0,0,0,0,0,0,0,0,0,0,0,0,0,0,0,0,0,72
734,1,1,1,4,1,0,0,4,35,1,1,2,1,0,1,0,1,1,0,0,0,72
734,2,0,2,1,1,0,0,4,35,1,1,2,1,0,0,0,0,1,0,1,0,72
734,3,0,1,6,0,0,0,0,0,0,0,0,0,0,0,0,0,0,0,0,0,72
735,1,1,3,2,1,0,0,4,35,1,1,2,1,0,0,0,1,0,1,0,1,72
735,2,0,3,6,1,0,0,4,35,1,1,2,1,0,0,1,0,1,0,1,0,72
735,3,0,1,6,0,0,0,0,0,0,0,0,0,0,0,0,0,0,0,0,0,72
736,1,1,3,6,1,0,0,4,35,1,1,2,1,0,1,0,1,0,1,0,0,72
736,2,0,1,3,1,0,0,4,35,1,1,2,1,0,1,0,0,0,1,0,1,72
736,3,0,1,6,0,0,0,0,0,0,0,0,0,0,0,0,0,0,0,0,0,72
737,1,0,3,6,1,0,0,4,35,1,1,2,1,1,0,1,0,0,1,0,1,72
737,2,1,3,2,1,0,0,4,35,1,1,2,1,1,0,0,1,0,0,0,1,72
737,3,0,1,6,0,0,0,0,0,0,0,0,0,0,0,0,0,0,0,0,0,72
738,1,1,2,1,1,0,0,4,35,1,1,2,1,0,1,1,0,0,0,1,0,72
738,2,0,1,4,1,0,0,4,35,1,1,2,1,1,0,0,0,0,0,0,1,72
738,3,0,1,6,0,0,0,0,0,0,0,0,0,0,0,0,0,0,0,0,0,72
739,1,1,1,5,1,0,1,4,28,0,1,1,1,1,0,0,1,0,0,0,0,73
739,2,0,1,5,1,0,1,4,28,0,1,1,1,0,0,1,0,0,0,0,1,73
739,3,0,1,6,0,0,0,0,0,0,0,0,0,0,0,0,0,0,0,0,0,73
740,1,1,3,3,1,0,1,4,28,0,1,1,1,0,0,0,0,0,0,0,0,73
740,2,0,2,1,1,0,1,4,28,0,1,1,1,1,0,1,0,1,0,0,1,73
740,3,0,1,6,0,0,0,0,0,0,0,0,0,0,0,0,0,0,0,0,0,73
741,1,0,1,5,1,0,1,4,28,0,1,1,1,0,1,0,0,1,0,0,1,73
741,2,1,1,3,1,0,1,4,28,0,1,1,1,1,0,0,1,1,0,0,1,73
741,3,0,1,6,0,0,0,0,0,0,0,0,0,0,0,0,0,0,0,0,0,73
742,1,1,3,4,1,0,1,4,28,0,1,1,1,0,0,1,0,1,0,0,1,73
742,2,0,2,6,1,0,1,4,28,0,1,1,1,1,0,0,0,0,1,0,0,73
742,3,0,1,6,0,0,0,0,0,0,0,0,0,0,0,0,0,0,0,0,0,73
743,1,0,2,2,1,0,1,4,28,0,1,1,1,0,1,0,1,1,0,0,1,73
743,2,1,3,2,1,0,1,4,28,0,1,1,1,0,1,0,0,0,0,0,0,73
743,3,0,1,6,0,0,0,0,0,0,0,0,0,0,0,0,0,0,0,0,0,73
744,1,1,3,4,1,0,1,4,28,0,1,1,1,1,0,0,1,0,1,1,0,73
744,2,0,2,1,1,0,1,4,28,0,1,1,1,0,1,1,0,0,0,0,0,73
744,3,0,1,6,0,0,0,0,0,0,0,0,0,0,0,0,0,0,0,0,0,73
745,1,0,2,6,1,0,1,4,28,0,1,1,1,0,1,0,0,0,1,1,0,73
745,2,1,3,4,1,0,1,4,28,0,1,1,1,0,1,0,1,1,0,1,0,73
745,3,0,1,6,0,0,0,0,0,0,0,0,0,0,0,0,0,0,0,0,0,73
746,1,0,1,1,1,0,1,4,28,0,1,1,1,1,0,1,0,0,1,1,0,73
746,2,1,1,3,1,0,1,4,28,0,1,1,1,0,0,0,1,0,1,1,0,73
746,3,0,1,6,0,0,0,0,0,0,0,0,0,0,0,0,0,0,0,0,0,73
747,1,0,2,6,1,0,1,4,28,0,1,1,1,0,0,1,0,0,0,0,0,73
747,2,1,3,2,1,0,1,4,28,0,1,1,1,0,0,0,0,0,1,1,0,73
747,3,0,1,6,0,0,0,0,0,0,0,0,0,0,0,0,0,0,0,0,0,73
748,1,1,3,5,1,0,1,5,24,0,2,1,0,0,1,0,1,0,0,1,0,74
748,2,0,2,5,1,0,1,5,24,0,2,1,0,1,0,0,1,0,1,1,0,74
748,3,0,1,6,0,0,0,0,0,0,0,0,0,0,0,0,0,0,0,0,0,74
749,1,0,1,3,1,0,1,5,24,0,2,1,0,0,1,1,0,0,0,0,1,74
749,2,1,2,3,1,0,1,5,24,0,2,1,0,0,1,1,0,0,0,1,0,74
749,3,0,1,6,0,0,0,0,0,0,0,0,0,0,0,0,0,0,0,0,0,74
750,1,1,3,2,1,0,1,5,24,0,2,1,0,0,0,1,0,1,0,0,0,74
750,2,0,1,4,1,0,1,5,24,0,2,1,0,0,1,0,1,0,0,1,0,74
750,3,0,1,6,0,0,0,0,0,0,0,0,0,0,0,0,0,0,0,0,0,74
751,1,1,2,4,1,0,1,5,24,0,2,1,0,1,0,1,0,1,0,0,0,74
751,2,0,3,6,1,0,1,5,24,0,2,1,0,0,1,1,0,1,0,0,1,74
751,3,0,1,6,0,0,0,0,0,0,0,0,0,0,0,0,0,0,0,0,0,74
752,1,0,3,2,1,0,1,5,24,0,2,1,0,1,0,0,0,1,0,1,0,74
752,2,1,3,1,1,0,1,5,24,0,2,1,0,0,0,0,0,0,1,0,1,74
752,3,0,1,6,0,0,0,0,0,0,0,0,0,0,0,0,0,0,0,0,0,74
753,1,1,2,1,1,0,1,5,24,0,2,1,0,0,1,0,0,0,1,0,1,74
753,2,0,2,5,1,0,1,5,24,0,2,1,0,0,0,1,0,0,1,0,1,74
753,3,0,1,6,0,0,0,0,0,0,0,0,0,0,0,0,0,0,0,0,0,74
754,1,0,1,6,1,0,1,5,24,0,2,1,0,0,0,0,0,0,1,0,1,74
754,2,1,1,4,1,0,1,5,24,0,2,1,0,0,0,0,0,0,0,0,0,74
754,3,0,1,6,0,0,0,0,0,0,0,0,0,0,0,0,0,0,0,0,0,74
755,1,1,2,1,1,0,1,5,24,0,2,1,0,0,0,0,1,0,1,0,0,74
755,2,0,1,2,1,0,1,5,24,0,2,1,0,1,0,0,1,1,0,0,0,74
755,3,0,1,6,0,0,0,0,0,0,0,0,0,0,0,0,0,0,0,0,0,74
756,1,0,1,3,1,0,1,5,24,0,2,1,0,1,0,0,1,0,0,1,0,74
756,2,1,3,6,1,0,1,5,24,0,2,1,0,1,0,0,0,1,0,0,0,74
756,3,0,1,6,0,0,0,0,0,0,0,0,0,0,0,0,0,0,0,0,0,74
766,1,0,3,5,1,0,0,3,22,1,1,2,1,0,1,0,1,0,0,1,0,75
766,2,1,2,5,1,0,0,3,22,1,1,2,1,1,0,0,1,0,1,1,0,75
766,3,0,1,6,0,0,0,0,0,0,0,0,0,0,0,0,0,0,0,0,0,75
767,1,0,1,3,1,0,0,3,22,1,1,2,1,0,1,1,0,0,0,0,1,75
767,2,1,2,3,1,0,0,3,22,1,1,2,1,0,1,1,0,0,0,1,0,75
767,3,0,1,6,0,0,0,0,0,0,0,0,0,0,0,0,0,0,0,0,0,75
768,1,1,3,2,1,0,0,3,22,1,1,2,1,0,0,1,0,1,0,0,0,75
768,2,0,1,4,1,0,0,3,22,1,1,2,1,0,1,0,1,0,0,1,0,75
768,3,0,1,6,0,0,0,0,0,0,0,0,0,0,0,0,0,0,0,0,0,75
769,1,1,2,4,1,0,0,3,22,1,1,2,1,1,0,1,0,1,0,0,0,75
769,2,0,3,6,1,0,0,3,22,1,1,2,1,0,1,1,0,1,0,0,1,75
769,3,0,1,6,0,0,0,0,0,0,0,0,0,0,0,0,0,0,0,0,0,75
770,1,1,3,2,1,0,0,3,22,1,1,2,1,1,0,0,0,1,0,1,0,75
770,2,0,3,1,1,0,0,3,22,1,1,2,1,0,0,0,0,0,1,0,1,75
770,3,0,1,6,0,0,0,0,0,0,0,0,0,0,0,0,0,0,0,0,0,75
771,1,1,2,1,1,0,0,3,22,1,1,2,1,0,1,0,0,0,1,0,1,75
771,2,0,2,5,1,0,0,3,22,1,1,2,1,0,0,1,0,0,1,0,1,75
771,3,0,1,6,0,0,0,0,0,0,0,0,0,0,0,0,0,0,0,0,0,75
772,1,0,1,6,1,0,0,3,22,1,1,2,1,0,0,0,0,0,1,0,1,75
772,2,1,1,4,1,0,0,3,22,1,1,2,1,0,0,0,0,0,0,0,0,75
772,3,0,1,6,0,0,0,0,0,0,0,0,0,0,0,0,0,0,0,0,0,75
773,1,1,2,1,1,0,0,3,22,1,1,2,1,0,0,0,1,0,1,0,0,75
773,2,0,1,2,1,0,0,3,22,1,1,2,1,1,0,0,1,1,0,0,0,75
773,3,0,1,6,0,0,0,0,0,0,0,0,0,0,0,0,0,0,0,0,0,75
774,1,1,1,3,1,0,0,3,22,1,1,2,1,1,0,0,1,0,0,1,0,75
774,2,0,3,6,1,0,0,3,22,1,1,2,1,1,0,0,0,1,0,0,0,75
774,3,0,1,6,0,0,0,0,0,0,0,0,0,0,0,0,0,0,0,0,0,75
775,1,0,3,5,1,0,0,5,31,0,2,1,1,0,1,0,1,0,0,1,0,76
775,2,1,2,5,1,0,0,5,31,0,2,1,1,1,0,0,1,0,1,1,0,76
775,3,0,1,6,0,0,0,0,0,0,0,0,0,0,0,0,0,0,0,0,0,76
776,1,0,1,3,1,0,0,5,31,0,2,1,1,0,1,1,0,0,0,0,1,76
776,2,1,2,3,1,0,0,5,31,0,2,1,1,0,1,1,0,0,0,1,0,76
776,3,0,1,6,0,0,0,0,0,0,0,0,0,0,0,0,0,0,0,0,0,76
777,1,0,3,2,1,0,0,5,31,0,2,1,1,0,0,1,0,1,0,0,0,76
777,2,1,1,4,1,0,0,5,31,0,2,1,1,0,1,0,1,0,0,1,0,76
777,3,0,1,6,0,0,0,0,0,0,0,0,0,0,0,0,0,0,0,0,0,76
778,1,0,2,4,1,0,0,5,31,0,2,1,1,1,0,1,0,1,0,0,0,76
778,2,1,3,6,1,0,0,5,31,0,2,1,1,0,1,1,0,1,0,0,1,76
778,3,0,1,6,0,0,0,0,0,0,0,0,0,0,0,0,0,0,0,0,0,76
779,1,1,3,2,1,0,0,5,31,0,2,1,1,1,0,0,0,1,0,1,0,76
779,2,0,3,1,1,0,0,5,31,0,2,1,1,0,0,0,0,0,1,0,1,76
779,3,0,1,6,0,0,0,0,0,0,0,0,0,0,0,0,0,0,0,0,0,76
780,1,1,2,1,1,0,0,5,31,0,2,1,1,0,1,0,0,0,1,0,1,76
780,2,0,2,5,1,0,0,5,31,0,2,1,1,0,0,1,0,0,1,0,1,76
780,3,0,1,6,0,0,0,0,0,0,0,0,0,0,0,0,0,0,0,0,0,76
781,1,0,1,6,1,0,0,5,31,0,2,1,1,0,0,0,0,0,1,0,1,76
781,2,1,1,4,1,0,0,5,31,0,2,1,1,0,0,0,0,0,0,0,0,76
781,3,0,1,6,0,0,0,0,0,0,0,0,0,0,0,0,0,0,0,0,0,76
782,1,0,2,1,1,0,0,5,31,0,2,1,1,0,0,0,1,0,1,0,0,76
782,2,1,1,2,1,0,0,5,31,0,2,1,1,1,0,0,1,1,0,0,0,76
782,3,0,1,6,0,0,0,0,0,0,0,0,0,0,0,0,0,0,0,0,0,76
783,1,1,1,3,1,0,0,5,31,0,2,1,1,1,0,0,1,0,0,1,0,76
783,2,0,3,6,1,0,0,5,31,0,2,1,1,1,0,0,0,1,0,0,0,76
783,3,0,1,6,0,0,0,0,0,0,0,0,0,0,0,0,0,0,0,0,0,76
784,1,0,1,5,1,0,1,5,33,1,1,1,1,1,0,0,1,0,0,0,0,77
784,2,0,1,5,1,0,1,5,33,1,1,1,1,0,0,1,0,0,0,0,1,77
784,3,1,1,6,0,0,0,0,0,0,0,0,0,0,0,0,0,0,0,0,0,77
785,1,0,3,3,1,0,1,5,33,1,1,1,1,0,0,0,0,0,0,0,0,77
785,2,0,2,1,1,0,1,5,33,1,1,1,1,1,0,1,0,1,0,0,1,77
785,3,1,1,6,0,0,0,0,0,0,0,0,0,0,0,0,0,0,0,0,0,77
786,1,0,1,5,1,0,1,5,33,1,1,1,1,0,1,0,0,1,0,0,1,77
786,2,0,1,3,1,0,1,5,33,1,1,1,1,1,0,0,1,1,0,0,1,77
786,3,1,1,6,0,0,0,0,0,0,0,0,0,0,0,0,0,0,0,0,0,77
787,1,0,3,4,1,0,1,5,33,1,1,1,1,0,0,1,0,1,0,0,1,77
787,2,0,2,6,1,0,1,5,33,1,1,1,1,1,0,0,0,0,1,0,0,77
787,3,1,1,6,0,0,0,0,0,0,0,0,0,0,0,0,0,0,0,0,0,77
788,1,0,2,2,1,0,1,5,33,1,1,1,1,0,1,0,1,1,0,0,1,77
788,2,0,3,2,1,0,1,5,33,1,1,1,1,0,1,0,0,0,0,0,0,77
788,3,1,1,6,0,0,0,0,0,0,0,0,0,0,0,0,0,0,0,0,0,77
789,1,0,3,4,1,0,1,5,33,1,1,1,1,1,0,0,1,0,1,1,0,77
789,2,0,2,1,1,0,1,5,33,1,1,1,1,0,1,1,0,0,0,0,0,77
789,3,1,1,6,0,0,0,0,0,0,0,0,0,0,0,0,0,0,0,0,0,77
790,1,0,2,6,1,0,1,5,33,1,1,1,1,0,1,0,0,0,1,1,0,77
790,2,0,3,4,1,0,1,5,33,1,1,1,1,0,1,0,1,1,0,1,0,77
790,3,1,1,6,0,0,0,0,0,0,0,0,0,0,0,0,0,0,0,0,0,77
791,1,0,1,1,1,0,1,5,33,1,1,1,1,1,0,1,0,0,1,1,0,77
791,2,0,1,3,1,0,1,5,33,1,1,1,1,0,0,0,1,0,1,1,0,77
791,3,1,1,6,0,0,0,0,0,0,0,0,0,0,0,0,0,0,0,0,0,77
792,1,0,2,6,1,0,1,5,33,1,1,1,1,0,0,1,0,0,0,0,0,77
792,2,0,3,2,1,0,1,5,33,1,1,1,1,0,0,0,0,0,1,1,0,77
792,3,1,1,6,0,0,0,0,0,0,0,0,0,0,0,0,0,0,0,0,0,77
793,1,1,1,5,1,0,1,5,25,1,1,1,1,1,0,0,1,0,0,0,0,78
793,2,0,1,5,1,0,1,5,25,1,1,1,1,0,0,1,0,0,0,0,1,78
793,3,0,1,6,0,0,0,0,0,0,0,0,0,0,0,0,0,0,0,0,0,78
794,1,0,3,3,1,0,1,5,25,1,1,1,1,0,0,0,0,0,0,0,0,78
794,2,1,2,1,1,0,1,5,25,1,1,1,1,1,0,1,0,1,0,0,1,78
794,3,0,1,6,0,0,0,0,0,0,0,0,0,0,0,0,0,0,0,0,0,78
795,1,1,1,5,1,0,1,5,25,1,1,1,1,0,1,0,0,1,0,0,1,78
795,2,0,1,3,1,0,1,5,25,1,1,1,1,1,0,0,1,1,0,0,1,78
795,3,0,1,6,0,0,0,0,0,0,0,0,0,0,0,0,0,0,0,0,0,78
796,1,0,3,4,1,0,1,5,25,1,1,1,1,0,0,1,0,1,0,0,1,78
796,2,1,2,6,1,0,1,5,25,1,1,1,1,1,0,0,0,0,1,0,0,78
796,3,0,1,6,0,0,0,0,0,0,0,0,0,0,0,0,0,0,0,0,0,78
797,1,1,2,2,1,0,1,5,25,1,1,1,1,0,1,0,1,1,0,0,1,78
797,2,0,3,2,1,0,1,5,25,1,1,1,1,0,1,0,0,0,0,0,0,78
797,3,0,1,6,0,0,0,0,0,0,0,0,0,0,0,0,0,0,0,0,0,78
798,1,1,3,4,1,0,1,5,25,1,1,1,1,1,0,0,1,0,1,1,0,78
798,2,0,2,1,1,0,1,5,25,1,1,1,1,0,1,1,0,0,0,0,0,78
798,3,0,1,6,0,0,0,0,0,0,0,0,0,0,0,0,0,0,0,0,0,78
799,1,0,2,6,1,0,1,5,25,1,1,1,1,0,1,0,0,0,1,1,0,78
799,2,1,3,4,1,0,1,5,25,1,1,1,1,0,1,0,1,1,0,1,0,78
799,3,0,1,6,0,0,0,0,0,0,0,0,0,0,0,0,0,0,0,0,0,78
800,1,1,1,1,1,0,1,5,25,1,1,1,1,1,0,1,0,0,1,1,0,78
800,2,0,1,3,1,0,1,5,25,1,1,1,1,0,0,0,1,0,1,1,0,78
800,3,0,1,6,0,0,0,0,0,0,0,0,0,0,0,0,0,0,0,0,0,78
801,1,1,2,6,1,0,1,5,25,1,1,1,1,0,0,1,0,0,0,0,0,78
801,2,0,3,2,1,0,1,5,25,1,1,1,1,0,0,0,0,0,1,1,0,78
801,3,0,1,6,0,0,0,0,0,0,0,0,0,0,0,0,0,0,0,0,0,78
802,1,1,2,3,1,0,1,3,29,1,2,1,1,1,0,0,1,1,0,0,1,79
802,2,0,1,4,1,0,1,3,29,1,2,1,1,1,0,1,0,0,1,1,0,79
802,3,0,1,6,0,0,0,0,0,0,0,0,0,0,0,0,0,0,0,0,0,79
803,1,1,3,6,1,0,1,3,29,1,2,1,1,0,1,1,0,1,0,1,0,79
803,2,0,1,5,1,0,1,3,29,1,2,1,1,0,0,1,0,1,0,0,0,79
803,3,0,1,6,0,0,0,0,0,0,0,0,0,0,0,0,0,0,0,0,0,79
804,1,1,2,3,1,0,1,3,29,1,2,1,1,0,0,0,1,1,0,1,0,79
804,2,0,2,3,1,0,1,3,29,1,2,1,1,0,0,0,1,0,0,0,1,79
804,3,0,1,6,0,0,0,0,0,0,0,0,0,0,0,0,0,0,0,0,0,79
805,1,0,1,2,1,0,1,3,29,1,2,1,1,0,0,1,0,0,1,1,0,79
805,2,1,2,5,1,0,1,3,29,1,2,1,1,0,1,0,0,1,0,0,1,79
805,3,0,1,6,0,0,0,0,0,0,0,0,0,0,0,0,0,0,0,0,0,79
806,1,1,2,5,1,0,1,3,29,1,2,1,1,1,0,0,0,0,1,0,0,79
806,2,0,2,6,1,0,1,3,29,1,2,1,1,1,0,0,0,0,0,1,0,79
806,3,0,1,6,0,0,0,0,0,0,0,0,0,0,0,0,0,0,0,0,0,79
807,1,1,1,2,1,0,1,3,29,1,2,1,1,0,1,1,0,0,1,0,0,79
807,2,0,3,1,1,0,1,3,29,1,2,1,1,1,0,1,0,0,1,0,0,79
807,3,0,1,6,0,0,0,0,0,0,0,0,0,0,0,0,0,0,0,0,0,79
808,1,1,3,1,1,0,1,3,29,1,2,1,1,0,1,0,0,0,0,0,0,79
808,2,0,3,6,1,0,1,3,29,1,2,1,1,0,0,0,1,0,0,0,0,79
808,3,0,1,6,0,0,0,0,0,0,0,0,0,0,0,0,0,0,0,0,0,79
809,1,0,1,4,1,0,1,3,29,1,2,1,1,0,0,0,1,0,0,0,1,79
809,2,1,3,4,1,0,1,3,29,1,2,1,1,0,1,0,1,0,1,0,1,79
809,3,0,1,6,0,0,0,0,0,0,0,0,0,0,0,0,0,0,0,0,0,79
810,1,0,3,1,1,0,1,3,29,1,2,1,1,1,0,0,0,0,0,0,1,79
810,2,1,1,2,1,0,1,3,29,1,2,1,1,0,1,0,0,1,0,1,0,79
810,3,0,1,6,0,0,0,0,0,0,0,0,0,0,0,0,0,0,0,0,0,79
811,1,1,2,5,1,0,1,4,23,1,2,1,1,1,0,1,0,0,0,0,1,80
811,2,0,2,1,1,0,1,4,23,1,2,1,1,0,0,0,1,1,0,0,0,80
811,3,0,1,6,0,0,0,0,0,0,0,0,0,0,0,0,0,0,0,0,0,80
812,1,0,2,5,1,0,1,4,23,1,2,1,1,0,0,0,0,0,0,1,0,80
812,2,1,1,3,1,0,1,4,23,1,2,1,1,0,1,1,0,0,1,0,0,80
812,3,0,1,6,0,0,0,0,0,0,0,0,0,0,0,0,0,0,0,0,0,80
813,1,0,1,3,1,0,1,4,23,1,2,1,1,1,0,0,0,1,0,0,0,80
813,2,1,2,5,1,0,1,4,23,1,2,1,1,0,1,0,1,0,1,0,0,80
813,3,0,1,6,0,0,0,0,0,0,0,0,0,0,0,0,0,0,0,0,0,80
814,1,0,1,4,1,0,1,4,23,1,2,1,1,0,0,0,0,1,0,1,0,80
814,2,1,3,2,1,0,1,4,23,1,2,1,1,1,0,1,0,0,0,1,0,80
814,3,0,1,6,0,0,0,0,0,0,0,0,0,0,0,0,0,0,0,0,0,80
815,1,1,1,4,1,0,1,4,23,1,2,1,1,0,1,0,1,1,0,0,0,80
815,2,0,2,1,1,0,1,4,23,1,2,1,1,0,0,0,0,1,0,1,0,80
815,3,0,1,6,0,0,0,0,0,0,0,0,0,0,0,0,0,0,0,0,0,80
816,1,1,3,2,1,0,1,4,23,1,2,1,1,0,0,0,1,0,1,0,1,80
816,2,0,3,6,1,0,1,4,23,1,2,1,1,0,0,1,0,1,0,1,0,80
816,3,0,1,6,0,0,0,0,0,0,0,0,0,0,0,0,0,0,0,0,0,80
817,1,0,3,6,1,0,1,4,23,1,2,1,1,0,1,0,1,0,1,0,0,80
817,2,1,1,3,1,0,1,4,23,1,2,1,1,0,1,0,0,0,1,0,1,80
817,3,0,1,6,0,0,0,0,0,0,0,0,0,0,0,0,0,0,0,0,0,80
818,1,0,3,6,1,0,1,4,23,1,2,1,1,1,0,1,0,0,1,0,1,80
818,2,1,3,2,1,0,1,4,23,1,2,1,1,1,0,0,1,0,0,0,1,80
818,3,0,1,6,0,0,0,0,0,0,0,0,0,0,0,0,0,0,0,0,0,80
819,1,1,2,1,1,0,1,4,23,1,2,1,1,0,1,1,0,0,0,1,0,80
819,2,0,1,4,1,0,1,4,23,1,2,1,1,1,0,0,0,0,0,0,1,80
819,3,0,1,6,0,0,0,0,0,0,0,0,0,0,0,0,0,0,0,0,0,80
820,1,0,2,5,1,0,0,4,23,0,1,1,1,1,0,1,0,0,0,0,1,81
820,2,1,2,1,1,0,0,4,23,0,1,1,1,0,0,0,1,1,0,0,0,81
820,3,0,1,6,0,0,0,0,0,0,0,0,0,0,0,0,0,0,0,0,0,81
821,1,0,2,5,1,0,0,4,23,0,1,1,1,0,0,0,0,0,0,1,0,81
821,2,1,1,3,1,0,0,4,23,0,1,1,1,0,1,1,0,0,1,0,0,81
821,3,0,1,6,0,0,0,0,0,0,0,0,0,0,0,0,0,0,0,0,0,81
822,1,1,1,3,1,0,0,4,23,0,1,1,1,1,0,0,0,1,0,0,0,81
822,2,0,2,5,1,0,0,4,23,0,1,1,1,0,1,0,1,0,1,0,0,81
822,3,0,1,6,0,0,0,0,0,0,0,0,0,0,0,0,0,0,0,0,0,81
823,1,0,1,4,1,0,0,4,23,0,1,1,1,0,0,0,0,1,0,1,0,81
823,2,1,3,2,1,0,0,4,23,0,1,1,1,1,0,1,0,0,0,1,0,81
823,3,0,1,6,0,0,0,0,0,0,0,0,0,0,0,0,0,0,0,0,0,81
824,1,1,1,4,1,0,0,4,23,0,1,1,1,0,1,0,1,1,0,0,0,81
824,2,0,2,1,1,0,0,4,23,0,1,1,1,0,0,0,0,1,0,1,0,81
824,3,0,1,6,0,0,0,0,0,0,0,0,0,0,0,0,0,0,0,0,0,81
825,1,1,3,2,1,0,0,4,23,0,1,1,1,0,0,0,1,0,1,0,1,81
825,2,0,3,6,1,0,0,4,23,0,1,1,1,0,0,1,0,1,0,1,0,81
825,3,0,1,6,0,0,0,0,0,0,0,0,0,0,0,0,0,0,0,0,0,81
826,1,0,3,6,1,0,0,4,23,0,1,1,1,0,1,0,1,0,1,0,0,81
826,2,1,1,3,1,0,0,4,23,0,1,1,1,0,1,0,0,0,1,0,1,81
826,3,0,1,6,0,0,0,0,0,0,0,0,0,0,0,0,0,0,0,0,0,81
827,1,0,3,6,1,0,0,4,23,0,1,1,1,1,0,1,0,0,1,0,1,81
827,2,1,3,2,1,0,0,4,23,0,1,1,1,1,0,0,1,0,0,0,1,81
827,3,0,1,6,0,0,0,0,0,0,0,0,0,0,0,0,0,0,0,0,0,81
828,1,1,2,1,1,0,0,4,23,0,1,1,1,0,1,1,0,0,0,1,0,81
828,2,0,1,4,1,0,0,4,23,0,1,1,1,1,0,0,0,0,0,0,1,81
828,3,0,1,6,0,0,0,0,0,0,0,0,0,0,0,0,0,0,0,0,0,81
829,1,1,2,5,1,0,1,5,23,1,1,1,1,1,0,1,0,0,0,0,1,82
829,2,0,2,1,1,0,1,5,23,1,1,1,1,0,0,0,1,1,0,0,0,82
829,3,0,1,6,0,0,0,0,0,0,0,0,0,0,0,0,0,0,0,0,0,82
830,1,1,2,5,1,0,1,5,23,1,1,1,1,0,0,0,0,0,0,1,0,82
830,2,0,1,3,1,0,1,5,23,1,1,1,1,0,1,1,0,0,1,0,0,82
830,3,0,1,6,0,0,0,0,0,0,0,0,0,0,0,0,0,0,0,0,0,82
831,1,0,1,3,1,0,1,5,23,1,1,1,1,1,0,0,0,1,0,0,0,82
831,2,0,2,5,1,0,1,5,23,1,1,1,1,0,1,0,1,0,1,0,0,82
831,3,1,1,6,0,0,0,0,0,0,0,0,0,0,0,0,0,0,0,0,0,82
832,1,0,1,4,1,0,1,5,23,1,1,1,1,0,0,0,0,1,0,1,0,82
832,2,0,3,2,1,0,1,5,23,1,1,1,1,1,0,1,0,0,0,1,0,82
832,3,1,1,6,0,0,0,0,0,0,0,0,0,0,0,0,0,0,0,0,0,82
833,1,0,1,4,1,0,1,5,23,1,1,1,1,0,1,0,1,1,0,0,0,82
833,2,0,2,1,1,0,1,5,23,1,1,1,1,0,0,0,0,1,0,1,0,82
833,3,1,1,6,0,0,0,0,0,0,0,0,0,0,0,0,0,0,0,0,0,82
834,1,0,3,2,1,0,1,5,23,1,1,1,1,0,0,0,1,0,1,0,1,82
834,2,0,3,6,1,0,1,5,23,1,1,1,1,0,0,1,0,1,0,1,0,82
834,3,1,1,6,0,0,0,0,0,0,0,0,0,0,0,0,0,0,0,0,0,82
835,1,0,3,6,1,0,1,5,23,1,1,1,1,0,1,0,1,0,1,0,0,82
835,2,0,1,3,1,0,1,5,23,1,1,1,1,0,1,0,0,0,1,0,1,82
835,3,1,1,6,0,0,0,0,0,0,0,0,0,0,0,0,0,0,0,0,0,82
836,1,1,3,6,1,0,1,5,23,1,1,1,1,1,0,1,0,0,1,0,1,82
836,2,0,3,2,1,0,1,5,23,1,1,1,1,1,0,0,1,0,0,0,1,82
836,3,0,1,6,0,0,0,0,0,0,0,0,0,0,0,0,0,0,0,0,0,82
837,1,0,2,1,1,0,1,5,23,1,1,1,1,0,1,1,0,0,0,1,0,82
837,2,0,1,4,1,0,1,5,23,1,1,1,1,1,0,0,0,0,0,0,1,82
837,3,1,1,6,0,0,0,0,0,0,0,0,0,0,0,0,0,0,0,0,0,82
838,1,1,2,3,1,0,1,3,27,1,1,2,1,1,0,0,1,1,0,0,1,83
838,2,0,1,4,1,0,1,3,27,1,1,2,1,1,0,1,0,0,1,1,0,83
838,3,0,1,6,0,0,0,0,0,0,0,0,0,0,0,0,0,0,0,0,0,83
839,1,1,3,6,1,0,1,3,27,1,1,2,1,0,1,1,0,1,0,1,0,83
839,2,0,1,5,1,0,1,3,27,1,1,2,1,0,0,1,0,1,0,0,0,83
839,3,0,1,6,0,0,0,0,0,0,0,0,0,0,0,0,0,0,0,0,0,83
840,1,1,2,3,1,0,1,3,27,1,1,2,1,0,0,0,1,1,0,1,0,83
840,2,0,2,3,1,0,1,3,27,1,1,2,1,0,0,0,1,0,0,0,1,83
840,3,0,1,6,0,0,0,0,0,0,0,0,0,0,0,0,0,0,0,0,0,83
841,1,0,1,2,1,0,1,3,27,1,1,2,1,0,0,1,0,0,1,1,0,83
841,2,1,2,5,1,0,1,3,27,1,1,2,1,0,1,0,0,1,0,0,1,83
841,3,0,1,6,0,0,0,0,0,0,0,0,0,0,0,0,0,0,0,0,0,83
842,1,1,2,5,1,0,1,3,27,1,1,2,1,1,0,0,0,0,1,0,0,83
842,2,0,2,6,1,0,1,3,27,1,1,2,1,1,0,0,0,0,0,1,0,83
842,3,0,1,6,0,0,0,0,0,0,0,0,0,0,0,0,0,0,0,0,0,83
843,1,0,1,2,1,0,1,3,27,1,1,2,1,0,1,1,0,0,1,0,0,83
843,2,1,3,1,1,0,1,3,27,1,1,2,1,1,0,1,0,0,1,0,0,83
843,3,0,1,6,0,0,0,0,0,0,0,0,0,0,0,0,0,0,0,0,0,83
844,1,1,3,1,1,0,1,3,27,1,1,2,1,0,1,0,0,0,0,0,0,83
844,2,0,3,6,1,0,1,3,27,1,1,2,1,0,0,0,1,0,0,0,0,83
844,3,0,1,6,0,0,0,0,0,0,0,0,0,0,0,0,0,0,0,0,0,83
845,1,0,1,4,1,0,1,3,27,1,1,2,1,0,0,0,1,0,0,0,1,83
845,2,1,3,4,1,0,1,3,27,1,1,2,1,0,1,0,1,0,1,0,1,83
845,3,0,1,6,0,0,0,0,0,0,0,0,0,0,0,0,0,0,0,0,0,83
846,1,0,3,1,1,0,1,3,27,1,1,2,1,1,0,0,0,0,0,0,1,83
846,2,1,1,2,1,0,1,3,27,1,1,2,1,0,1,0,0,1,0,1,0,83
846,3,0,1,6,0,0,0,0,0,0,0,0,0,0,0,0,0,0,0,0,0,83
847,1,0,2,3,1,0,1,5,28,0,3,1,1,1,0,0,1,1,0,0,1,84
847,2,1,1,4,1,0,1,5,28,0,3,1,1,1,0,1,0,0,1,1,0,84
847,3,0,1,6,0,0,0,0,0,0,0,0,0,0,0,0,0,0,0,0,0,84
848,1,1,3,6,1,0,1,5,28,0,3,1,1,0,1,1,0,1,0,1,0,84
848,2,0,1,5,1,0,1,5,28,0,3,1,1,0,0,1,0,1,0,0,0,84
848,3,0,1,6,0,0,0,0,0,0,0,0,0,0,0,0,0,0,0,0,0,84
849,1,1,2,3,1,0,1,5,28,0,3,1,1,0,0,0,1,1,0,1,0,84
849,2,0,2,3,1,0,1,5,28,0,3,1,1,0,0,0,1,0,0,0,1,84
849,3,0,1,6,0,0,0,0,0,0,0,0,0,0,0,0,0,0,0,0,0,84
850,1,0,1,2,1,0,1,5,28,0,3,1,1,0,0,1,0,0,1,1,0,84
850,2,1,2,5,1,0,1,5,28,0,3,1,1,0,1,0,0,1,0,0,1,84
850,3,0,1,6,0,0,0,0,0,0,0,0,0,0,0,0,0,0,0,0,0,84
851,1,1,2,5,1,0,1,5,28,0,3,1,1,1,0,0,0,0,1,0,0,84
851,2,0,2,6,1,0,1,5,28,0,3,1,1,1,0,0,0,0,0,1,0,84
851,3,0,1,6,0,0,0,0,0,0,0,0,0,0,0,0,0,0,0,0,0,84
852,1,0,1,2,1,0,1,5,28,0,3,1,1,0,1,1,0,0,1,0,0,84
852,2,1,3,1,1,0,1,5,28,0,3,1,1,1,0,1,0,0,1,0,0,84
852,3,0,1,6,0,0,0,0,0,0,0,0,0,0,0,0,0,0,0,0,0,84
853,1,1,3,1,1,0,1,5,28,0,3,1,1,0,1,0,0,0,0,0,0,84
853,2,0,3,6,1,0,1,5,28,0,3,1,1,0,0,0,1,0,0,0,0,84
853,3,0,1,6,0,0,0,0,0,0,0,0,0,0,0,0,0,0,0,0,0,84
854,1,0,1,4,1,0,1,5,28,0,3,1,1,0,0,0,1,0,0,0,1,84
854,2,1,3,4,1,0,1,5,28,0,3,1,1,0,1,0,1,0,1,0,1,84
854,3,0,1,6,0,0,0,0,0,0,0,0,0,0,0,0,0,0,0,0,0,84
855,1,1,3,1,1,0,1,5,28,0,3,1,1,1,0,0,0,0,0,0,1,84
855,2,0,1,2,1,0,1,5,28,0,3,1,1,0,1,0,0,1,0,1,0,84
855,3,0,1,6,0,0,0,0,0,0,0,0,0,0,0,0,0,0,0,0,0,84
856,1,0,2,3,1,1,1,5,25,0,1,2,1,1,0,0,1,1,0,0,1,85
856,2,0,1,4,1,1,1,5,25,0,1,2,1,1,0,1,0,0,1,1,0,85
856,3,1,1,6,0,0,0,0,0,0,0,0,0,0,0,0,0,0,0,0,0,85
857,1,0,3,6,1,1,1,5,25,0,1,2,1,0,1,1,0,1,0,1,0,85
857,2,0,1,5,1,1,1,5,25,0,1,2,1,0,0,1,0,1,0,0,0,85
857,3,1,1,6,0,0,0,0,0,0,0,0,0,0,0,0,0,0,0,0,0,85
858,1,0,2,3,1,1,1,5,25,0,1,2,1,0,0,0,1,1,0,1,0,85
858,2,0,2,3,1,1,1,5,25,0,1,2,1,0,0,0,1,0,0,0,1,85
858,3,1,1,6,0,0,0,0,0,0,0,0,0,0,0,0,0,0,0,0,0,85
859,1,0,1,2,1,1,1,5,25,0,1,2,1,0,0,1,0,0,1,1,0,85
859,2,0,2,5,1,1,1,5,25,0,1,2,1,0,1,0,0,1,0,0,1,85
859,3,1,1,6,0,0,0,0,0,0,0,0,0,0,0,0,0,0,0,0,0,85
860,1,0,2,5,1,1,1,5,25,0,1,2,1,1,0,0,0,0,1,0,0,85
860,2,0,2,6,1,1,1,5,25,0,1,2,1,1,0,0,0,0,0,1,0,85
860,3,1,1,6,0,0,0,0,0,0,0,0,0,0,0,0,0,0,0,0,0,85
861,1,0,1,2,1,1,1,5,25,0,1,2,1,0,1,1,0,0,1,0,0,85
861,2,0,3,1,1,1,1,5,25,0,1,2,1,1,0,1,0,0,1,0,0,85
861,3,1,1,6,0,0,0,0,0,0,0,0,0,0,0,0,0,0,0,0,0,85
862,1,0,3,1,1,1,1,5,25,0,1,2,1,0,1,0,0,0,0,0,0,85
862,2,0,3,6,1,1,1,5,25,0,1,2,1,0,0,0,1,0,0,0,0,85
862,3,1,1,6,0,0,0,0,0,0,0,0,0,0,0,0,0,0,0,0,0,85
863,1,0,1,4,1,1,1,5,25,0,1,2,1,0,0,0,1,0,0,0,1,85
863,2,0,3,4,1,1,1,5,25,0,1,2,1,0,1,0,1,0,1,0,1,85
863,3,1,1,6,0,0,0,0,0,0,0,0,0,0,0,0,0,0,0,0,0,85
864,1,0,3,1,1,1,1,5,25,0,1,2,1,1,0,0,0,0,0,0,1,85
864,2,0,1,2,1,1,1,5,25,0,1,2,1,0,1,0,0,1,0,1,0,85
864,3,1,1,6,0,0,0,0,0,0,0,0,0,0,0,0,0,0,0,0,0,85
865,1,0,3,5,1,1,0,4,24,0,3,1,1,0,1,0,1,0,0,1,0,86
865,2,0,2,5,1,1,0,4,24,0,3,1,1,1,0,0,1,0,1,1,0,86
865,3,1,1,6,0,0,0,0,0,0,0,0,0,0,0,0,0,0,0,0,0,86
866,1,0,1,3,1,1,0,4,24,0,3,1,1,0,1,1,0,0,0,0,1,86
866,2,0,2,3,1,1,0,4,24,0,3,1,1,0,1,1,0,0,0,1,0,86
866,3,1,1,6,0,0,0,0,0,0,0,0,0,0,0,0,0,0,0,0,0,86
867,1,0,3,2,1,1,0,4,24,0,3,1,1,0,0,1,0,1,0,0,0,86
867,2,0,1,4,1,1,0,4,24,0,3,1,1,0,1,0,1,0,0,1,0,86
867,3,1,1,6,0,0,0,0,0,0,0,0,0,0,0,0,0,0,0,0,0,86
868,1,0,2,4,1,1,0,4,24,0,3,1,1,1,0,1,0,1,0,0,0,86
868,2,0,3,6,1,1,0,4,24,0,3,1,1,0,1,1,0,1,0,0,1,86
868,3,1,1,6,0,0,0,0,0,0,0,0,0,0,0,0,0,0,0,0,0,86
869,1,0,3,2,1,1,0,4,24,0,3,1,1,1,0,0,0,1,0,1,0,86
869,2,1,3,1,1,1,0,4,24,0,3,1,1,0,0,0,0,0,1,0,1,86
869,3,0,1,6,0,0,0,0,0,0,0,0,0,0,0,0,0,0,0,0,0,86
870,1,0,2,1,1,1,0,4,24,0,3,1,1,0,1,0,0,0,1,0,1,86
870,2,0,2,5,1,1,0,4,24,0,3,1,1,0,0,1,0,0,1,0,1,86
870,3,1,1,6,0,0,0,0,0,0,0,0,0,0,0,0,0,0,0,0,0,86
871,1,0,1,6,1,1,0,4,24,0,3,1,1,0,0,0,0,0,1,0,1,86
871,2,0,1,4,1,1,0,4,24,0,3,1,1,0,0,0,0,0,0,0,0,86
871,3,1,1,6,0,0,0,0,0,0,0,0,0,0,0,0,0,0,0,0,0,86
872,1,1,2,1,1,1,0,4,24,0,3,1,1,0,0,0,1,0,1,0,0,86
872,2,0,1,2,1,1,0,4,24,0,3,1,1,1,0,0,1,1,0,0,0,86
872,3,0,1,6,0,0,0,0,0,0,0,0,0,0,0,0,0,0,0,0,0,86
873,1,0,1,3,1,1,0,4,24,0,3,1,1,1,0,0,1,0,0,1,0,86
873,2,0,3,6,1,1,0,4,24,0,3,1,1,1,0,0,0,1,0,0,0,86
873,3,1,1,6,0,0,0,0,0,0,0,0,0,0,0,0,0,0,0,0,0,86
874,1,1,3,5,1,0,1,5,29,0,1,1,0,0,1,0,1,0,0,1,0,87
874,2,0,2,5,1,0,1,5,29,0,1,1,0,1,0,0,1,0,1,1,0,87
874,3,0,1,6,0,0,0,0,0,0,0,0,0,0,0,0,0,0,0,0,0,87
875,1,0,1,3,1,0,1,5,29,0,1,1,0,0,1,1,0,0,0,0,1,87
875,2,1,2,3,1,0,1,5,29,0,1,1,0,0,1,1,0,0,0,1,0,87
875,3,0,1,6,0,0,0,0,0,0,0,0,0,0,0,0,0,0,0,0,0,87
876,1,0,3,2,1,0,1,5,29,0,1,1,0,0,0,1,0,1,0,0,0,87
876,2,1,1,4,1,0,1,5,29,0,1,1,0,0,1,0,1,0,0,1,0,87
876,3,0,1,6,0,0,0,0,0,0,0,0,0,0,0,0,0,0,0,0,0,87
877,1,0,2,4,1,0,1,5,29,0,1,1,0,1,0,1,0,1,0,0,0,87
877,2,1,3,6,1,0,1,5,29,0,1,1,0,0,1,1,0,1,0,0,1,87
877,3,0,1,6,0,0,0,0,0,0,0,0,0,0,0,0,0,0,0,0,0,87
878,1,1,3,2,1,0,1,5,29,0,1,1,0,1,0,0,0,1,0,1,0,87
878,2,0,3,1,1,0,1,5,29,0,1,1,0,0,0,0,0,0,1,0,1,87
878,3,0,1,6,0,0,0,0,0,0,0,0,0,0,0,0,0,0,0,0,0,87
879,1,1,2,1,1,0,1,5,29,0,1,1,0,0,1,0,0,0,1,0,1,87
879,2,0,2,5,1,0,1,5,29,0,1,1,0,0,0,1,0,0,1,0,1,87
879,3,0,1,6,0,0,0,0,0,0,0,0,0,0,0,0,0,0,0,0,0,87
880,1,0,1,6,1,0,1,5,29,0,1,1,0,0,0,0,0,0,1,0,1,87
880,2,1,1,4,1,0,1,5,29,0,1,1,0,0,0,0,0,0,0,0,0,87
880,3,0,1,6,0,0,0,0,0,0,0,0,0,0,0,0,0,0,0,0,0,87
881,1,0,2,1,1,0,1,5,29,0,1,1,0,0,0,0,1,0,1,0,0,87
881,2,1,1,2,1,0,1,5,29,0,1,1,0,1,0,0,1,1,0,0,0,87
881,3,0,1,6,0,0,0,0,0,0,0,0,0,0,0,0,0,0,0,0,0,87
882,1,0,1,3,1,0,1,5,29,0,1,1,0,1,0,0,1,0,0,1,0,87
882,2,1,3,6,1,0,1,5,29,0,1,1,0,1,0,0,0,1,0,0,0,87
882,3,0,1,6,0,0,0,0,0,0,0,0,0,0,0,0,0,0,0,0,0,87
883,1,1,2,3,1,0,0,4,25,0,2,1,1,1,0,0,1,1,0,0,1,88
883,2,0,1,4,1,0,0,4,25,0,2,1,1,1,0,1,0,0,1,1,0,88
883,3,0,1,6,0,0,0,0,0,0,0,0,0,0,0,0,0,0,0,0,0,88
884,1,1,3,6,1,0,0,4,25,0,2,1,1,0,1,1,0,1,0,1,0,88
884,2,0,1,5,1,0,0,4,25,0,2,1,1,0,0,1,0,1,0,0,0,88
884,3,0,1,6,0,0,0,0,0,0,0,0,0,0,0,0,0,0,0,0,0,88
885,1,0,2,3,1,0,0,4,25,0,2,1,1,0,0,0,1,1,0,1,0,88
885,2,1,2,3,1,0,0,4,25,0,2,1,1,0,0,0,1,0,0,0,1,88
885,3,0,1,6,0,0,0,0,0,0,0,0,0,0,0,0,0,0,0,0,0,88
886,1,0,1,2,1,0,0,4,25,0,2,1,1,0,0,1,0,0,1,1,0,88
886,2,1,2,5,1,0,0,4,25,0,2,1,1,0,1,0,0,1,0,0,1,88
886,3,0,1,6,0,0,0,0,0,0,0,0,0,0,0,0,0,0,0,0,0,88
887,1,0,2,5,1,0,0,4,25,0,2,1,1,1,0,0,0,0,1,0,0,88
887,2,1,2,6,1,0,0,4,25,0,2,1,1,1,0,0,0,0,0,1,0,88
887,3,0,1,6,0,0,0,0,0,0,0,0,0,0,0,0,0,0,0,0,0,88
888,1,0,1,2,1,0,0,4,25,0,2,1,1,0,1,1,0,0,1,0,0,88
888,2,1,3,1,1,0,0,4,25,0,2,1,1,1,0,1,0,0,1,0,0,88
888,3,0,1,6,0,0,0,0,0,0,0,0,0,0,0,0,0,0,0,0,0,88
889,1,1,3,1,1,0,0,4,25,0,2,1,1,0,1,0,0,0,0,0,0,88
889,2,0,3,6,1,0,0,4,25,0,2,1,1,0,0,0,1,0,0,0,0,88
889,3,0,1,6,0,0,0,0,0,0,0,0,0,0,0,0,0,0,0,0,0,88
890,1,0,1,4,1,0,0,4,25,0,2,1,1,0,0,0,1,0,0,0,1,88
890,2,1,3,4,1,0,0,4,25,0,2,1,1,0,1,0,1,0,1,0,1,88
890,3,0,1,6,0,0,0,0,0,0,0,0,0,0,0,0,0,0,0,0,0,88
891,1,1,3,1,1,0,0,4,25,0,2,1,1,1,0,0,0,0,0,0,1,88
891,2,0,1,2,1,0,0,4,25,0,2,1,1,0,1,0,0,1,0,1,0,88
891,3,0,1,6,0,0,0,0,0,0,0,0,0,0,0,0,0,0,0,0,0,88
892,1,1,2,5,1,0,1,4,18,0,1,1,1,1,0,1,0,0,0,0,1,89
892,2,0,2,1,1,0,1,4,18,0,1,1,1,0,0,0,1,1,0,0,0,89
892,3,0,1,6,0,0,0,0,0,0,0,0,0,0,0,0,0,0,0,0,0,89
893,1,0,2,5,1,0,1,4,18,0,1,1,1,0,0,0,0,0,0,1,0,89
893,2,1,1,3,1,0,1,4,18,0,1,1,1,0,1,1,0,0,1,0,0,89
893,3,0,1,6,0,0,0,0,0,0,0,0,0,0,0,0,0,0,0,0,0,89
894,1,1,1,3,1,0,1,4,18,0,1,1,1,1,0,0,0,1,0,0,0,89
894,2,0,2,5,1,0,1,4,18,0,1,1,1,0,1,0,1,0,1,0,0,89
894,3,0,1,6,0,0,0,0,0,0,0,0,0,0,0,0,0,0,0,0,0,89
895,1,0,1,4,1,0,1,4,18,0,1,1,1,0,0,0,0,1,0,1,0,89
895,2,1,3,2,1,0,1,4,18,0,1,1,1,1,0,1,0,0,0,1,0,89
895,3,0,1,6,0,0,0,0,0,0,0,0,0,0,0,0,0,0,0,0,0,89
896,1,1,1,4,1,0,1,4,18,0,1,1,1,0,1,0,1,1,0,0,0,89
896,2,0,2,1,1,0,1,4,18,0,1,1,1,0,0,0,0,1,0,1,0,89
896,3,0,1,6,0,0,0,0,0,0,0,0,0,0,0,0,0,0,0,0,0,89
897,1,1,3,2,1,0,1,4,18,0,1,1,1,0,0,0,1,0,1,0,1,89
897,2,0,3,6,1,0,1,4,18,0,1,1,1,0,0,1,0,1,0,1,0,89
897,3,0,1,6,0,0,0,0,0,0,0,0,0,0,0,0,0,0,0,0,0,89
898,1,0,3,6,1,0,1,4,18,0,1,1,1,0,1,0,1,0,1,0,0,89
898,2,1,1,3,1,0,1,4,18,0,1,1,1,0,1,0,0,0,1,0,1,89
898,3,0,1,6,0,0,0,0,0,0,0,0,0,0,0,0,0,0,0,0,0,89
899,1,0,3,6,1,0,1,4,18,0,1,1,1,1,0,1,0,0,1,0,1,89
899,2,1,3,2,1,0,1,4,18,0,1,1,1,1,0,0,1,0,0,0,1,89
899,3,0,1,6,0,0,0,0,0,0,0,0,0,0,0,0,0,0,0,0,0,89
900,1,0,2,1,1,0,1,4,18,0,1,1,1,0,1,1,0,0,0,1,0,89
900,2,1,1,4,1,0,1,4,18,0,1,1,1,1,0,0,0,0,0,0,1,89
900,3,0,1,6,0,0,0,0,0,0,0,0,0,0,0,0,0,0,0,0,0,89
901,1,0,2,5,1,0,0,5,30,1,2,2,1,1,0,1,0,0,0,0,1,90
901,2,1,2,1,1,0,0,5,30,1,2,2,1,0,0,0,1,1,0,0,0,90
901,3,0,1,6,0,0,0,0,0,0,0,0,0,0,0,0,0,0,0,0,0,90
902,1,0,2,5,1,0,0,5,30,1,2,2,1,0,0,0,0,0,0,1,0,90
902,2,1,1,3,1,0,0,5,30,1,2,2,1,0,1,1,0,0,1,0,0,90
902,3,0,1,6,0,0,0,0,0,0,0,0,0,0,0,0,0,0,0,0,0,90
903,1,1,1,3,1,0,0,5,30,1,2,2,1,1,0,0,0,1,0,0,0,90
903,2,0,2,5,1,0,0,5,30,1,2,2,1,0,1,0,1,0,1,0,0,90
903,3,0,1,6,0,0,0,0,0,0,0,0,0,0,0,0,0,0,0,0,0,90
904,1,0,1,4,1,0,0,5,30,1,2,2,1,0,0,0,0,1,0,1,0,90
904,2,1,3,2,1,0,0,5,30,1,2,2,1,1,0,1,0,0,0,1,0,90
904,3,0,1,6,0,0,0,0,0,0,0,0,0,0,0,0,0,0,0,0,0,90
905,1,0,1,4,1,0,0,5,30,1,2,2,1,0,1,0,1,1,0,0,0,90
905,2,1,2,1,1,0,0,5,30,1,2,2,1,0,0,0,0,1,0,1,0,90
905,3,0,1,6,0,0,0,0,0,0,0,0,0,0,0,0,0,0,0,0,0,90
906,1,1,3,2,1,0,0,5,30,1,2,2,1,0,0,0,1,0,1,0,1,90
906,2,0,3,6,1,0,0,5,30,1,2,2,1,0,0,1,0,1,0,1,0,90
906,3,0,1,6,0,0,0,0,0,0,0,0,0,0,0,0,0,0,0,0,0,90
907,1,0,3,6,1,0,0,5,30,1,2,2,1,0,1,0,1,0,1,0,0,90
907,2,1,1,3,1,0,0,5,30,1,2,2,1,0,1,0,0,0,1,0,1,90
907,3,0,1,6,0,0,0,0,0,0,0,0,0,0,0,0,0,0,0,0,0,90
908,1,0,3,6,1,0,0,5,30,1,2,2,1,1,0,1,0,0,1,0,1,90
908,2,1,3,2,1,0,0,5,30,1,2,2,1,1,0,0,1,0,0,0,1,90
908,3,0,1,6,0,0,0,0,0,0,0,0,0,0,0,0,0,0,0,0,0,90
909,1,1,2,1,1,0,0,5,30,1,2,2,1,0,1,1,0,0,0,1,0,90
909,2,0,1,4,1,0,0,5,30,1,2,2,1,1,0,0,0,0,0,0,1,90
909,3,0,1,6,0,0,0,0,0,0,0,0,0,0,0,0,0,0,0,0,0,90
910,1,0,3,5,1,1,0,5,19,0,1,1,0,0,1,0,1,0,0,1,0,91
910,2,1,2,5,1,1,0,5,19,0,1,1,0,1,0,0,1,0,1,1,0,91
910,3,0,1,6,0,0,0,0,0,0,0,0,0,0,0,0,0,0,0,0,0,91
911,1,1,1,3,1,1,0,5,19,0,1,1,0,0,1,1,0,0,0,0,1,91
911,2,0,2,3,1,1,0,5,19,0,1,1,0,0,1,1,0,0,0,1,0,91
911,3,0,1,6,0,0,0,0,0,0,0,0,0,0,0,0,0,0,0,0,0,91
912,1,1,3,2,1,1,0,5,19,0,1,1,0,0,0,1,0,1,0,0,0,91
912,2,0,1,4,1,1,0,5,19,0,1,1,0,0,1,0,1,0,0,1,0,91
912,3,0,1,6,0,0,0,0,0,0,0,0,0,0,0,0,0,0,0,0,0,91
913,1,1,2,4,1,1,0,5,19,0,1,1,0,1,0,1,0,1,0,0,0,91
913,2,0,3,6,1,1,0,5,19,0,1,1,0,0,1,1,0,1,0,0,1,91
913,3,0,1,6,0,0,0,0,0,0,0,0,0,0,0,0,0,0,0,0,0,91
914,1,0,3,2,1,1,0,5,19,0,1,1,0,1,0,0,0,1,0,1,0,91
914,2,1,3,1,1,1,0,5,19,0,1,1,0,0,0,0,0,0,1,0,1,91
914,3,0,1,6,0,0,0,0,0,0,0,0,0,0,0,0,0,0,0,0,0,91
915,1,1,2,1,1,1,0,5,19,0,1,1,0,0,1,0,0,0,1,0,1,91
915,2,0,2,5,1,1,0,5,19,0,1,1,0,0,0,1,0,0,1,0,1,91
915,3,0,1,6,0,0,0,0,0,0,0,0,0,0,0,0,0,0,0,0,0,91
916,1,0,1,6,1,1,0,5,19,0,1,1,0,0,0,0,0,0,1,0,1,91
916,2,1,1,4,1,1,0,5,19,0,1,1,0,0,0,0,0,0,0,0,0,91
916,3,0,1,6,0,0,0,0,0,0,0,0,0,0,0,0,0,0,0,0,0,91
917,1,0,2,1,1,1,0,5,19,0,1,1,0,0,0,0,1,0,1,0,0,91
917,2,1,1,2,1,1,0,5,19,0,1,1,0,1,0,0,1,1,0,0,0,91
917,3,0,1,6,0,0,0,0,0,0,0,0,0,0,0,0,0,0,0,0,0,91
918,1,1,1,3,1,1,0,5,19,0,1,1,0,1,0,0,1,0,0,1,0,91
918,2,0,3,6,1,1,0,5,19,0,1,1,0,1,0,0,0,1,0,0,0,91
918,3,0,1,6,0,0,0,0,0,0,0,0,0,0,0,0,0,0,0,0,0,91
919,1,1,3,5,1,0,0,4,21,0,1,1,1,0,1,0,1,0,0,1,0,92
919,2,0,2,5,1,0,0,4,21,0,1,1,1,1,0,0,1,0,1,1,0,92
919,3,0,1,6,0,0,0,0,0,0,0,0,0,0,0,0,0,0,0,0,0,92
920,1,0,1,3,1,0,0,4,21,0,1,1,1,0,1,1,0,0,0,0,1,92
920,2,1,2,3,1,0,0,4,21,0,1,1,1,0,1,1,0,0,0,1,0,92
920,3,0,1,6,0,0,0,0,0,0,0,0,0,0,0,0,0,0,0,0,0,92
921,1,0,3,2,1,0,0,4,21,0,1,1,1,0,0,1,0,1,0,0,0,92
921,2,1,1,4,1,0,0,4,21,0,1,1,1,0,1,0,1,0,0,1,0,92
921,3,0,1,6,0,0,0,0,0,0,0,0,0,0,0,0,0,0,0,0,0,92
922,1,1,2,4,1,0,0,4,21,0,1,1,1,1,0,1,0,1,0,0,0,92
922,2,0,3,6,1,0,0,4,21,0,1,1,1,0,1,1,0,1,0,0,1,92
922,3,0,1,6,0,0,0,0,0,0,0,0,0,0,0,0,0,0,0,0,0,92
923,1,1,3,2,1,0,0,4,21,0,1,1,1,1,0,0,0,1,0,1,0,92
923,2,0,3,1,1,0,0,4,21,0,1,1,1,0,0,0,0,0,1,0,1,92
923,3,0,1,6,0,0,0,0,0,0,0,0,0,0,0,0,0,0,0,0,0,92
924,1,1,2,1,1,0,0,4,21,0,1,1,1,0,1,0,0,0,1,0,1,92
924,2,0,2,5,1,0,0,4,21,0,1,1,1,0,0,1,0,0,1,0,1,92
924,3,0,1,6,0,0,0,0,0,0,0,0,0,0,0,0,0,0,0,0,0,92
925,1,0,1,6,1,0,0,4,21,0,1,1,1,0,0,0,0,0,1,0,1,92
925,2,1,1,4,1,0,0,4,21,0,1,1,1,0,0,0,0,0,0,0,0,92
925,3,0,1,6,0,0,0,0,0,0,0,0,0,0,0,0,0,0,0,0,0,92
926,1,1,2,1,1,0,0,4,21,0,1,1,1,0,0,0,1,0,1,0,0,92
926,2,0,1,2,1,0,0,4,21,0,1,1,1,1,0,0,1,1,0,0,0,92
926,3,0,1,6,0,0,0,0,0,0,0,0,0,0,0,0,0,0,0,0,0,92
927,1,1,1,3,1,0,0,4,21,0,1,1,1,1,0,0,1,0,0,1,0,92
927,2,0,3,6,1,0,0,4,21,0,1,1,1,1,0,0,0,1,0,0,0,92
927,3,0,1,6,0,0,0,0,0,0,0,0,0,0,0,0,0,0,0,0,0,92
928,1,1,2,5,1,0,0,4,24,1,1,1,1,1,0,1,0,0,0,0,1,93
928,2,0,2,1,1,0,0,4,24,1,1,1,1,0,0,0,1,1,0,0,0,93
928,3,0,1,6,0,0,0,0,0,0,0,0,0,0,0,0,0,0,0,0,0,93
929,1,0,2,5,1,0,0,4,24,1,1,1,1,0,0,0,0,0,0,1,0,93
929,2,1,1,3,1,0,0,4,24,1,1,1,1,0,1,1,0,0,1,0,0,93
929,3,0,1,6,0,0,0,0,0,0,0,0,0,0,0,0,0,0,0,0,0,93
930,1,1,1,3,1,0,0,4,24,1,1,1,1,1,0,0,0,1,0,0,0,93
930,2,0,2,5,1,0,0,4,24,1,1,1,1,0,1,0,1,0,1,0,0,93
930,3,0,1,6,0,0,0,0,0,0,0,0,0,0,0,0,0,0,0,0,0,93
931,1,0,1,4,1,0,0,4,24,1,1,1,1,0,0,0,0,1,0,1,0,93
931,2,1,3,2,1,0,0,4,24,1,1,1,1,1,0,1,0,0,0,1,0,93
931,3,0,1,6,0,0,0,0,0,0,0,0,0,0,0,0,0,0,0,0,0,93
932,1,1,1,4,1,0,0,4,24,1,1,1,1,0,1,0,1,1,0,0,0,93
932,2,0,2,1,1,0,0,4,24,1,1,1,1,0,0,0,0,1,0,1,0,93
932,3,0,1,6,0,0,0,0,0,0,0,0,0,0,0,0,0,0,0,0,0,93
933,1,1,3,2,1,0,0,4,24,1,1,1,1,0,0,0,1,0,1,0,1,93
933,2,0,3,6,1,0,0,4,24,1,1,1,1,0,0,1,0,1,0,1,0,93
933,3,0,1,6,0,0,0,0,0,0,0,0,0,0,0,0,0,0,0,0,0,93
934,1,0,3,6,1,0,0,4,24,1,1,1,1,0,1,0,1,0,1,0,0,93
934,2,1,1,3,1,0,0,4,24,1,1,1,1,0,1,0,0,0,1,0,1,93
934,3,0,1,6,0,0,0,0,0,0,0,0,0,0,0,0,0,0,0,0,0,93
935,1,0,3,6,1,0,0,4,24,1,1,1,1,1,0,1,0,0,1,0,1,93
935,2,1,3,2,1,0,0,4,24,1,1,1,1,1,0,0,1,0,0,0,1,93
935,3,0,1,6,0,0,0,0,0,0,0,0,0,0,0,0,0,0,0,0,0,93
936,1,1,2,1,1,0,0,4,24,1,1,1,1,0,1,1,0,0,0,1,0,93
936,2,0,1,4,1,0,0,4,24,1,1,1,1,1,0,0,0,0,0,0,1,93
936,3,0,1,6,0,0,0,0,0,0,0,0,0,0,0,0,0,0,0,0,0,93
937,1,1,1,5,1,0,0,5,30,0,1,1,1,1,0,0,1,0,0,0,0,94
937,2,0,1,5,1,0,0,5,30,0,1,1,1,0,0,1,0,0,0,0,1,94
937,3,0,1,6,0,0,0,0,0,0,0,0,0,0,0,0,0,0,0,0,0,94
938,1,0,3,3,1,0,0,5,30,0,1,1,1,0,0,0,0,0,0,0,0,94
938,2,1,2,1,1,0,0,5,30,0,1,1,1,1,0,1,0,1,0,0,1,94
938,3,0,1,6,0,0,0,0,0,0,0,0,0,0,0,0,0,0,0,0,0,94
939,1,0,1,5,1,0,0,5,30,0,1,1,1,0,1,0,0,1,0,0,1,94
939,2,1,1,3,1,0,0,5,30,0,1,1,1,1,0,0,1,1,0,0,1,94
939,3,0,1,6,0,0,0,0,0,0,0,0,0,0,0,0,0,0,0,0,0,94
940,1,1,3,4,1,0,0,5,30,0,1,1,1,0,0,1,0,1,0,0,1,94
940,2,0,2,6,1,0,0,5,30,0,1,1,1,1,0,0,0,0,1,0,0,94
940,3,0,1,6,0,0,0,0,0,0,0,0,0,0,0,0,0,0,0,0,0,94
941,1,1,2,2,1,0,0,5,30,0,1,1,1,0,1,0,1,1,0,0,1,94
941,2,0,3,2,1,0,0,5,30,0,1,1,1,0,1,0,0,0,0,0,0,94
941,3,0,1,6,0,0,0,0,0,0,0,0,0,0,0,0,0,0,0,0,0,94
942,1,1,3,4,1,0,0,5,30,0,1,1,1,1,0,0,1,0,1,1,0,94
942,2,0,2,1,1,0,0,5,30,0,1,1,1,0,1,1,0,0,0,0,0,94
942,3,0,1,6,0,0,0,0,0,0,0,0,0,0,0,0,0,0,0,0,0,94
943,1,0,2,6,1,0,0,5,30,0,1,1,1,0,1,0,0,0,1,1,0,94
943,2,1,3,4,1,0,0,5,30,0,1,1,1,0,1,0,1,1,0,1,0,94
943,3,0,1,6,0,0,0,0,0,0,0,0,0,0,0,0,0,0,0,0,0,94
944,1,1,1,1,1,0,0,5,30,0,1,1,1,1,0,1,0,0,1,1,0,94
944,2,0,1,3,1,0,0,5,30,0,1,1,1,0,0,0,1,0,1,1,0,94
944,3,0,1,6,0,0,0,0,0,0,0,0,0,0,0,0,0,0,0,0,0,94
945,1,0,2,6,1,0,0,5,30,0,1,1,1,0,0,1,0,0,0,0,0,94
945,2,1,3,2,1,0,0,5,30,0,1,1,1,0,0,0,0,0,1,1,0,94
945,3,0,1,6,0,0,0,0,0,0,0,0,0,0,0,0,0,0,0,0,0,94
946,1,1,1,5,1,0,1,5,20,0,1,1,0,1,0,0,1,0,0,0,0,95
946,2,0,1,5,1,0,1,5,20,0,1,1,0,0,0,1,0,0,0,0,1,95
946,3,0,1,6,0,0,0,0,0,0,0,0,0,0,0,0,0,0,0,0,0,95
947,1,0,3,3,1,0,1,5,20,0,1,1,0,0,0,0,0,0,0,0,0,95
947,2,1,2,1,1,0,1,5,20,0,1,1,0,1,0,1,0,1,0,0,1,95
947,3,0,1,6,0,0,0,0,0,0,0,0,0,0,0,0,0,0,0,0,0,95
948,1,0,1,5,1,0,1,5,20,0,1,1,0,0,1,0,0,1,0,0,1,95
948,2,1,1,3,1,0,1,5,20,0,1,1,0,1,0,0,1,1,0,0,1,95
948,3,0,1,6,0,0,0,0,0,0,0,0,0,0,0,0,0,0,0,0,0,95
949,1,0,3,4,1,0,1,5,20,0,1,1,0,0,0,1,0,1,0,0,1,95
949,2,1,2,6,1,0,1,5,20,0,1,1,0,1,0,0,0,0,1,0,0,95
949,3,0,1,6,0,0,0,0,0,0,0,0,0,0,0,0,0,0,0,0,0,95
950,1,1,2,2,1,0,1,5,20,0,1,1,0,0,1,0,1,1,0,0,1,95
950,2,0,3,2,1,0,1,5,20,0,1,1,0,0,1,0,0,0,0,0,0,95
950,3,0,1,6,0,0,0,0,0,0,0,0,0,0,0,0,0,0,0,0,0,95
951,1,1,3,4,1,0,1,5,20,0,1,1,0,1,0,0,1,0,1,1,0,95
951,2,0,2,1,1,0,1,5,20,0,1,1,0,0,1,1,0,0,0,0,0,95
951,3,0,1,6,0,0,0,0,0,0,0,0,0,0,0,0,0,0,0,0,0,95
952,1,0,2,6,1,0,1,5,20,0,1,1,0,0,1,0,0,0,1,1,0,95
952,2,1,3,4,1,0,1,5,20,0,1,1,0,0,1,0,1,1,0,1,0,95
952,3,0,1,6,0,0,0,0,0,0,0,0,0,0,0,0,0,0,0,0,0,95
953,1,0,1,1,1,0,1,5,20,0,1,1,0,1,0,1,0,0,1,1,0,95
953,2,1,1,3,1,0,1,5,20,0,1,1,0,0,0,0,1,0,1,1,0,95
953,3,0,1,6,0,0,0,0,0,0,0,0,0,0,0,0,0,0,0,0,0,95
954,1,0,2,6,1,0,1,5,20,0,1,1,0,0,0,1,0,0,0,0,0,95
954,2,1,3,2,1,0,1,5,20,0,1,1,0,0,0,0,0,0,1,1,0,95
954,3,0,1,6,0,0,0,0,0,0,0,0,0,0,0,0,0,0,0,0,0,95
955,1,1,3,5,1,0,1,3,35,0,1,1,1,0,1,0,1,0,0,1,0,96
955,2,0,2,5,1,0,1,3,35,0,1,1,1,1,0,0,1,0,1,1,0,96
955,3,0,1,6,0,0,0,0,0,0,0,0,0,0,0,0,0,0,0,0,0,96
956,1,0,1,3,1,0,1,3,35,0,1,1,1,0,1,1,0,0,0,0,1,96
956,2,1,2,3,1,0,1,3,35,0,1,1,1,0,1,1,0,0,0,1,0,96
956,3,0,1,6,0,0,0,0,0,0,0,0,0,0,0,0,0,0,0,0,0,96
957,1,1,3,2,1,0,1,3,35,0,1,1,1,0,0,1,0,1,0,0,0,96
957,2,0,1,4,1,0,1,3,35,0,1,1,1,0,1,0,1,0,0,1,0,96
957,3,0,1,6,0,0,0,0,0,0,0,0,0,0,0,0,0,0,0,0,0,96
958,1,1,2,4,1,0,1,3,35,0,1,1,1,1,0,1,0,1,0,0,0,96
958,2,0,3,6,1,0,1,3,35,0,1,1,1,0,1,1,0,1,0,0,1,96
958,3,0,1,6,0,0,0,0,0,0,0,0,0,0,0,0,0,0,0,0,0,96
959,1,0,3,2,1,0,1,3,35,0,1,1,1,1,0,0,0,1,0,1,0,96
959,2,1,3,1,1,0,1,3,35,0,1,1,1,0,0,0,0,0,1,0,1,96
959,3,0,1,6,0,0,0,0,0,0,0,0,0,0,0,0,0,0,0,0,0,96
960,1,1,2,1,1,0,1,3,35,0,1,1,1,0,1,0,0,0,1,0,1,96
960,2,0,2,5,1,0,1,3,35,0,1,1,1,0,0,1,0,0,1,0,1,96
960,3,0,1,6,0,0,0,0,0,0,0,0,0,0,0,0,0,0,0,0,0,96
961,1,0,1,6,1,0,1,3,35,0,1,1,1,0,0,0,0,0,1,0,1,96
961,2,1,1,4,1,0,1,3,35,0,1,1,1,0,0,0,0,0,0,0,0,96
961,3,0,1,6,0,0,0,0,0,0,0,0,0,0,0,0,0,0,0,0,0,96
962,1,1,2,1,1,0,1,3,35,0,1,1,1,0,0,0,1,0,1,0,0,96
962,2,0,1,2,1,0,1,3,35,0,1,1,1,1,0,0,1,1,0,0,0,96
962,3,0,1,6,0,0,0,0,0,0,0,0,0,0,0,0,0,0,0,0,0,96
963,1,1,1,3,1,0,1,3,35,0,1,1,1,1,0,0,1,0,0,1,0,96
963,2,0,3,6,1,0,1,3,35,0,1,1,1,1,0,0,0,1,0,0,0,96
963,3,0,1,6,0,0,0,0,0,0,0,0,0,0,0,0,0,0,0,0,0,96
964,1,1,2,3,1,0,1,4,30,1,1,2,1,1,0,0,1,1,0,0,1,97
964,2,0,1,4,1,0,1,4,30,1,1,2,1,1,0,1,0,0,1,1,0,97
964,3,0,1,6,0,0,0,0,0,0,0,0,0,0,0,0,0,0,0,0,0,97
965,1,0,3,6,1,0,1,4,30,1,1,2,1,0,1,1,0,1,0,1,0,97
965,2,1,1,5,1,0,1,4,30,1,1,2,1,0,0,1,0,1,0,0,0,97
965,3,0,1,6,0,0,0,0,0,0,0,0,0,0,0,0,0,0,0,0,0,97
966,1,1,2,3,1,0,1,4,30,1,1,2,1,0,0,0,1,1,0,1,0,97
966,2,0,2,3,1,0,1,4,30,1,1,2,1,0,0,0,1,0,0,0,1,97
966,3,0,1,6,0,0,0,0,0,0,0,0,0,0,0,0,0,0,0,0,0,97
967,1,1,1,2,1,0,1,4,30,1,1,2,1,0,0,1,0,0,1,1,0,97
967,2,0,2,5,1,0,1,4,30,1,1,2,1,0,1,0,0,1,0,0,1,97
967,3,0,1,6,0,0,0,0,0,0,0,0,0,0,0,0,0,0,0,0,0,97
968,1,1,2,5,1,0,1,4,30,1,1,2,1,1,0,0,0,0,1,0,0,97
968,2,0,2,6,1,0,1,4,30,1,1,2,1,1,0,0,0,0,0,1,0,97
968,3,0,1,6,0,0,0,0,0,0,0,0,0,0,0,0,0,0,0,0,0,97
969,1,0,1,2,1,0,1,4,30,1,1,2,1,0,1,1,0,0,1,0,0,97
969,2,1,3,1,1,0,1,4,30,1,1,2,1,1,0,1,0,0,1,0,0,97
969,3,0,1,6,0,0,0,0,0,0,0,0,0,0,0,0,0,0,0,0,0,97
970,1,1,3,1,1,0,1,4,30,1,1,2,1,0,1,0,0,0,0,0,0,97
970,2,0,3,6,1,0,1,4,30,1,1,2,1,0,0,0,1,0,0,0,0,97
970,3,0,1,6,0,0,0,0,0,0,0,0,0,0,0,0,0,0,0,0,0,97
971,1,1,1,4,1,0,1,4,30,1,1,2,1,0,0,0,1,0,0,0,1,97
971,2,0,3,4,1,0,1,4,30,1,1,2,1,0,1,0,1,0,1,0,1,97
971,3,0,1,6,0,0,0,0,0,0,0,0,0,0,0,0,0,0,0,0,0,97
972,1,1,3,1,1,0,1,4,30,1,1,2,1,1,0,0,0,0,0,0,1,97
972,2,0,1,2,1,0,1,4,30,1,1,2,1,0,1,0,0,1,0,1,0,97
972,3,0,1,6,0,0,0,0,0,0,0,0,0,0,0,0,0,0,0,0,0,97
973,1,1,3,5,1,0,0,3,27,1,1,1,1,0,1,0,1,0,0,1,0,98
973,2,0,2,5,1,0,0,3,27,1,1,1,1,1,0,0,1,0,1,1,0,98
973,3,0,1,6,0,0,0,0,0,0,0,0,0,0,0,0,0,0,0,0,0,98
974,1,0,1,3,1,0,0,3,27,1,1,1,1,0,1,1,0,0,0,0,1,98
974,2,1,2,3,1,0,0,3,27,1,1,1,1,0,1,1,0,0,0,1,0,98
974,3,0,1,6,0,0,0,0,0,0,0,0,0,0,0,0,0,0,0,0,0,98
975,1,0,3,2,1,0,0,3,27,1,1,1,1,0,0,1,0,1,0,0,0,98
975,2,1,1,4,1,0,0,3,27,1,1,1,1,0,1,0,1,0,0,1,0,98
975,3,0,1,6,0,0,0,0,0,0,0,0,0,0,0,0,0,0,0,0,0,98
976,1,0,2,4,1,0,0,3,27,1,1,1,1,1,0,1,0,1,0,0,0,98
976,2,1,3,6,1,0,0,3,27,1,1,1,1,0,1,1,0,1,0,0,1,98
976,3,0,1,6,0,0,0,0,0,0,0,0,0,0,0,0,0,0,0,0,0,98
977,1,1,3,2,1,0,0,3,27,1,1,1,1,1,0,0,0,1,0,1,0,98
977,2,0,3,1,1,0,0,3,27,1,1,1,1,0,0,0,0,0,1,0,1,98
977,3,0,1,6,0,0,0,0,0,0,0,0,0,0,0,0,0,0,0,0,0,98
978,1,1,2,1,1,0,0,3,27,1,1,1,1,0,1,0,0,0,1,0,1,98
978,2,0,2,5,1,0,0,3,27,1,1,1,1,0,0,1,0,0,1,0,1,98
978,3,0,1,6,0,0,0,0,0,0,0,0,0,0,0,0,0,0,0,0,0,98
979,1,0,1,6,1,0,0,3,27,1,1,1,1,0,0,0,0,0,1,0,1,98
979,2,1,1,4,1,0,0,3,27,1,1,1,1,0,0,0,0,0,0,0,0,98
979,3,0,1,6,0,0,0,0,0,0,0,0,0,0,0,0,0,0,0,0,0,98
980,1,0,2,1,1,0,0,3,27,1,1,1,1,0,0,0,1,0,1,0,0,98
980,2,1,1,2,1,0,0,3,27,1,1,1,1,1,0,0,1,1,0,0,0,98
980,3,0,1,6,0,0,0,0,0,0,0,0,0,0,0,0,0,0,0,0,0,98
981,1,1,1,3,1,0,0,3,27,1,1,1,1,1,0,0,1,0,0,1,0,98
981,2,0,3,6,1,0,0,3,27,1,1,1,1,1,0,0,0,1,0,0,0,98
981,3,0,1,6,0,0,0,0,0,0,0,0,0,0,0,0,0,0,0,0,0,98
982,1,1,2,3,1,0,1,4,24,0,1,1,1,1,0,0,1,1,0,0,1,99
982,2,0,1,4,1,0,1,4,24,0,1,1,1,1,0,1,0,0,1,1,0,99
982,3,0,1,6,0,0,0,0,0,0,0,0,0,0,0,0,0,0,0,0,0,99
983,1,0,3,6,1,0,1,4,24,0,1,1,1,0,1,1,0,1,0,1,0,99
983,2,1,1,5,1,0,1,4,24,0,1,1,1,0,0,1,0,1,0,0,0,99
983,3,0,1,6,0,0,0,0,0,0,0,0,0,0,0,0,0,0,0,0,0,99
984,1,1,2,3,1,0,1,4,24,0,1,1,1,0,0,0,1,1,0,1,0,99
984,2,0,2,3,1,0,1,4,24,0,1,1,1,0,0,0,1,0,0,0,1,99
984,3,0,1,6,0,0,0,0,0,0,0,0,0,0,0,0,0,0,0,0,0,99
985,1,1,1,2,1,0,1,4,24,0,1,1,1,0,0,1,0,0,1,1,0,99
985,2,0,2,5,1,0,1,4,24,0,1,1,1,0,1,0,0,1,0,0,1,99
985,3,0,1,6,0,0,0,0,0,0,0,0,0,0,0,0,0,0,0,0,0,99
986,1,1,2,5,1,0,1,4,24,0,1,1,1,1,0,0,0,0,1,0,0,99
986,2,0,2,6,1,0,1,4,24,0,1,1,1,1,0,0,0,0,0,1,0,99
986,3,0,1,6,0,0,0,0,0,0,0,0,0,0,0,0,0,0,0,0,0,99
987,1,0,1,2,1,0,1,4,24,0,1,1,1,0,1,1,0,0,1,0,0,99
987,2,1,3,1,1,0,1,4,24,0,1,1,1,1,0,1,0,0,1,0,0,99
987,3,0,1,6,0,0,0,0,0,0,0,0,0,0,0,0,0,0,0,0,0,99
988,1,1,3,1,1,0,1,4,24,0,1,1,1,0,1,0,0,0,0,0,0,99
988,2,0,3,6,1,0,1,4,24,0,1,1,1,0,0,0,1,0,0,0,0,99
988,3,0,1,6,0,0,0,0,0,0,0,0,0,0,0,0,0,0,0,0,0,99
989,1,0,1,4,1,0,1,4,24,0,1,1,1,0,0,0,1,0,0,0,1,99
989,2,1,3,4,1,0,1,4,24,0,1,1,1,0,1,0,1,0,1,0,1,99
989,3,0,1,6,0,0,0,0,0,0,0,0,0,0,0,0,0,0,0,0,0,99
990,1,1,3,1,1,0,1,4,24,0,1,1,1,1,0,0,0,0,0,0,1,99
990,2,0,1,2,1,0,1,4,24,0,1,1,1,0,1,0,0,1,0,1,0,99
990,3,0,1,6,0,0,0,0,0,0,0,0,0,0,0,0,0,0,0,0,0,99
991,1,1,2,5,1,0,0,4,25,0,1,1,1,1,0,1,0,0,0,0,1,100
991,2,0,2,1,1,0,0,4,25,0,1,1,1,0,0,0,1,1,0,0,0,100
991,3,0,1,6,0,0,0,0,0,0,0,0,0,0,0,0,0,0,0,0,0,100
992,1,0,2,5,1,0,0,4,25,0,1,1,1,0,0,0,0,0,0,1,0,100
992,2,1,1,3,1,0,0,4,25,0,1,1,1,0,1,1,0,0,1,0,0,100
992,3,0,1,6,0,0,0,0,0,0,0,0,0,0,0,0,0,0,0,0,0,100
993,1,0,1,3,1,0,0,4,25,0,1,1,1,1,0,0,0,1,0,0,0,100
993,2,1,2,5,1,0,0,4,25,0,1,1,1,0,1,0,1,0,1,0,0,100
993,3,0,1,6,0,0,0,0,0,0,0,0,0,0,0,0,0,0,0,0,0,100
994,1,0,1,4,1,0,0,4,25,0,1,1,1,0,0,0,0,1,0,1,0,100
994,2,1,3,2,1,0,0,4,25,0,1,1,1,1,0,1,0,0,0,1,0,100
994,3,0,1,6,0,0,0,0,0,0,0,0,0,0,0,0,0,0,0,0,0,100
995,1,1,1,4,1,0,0,4,25,0,1,1,1,0,1,0,1,1,0,0,0,100
995,2,0,2,1,1,0,0,4,25,0,1,1,1,0,0,0,0,1,0,1,0,100
995,3,0,1,6,0,0,0,0,0,0,0,0,0,0,0,0,0,0,0,0,0,100
996,1,1,3,2,1,0,0,4,25,0,1,1,1,0,0,0,1,0,1,0,1,100
996,2,0,3,6,1,0,0,4,25,0,1,1,1,0,0,1,0,1,0,1,0,100
996,3,0,1,6,0,0,0,0,0,0,0,0,0,0,0,0,0,0,0,0,0,100
997,1,0,3,6,1,0,0,4,25,0,1,1,1,0,1,0,1,0,1,0,0,100
997,2,1,1,3,1,0,0,4,25,0,1,1,1,0,1,0,0,0,1,0,1,100
997,3,0,1,6,0,0,0,0,0,0,0,0,0,0,0,0,0,0,0,0,0,100
998,1,0,3,6,1,0,0,4,25,0,1,1,1,1,0,1,0,0,1,0,1,100
998,2,1,3,2,1,0,0,4,25,0,1,1,1,1,0,0,1,0,0,0,1,100
998,3,0,1,6,0,0,0,0,0,0,0,0,0,0,0,0,0,0,0,0,0,100
999,1,1,2,1,1,0,0,4,25,0,1,1,1,0,1,1,0,0,0,1,0,100
999,2,0,1,4,1,0,0,4,25,0,1,1,1,1,0,0,0,0,0,0,1,100
999,3,0,1,6,0,0,0,0,0,0,0,0,0,0,0,0,0,0,0,0,0,100
1000,1,1,2,3,1,0,0,4,27,0,2,2,1,1,0,0,1,1,0,0,1,101
1000,2,0,1,4,1,0,0,4,27,0,2,2,1,1,0,1,0,0,1,1,0,101
1000,3,0,1,6,0,0,0,0,0,0,0,0,0,0,0,0,0,0,0,0,0,101
1001,1,1,3,6,1,0,0,4,27,0,2,2,1,0,1,1,0,1,0,1,0,101
1001,2,0,1,5,1,0,0,4,27,0,2,2,1,0,0,1,0,1,0,0,0,101
1001,3,0,1,6,0,0,0,0,0,0,0,0,0,0,0,0,0,0,0,0,0,101
1002,1,1,2,3,1,0,0,4,27,0,2,2,1,0,0,0,1,1,0,1,0,101
1002,2,0,2,3,1,0,0,4,27,0,2,2,1,0,0,0,1,0,0,0,1,101
1002,3,0,1,6,0,0,0,0,0,0,0,0,0,0,0,0,0,0,0,0,0,101
1003,1,1,1,2,1,0,0,4,27,0,2,2,1,0,0,1,0,0,1,1,0,101
1003,2,0,2,5,1,0,0,4,27,0,2,2,1,0,1,0,0,1,0,0,1,101
1003,3,0,1,6,0,0,0,0,0,0,0,0,0,0,0,0,0,0,0,0,0,101
1004,1,1,2,5,1,0,0,4,27,0,2,2,1,1,0,0,0,0,1,0,0,101
1004,2,0,2,6,1,0,0,4,27,0,2,2,1,1,0,0,0,0,0,1,0,101
1004,3,0,1,6,0,0,0,0,0,0,0,0,0,0,0,0,0,0,0,0,0,101
1005,1,1,1,2,1,0,0,4,27,0,2,2,1,0,1,1,0,0,1,0,0,101
1005,2,0,3,1,1,0,0,4,27,0,2,2,1,1,0,1,0,0,1,0,0,101
1005,3,0,1,6,0,0,0,0,0,0,0,0,0,0,0,0,0,0,0,0,0,101
1006,1,1,3,1,1,0,0,4,27,0,2,2,1,0,1,0,0,0,0,0,0,101
1006,2,0,3,6,1,0,0,4,27,0,2,2,1,0,0,0,1,0,0,0,0,101
1006,3,0,1,6,0,0,0,0,0,0,0,0,0,0,0,0,0,0,0,0,0,101
1007,1,0,1,4,1,0,0,4,27,0,2,2,1,0,0,0,1,0,0,0,1,101
1007,2,1,3,4,1,0,0,4,27,0,2,2,1,0,1,0,1,0,1,0,1,101
1007,3,0,1,6,0,0,0,0,0,0,0,0,0,0,0,0,0,0,0,0,0,101
1008,1,0,3,1,1,0,0,4,27,0,2,2,1,1,0,0,0,0,0,0,1,101
1008,2,1,1,2,1,0,0,4,27,0,2,2,1,0,1,0,0,1,0,1,0,101
1008,3,0,1,6,0,0,0,0,0,0,0,0,0,0,0,0,0,0,0,0,0,101
1009,1,1,1,5,1,0,0,4,25,0,1,1,1,1,0,0,1,0,0,0,0,102
1009,2,0,1,5,1,0,0,4,25,0,1,1,1,0,0,1,0,0,0,0,1,102
1009,3,0,1,6,0,0,0,0,0,0,0,0,0,0,0,0,0,0,0,0,0,102
1010,1,0,3,3,1,0,0,4,25,0,1,1,1,0,0,0,0,0,0,0,0,102
1010,2,1,2,1,1,0,0,4,25,0,1,1,1,1,0,1,0,1,0,0,1,102
1010,3,0,1,6,0,0,0,0,0,0,0,0,0,0,0,0,0,0,0,0,0,102
1011,1,0,1,5,1,0,0,4,25,0,1,1,1,0,1,0,0,1,0,0,1,102
1011,2,1,1,3,1,0,0,4,25,0,1,1,1,1,0,0,1,1,0,0,1,102
1011,3,0,1,6,0,0,0,0,0,0,0,0,0,0,0,0,0,0,0,0,0,102
1012,1,1,3,4,1,0,0,4,25,0,1,1,1,0,0,1,0,1,0,0,1,102
1012,2,0,2,6,1,0,0,4,25,0,1,1,1,1,0,0,0,0,1,0,0,102
1012,3,0,1,6,0,0,0,0,0,0,0,0,0,0,0,0,0,0,0,0,0,102
1013,1,0,2,2,1,0,0,4,25,0,1,1,1,0,1,0,1,1,0,0,1,102
1013,2,1,3,2,1,0,0,4,25,0,1,1,1,0,1,0,0,0,0,0,0,102
1013,3,0,1,6,0,0,0,0,0,0,0,0,0,0,0,0,0,0,0,0,0,102
1014,1,0,3,4,1,0,0,4,25,0,1,1,1,1,0,0,1,0,1,1,0,102
1014,2,1,2,1,1,0,0,4,25,0,1,1,1,0,1,1,0,0,0,0,0,102
1014,3,0,1,6,0,0,0,0,0,0,0,0,0,0,0,0,0,0,0,0,0,102
1015,1,0,2,6,1,0,0,4,25,0,1,1,1,0,1,0,0,0,1,1,0,102
1015,2,1,3,4,1,0,0,4,25,0,1,1,1,0,1,0,1,1,0,1,0,102
1015,3,0,1,6,0,0,0,0,0,0,0,0,0,0,0,0,0,0,0,0,0,102
1016,1,1,1,1,1,0,0,4,25,0,1,1,1,1,0,1,0,0,1,1,0,102
1016,2,0,1,3,1,0,0,4,25,0,1,1,1,0,0,0,1,0,1,1,0,102
1016,3,0,1,6,0,0,0,0,0,0,0,0,0,0,0,0,0,0,0,0,0,102
1017,1,0,2,6,1,0,0,4,25,0,1,1,1,0,0,1,0,0,0,0,0,102
1017,2,1,3,2,1,0,0,4,25,0,1,1,1,0,0,0,0,0,1,1,0,102
1017,3,0,1,6,0,0,0,0,0,0,0,0,0,0,0,0,0,0,0,0,0,102
1018,1,1,3,5,1,0,0,4,30,0,2,2,1,0,1,0,1,0,0,1,0,103
1018,2,0,2,5,1,0,0,4,30,0,2,2,1,1,0,0,1,0,1,1,0,103
1018,3,0,1,6,0,0,0,0,0,0,0,0,0,0,0,0,0,0,0,0,0,103
1019,1,0,1,3,1,0,0,4,30,0,2,2,1,0,1,1,0,0,0,0,1,103
1019,2,1,2,3,1,0,0,4,30,0,2,2,1,0,1,1,0,0,0,1,0,103
1019,3,0,1,6,0,0,0,0,0,0,0,0,0,0,0,0,0,0,0,0,0,103
1020,1,1,3,2,1,0,0,4,30,0,2,2,1,0,0,1,0,1,0,0,0,103
1020,2,0,1,4,1,0,0,4,30,0,2,2,1,0,1,0,1,0,0,1,0,103
1020,3,0,1,6,0,0,0,0,0,0,0,0,0,0,0,0,0,0,0,0,0,103
1021,1,1,2,4,1,0,0,4,30,0,2,2,1,1,0,1,0,1,0,0,0,103
1021,2,0,3,6,1,0,0,4,30,0,2,2,1,0,1,1,0,1,0,0,1,103
1021,3,0,1,6,0,0,0,0,0,0,0,0,0,0,0,0,0,0,0,0,0,103
1022,1,1,3,2,1,0,0,4,30,0,2,2,1,1,0,0,0,1,0,1,0,103
1022,2,0,3,1,1,0,0,4,30,0,2,2,1,0,0,0,0,0,1,0,1,103
1022,3,0,1,6,0,0,0,0,0,0,0,0,0,0,0,0,0,0,0,0,0,103
1023,1,1,2,1,1,0,0,4,30,0,2,2,1,0,1,0,0,0,1,0,1,103
1023,2,0,2,5,1,0,0,4,30,0,2,2,1,0,0,1,0,0,1,0,1,103
1023,3,0,1,6,0,0,0,0,0,0,0,0,0,0,0,0,0,0,0,0,0,103
1024,1,0,1,6,1,0,0,4,30,0,2,2,1,0,0,0,0,0,1,0,1,103
1024,2,1,1,4,1,0,0,4,30,0,2,2,1,0,0,0,0,0,0,0,0,103
1024,3,0,1,6,0,0,0,0,0,0,0,0,0,0,0,0,0,0,0,0,0,103
1025,1,0,2,1,1,0,0,4,30,0,2,2,1,0,0,0,1,0,1,0,0,103
1025,2,1,1,2,1,0,0,4,30,0,2,2,1,1,0,0,1,1,0,0,0,103
1025,3,0,1,6,0,0,0,0,0,0,0,0,0,0,0,0,0,0,0,0,0,103
1026,1,0,1,3,1,0,0,4,30,0,2,2,1,1,0,0,1,0,0,1,0,103
1026,2,1,3,6,1,0,0,4,30,0,2,2,1,1,0,0,0,1,0,0,0,103
1026,3,0,1,6,0,0,0,0,0,0,0,0,0,0,0,0,0,0,0,0,0,103
1027,1,1,1,5,1,0,1,4,32,0,1,1,1,1,0,0,1,0,0,0,0,104
1027,2,0,1,5,1,0,1,4,32,0,1,1,1,0,0,1,0,0,0,0,1,104
1027,3,0,1,6,0,0,0,0,0,0,0,0,0,0,0,0,0,0,0,0,0,104
1028,1,0,3,3,1,0,1,4,32,0,1,1,1,0,0,0,0,0,0,0,0,104
1028,2,1,2,1,1,0,1,4,32,0,1,1,1,1,0,1,0,1,0,0,1,104
1028,3,0,1,6,0,0,0,0,0,0,0,0,0,0,0,0,0,0,0,0,0,104
1029,1,0,1,5,1,0,1,4,32,0,1,1,1,0,1,0,0,1,0,0,1,104
1029,2,1,1,3,1,0,1,4,32,0,1,1,1,1,0,0,1,1,0,0,1,104
1029,3,0,1,6,0,0,0,0,0,0,0,0,0,0,0,0,0,0,0,0,0,104
1030,1,1,3,4,1,0,1,4,32,0,1,1,1,0,0,1,0,1,0,0,1,104
1030,2,0,2,6,1,0,1,4,32,0,1,1,1,1,0,0,0,0,1,0,0,104
1030,3,0,1,6,0,0,0,0,0,0,0,0,0,0,0,0,0,0,0,0,0,104
1031,1,1,2,2,1,0,1,4,32,0,1,1,1,0,1,0,1,1,0,0,1,104
1031,2,0,3,2,1,0,1,4,32,0,1,1,1,0,1,0,0,0,0,0,0,104
1031,3,0,1,6,0,0,0,0,0,0,0,0,0,0,0,0,0,0,0,0,0,104
1032,1,0,3,4,1,0,1,4,32,0,1,1,1,1,0,0,1,0,1,1,0,104
1032,2,1,2,1,1,0,1,4,32,0,1,1,1,0,1,1,0,0,0,0,0,104
1032,3,0,1,6,0,0,0,0,0,0,0,0,0,0,0,0,0,0,0,0,0,104
1033,1,0,2,6,1,0,1,4,32,0,1,1,1,0,1,0,0,0,1,1,0,104
1033,2,1,3,4,1,0,1,4,32,0,1,1,1,0,1,0,1,1,0,1,0,104
1033,3,0,1,6,0,0,0,0,0,0,0,0,0,0,0,0,0,0,0,0,0,104
1034,1,1,1,1,1,0,1,4,32,0,1,1,1,1,0,1,0,0,1,1,0,104
1034,2,0,1,3,1,0,1,4,32,0,1,1,1,0,0,0,1,0,1,1,0,104
1034,3,0,1,6,0,0,0,0,0,0,0,0,0,0,0,0,0,0,0,0,0,104
1035,1,0,2,6,1,0,1,4,32,0,1,1,1,0,0,1,0,0,0,0,0,104
1035,2,1,3,2,1,0,1,4,32,0,1,1,1,0,0,0,0,0,1,1,0,104
1035,3,0,1,6,0,0,0,0,0,0,0,0,0,0,0,0,0,0,0,0,0,104
1036,1,0,2,5,1,0,1,5,25,0,1,1,0,1,0,1,0,0,0,0,1,105
1036,2,1,2,1,1,0,1,5,25,0,1,1,0,0,0,0,1,1,0,0,0,105
1036,3,0,1,6,0,0,0,0,0,0,0,0,0,0,0,0,0,0,0,0,0,105
1037,1,0,2,5,1,0,1,5,25,0,1,1,0,0,0,0,0,0,0,1,0,105
1037,2,1,1,3,1,0,1,5,25,0,1,1,0,0,1,1,0,0,1,0,0,105
1037,3,0,1,6,0,0,0,0,0,0,0,0,0,0,0,0,0,0,0,0,0,105
1038,1,1,1,3,1,0,1,5,25,0,1,1,0,1,0,0,0,1,0,0,0,105
1038,2,0,2,5,1,0,1,5,25,0,1,1,0,0,1,0,1,0,1,0,0,105
1038,3,0,1,6,0,0,0,0,0,0,0,0,0,0,0,0,0,0,0,0,0,105
1039,1,0,1,4,1,0,1,5,25,0,1,1,0,0,0,0,0,1,0,1,0,105
1039,2,1,3,2,1,0,1,5,25,0,1,1,0,1,0,1,0,0,0,1,0,105
1039,3,0,1,6,0,0,0,0,0,0,0,0,0,0,0,0,0,0,0,0,0,105
1040,1,0,1,4,1,0,1,5,25,0,1,1,0,0,1,0,1,1,0,0,0,105
1040,2,1,2,1,1,0,1,5,25,0,1,1,0,0,0,0,0,1,0,1,0,105
1040,3,0,1,6,0,0,0,0,0,0,0,0,0,0,0,0,0,0,0,0,0,105
1041,1,0,3,2,1,0,1,5,25,0,1,1,0,0,0,0,1,0,1,0,1,105
1041,2,1,3,6,1,0,1,5,25,0,1,1,0,0,0,1,0,1,0,1,0,105
1041,3,0,1,6,0,0,0,0,0,0,0,0,0,0,0,0,0,0,0,0,0,105
1042,1,1,3,6,1,0,1,5,25,0,1,1,0,0,1,0,1,0,1,0,0,105
1042,2,0,1,3,1,0,1,5,25,0,1,1,0,0,1,0,0,0,1,0,1,105
1042,3,0,1,6,0,0,0,0,0,0,0,0,0,0,0,0,0,0,0,0,0,105
1043,1,0,3,6,1,0,1,5,25,0,1,1,0,1,0,1,0,0,1,0,1,105
1043,2,0,3,2,1,0,1,5,25,0,1,1,0,1,0,0,1,0,0,0,1,105
1043,3,1,1,6,0,0,0,0,0,0,0,0,0,0,0,0,0,0,0,0,0,105
1044,1,1,2,1,1,0,1,5,25,0,1,1,0,0,1,1,0,0,0,1,0,105
1044,2,0,1,4,1,0,1,5,25,0,1,1,0,1,0,0,0,0,0,0,1,105
1044,3,0,1,6,0,0,0,0,0,0,0,0,0,0,0,0,0,0,0,0,0,105
1045,1,1,3,5,1,0,1,2,25,0,2,1,1,0,1,0,1,0,0,1,0,106
1045,2,0,2,5,1,0,1,2,25,0,2,1,1,1,0,0,1,0,1,1,0,106
1045,3,0,1,6,0,0,0,0,0,0,0,0,0,0,0,0,0,0,0,0,0,106
1046,1,0,1,3,1,0,1,2,25,0,2,1,1,0,1,1,0,0,0,0,1,106
1046,2,1,2,3,1,0,1,2,25,0,2,1,1,0,1,1,0,0,0,1,0,106
1046,3,0,1,6,0,0,0,0,0,0,0,0,0,0,0,0,0,0,0,0,0,106
1047,1,0,3,2,1,0,1,2,25,0,2,1,1,0,0,1,0,1,0,0,0,106
1047,2,1,1,4,1,0,1,2,25,0,2,1,1,0,1,0,1,0,0,1,0,106
1047,3,0,1,6,0,0,0,0,0,0,0,0,0,0,0,0,0,0,0,0,0,106
1048,1,0,2,4,1,0,1,2,25,0,2,1,1,1,0,1,0,1,0,0,0,106
1048,2,1,3,6,1,0,1,2,25,0,2,1,1,0,1,1,0,1,0,0,1,106
1048,3,0,1,6,0,0,0,0,0,0,0,0,0,0,0,0,0,0,0,0,0,106
1049,1,1,3,2,1,0,1,2,25,0,2,1,1,1,0,0,0,1,0,1,0,106
1049,2,0,3,1,1,0,1,2,25,0,2,1,1,0,0,0,0,0,1,0,1,106
1049,3,0,1,6,0,0,0,0,0,0,0,0,0,0,0,0,0,0,0,0,0,106
1050,1,1,2,1,1,0,1,2,25,0,2,1,1,0,1,0,0,0,1,0,1,106
1050,2,0,2,5,1,0,1,2,25,0,2,1,1,0,0,1,0,0,1,0,1,106
1050,3,0,1,6,0,0,0,0,0,0,0,0,0,0,0,0,0,0,0,0,0,106
1051,1,0,1,6,1,0,1,2,25,0,2,1,1,0,0,0,0,0,1,0,1,106
1051,2,1,1,4,1,0,1,2,25,0,2,1,1,0,0,0,0,0,0,0,0,106
1051,3,0,1,6,0,0,0,0,0,0,0,0,0,0,0,0,0,0,0,0,0,106
1052,1,1,2,1,1,0,1,2,25,0,2,1,1,0,0,0,1,0,1,0,0,106
1052,2,0,1,2,1,0,1,2,25,0,2,1,1,1,0,0,1,1,0,0,0,106
1052,3,0,1,6,0,0,0,0,0,0,0,0,0,0,0,0,0,0,0,0,0,106
1053,1,0,1,3,1,0,1,2,25,0,2,1,1,1,0,0,1,0,0,1,0,106
1053,2,1,3,6,1,0,1,2,25,0,2,1,1,1,0,0,0,1,0,0,0,106
1053,3,0,1,6,0,0,0,0,0,0,0,0,0,0,0,0,0,0,0,0,0,106
1054,1,1,2,3,1,0,0,5,24,0,1,1,1,1,0,0,1,1,0,0,1,107
1054,2,0,1,4,1,0,0,5,24,0,1,1,1,1,0,1,0,0,1,1,0,107
1054,3,0,1,6,0,0,0,0,0,0,0,0,0,0,0,0,0,0,0,0,0,107
1055,1,0,3,6,1,0,0,5,24,0,1,1,1,0,1,1,0,1,0,1,0,107
1055,2,0,1,5,1,0,0,5,24,0,1,1,1,0,0,1,0,1,0,0,0,107
1055,3,1,1,6,0,0,0,0,0,0,0,0,0,0,0,0,0,0,0,0,0,107
1056,1,1,2,3,1,0,0,5,24,0,1,1,1,0,0,0,1,1,0,1,0,107
1056,2,0,2,3,1,0,0,5,24,0,1,1,1,0,0,0,1,0,0,0,1,107
1056,3,0,1,6,0,0,0,0,0,0,0,0,0,0,0,0,0,0,0,0,0,107
1057,1,0,1,2,1,0,0,5,24,0,1,1,1,0,0,1,0,0,1,1,0,107
1057,2,1,2,5,1,0,0,5,24,0,1,1,1,0,1,0,0,1,0,0,1,107
1057,3,0,1,6,0,0,0,0,0,0,0,0,0,0,0,0,0,0,0,0,0,107
1058,1,0,2,5,1,0,0,5,24,0,1,1,1,1,0,0,0,0,1,0,0,107
1058,2,0,2,6,1,0,0,5,24,0,1,1,1,1,0,0,0,0,0,1,0,107
1058,3,1,1,6,0,0,0,0,0,0,0,0,0,0,0,0,0,0,0,0,0,107
1059,1,0,1,2,1,0,0,5,24,0,1,1,1,0,1,1,0,0,1,0,0,107
1059,2,0,3,1,1,0,0,5,24,0,1,1,1,1,0,1,0,0,1,0,0,107
1059,3,1,1,6,0,0,0,0,0,0,0,0,0,0,0,0,0,0,0,0,0,107
1060,1,0,3,1,1,0,0,5,24,0,1,1,1,0,1,0,0,0,0,0,0,107
1060,2,0,3,6,1,0,0,5,24,0,1,1,1,0,0,0,1,0,0,0,0,107
1060,3,1,1,6,0,0,0,0,0,0,0,0,0,0,0,0,0,0,0,0,0,107
1061,1,0,1,4,1,0,0,5,24,0,1,1,1,0,0,0,1,0,0,0,1,107
1061,2,1,3,4,1,0,0,5,24,0,1,1,1,0,1,0,1,0,1,0,1,107
1061,3,0,1,6,0,0,0,0,0,0,0,0,0,0,0,0,0,0,0,0,0,107
1062,1,0,3,1,1,0,0,5,24,0,1,1,1,1,0,0,0,0,0,0,1,107
1062,2,0,1,2,1,0,0,5,24,0,1,1,1,0,1,0,0,1,0,1,0,107
1062,3,1,1,6,0,0,0,0,0,0,0,0,0,0,0,0,0,0,0,0,0,107
1063,1,0,3,5,1,1,1,5,23,1,1,1,1,0,1,0,1,0,0,1,0,108
1063,2,0,2,5,1,1,1,5,23,1,1,1,1,1,0,0,1,0,1,1,0,108
1063,3,1,1,6,0,0,0,0,0,0,0,0,0,0,0,0,0,0,0,0,0,108
1064,1,0,1,3,1,1,1,5,23,1,1,1,1,0,1,1,0,0,0,0,1,108
1064,2,1,2,3,1,1,1,5,23,1,1,1,1,0,1,1,0,0,0,1,0,108
1064,3,0,1,6,0,0,0,0,0,0,0,0,0,0,0,0,0,0,0,0,0,108
1065,1,0,3,2,1,1,1,5,23,1,1,1,1,0,0,1,0,1,0,0,0,108
1065,2,1,1,4,1,1,1,5,23,1,1,1,1,0,1,0,1,0,0,1,0,108
1065,3,0,1,6,0,0,0,0,0,0,0,0,0,0,0,0,0,0,0,0,0,108
1066,1,0,2,4,1,1,1,5,23,1,1,1,1,1,0,1,0,1,0,0,0,108
1066,2,0,3,6,1,1,1,5,23,1,1,1,1,0,1,1,0,1,0,0,1,108
1066,3,1,1,6,0,0,0,0,0,0,0,0,0,0,0,0,0,0,0,0,0,108
1067,1,0,3,2,1,1,1,5,23,1,1,1,1,1,0,0,0,1,0,1,0,108
1067,2,0,3,1,1,1,1,5,23,1,1,1,1,0,0,0,0,0,1,0,1,108
1067,3,1,1,6,0,0,0,0,0,0,0,0,0,0,0,0,0,0,0,0,0,108
1068,1,0,2,1,1,1,1,5,23,1,1,1,1,0,1,0,0,0,1,0,1,108
1068,2,1,2,5,1,1,1,5,23,1,1,1,1,0,0,1,0,0,1,0,1,108
1068,3,0,1,6,0,0,0,0,0,0,0,0,0,0,0,0,0,0,0,0,0,108
1069,1,1,1,6,1,1,1,5,23,1,1,1,1,0,0,0,0,0,1,0,1,108
1069,2,0,1,4,1,1,1,5,23,1,1,1,1,0,0,0,0,0,0,0,0,108
1069,3,0,1,6,0,0,0,0,0,0,0,0,0,0,0,0,0,0,0,0,0,108
1070,1,0,2,1,1,1,1,5,23,1,1,1,1,0,0,0,1,0,1,0,0,108
1070,2,0,1,2,1,1,1,5,23,1,1,1,1,1,0,0,1,1,0,0,0,108
1070,3,1,1,6,0,0,0,0,0,0,0,0,0,0,0,0,0,0,0,0,0,108
1071,1,0,1,3,1,1,1,5,23,1,1,1,1,1,0,0,1,0,0,1,0,108
1071,2,0,3,6,1,1,1,5,23,1,1,1,1,1,0,0,0,1,0,0,0,108
1071,3,1,1,6,0,0,0,0,0,0,0,0,0,0,0,0,0,0,0,0,0,108
1072,1,1,3,5,1,0,0,3,27,0,1,1,1,0,1,0,1,0,0,1,0,109
1072,2,0,2,5,1,0,0,3,27,0,1,1,1,1,0,0,1,0,1,1,0,109
1072,3,0,1,6,0,0,0,0,0,0,0,0,0,0,0,0,0,0,0,0,0,109
1073,1,0,1,3,1,0,0,3,27,0,1,1,1,0,1,1,0,0,0,0,1,109
1073,2,1,2,3,1,0,0,3,27,0,1,1,1,0,1,1,0,0,0,1,0,109
1073,3,0,1,6,0,0,0,0,0,0,0,0,0,0,0,0,0,0,0,0,0,109
1074,1,1,3,2,1,0,0,3,27,0,1,1,1,0,0,1,0,1,0,0,0,109
1074,2,0,1,4,1,0,0,3,27,0,1,1,1,0,1,0,1,0,0,1,0,109
1074,3,0,1,6,0,0,0,0,0,0,0,0,0,0,0,0,0,0,0,0,0,109
1075,1,1,2,4,1,0,0,3,27,0,1,1,1,1,0,1,0,1,0,0,0,109
1075,2,0,3,6,1,0,0,3,27,0,1,1,1,0,1,1,0,1,0,0,1,109
1075,3,0,1,6,0,0,0,0,0,0,0,0,0,0,0,0,0,0,0,0,0,109
1076,1,1,3,2,1,0,0,3,27,0,1,1,1,1,0,0,0,1,0,1,0,109
1076,2,0,3,1,1,0,0,3,27,0,1,1,1,0,0,0,0,0,1,0,1,109
1076,3,0,1,6,0,0,0,0,0,0,0,0,0,0,0,0,0,0,0,0,0,109
1077,1,1,2,1,1,0,0,3,27,0,1,1,1,0,1,0,0,0,1,0,1,109
1077,2,0,2,5,1,0,0,3,27,0,1,1,1,0,0,1,0,0,1,0,1,109
1077,3,0,1,6,0,0,0,0,0,0,0,0,0,0,0,0,0,0,0,0,0,109
1078,1,0,1,6,1,0,0,3,27,0,1,1,1,0,0,0,0,0,1,0,1,109
1078,2,1,1,4,1,0,0,3,27,0,1,1,1,0,0,0,0,0,0,0,0,109
1078,3,0,1,6,0,0,0,0,0,0,0,0,0,0,0,0,0,0,0,0,0,109
1079,1,0,2,1,1,0,0,3,27,0,1,1,1,0,0,0,1,0,1,0,0,109
1079,2,1,1,2,1,0,0,3,27,0,1,1,1,1,0,0,1,1,0,0,0,109
1079,3,0,1,6,0,0,0,0,0,0,0,0,0,0,0,0,0,0,0,0,0,109
1080,1,1,1,3,1,0,0,3,27,0,1,1,1,1,0,0,1,0,0,1,0,109
1080,2,0,3,6,1,0,0,3,27,0,1,1,1,1,0,0,0,1,0,0,0,109
1080,3,0,1,6,0,0,0,0,0,0,0,0,0,0,0,0,0,0,0,0,0,109
1081,1,1,1,5,1,0,1,4,26,0,2,1,1,1,0,0,1,0,0,0,0,110
1081,2,0,1,5,1,0,1,4,26,0,2,1,1,0,0,1,0,0,0,0,1,110
1081,3,0,1,6,0,0,0,0,0,0,0,0,0,0,0,0,0,0,0,0,0,110
1082,1,0,3,3,1,0,1,4,26,0,2,1,1,0,0,0,0,0,0,0,0,110
1082,2,1,2,1,1,0,1,4,26,0,2,1,1,1,0,1,0,1,0,0,1,110
1082,3,0,1,6,0,0,0,0,0,0,0,0,0,0,0,0,0,0,0,0,0,110
1083,1,0,1,5,1,0,1,4,26,0,2,1,1,0,1,0,0,1,0,0,1,110
1083,2,1,1,3,1,0,1,4,26,0,2,1,1,1,0,0,1,1,0,0,1,110
1083,3,0,1,6,0,0,0,0,0,0,0,0,0,0,0,0,0,0,0,0,0,110
1084,1,0,3,4,1,0,1,4,26,0,2,1,1,0,0,1,0,1,0,0,1,110
1084,2,1,2,6,1,0,1,4,26,0,2,1,1,1,0,0,0,0,1,0,0,110
1084,3,0,1,6,0,0,0,0,0,0,0,0,0,0,0,0,0,0,0,0,0,110
1085,1,1,2,2,1,0,1,4,26,0,2,1,1,0,1,0,1,1,0,0,1,110
1085,2,0,3,2,1,0,1,4,26,0,2,1,1,0,1,0,0,0,0,0,0,110
1085,3,0,1,6,0,0,0,0,0,0,0,0,0,0,0,0,0,0,0,0,0,110
1086,1,1,3,4,1,0,1,4,26,0,2,1,1,1,0,0,1,0,1,1,0,110
1086,2,0,2,1,1,0,1,4,26,0,2,1,1,0,1,1,0,0,0,0,0,110
1086,3,0,1,6,0,0,0,0,0,0,0,0,0,0,0,0,0,0,0,0,0,110
1087,1,0,2,6,1,0,1,4,26,0,2,1,1,0,1,0,0,0,1,1,0,110
1087,2,1,3,4,1,0,1,4,26,0,2,1,1,0,1,0,1,1,0,1,0,110
1087,3,0,1,6,0,0,0,0,0,0,0,0,0,0,0,0,0,0,0,0,0,110
1088,1,1,1,1,1,0,1,4,26,0,2,1,1,1,0,1,0,0,1,1,0,110
1088,2,0,1,3,1,0,1,4,26,0,2,1,1,0,0,0,1,0,1,1,0,110
1088,3,0,1,6,0,0,0,0,0,0,0,0,0,0,0,0,0,0,0,0,0,110
1089,1,0,2,6,1,0,1,4,26,0,2,1,1,0,0,1,0,0,0,0,0,110
1089,2,1,3,2,1,0,1,4,26,0,2,1,1,0,0,0,0,0,1,1,0,110
1089,3,0,1,6,0,0,0,0,0,0,0,0,0,0,0,0,0,0,0,0,0,110
1090,1,1,3,5,1,1,0,5,27,0,2,1,1,0,1,0,1,0,0,1,0,111
1090,2,0,2,5,1,1,0,5,27,0,2,1,1,1,0,0,1,0,1,1,0,111
1090,3,0,1,6,0,0,0,0,0,0,0,0,0,0,0,0,0,0,0,0,0,111
1091,1,0,1,3,1,1,0,5,27,0,2,1,1,0,1,1,0,0,0,0,1,111
1091,2,1,2,3,1,1,0,5,27,0,2,1,1,0,1,1,0,0,0,1,0,111
1091,3,0,1,6,0,0,0,0,0,0,0,0,0,0,0,0,0,0,0,0,0,111
1092,1,0,3,2,1,1,0,5,27,0,2,1,1,0,0,1,0,1,0,0,0,111
1092,2,1,1,4,1,1,0,5,27,0,2,1,1,0,1,0,1,0,0,1,0,111
1092,3,0,1,6,0,0,0,0,0,0,0,0,0,0,0,0,0,0,0,0,0,111
1093,1,1,2,4,1,1,0,5,27,0,2,1,1,1,0,1,0,1,0,0,0,111
1093,2,0,3,6,1,1,0,5,27,0,2,1,1,0,1,1,0,1,0,0,1,111
1093,3,0,1,6,0,0,0,0,0,0,0,0,0,0,0,0,0,0,0,0,0,111
1094,1,0,3,2,1,1,0,5,27,0,2,1,1,1,0,0,0,1,0,1,0,111
1094,2,1,3,1,1,1,0,5,27,0,2,1,1,0,0,0,0,0,1,0,1,111
1094,3,0,1,6,0,0,0,0,0,0,0,0,0,0,0,0,0,0,0,0,0,111
1095,1,1,2,1,1,1,0,5,27,0,2,1,1,0,1,0,0,0,1,0,1,111
1095,2,0,2,5,1,1,0,5,27,0,2,1,1,0,0,1,0,0,1,0,1,111
1095,3,0,1,6,0,0,0,0,0,0,0,0,0,0,0,0,0,0,0,0,0,111
1096,1,0,1,6,1,1,0,5,27,0,2,1,1,0,0,0,0,0,1,0,1,111
1096,2,0,1,4,1,1,0,5,27,0,2,1,1,0,0,0,0,0,0,0,0,111
1096,3,1,1,6,0,0,0,0,0,0,0,0,0,0,0,0,0,0,0,0,0,111
1097,1,1,2,1,1,1,0,5,27,0,2,1,1,0,0,0,1,0,1,0,0,111
1097,2,0,1,2,1,1,0,5,27,0,2,1,1,1,0,0,1,1,0,0,0,111
1097,3,0,1,6,0,0,0,0,0,0,0,0,0,0,0,0,0,0,0,0,0,111
1098,1,0,1,3,1,1,0,5,27,0,2,1,1,1,0,0,1,0,0,1,0,111
1098,2,0,3,6,1,1,0,5,27,0,2,1,1,1,0,0,0,1,0,0,0,111
1098,3,1,1,6,0,0,0,0,0,0,0,0,0,0,0,0,0,0,0,0,0,111
1099,1,1,1,5,1,1,1,4,30,0,1,1,1,1,0,0,1,0,0,0,0,112
1099,2,0,1,5,1,1,1,4,30,0,1,1,1,0,0,1,0,0,0,0,1,112
1099,3,0,1,6,0,0,0,0,0,0,0,0,0,0,0,0,0,0,0,0,0,112
1100,1,1,3,3,1,1,1,4,30,0,1,1,1,0,0,0,0,0,0,0,0,112
1100,2,0,2,1,1,1,1,4,30,0,1,1,1,1,0,1,0,1,0,0,1,112
1100,3,0,1,6,0,0,0,0,0,0,0,0,0,0,0,0,0,0,0,0,0,112
1101,1,0,1,5,1,1,1,4,30,0,1,1,1,0,1,0,0,1,0,0,1,112
1101,2,1,1,3,1,1,1,4,30,0,1,1,1,1,0,0,1,1,0,0,1,112
1101,3,0,1,6,0,0,0,0,0,0,0,0,0,0,0,0,0,0,0,0,0,112
1102,1,1,3,4,1,1,1,4,30,0,1,1,1,0,0,1,0,1,0,0,1,112
1102,2,0,2,6,1,1,1,4,30,0,1,1,1,1,0,0,0,0,1,0,0,112
1102,3,0,1,6,0,0,0,0,0,0,0,0,0,0,0,0,0,0,0,0,0,112
1103,1,1,2,2,1,1,1,4,30,0,1,1,1,0,1,0,1,1,0,0,1,112
1103,2,0,3,2,1,1,1,4,30,0,1,1,1,0,1,0,0,0,0,0,0,112
1103,3,0,1,6,0,0,0,0,0,0,0,0,0,0,0,0,0,0,0,0,0,112
1104,1,1,3,4,1,1,1,4,30,0,1,1,1,1,0,0,1,0,1,1,0,112
1104,2,0,2,1,1,1,1,4,30,0,1,1,1,0,1,1,0,0,0,0,0,112
1104,3,0,1,6,0,0,0,0,0,0,0,0,0,0,0,0,0,0,0,0,0,112
1105,1,0,2,6,1,1,1,4,30,0,1,1,1,0,1,0,0,0,1,1,0,112
1105,2,1,3,4,1,1,1,4,30,0,1,1,1,0,1,0,1,1,0,1,0,112
1105,3,0,1,6,0,0,0,0,0,0,0,0,0,0,0,0,0,0,0,0,0,112
1106,1,1,1,1,1,1,1,4,30,0,1,1,1,1,0,1,0,0,1,1,0,112
1106,2,0,1,3,1,1,1,4,30,0,1,1,1,0,0,0,1,0,1,1,0,112
1106,3,0,1,6,0,0,0,0,0,0,0,0,0,0,0,0,0,0,0,0,0,112
1107,1,0,2,6,1,1,1,4,30,0,1,1,1,0,0,1,0,0,0,0,0,112
1107,2,1,3,2,1,1,1,4,30,0,1,1,1,0,0,0,0,0,1,1,0,112
1107,3,0,1,6,0,0,0,0,0,0,0,0,0,0,0,0,0,0,0,0,0,112
1126,1,0,1,5,1,0,0,2,24,0,2,1,1,1,0,0,1,0,0,0,0,113
1126,2,0,1,5,1,0,0,2,24,0,2,1,1,0,0,1,0,0,0,0,1,113
1126,3,1,1,6,0,0,0,0,0,0,0,0,0,0,0,0,0,0,0,0,0,113
1127,1,0,3,3,1,0,0,2,24,0,2,1,1,0,0,0,0,0,0,0,0,113
1127,2,1,2,1,1,0,0,2,24,0,2,1,1,1,0,1,0,1,0,0,1,113
1127,3,0,1,6,0,0,0,0,0,0,0,0,0,0,0,0,0,0,0,0,0,113
1128,1,0,1,5,1,0,0,2,24,0,2,1,1,0,1,0,0,1,0,0,1,113
1128,2,1,1,3,1,0,0,2,24,0,2,1,1,1,0,0,1,1,0,0,1,113
1128,3,0,1,6,0,0,0,0,0,0,0,0,0,0,0,0,0,0,0,0,0,113
1129,1,0,3,4,1,0,0,2,24,0,2,1,1,0,0,1,0,1,0,0,1,113
1129,2,1,2,6,1,0,0,2,24,0,2,1,1,1,0,0,0,0,1,0,0,113
1129,3,0,1,6,0,0,0,0,0,0,0,0,0,0,0,0,0,0,0,0,0,113
1130,1,0,2,2,1,0,0,2,24,0,2,1,1,0,1,0,1,1,0,0,1,113
1130,2,1,3,2,1,0,0,2,24,0,2,1,1,0,1,0,0,0,0,0,0,113
1130,3,0,1,6,0,0,0,0,0,0,0,0,0,0,0,0,0,0,0,0,0,113
1131,1,0,3,4,1,0,0,2,24,0,2,1,1,1,0,0,1,0,1,1,0,113
1131,2,1,2,1,1,0,0,2,24,0,2,1,1,0,1,1,0,0,0,0,0,113
1131,3,0,1,6,0,0,0,0,0,0,0,0,0,0,0,0,0,0,0,0,0,113
1132,1,0,2,6,1,0,0,2,24,0,2,1,1,0,1,0,0,0,1,1,0,113
1132,2,1,3,4,1,0,0,2,24,0,2,1,1,0,1,0,1,1,0,1,0,113
1132,3,0,1,6,0,0,0,0,0,0,0,0,0,0,0,0,0,0,0,0,0,113
1133,1,1,1,1,1,0,0,2,24,0,2,1,1,1,0,1,0,0,1,1,0,113
1133,2,0,1,3,1,0,0,2,24,0,2,1,1,0,0,0,1,0,1,1,0,113
1133,3,0,1,6,0,0,0,0,0,0,0,0,0,0,0,0,0,0,0,0,0,113
1134,1,0,2,6,1,0,0,2,24,0,2,1,1,0,0,1,0,0,0,0,0,113
1134,2,1,3,2,1,0,0,2,24,0,2,1,1,0,0,0,0,0,1,1,0,113
1134,3,0,1,6,0,0,0,0,0,0,0,0,0,0,0,0,0,0,0,0,0,113
1135,1,0,1,5,1,0,0,5,29,1,1,1,1,1,0,0,1,0,0,0,0,114
1135,2,0,1,5,1,0,0,5,29,1,1,1,1,0,0,1,0,0,0,0,1,114
1135,3,1,1,6,0,0,0,0,0,0,0,0,0,0,0,0,0,0,0,0,0,114
1136,1,0,3,3,1,0,0,5,29,1,1,1,1,0,0,0,0,0,0,0,0,114
1136,2,0,2,1,1,0,0,5,29,1,1,1,1,1,0,1,0,1,0,0,1,114
1136,3,1,1,6,0,0,0,0,0,0,0,0,0,0,0,0,0,0,0,0,0,114
1137,1,0,1,5,1,0,0,5,29,1,1,1,1,0,1,0,0,1,0,0,1,114
1137,2,0,1,3,1,0,0,5,29,1,1,1,1,1,0,0,1,1,0,0,1,114
1137,3,1,1,6,0,0,0,0,0,0,0,0,0,0,0,0,0,0,0,0,0,114
1138,1,0,3,4,1,0,0,5,29,1,1,1,1,0,0,1,0,1,0,0,1,114
1138,2,0,2,6,1,0,0,5,29,1,1,1,1,1,0,0,0,0,1,0,0,114
1138,3,1,1,6,0,0,0,0,0,0,0,0,0,0,0,0,0,0,0,0,0,114
1139,1,0,2,2,1,0,0,5,29,1,1,1,1,0,1,0,1,1,0,0,1,114
1139,2,0,3,2,1,0,0,5,29,1,1,1,1,0,1,0,0,0,0,0,0,114
1139,3,1,1,6,0,0,0,0,0,0,0,0,0,0,0,0,0,0,0,0,0,114
1140,1,0,3,4,1,0,0,5,29,1,1,1,1,1,0,0,1,0,1,1,0,114
1140,2,0,2,1,1,0,0,5,29,1,1,1,1,0,1,1,0,0,0,0,0,114
1140,3,1,1,6,0,0,0,0,0,0,0,0,0,0,0,0,0,0,0,0,0,114
1141,1,0,2,6,1,0,0,5,29,1,1,1,1,0,1,0,0,0,1,1,0,114
1141,2,0,3,4,1,0,0,5,29,1,1,1,1,0,1,0,1,1,0,1,0,114
1141,3,1,1,6,0,0,0,0,0,0,0,0,0,0,0,0,0,0,0,0,0,114
1142,1,0,1,1,1,0,0,5,29,1,1,1,1,1,0,1,0,0,1,1,0,114
1142,2,0,1,3,1,0,0,5,29,1,1,1,1,0,0,0,1,0,1,1,0,114
1142,3,1,1,6,0,0,0,0,0,0,0,0,0,0,0,0,0,0,0,0,0,114
1143,1,0,2,6,1,0,0,5,29,1,1,1,1,0,0,1,0,0,0,0,0,114
1143,2,0,3,2,1,0,0,5,29,1,1,1,1,0,0,0,0,0,1,1,0,114
1143,3,1,1,6,0,0,0,0,0,0,0,0,0,0,0,0,0,0,0,0,0,114
1144,1,1,1,5,1,0,1,5,25,0,1,2,1,1,0,0,1,0,0,0,0,115
1144,2,0,1,5,1,0,1,5,25,0,1,2,1,0,0,1,0,0,0,0,1,115
1144,3,0,1,6,0,0,0,0,0,0,0,0,0,0,0,0,0,0,0,0,0,115
1145,1,0,3,3,1,0,1,5,25,0,1,2,1,0,0,0,0,0,0,0,0,115
1145,2,1,2,1,1,0,1,5,25,0,1,2,1,1,0,1,0,1,0,0,1,115
1145,3,0,1,6,0,0,0,0,0,0,0,0,0,0,0,0,0,0,0,0,0,115
1146,1,0,1,5,1,0,1,5,25,0,1,2,1,0,1,0,0,1,0,0,1,115
1146,2,1,1,3,1,0,1,5,25,0,1,2,1,1,0,0,1,1,0,0,1,115
1146,3,0,1,6,0,0,0,0,0,0,0,0,0,0,0,0,0,0,0,0,0,115
1147,1,0,3,4,1,0,1,5,25,0,1,2,1,0,0,1,0,1,0,0,1,115
1147,2,1,2,6,1,0,1,5,25,0,1,2,1,1,0,0,0,0,1,0,0,115
1147,3,0,1,6,0,0,0,0,0,0,0,0,0,0,0,0,0,0,0,0,0,115
1148,1,1,2,2,1,0,1,5,25,0,1,2,1,0,1,0,1,1,0,0,1,115
1148,2,0,3,2,1,0,1,5,25,0,1,2,1,0,1,0,0,0,0,0,0,115
1148,3,0,1,6,0,0,0,0,0,0,0,0,0,0,0,0,0,0,0,0,0,115
1149,1,0,3,4,1,0,1,5,25,0,1,2,1,1,0,0,1,0,1,1,0,115
1149,2,1,2,1,1,0,1,5,25,0,1,2,1,0,1,1,0,0,0,0,0,115
1149,3,0,1,6,0,0,0,0,0,0,0,0,0,0,0,0,0,0,0,0,0,115
1150,1,0,2,6,1,0,1,5,25,0,1,2,1,0,1,0,0,0,1,1,0,115
1150,2,1,3,4,1,0,1,5,25,0,1,2,1,0,1,0,1,1,0,1,0,115
1150,3,0,1,6,0,0,0,0,0,0,0,0,0,0,0,0,0,0,0,0,0,115
1151,1,1,1,1,1,0,1,5,25,0,1,2,1,1,0,1,0,0,1,1,0,115
1151,2,0,1,3,1,0,1,5,25,0,1,2,1,0,0,0,1,0,1,1,0,115
1151,3,0,1,6,0,0,0,0,0,0,0,0,0,0,0,0,0,0,0,0,0,115
1152,1,0,2,6,1,0,1,5,25,0,1,2,1,0,0,1,0,0,0,0,0,115
1152,2,1,3,2,1,0,1,5,25,0,1,2,1,0,0,0,0,0,1,1,0,115
1152,3,0,1,6,0,0,0,0,0,0,0,0,0,0,0,0,0,0,0,0,0,115
1153,1,0,3,5,1,0,1,4,24,0,2,1,0,0,1,0,1,0,0,1,0,116
1153,2,0,2,5,1,0,1,4,24,0,2,1,0,1,0,0,1,0,1,1,0,116
1153,3,1,1,6,0,0,0,0,0,0,0,0,0,0,0,0,0,0,0,0,0,116
1154,1,0,1,3,1,0,1,4,24,0,2,1,0,0,1,1,0,0,0,0,1,116
1154,2,0,2,3,1,0,1,4,24,0,2,1,0,0,1,1,0,0,0,1,0,116
1154,3,1,1,6,0,0,0,0,0,0,0,0,0,0,0,0,0,0,0,0,0,116
1155,1,0,3,2,1,0,1,4,24,0,2,1,0,0,0,1,0,1,0,0,0,116
1155,2,0,1,4,1,0,1,4,24,0,2,1,0,0,1,0,1,0,0,1,0,116
1155,3,1,1,6,0,0,0,0,0,0,0,0,0,0,0,0,0,0,0,0,0,116
1156,1,0,2,4,1,0,1,4,24,0,2,1,0,1,0,1,0,1,0,0,0,116
1156,2,0,3,6,1,0,1,4,24,0,2,1,0,0,1,1,0,1,0,0,1,116
1156,3,1,1,6,0,0,0,0,0,0,0,0,0,0,0,0,0,0,0,0,0,116
1157,1,0,3,2,1,0,1,4,24,0,2,1,0,1,0,0,0,1,0,1,0,116
1157,2,1,3,1,1,0,1,4,24,0,2,1,0,0,0,0,0,0,1,0,1,116
1157,3,0,1,6,0,0,0,0,0,0,0,0,0,0,0,0,0,0,0,0,0,116
1158,1,1,2,1,1,0,1,4,24,0,2,1,0,0,1,0,0,0,1,0,1,116
1158,2,0,2,5,1,0,1,4,24,0,2,1,0,0,0,1,0,0,1,0,1,116
1158,3,0,1,6,0,0,0,0,0,0,0,0,0,0,0,0,0,0,0,0,0,116
1159,1,1,1,6,1,0,1,4,24,0,2,1,0,0,0,0,0,0,1,0,1,116
1159,2,0,1,4,1,0,1,4,24,0,2,1,0,0,0,0,0,0,0,0,0,116
1159,3,0,1,6,0,0,0,0,0,0,0,0,0,0,0,0,0,0,0,0,0,116
1160,1,1,2,1,1,0,1,4,24,0,2,1,0,0,0,0,1,0,1,0,0,116
1160,2,0,1,2,1,0,1,4,24,0,2,1,0,1,0,0,1,1,0,0,0,116
1160,3,0,1,6,0,0,0,0,0,0,0,0,0,0,0,0,0,0,0,0,0,116
1161,1,0,1,3,1,0,1,4,24,0,2,1,0,1,0,0,1,0,0,1,0,116
1161,2,0,3,6,1,0,1,4,24,0,2,1,0,1,0,0,0,1,0,0,0,116
1161,3,1,1,6,0,0,0,0,0,0,0,0,0,0,0,0,0,0,0,0,0,116
1162,1,0,2,5,1,1,1,3,27,1,1,1,1,1,0,1,0,0,0,0,1,117
1162,2,1,2,1,1,1,1,3,27,1,1,1,1,0,0,0,1,1,0,0,0,117
1162,3,0,1,6,0,0,0,0,0,0,0,0,0,0,0,0,0,0,0,0,0,117
1163,1,0,2,5,1,1,1,3,27,1,1,1,1,0,0,0,0,0,0,1,0,117
1163,2,1,1,3,1,1,1,3,27,1,1,1,1,0,1,1,0,0,1,0,0,117
1163,3,0,1,6,0,0,0,0,0,0,0,0,0,0,0,0,0,0,0,0,0,117
1164,1,1,1,3,1,1,1,3,27,1,1,1,1,1,0,0,0,1,0,0,0,117
1164,2,0,2,5,1,1,1,3,27,1,1,1,1,0,1,0,1,0,1,0,0,117
1164,3,0,1,6,0,0,0,0,0,0,0,0,0,0,0,0,0,0,0,0,0,117
1165,1,0,1,4,1,1,1,3,27,1,1,1,1,0,0,0,0,1,0,1,0,117
1165,2,1,3,2,1,1,1,3,27,1,1,1,1,1,0,1,0,0,0,1,0,117
1165,3,0,1,6,0,0,0,0,0,0,0,0,0,0,0,0,0,0,0,0,0,117
1166,1,1,1,4,1,1,1,3,27,1,1,1,1,0,1,0,1,1,0,0,0,117
1166,2,0,2,1,1,1,1,3,27,1,1,1,1,0,0,0,0,1,0,1,0,117
1166,3,0,1,6,0,0,0,0,0,0,0,0,0,0,0,0,0,0,0,0,0,117
1167,1,1,3,2,1,1,1,3,27,1,1,1,1,0,0,0,1,0,1,0,1,117
1167,2,0,3,6,1,1,1,3,27,1,1,1,1,0,0,1,0,1,0,1,0,117
1167,3,0,1,6,0,0,0,0,0,0,0,0,0,0,0,0,0,0,0,0,0,117
1168,1,1,3,6,1,1,1,3,27,1,1,1,1,0,1,0,1,0,1,0,0,117
1168,2,0,1,3,1,1,1,3,27,1,1,1,1,0,1,0,0,0,1,0,1,117
1168,3,0,1,6,0,0,0,0,0,0,0,0,0,0,0,0,0,0,0,0,0,117
1169,1,0,3,6,1,1,1,3,27,1,1,1,1,1,0,1,0,0,1,0,1,117
1169,2,1,3,2,1,1,1,3,27,1,1,1,1,1,0,0,1,0,0,0,1,117
1169,3,0,1,6,0,0,0,0,0,0,0,0,0,0,0,0,0,0,0,0,0,117
1170,1,1,2,1,1,1,1,3,27,1,1,1,1,0,1,1,0,0,0,1,0,117
1170,2,0,1,4,1,1,1,3,27,1,1,1,1,1,0,0,0,0,0,0,1,117
1170,3,0,1,6,0,0,0,0,0,0,0,0,0,0,0,0,0,0,0,0,0,117
1171,1,0,2,5,1,0,1,3,21,0,2,1,1,1,0,1,0,0,0,0,1,118
1171,2,1,2,1,1,0,1,3,21,0,2,1,1,0,0,0,1,1,0,0,0,118
1171,3,0,1,6,0,0,0,0,0,0,0,0,0,0,0,0,0,0,0,0,0,118
1172,1,0,2,5,1,0,1,3,21,0,2,1,1,0,0,0,0,0,0,1,0,118
1172,2,1,1,3,1,0,1,3,21,0,2,1,1,0,1,1,0,0,1,0,0,118
1172,3,0,1,6,0,0,0,0,0,0,0,0,0,0,0,0,0,0,0,0,0,118
1173,1,0,1,3,1,0,1,3,21,0,2,1,1,1,0,0,0,1,0,0,0,118
1173,2,1,2,5,1,0,1,3,21,0,2,1,1,0,1,0,1,0,1,0,0,118
1173,3,0,1,6,0,0,0,0,0,0,0,0,0,0,0,0,0,0,0,0,0,118
1174,1,0,1,4,1,0,1,3,21,0,2,1,1,0,0,0,0,1,0,1,0,118
1174,2,1,3,2,1,0,1,3,21,0,2,1,1,1,0,1,0,0,0,1,0,118
1174,3,0,1,6,0,0,0,0,0,0,0,0,0,0,0,0,0,0,0,0,0,118
1175,1,1,1,4,1,0,1,3,21,0,2,1,1,0,1,0,1,1,0,0,0,118
1175,2,0,2,1,1,0,1,3,21,0,2,1,1,0,0,0,0,1,0,1,0,118
1175,3,0,1,6,0,0,0,0,0,0,0,0,0,0,0,0,0,0,0,0,0,118
1176,1,1,3,2,1,0,1,3,21,0,2,1,1,0,0,0,1,0,1,0,1,118
1176,2,0,3,6,1,0,1,3,21,0,2,1,1,0,0,1,0,1,0,1,0,118
1176,3,0,1,6,0,0,0,0,0,0,0,0,0,0,0,0,0,0,0,0,0,118
1177,1,0,3,6,1,0,1,3,21,0,2,1,1,0,1,0,1,0,1,0,0,118
1177,2,1,1,3,1,0,1,3,21,0,2,1,1,0,1,0,0,0,1,0,1,118
1177,3,0,1,6,0,0,0,0,0,0,0,0,0,0,0,0,0,0,0,0,0,118
1178,1,0,3,6,1,0,1,3,21,0,2,1,1,1,0,1,0,0,1,0,1,118
1178,2,1,3,2,1,0,1,3,21,0,2,1,1,1,0,0,1,0,0,0,1,118
1178,3,0,1,6,0,0,0,0,0,0,0,0,0,0,0,0,0,0,0,0,0,118
1179,1,1,2,1,1,0,1,3,21,0,2,1,1,0,1,1,0,0,0,1,0,118
1179,2,0,1,4,1,0,1,3,21,0,2,1,1,1,0,0,0,0,0,0,1,118
1179,3,0,1,6,0,0,0,0,0,0,0,0,0,0,0,0,0,0,0,0,0,118
1180,1,1,1,5,1,0,1,5,23,0,1,1,1,1,0,0,1,0,0,0,0,119
1180,2,0,1,5,1,0,1,5,23,0,1,1,1,0,0,1,0,0,0,0,1,119
1180,3,0,1,6,0,0,0,0,0,0,0,0,0,0,0,0,0,0,0,0,0,119
1181,1,0,3,3,1,0,1,5,23,0,1,1,1,0,0,0,0,0,0,0,0,119
1181,2,1,2,1,1,0,1,5,23,0,1,1,1,1,0,1,0,1,0,0,1,119
1181,3,0,1,6,0,0,0,0,0,0,0,0,0,0,0,0,0,0,0,0,0,119
1182,1,0,1,5,1,0,1,5,23,0,1,1,1,0,1,0,0,1,0,0,1,119
1182,2,1,1,3,1,0,1,5,23,0,1,1,1,1,0,0,1,1,0,0,1,119
1182,3,0,1,6,0,0,0,0,0,0,0,0,0,0,0,0,0,0,0,0,0,119
1183,1,1,3,4,1,0,1,5,23,0,1,1,1,0,0,1,0,1,0,0,1,119
1183,2,0,2,6,1,0,1,5,23,0,1,1,1,1,0,0,0,0,1,0,0,119
1183,3,0,1,6,0,0,0,0,0,0,0,0,0,0,0,0,0,0,0,0,0,119
1184,1,0,2,2,1,0,1,5,23,0,1,1,1,0,1,0,1,1,0,0,1,119
1184,2,1,3,2,1,0,1,5,23,0,1,1,1,0,1,0,0,0,0,0,0,119
1184,3,0,1,6,0,0,0,0,0,0,0,0,0,0,0,0,0,0,0,0,0,119
1185,1,1,3,4,1,0,1,5,23,0,1,1,1,1,0,0,1,0,1,1,0,119
1185,2,0,2,1,1,0,1,5,23,0,1,1,1,0,1,1,0,0,0,0,0,119
1185,3,0,1,6,0,0,0,0,0,0,0,0,0,0,0,0,0,0,0,0,0,119
1186,1,0,2,6,1,0,1,5,23,0,1,1,1,0,1,0,0,0,1,1,0,119
1186,2,1,3,4,1,0,1,5,23,0,1,1,1,0,1,0,1,1,0,1,0,119
1186,3,0,1,6,0,0,0,0,0,0,0,0,0,0,0,0,0,0,0,0,0,119
1187,1,0,1,1,1,0,1,5,23,0,1,1,1,1,0,1,0,0,1,1,0,119
1187,2,1,1,3,1,0,1,5,23,0,1,1,1,0,0,0,1,0,1,1,0,119
1187,3,0,1,6,0,0,0,0,0,0,0,0,0,0,0,0,0,0,0,0,0,119
1188,1,0,2,6,1,0,1,5,23,0,1,1,1,0,0,1,0,0,0,0,0,119
1188,2,1,3,2,1,0,1,5,23,0,1,1,1,0,0,0,0,0,1,1,0,119
1188,3,0,1,6,0,0,0,0,0,0,0,0,0,0,0,0,0,0,0,0,0,119
1189,1,1,3,5,1,1,0,5,24,1,1,1,1,0,1,0,1,0,0,1,0,120
1189,2,0,2,5,1,1,0,5,24,1,1,1,1,1,0,0,1,0,1,1,0,120
1189,3,0,1,6,0,0,0,0,0,0,0,0,0,0,0,0,0,0,0,0,0,120
1190,1,0,1,3,1,1,0,5,24,1,1,1,1,0,1,1,0,0,0,0,1,120
1190,2,1,2,3,1,1,0,5,24,1,1,1,1,0,1,1,0,0,0,1,0,120
1190,3,0,1,6,0,0,0,0,0,0,0,0,0,0,0,0,0,0,0,0,0,120
1191,1,0,3,2,1,1,0,5,24,1,1,1,1,0,0,1,0,1,0,0,0,120
1191,2,1,1,4,1,1,0,5,24,1,1,1,1,0,1,0,1,0,0,1,0,120
1191,3,0,1,6,0,0,0,0,0,0,0,0,0,0,0,0,0,0,0,0,0,120
1192,1,0,2,4,1,1,0,5,24,1,1,1,1,1,0,1,0,1,0,0,0,120
1192,2,1,3,6,1,1,0,5,24,1,1,1,1,0,1,1,0,1,0,0,1,120
1192,3,0,1,6,0,0,0,0,0,0,0,0,0,0,0,0,0,0,0,0,0,120
1193,1,0,3,2,1,1,0,5,24,1,1,1,1,1,0,0,0,1,0,1,0,120
1193,2,1,3,1,1,1,0,5,24,1,1,1,1,0,0,0,0,0,1,0,1,120
1193,3,0,1,6,0,0,0,0,0,0,0,0,0,0,0,0,0,0,0,0,0,120
1194,1,1,2,1,1,1,0,5,24,1,1,1,1,0,1,0,0,0,1,0,1,120
1194,2,0,2,5,1,1,0,5,24,1,1,1,1,0,0,1,0,0,1,0,1,120
1194,3,0,1,6,0,0,0,0,0,0,0,0,0,0,0,0,0,0,0,0,0,120
1195,1,0,1,6,1,1,0,5,24,1,1,1,1,0,0,0,0,0,1,0,1,120
1195,2,1,1,4,1,1,0,5,24,1,1,1,1,0,0,0,0,0,0,0,0,120
1195,3,0,1,6,0,0,0,0,0,0,0,0,0,0,0,0,0,0,0,0,0,120
1196,1,0,2,1,1,1,0,5,24,1,1,1,1,0,0,0,1,0,1,0,0,120
1196,2,1,1,2,1,1,0,5,24,1,1,1,1,1,0,0,1,1,0,0,0,120
1196,3,0,1,6,0,0,0,0,0,0,0,0,0,0,0,0,0,0,0,0,0,120
1197,1,1,1,3,1,1,0,5,24,1,1,1,1,1,0,0,1,0,0,1,0,120
1197,2,0,3,6,1,1,0,5,24,1,1,1,1,1,0,0,0,1,0,0,0,120
1197,3,0,1,6,0,0,0,0,0,0,0,0,0,0,0,0,0,0,0,0,0,120
1198,1,0,1,5,1,0,0,5,37,1,3,1,1,1,0,0,1,0,0,0,0,121
1198,2,1,1,5,1,0,0,5,37,1,3,1,1,0,0,1,0,0,0,0,1,121
1198,3,0,1,6,0,0,0,0,0,0,0,0,0,0,0,0,0,0,0,0,0,121
1199,1,1,3,3,1,0,0,5,37,1,3,1,1,0,0,0,0,0,0,0,0,121
1199,2,0,2,1,1,0,0,5,37,1,3,1,1,1,0,1,0,1,0,0,1,121
1199,3,0,1,6,0,0,0,0,0,0,0,0,0,0,0,0,0,0,0,0,0,121
1200,1,0,1,5,1,0,0,5,37,1,3,1,1,0,1,0,0,1,0,0,1,121
1200,2,1,1,3,1,0,0,5,37,1,3,1,1,1,0,0,1,1,0,0,1,121
1200,3,0,1,6,0,0,0,0,0,0,0,0,0,0,0,0,0,0,0,0,0,121
1201,1,1,3,4,1,0,0,5,37,1,3,1,1,0,0,1,0,1,0,0,1,121
1201,2,0,2,6,1,0,0,5,37,1,3,1,1,1,0,0,0,0,1,0,0,121
1201,3,0,1,6,0,0,0,0,0,0,0,0,0,0,0,0,0,0,0,0,0,121
1202,1,1,2,2,1,0,0,5,37,1,3,1,1,0,1,0,1,1,0,0,1,121
1202,2,0,3,2,1,0,0,5,37,1,3,1,1,0,1,0,0,0,0,0,0,121
1202,3,0,1,6,0,0,0,0,0,0,0,0,0,0,0,0,0,0,0,0,0,121
1203,1,1,3,4,1,0,0,5,37,1,3,1,1,1,0,0,1,0,1,1,0,121
1203,2,0,2,1,1,0,0,5,37,1,3,1,1,0,1,1,0,0,0,0,0,121
1203,3,0,1,6,0,0,0,0,0,0,0,0,0,0,0,0,0,0,0,0,0,121
1204,1,0,2,6,1,0,0,5,37,1,3,1,1,0,1,0,0,0,1,1,0,121
1204,2,1,3,4,1,0,0,5,37,1,3,1,1,0,1,0,1,1,0,1,0,121
1204,3,0,1,6,0,0,0,0,0,0,0,0,0,0,0,0,0,0,0,0,0,121
1205,1,0,1,1,1,0,0,5,37,1,3,1,1,1,0,1,0,0,1,1,0,121
1205,2,1,1,3,1,0,0,5,37,1,3,1,1,0,0,0,1,0,1,1,0,121
1205,3,0,1,6,0,0,0,0,0,0,0,0,0,0,0,0,0,0,0,0,0,121
1206,1,0,2,6,1,0,0,5,37,1,3,1,1,0,0,1,0,0,0,0,0,121
1206,2,1,3,2,1,0,0,5,37,1,3,1,1,0,0,0,0,0,1,1,0,121
1206,3,0,1,6,0,0,0,0,0,0,0,0,0,0,0,0,0,0,0,0,0,121
1207,1,1,3,5,1,0,1,5,23,0,1,1,0,0,1,0,1,0,0,1,0,122
1207,2,0,2,5,1,0,1,5,23,0,1,1,0,1,0,0,1,0,1,1,0,122
1207,3,0,1,6,0,0,0,0,0,0,0,0,0,0,0,0,0,0,0,0,0,122
1208,1,0,1,3,1,0,1,5,23,0,1,1,0,0,1,1,0,0,0,0,1,122
1208,2,1,2,3,1,0,1,5,23,0,1,1,0,0,1,1,0,0,0,1,0,122
1208,3,0,1,6,0,0,0,0,0,0,0,0,0,0,0,0,0,0,0,0,0,122
1209,1,0,3,2,1,0,1,5,23,0,1,1,0,0,0,1,0,1,0,0,0,122
1209,2,1,1,4,1,0,1,5,23,0,1,1,0,0,1,0,1,0,0,1,0,122
1209,3,0,1,6,0,0,0,0,0,0,0,0,0,0,0,0,0,0,0,0,0,122
1210,1,1,2,4,1,0,1,5,23,0,1,1,0,1,0,1,0,1,0,0,0,122
1210,2,0,3,6,1,0,1,5,23,0,1,1,0,0,1,1,0,1,0,0,1,122
1210,3,0,1,6,0,0,0,0,0,0,0,0,0,0,0,0,0,0,0,0,0,122
1211,1,0,3,2,1,0,1,5,23,0,1,1,0,1,0,0,0,1,0,1,0,122
1211,2,1,3,1,1,0,1,5,23,0,1,1,0,0,0,0,0,0,1,0,1,122
1211,3,0,1,6,0,0,0,0,0,0,0,0,0,0,0,0,0,0,0,0,0,122
1212,1,1,2,1,1,0,1,5,23,0,1,1,0,0,1,0,0,0,1,0,1,122
1212,2,0,2,5,1,0,1,5,23,0,1,1,0,0,0,1,0,0,1,0,1,122
1212,3,0,1,6,0,0,0,0,0,0,0,0,0,0,0,0,0,0,0,0,0,122
1213,1,0,1,6,1,0,1,5,23,0,1,1,0,0,0,0,0,0,1,0,1,122
1213,2,1,1,4,1,0,1,5,23,0,1,1,0,0,0,0,0,0,0,0,0,122
1213,3,0,1,6,0,0,0,0,0,0,0,0,0,0,0,0,0,0,0,0,0,122
1214,1,0,2,1,1,0,1,5,23,0,1,1,0,0,0,0,1,0,1,0,0,122
1214,2,1,1,2,1,0,1,5,23,0,1,1,0,1,0,0,1,1,0,0,0,122
1214,3,0,1,6,0,0,0,0,0,0,0,0,0,0,0,0,0,0,0,0,0,122
1215,1,0,1,3,1,0,1,5,23,0,1,1,0,1,0,0,1,0,0,1,0,122
1215,2,1,3,6,1,0,1,5,23,0,1,1,0,1,0,0,0,1,0,0,0,122
1215,3,0,1,6,0,0,0,0,0,0,0,0,0,0,0,0,0,0,0,0,0,122
1216,1,1,2,3,1,0,1,3,24,1,1,1,1,1,0,0,1,1,0,0,1,123
1216,2,0,1,4,1,0,1,3,24,1,1,1,1,1,0,1,0,0,1,1,0,123
1216,3,0,1,6,0,0,0,0,0,0,0,0,0,0,0,0,0,0,0,0,0,123
1217,1,1,3,6,1,0,1,3,24,1,1,1,1,0,1,1,0,1,0,1,0,123
1217,2,0,1,5,1,0,1,3,24,1,1,1,1,0,0,1,0,1,0,0,0,123
1217,3,0,1,6,0,0,0,0,0,0,0,0,0,0,0,0,0,0,0,0,0,123
1218,1,1,2,3,1,0,1,3,24,1,1,1,1,0,0,0,1,1,0,1,0,123
1218,2,0,2,3,1,0,1,3,24,1,1,1,1,0,0,0,1,0,0,0,1,123
1218,3,0,1,6,0,0,0,0,0,0,0,0,0,0,0,0,0,0,0,0,0,123
1219,1,0,1,2,1,0,1,3,24,1,1,1,1,0,0,1,0,0,1,1,0,123
1219,2,1,2,5,1,0,1,3,24,1,1,1,1,0,1,0,0,1,0,0,1,123
1219,3,0,1,6,0,0,0,0,0,0,0,0,0,0,0,0,0,0,0,0,0,123
1220,1,1,2,5,1,0,1,3,24,1,1,1,1,1,0,0,0,0,1,0,0,123
1220,2,0,2,6,1,0,1,3,24,1,1,1,1,1,0,0,0,0,0,1,0,123
1220,3,0,1,6,0,0,0,0,0,0,0,0,0,0,0,0,0,0,0,0,0,123
1221,1,0,1,2,1,0,1,3,24,1,1,1,1,0,1,1,0,0,1,0,0,123
1221,2,1,3,1,1,0,1,3,24,1,1,1,1,1,0,1,0,0,1,0,0,123
1221,3,0,1,6,0,0,0,0,0,0,0,0,0,0,0,0,0,0,0,0,0,123
1222,1,1,3,1,1,0,1,3,24,1,1,1,1,0,1,0,0,0,0,0,0,123
1222,2,0,3,6,1,0,1,3,24,1,1,1,1,0,0,0,1,0,0,0,0,123
1222,3,0,1,6,0,0,0,0,0,0,0,0,0,0,0,0,0,0,0,0,0,123
1223,1,0,1,4,1,0,1,3,24,1,1,1,1,0,0,0,1,0,0,0,1,123
1223,2,1,3,4,1,0,1,3,24,1,1,1,1,0,1,0,1,0,1,0,1,123
1223,3,0,1,6,0,0,0,0,0,0,0,0,0,0,0,0,0,0,0,0,0,123
1224,1,0,3,1,1,0,1,3,24,1,1,1,1,1,0,0,0,0,0,0,1,123
1224,2,1,1,2,1,0,1,3,24,1,1,1,1,0,1,0,0,1,0,1,0,123
1224,3,0,1,6,0,0,0,0,0,0,0,0,0,0,0,0,0,0,0,0,0,123
1225,1,1,1,5,1,0,1,5,27,0,2,1,1,1,0,0,1,0,0,0,0,124
1225,2,0,1,5,1,0,1,5,27,0,2,1,1,0,0,1,0,0,0,0,1,124
1225,3,0,1,6,0,0,0,0,0,0,0,0,0,0,0,0,0,0,0,0,0,124
1226,1,1,3,3,1,0,1,5,27,0,2,1,1,0,0,0,0,0,0,0,0,124
1226,2,0,2,1,1,0,1,5,27,0,2,1,1,1,0,1,0,1,0,0,1,124
1226,3,0,1,6,0,0,0,0,0,0,0,0,0,0,0,0,0,0,0,0,0,124
1227,1,0,1,5,1,0,1,5,27,0,2,1,1,0,1,0,0,1,0,0,1,124
1227,2,1,1,3,1,0,1,5,27,0,2,1,1,1,0,0,1,1,0,0,1,124
1227,3,0,1,6,0,0,0,0,0,0,0,0,0,0,0,0,0,0,0,0,0,124
1228,1,1,3,4,1,0,1,5,27,0,2,1,1,0,0,1,0,1,0,0,1,124
1228,2,0,2,6,1,0,1,5,27,0,2,1,1,1,0,0,0,0,1,0,0,124
1228,3,0,1,6,0,0,0,0,0,0,0,0,0,0,0,0,0,0,0,0,0,124
1229,1,0,2,2,1,0,1,5,27,0,2,1,1,0,1,0,1,1,0,0,1,124
1229,2,1,3,2,1,0,1,5,27,0,2,1,1,0,1,0,0,0,0,0,0,124
1229,3,0,1,6,0,0,0,0,0,0,0,0,0,0,0,0,0,0,0,0,0,124
1230,1,1,3,4,1,0,1,5,27,0,2,1,1,1,0,0,1,0,1,1,0,124
1230,2,0,2,1,1,0,1,5,27,0,2,1,1,0,1,1,0,0,0,0,0,124
1230,3,0,1,6,0,0,0,0,0,0,0,0,0,0,0,0,0,0,0,0,0,124
1231,1,0,2,6,1,0,1,5,27,0,2,1,1,0,1,0,0,0,1,1,0,124
1231,2,1,3,4,1,0,1,5,27,0,2,1,1,0,1,0,1,1,0,1,0,124
1231,3,0,1,6,0,0,0,0,0,0,0,0,0,0,0,0,0,0,0,0,0,124
1232,1,0,1,1,1,0,1,5,27,0,2,1,1,1,0,1,0,0,1,1,0,124
1232,2,1,1,3,1,0,1,5,27,0,2,1,1,0,0,0,1,0,1,1,0,124
1232,3,0,1,6,0,0,0,0,0,0,0,0,0,0,0,0,0,0,0,0,0,124
1233,1,0,2,6,1,0,1,5,27,0,2,1,1,0,0,1,0,0,0,0,0,124
1233,2,1,3,2,1,0,1,5,27,0,2,1,1,0,0,0,0,0,1,1,0,124
1233,3,0,1,6,0,0,0,0,0,0,0,0,0,0,0,0,0,0,0,0,0,124
1234,1,1,3,5,1,0,0,5,26,0,1,1,1,0,1,0,1,0,0,1,0,125
1234,2,0,2,5,1,0,0,5,26,0,1,1,1,1,0,0,1,0,1,1,0,125
1234,3,0,1,6,0,0,0,0,0,0,0,0,0,0,0,0,0,0,0,0,0,125
1235,1,0,1,3,1,0,0,5,26,0,1,1,1,0,1,1,0,0,0,0,1,125
1235,2,1,2,3,1,0,0,5,26,0,1,1,1,0,1,1,0,0,0,1,0,125
1235,3,0,1,6,0,0,0,0,0,0,0,0,0,0,0,0,0,0,0,0,0,125
1236,1,1,3,2,1,0,0,5,26,0,1,1,1,0,0,1,0,1,0,0,0,125
1236,2,0,1,4,1,0,0,5,26,0,1,1,1,0,1,0,1,0,0,1,0,125
1236,3,0,1,6,0,0,0,0,0,0,0,0,0,0,0,0,0,0,0,0,0,125
1237,1,1,2,4,1,0,0,5,26,0,1,1,1,1,0,1,0,1,0,0,0,125
1237,2,0,3,6,1,0,0,5,26,0,1,1,1,0,1,1,0,1,0,0,1,125
1237,3,0,1,6,0,0,0,0,0,0,0,0,0,0,0,0,0,0,0,0,0,125
1238,1,0,3,2,1,0,0,5,26,0,1,1,1,1,0,0,0,1,0,1,0,125
1238,2,1,3,1,1,0,0,5,26,0,1,1,1,0,0,0,0,0,1,0,1,125
1238,3,0,1,6,0,0,0,0,0,0,0,0,0,0,0,0,0,0,0,0,0,125
1239,1,1,2,1,1,0,0,5,26,0,1,1,1,0,1,0,0,0,1,0,1,125
1239,2,0,2,5,1,0,0,5,26,0,1,1,1,0,0,1,0,0,1,0,1,125
1239,3,0,1,6,0,0,0,0,0,0,0,0,0,0,0,0,0,0,0,0,0,125
1240,1,0,1,6,1,0,0,5,26,0,1,1,1,0,0,0,0,0,1,0,1,125
1240,2,1,1,4,1,0,0,5,26,0,1,1,1,0,0,0,0,0,0,0,0,125
1240,3,0,1,6,0,0,0,0,0,0,0,0,0,0,0,0,0,0,0,0,0,125
1241,1,1,2,1,1,0,0,5,26,0,1,1,1,0,0,0,1,0,1,0,0,125
1241,2,0,1,2,1,0,0,5,26,0,1,1,1,1,0,0,1,1,0,0,0,125
1241,3,0,1,6,0,0,0,0,0,0,0,0,0,0,0,0,0,0,0,0,0,125
1242,1,1,1,3,1,0,0,5,26,0,1,1,1,1,0,0,1,0,0,1,0,125
1242,2,0,3,6,1,0,0,5,26,0,1,1,1,1,0,0,0,1,0,0,0,125
1242,3,0,1,6,0,0,0,0,0,0,0,0,0,0,0,0,0,0,0,0,0,125
1243,1,1,2,5,1,0,0,5,20,0,1,1,0,1,0,1,0,0,0,0,1,126
1243,2,0,2,1,1,0,0,5,20,0,1,1,0,0,0,0,1,1,0,0,0,126
1243,3,0,1,6,0,0,0,0,0,0,0,0,0,0,0,0,0,0,0,0,0,126
1244,1,0,2,5,1,0,0,5,20,0,1,1,0,0,0,0,0,0,0,1,0,126
1244,2,1,1,3,1,0,0,5,20,0,1,1,0,0,1,1,0,0,1,0,0,126
1244,3,0,1,6,0,0,0,0,0,0,0,0,0,0,0,0,0,0,0,0,0,126
1245,1,0,1,3,1,0,0,5,20,0,1,1,0,1,0,0,0,1,0,0,0,126
1245,2,1,2,5,1,0,0,5,20,0,1,1,0,0,1,0,1,0,1,0,0,126
1245,3,0,1,6,0,0,0,0,0,0,0,0,0,0,0,0,0,0,0,0,0,126
1246,1,0,1,4,1,0,0,5,20,0,1,1,0,0,0,0,0,1,0,1,0,126
1246,2,1,3,2,1,0,0,5,20,0,1,1,0,1,0,1,0,0,0,1,0,126
1246,3,0,1,6,0,0,0,0,0,0,0,0,0,0,0,0,0,0,0,0,0,126
1247,1,1,1,4,1,0,0,5,20,0,1,1,0,0,1,0,1,1,0,0,0,126
1247,2,0,2,1,1,0,0,5,20,0,1,1,0,0,0,0,0,1,0,1,0,126
1247,3,0,1,6,0,0,0,0,0,0,0,0,0,0,0,0,0,0,0,0,0,126
1248,1,1,3,2,1,0,0,5,20,0,1,1,0,0,0,0,1,0,1,0,1,126
1248,2,0,3,6,1,0,0,5,20,0,1,1,0,0,0,1,0,1,0,1,0,126
1248,3,0,1,6,0,0,0,0,0,0,0,0,0,0,0,0,0,0,0,0,0,126
1249,1,1,3,6,1,0,0,5,20,0,1,1,0,0,1,0,1,0,1,0,0,126
1249,2,0,1,3,1,0,0,5,20,0,1,1,0,0,1,0,0,0,1,0,1,126
1249,3,0,1,6,0,0,0,0,0,0,0,0,0,0,0,0,0,0,0,0,0,126
1250,1,0,3,6,1,0,0,5,20,0,1,1,0,1,0,1,0,0,1,0,1,126
1250,2,1,3,2,1,0,0,5,20,0,1,1,0,1,0,0,1,0,0,0,1,126
1250,3,0,1,6,0,0,0,0,0,0,0,0,0,0,0,0,0,0,0,0,0,126
1251,1,1,2,1,1,0,0,5,20,0,1,1,0,0,1,1,0,0,0,1,0,126
1251,2,0,1,4,1,0,0,5,20,0,1,1,0,1,0,0,0,0,0,0,1,126
1251,3,0,1,6,0,0,0,0,0,0,0,0,0,0,0,0,0,0,0,0,0,126
1252,1,0,2,3,1,0,1,5,20,1,1,1,0,1,0,0,1,1,0,0,1,127
1252,2,1,1,4,1,0,1,5,20,1,1,1,0,1,0,1,0,0,1,1,0,127
1252,3,0,1,6,0,0,0,0,0,0,0,0,0,0,0,0,0,0,0,0,0,127
1253,1,1,3,6,1,0,1,5,20,1,1,1,0,0,1,1,0,1,0,1,0,127
1253,2,0,1,5,1,0,1,5,20,1,1,1,0,0,0,1,0,1,0,0,0,127
1253,3,0,1,6,0,0,0,0,0,0,0,0,0,0,0,0,0,0,0,0,0,127
1254,1,1,2,3,1,0,1,5,20,1,1,1,0,0,0,0,1,1,0,1,0,127
1254,2,0,2,3,1,0,1,5,20,1,1,1,0,0,0,0,1,0,0,0,1,127
1254,3,0,1,6,0,0,0,0,0,0,0,0,0,0,0,0,0,0,0,0,0,127
1255,1,0,1,2,1,0,1,5,20,1,1,1,0,0,0,1,0,0,1,1,0,127
1255,2,1,2,5,1,0,1,5,20,1,1,1,0,0,1,0,0,1,0,0,1,127
1255,3,0,1,6,0,0,0,0,0,0,0,0,0,0,0,0,0,0,0,0,0,127
1256,1,1,2,5,1,0,1,5,20,1,1,1,0,1,0,0,0,0,1,0,0,127
1256,2,0,2,6,1,0,1,5,20,1,1,1,0,1,0,0,0,0,0,1,0,127
1256,3,0,1,6,0,0,0,0,0,0,0,0,0,0,0,0,0,0,0,0,0,127
1257,1,1,1,2,1,0,1,5,20,1,1,1,0,0,1,1,0,0,1,0,0,127
1257,2,0,3,1,1,0,1,5,20,1,1,1,0,1,0,1,0,0,1,0,0,127
1257,3,0,1,6,0,0,0,0,0,0,0,0,0,0,0,0,0,0,0,0,0,127
1258,1,1,3,1,1,0,1,5,20,1,1,1,0,0,1,0,0,0,0,0,0,127
1258,2,0,3,6,1,0,1,5,20,1,1,1,0,0,0,0,1,0,0,0,0,127
1258,3,0,1,6,0,0,0,0,0,0,0,0,0,0,0,0,0,0,0,0,0,127
1259,1,0,1,4,1,0,1,5,20,1,1,1,0,0,0,0,1,0,0,0,1,127
1259,2,1,3,4,1,0,1,5,20,1,1,1,0,0,1,0,1,0,1,0,1,127
1259,3,0,1,6,0,0,0,0,0,0,0,0,0,0,0,0,0,0,0,0,0,127
1260,1,1,3,1,1,0,1,5,20,1,1,1,0,1,0,0,0,0,0,0,1,127
1260,2,0,1,2,1,0,1,5,20,1,1,1,0,0,1,0,0,1,0,1,0,127
1260,3,0,1,6,0,0,0,0,0,0,0,0,0,0,0,0,0,0,0,0,0,127
1261,1,1,2,3,1,0,1,4,27,0,2,1,1,1,0,0,1,1,0,0,1,128
1261,2,0,1,4,1,0,1,4,27,0,2,1,1,1,0,1,0,0,1,1,0,128
1261,3,0,1,6,0,0,0,0,0,0,0,0,0,0,0,0,0,0,0,0,0,128
1262,1,0,3,6,1,0,1,4,27,0,2,1,1,0,1,1,0,1,0,1,0,128
1262,2,1,1,5,1,0,1,4,27,0,2,1,1,0,0,1,0,1,0,0,0,128
1262,3,0,1,6,0,0,0,0,0,0,0,0,0,0,0,0,0,0,0,0,0,128
1263,1,1,2,3,1,0,1,4,27,0,2,1,1,0,0,0,1,1,0,1,0,128
1263,2,0,2,3,1,0,1,4,27,0,2,1,1,0,0,0,1,0,0,0,1,128
1263,3,0,1,6,0,0,0,0,0,0,0,0,0,0,0,0,0,0,0,0,0,128
1264,1,1,1,2,1,0,1,4,27,0,2,1,1,0,0,1,0,0,1,1,0,128
1264,2,0,2,5,1,0,1,4,27,0,2,1,1,0,1,0,0,1,0,0,1,128
1264,3,0,1,6,0,0,0,0,0,0,0,0,0,0,0,0,0,0,0,0,0,128
1265,1,1,2,5,1,0,1,4,27,0,2,1,1,1,0,0,0,0,1,0,0,128
1265,2,0,2,6,1,0,1,4,27,0,2,1,1,1,0,0,0,0,0,1,0,128
1265,3,0,1,6,0,0,0,0,0,0,0,0,0,0,0,0,0,0,0,0,0,128
1266,1,0,1,2,1,0,1,4,27,0,2,1,1,0,1,1,0,0,1,0,0,128
1266,2,1,3,1,1,0,1,4,27,0,2,1,1,1,0,1,0,0,1,0,0,128
1266,3,0,1,6,0,0,0,0,0,0,0,0,0,0,0,0,0,0,0,0,0,128
1267,1,1,3,1,1,0,1,4,27,0,2,1,1,0,1,0,0,0,0,0,0,128
1267,2,0,3,6,1,0,1,4,27,0,2,1,1,0,0,0,1,0,0,0,0,128
1267,3,0,1,6,0,0,0,0,0,0,0,0,0,0,0,0,0,0,0,0,0,128
1268,1,0,1,4,1,0,1,4,27,0,2,1,1,0,0,0,1,0,0,0,1,128
1268,2,1,3,4,1,0,1,4,27,0,2,1,1,0,1,0,1,0,1,0,1,128
1268,3,0,1,6,0,0,0,0,0,0,0,0,0,0,0,0,0,0,0,0,0,128
1269,1,1,3,1,1,0,1,4,27,0,2,1,1,1,0,0,0,0,0,0,1,128
1269,2,0,1,2,1,0,1,4,27,0,2,1,1,0,1,0,0,1,0,1,0,128
1269,3,0,1,6,0,0,0,0,0,0,0,0,0,0,0,0,0,0,0,0,0,128
1270,1,0,2,5,1,1,1,4,26,1,2,1,1,1,0,1,0,0,0,0,1,129
1270,2,1,2,1,1,1,1,4,26,1,2,1,1,0,0,0,1,1,0,0,0,129
1270,3,0,1,6,0,0,0,0,0,0,0,0,0,0,0,0,0,0,0,0,0,129
1271,1,0,2,5,1,1,1,4,26,1,2,1,1,0,0,0,0,0,0,1,0,129
1271,2,1,1,3,1,1,1,4,26,1,2,1,1,0,1,1,0,0,1,0,0,129
1271,3,0,1,6,0,0,0,0,0,0,0,0,0,0,0,0,0,0,0,0,0,129
1272,1,1,1,3,1,1,1,4,26,1,2,1,1,1,0,0,0,1,0,0,0,129
1272,2,0,2,5,1,1,1,4,26,1,2,1,1,0,1,0,1,0,1,0,0,129
1272,3,0,1,6,0,0,0,0,0,0,0,0,0,0,0,0,0,0,0,0,0,129
1273,1,0,1,4,1,1,1,4,26,1,2,1,1,0,0,0,0,1,0,1,0,129
1273,2,1,3,2,1,1,1,4,26,1,2,1,1,1,0,1,0,0,0,1,0,129
1273,3,0,1,6,0,0,0,0,0,0,0,0,0,0,0,0,0,0,0,0,0,129
1274,1,0,1,4,1,1,1,4,26,1,2,1,1,0,1,0,1,1,0,0,0,129
1274,2,0,2,1,1,1,1,4,26,1,2,1,1,0,0,0,0,1,0,1,0,129
1274,3,1,1,6,0,0,0,0,0,0,0,0,0,0,0,0,0,0,0,0,0,129
1275,1,1,3,2,1,1,1,4,26,1,2,1,1,0,0,0,1,0,1,0,1,129
1275,2,0,3,6,1,1,1,4,26,1,2,1,1,0,0,1,0,1,0,1,0,129
1275,3,0,1,6,0,0,0,0,0,0,0,0,0,0,0,0,0,0,0,0,0,129
1276,1,0,3,6,1,1,1,4,26,1,2,1,1,0,1,0,1,0,1,0,0,129
1276,2,1,1,3,1,1,1,4,26,1,2,1,1,0,1,0,0,0,1,0,1,129
1276,3,0,1,6,0,0,0,0,0,0,0,0,0,0,0,0,0,0,0,0,0,129
1277,1,0,3,6,1,1,1,4,26,1,2,1,1,1,0,1,0,0,1,0,1,129
1277,2,1,3,2,1,1,1,4,26,1,2,1,1,1,0,0,1,0,0,0,1,129
1277,3,0,1,6,0,0,0,0,0,0,0,0,0,0,0,0,0,0,0,0,0,129
1278,1,0,2,1,1,1,1,4,26,1,2,1,1,0,1,1,0,0,0,1,0,129
1278,2,1,1,4,1,1,1,4,26,1,2,1,1,1,0,0,0,0,0,0,1,129
1278,3,0,1,6,0,0,0,0,0,0,0,0,0,0,0,0,0,0,0,0,0,129
1279,1,1,1,5,1,0,0,4,22,1,1,1,1,1,0,0,1,0,0,0,0,130
1279,2,0,1,5,1,0,0,4,22,1,1,1,1,0,0,1,0,0,0,0,1,130
1279,3,0,1,6,0,0,0,0,0,0,0,0,0,0,0,0,0,0,0,0,0,130
1280,1,1,3,3,1,0,0,4,22,1,1,1,1,0,0,0,0,0,0,0,0,130
1280,2,0,2,1,1,0,0,4,22,1,1,1,1,1,0,1,0,1,0,0,1,130
1280,3,0,1,6,0,0,0,0,0,0,0,0,0,0,0,0,0,0,0,0,0,130
1281,1,1,1,5,1,0,0,4,22,1,1,1,1,0,1,0,0,1,0,0,1,130
1281,2,0,1,3,1,0,0,4,22,1,1,1,1,1,0,0,1,1,0,0,1,130
1281,3,0,1,6,0,0,0,0,0,0,0,0,0,0,0,0,0,0,0,0,0,130
1282,1,0,3,4,1,0,0,4,22,1,1,1,1,0,0,1,0,1,0,0,1,130
1282,2,1,2,6,1,0,0,4,22,1,1,1,1,1,0,0,0,0,1,0,0,130
1282,3,0,1,6,0,0,0,0,0,0,0,0,0,0,0,0,0,0,0,0,0,130
1283,1,0,2,2,1,0,0,4,22,1,1,1,1,0,1,0,1,1,0,0,1,130
1283,2,1,3,2,1,0,0,4,22,1,1,1,1,0,1,0,0,0,0,0,0,130
1283,3,0,1,6,0,0,0,0,0,0,0,0,0,0,0,0,0,0,0,0,0,130
1284,1,0,3,4,1,0,0,4,22,1,1,1,1,1,0,0,1,0,1,1,0,130
1284,2,1,2,1,1,0,0,4,22,1,1,1,1,0,1,1,0,0,0,0,0,130
1284,3,0,1,6,0,0,0,0,0,0,0,0,0,0,0,0,0,0,0,0,0,130
1285,1,0,2,6,1,0,0,4,22,1,1,1,1,0,1,0,0,0,1,1,0,130
1285,2,1,3,4,1,0,0,4,22,1,1,1,1,0,1,0,1,1,0,1,0,130
1285,3,0,1,6,0,0,0,0,0,0,0,0,0,0,0,0,0,0,0,0,0,130
1286,1,1,1,1,1,0,0,4,22,1,1,1,1,1,0,1,0,0,1,1,0,130
1286,2,0,1,3,1,0,0,4,22,1,1,1,1,0,0,0,1,0,1,1,0,130
1286,3,0,1,6,0,0,0,0,0,0,0,0,0,0,0,0,0,0,0,0,0,130
1287,1,0,2,6,1,0,0,4,22,1,1,1,1,0,0,1,0,0,0,0,0,130
1287,2,1,3,2,1,0,0,4,22,1,1,1,1,0,0,0,0,0,1,1,0,130
1287,3,0,1,6,0,0,0,0,0,0,0,0,0,0,0,0,0,0,0,0,0,130
1288,1,0,2,3,1,0,1,4,22,0,1,1,1,1,0,0,1,1,0,0,1,131
1288,2,1,1,4,1,0,1,4,22,0,1,1,1,1,0,1,0,0,1,1,0,131
1288,3,0,1,6,0,0,0,0,0,0,0,0,0,0,0,0,0,0,0,0,0,131
1289,1,1,3,6,1,0,1,4,22,0,1,1,1,0,1,1,0,1,0,1,0,131
1289,2,0,1,5,1,0,1,4,22,0,1,1,1,0,0,1,0,1,0,0,0,131
1289,3,0,1,6,0,0,0,0,0,0,0,0,0,0,0,0,0,0,0,0,0,131
1290,1,0,2,3,1,0,1,4,22,0,1,1,1,0,0,0,1,1,0,1,0,131
1290,2,1,2,3,1,0,1,4,22,0,1,1,1,0,0,0,1,0,0,0,1,131
1290,3,0,1,6,0,0,0,0,0,0,0,0,0,0,0,0,0,0,0,0,0,131
1291,1,0,1,2,1,0,1,4,22,0,1,1,1,0,0,1,0,0,1,1,0,131
1291,2,1,2,5,1,0,1,4,22,0,1,1,1,0,1,0,0,1,0,0,1,131
1291,3,0,1,6,0,0,0,0,0,0,0,0,0,0,0,0,0,0,0,0,0,131
1292,1,0,2,5,1,0,1,4,22,0,1,1,1,1,0,0,0,0,1,0,0,131
1292,2,1,2,6,1,0,1,4,22,0,1,1,1,1,0,0,0,0,0,1,0,131
1292,3,0,1,6,0,0,0,0,0,0,0,0,0,0,0,0,0,0,0,0,0,131
1293,1,1,1,2,1,0,1,4,22,0,1,1,1,0,1,1,0,0,1,0,0,131
1293,2,0,3,1,1,0,1,4,22,0,1,1,1,1,0,1,0,0,1,0,0,131
1293,3,0,1,6,0,0,0,0,0,0,0,0,0,0,0,0,0,0,0,0,0,131
1294,1,1,3,1,1,0,1,4,22,0,1,1,1,0,1,0,0,0,0,0,0,131
1294,2,0,3,6,1,0,1,4,22,0,1,1,1,0,0,0,1,0,0,0,0,131
1294,3,0,1,6,0,0,0,0,0,0,0,0,0,0,0,0,0,0,0,0,0,131
1295,1,0,1,4,1,0,1,4,22,0,1,1,1,0,0,0,1,0,0,0,1,131
1295,2,1,3,4,1,0,1,4,22,0,1,1,1,0,1,0,1,0,1,0,1,131
1295,3,0,1,6,0,0,0,0,0,0,0,0,0,0,0,0,0,0,0,0,0,131
1296,1,0,3,1,1,0,1,4,22,0,1,1,1,1,0,0,0,0,0,0,1,131
1296,2,1,1,2,1,0,1,4,22,0,1,1,1,0,1,0,0,1,0,1,0,131
1296,3,0,1,6,0,0,0,0,0,0,0,0,0,0,0,0,0,0,0,0,0,131
1297,1,1,2,3,1,0,0,5,24,0,1,1,1,1,0,0,1,1,0,0,1,132
1297,2,0,1,4,1,0,0,5,24,0,1,1,1,1,0,1,0,0,1,1,0,132
1297,3,0,1,6,0,0,0,0,0,0,0,0,0,0,0,0,0,0,0,0,0,132
1298,1,0,3,6,1,0,0,5,24,0,1,1,1,0,1,1,0,1,0,1,0,132
1298,2,0,1,5,1,0,0,5,24,0,1,1,1,0,0,1,0,1,0,0,0,132
1298,3,1,1,6,0,0,0,0,0,0,0,0,0,0,0,0,0,0,0,0,0,132
1299,1,1,2,3,1,0,0,5,24,0,1,1,1,0,0,0,1,1,0,1,0,132
1299,2,0,2,3,1,0,0,5,24,0,1,1,1,0,0,0,1,0,0,0,1,132
1299,3,0,1,6,0,0,0,0,0,0,0,0,0,0,0,0,0,0,0,0,0,132
1300,1,1,1,2,1,0,0,5,24,0,1,1,1,0,0,1,0,0,1,1,0,132
1300,2,0,2,5,1,0,0,5,24,0,1,1,1,0,1,0,0,1,0,0,1,132
1300,3,0,1,6,0,0,0,0,0,0,0,0,0,0,0,0,0,0,0,0,0,132
1301,1,1,2,5,1,0,0,5,24,0,1,1,1,1,0,0,0,0,1,0,0,132
1301,2,0,2,6,1,0,0,5,24,0,1,1,1,1,0,0,0,0,0,1,0,132
1301,3,0,1,6,0,0,0,0,0,0,0,0,0,0,0,0,0,0,0,0,0,132
1302,1,0,1,2,1,0,0,5,24,0,1,1,1,0,1,1,0,0,1,0,0,132
1302,2,1,3,1,1,0,0,5,24,0,1,1,1,1,0,1,0,0,1,0,0,132
1302,3,0,1,6,0,0,0,0,0,0,0,0,0,0,0,0,0,0,0,0,0,132
1303,1,1,3,1,1,0,0,5,24,0,1,1,1,0,1,0,0,0,0,0,0,132
1303,2,0,3,6,1,0,0,5,24,0,1,1,1,0,0,0,1,0,0,0,0,132
1303,3,0,1,6,0,0,0,0,0,0,0,0,0,0,0,0,0,0,0,0,0,132
1304,1,1,1,4,1,0,0,5,24,0,1,1,1,0,0,0,1,0,0,0,1,132
1304,2,0,3,4,1,0,0,5,24,0,1,1,1,0,1,0,1,0,1,0,1,132
1304,3,0,1,6,0,0,0,0,0,0,0,0,0,0,0,0,0,0,0,0,0,132
1305,1,1,3,1,1,0,0,5,24,0,1,1,1,1,0,0,0,0,0,0,1,132
1305,2,0,1,2,1,0,0,5,24,0,1,1,1,0,1,0,0,1,0,1,0,132
1305,3,0,1,6,0,0,0,0,0,0,0,0,0,0,0,0,0,0,0,0,0,132
1306,1,1,2,5,1,0,1,5,25,0,2,1,1,1,0,1,0,0,0,0,1,133
1306,2,0,2,1,1,0,1,5,25,0,2,1,1,0,0,0,1,1,0,0,0,133
1306,3,0,1,6,0,0,0,0,0,0,0,0,0,0,0,0,0,0,0,0,0,133
1307,1,0,2,5,1,0,1,5,25,0,2,1,1,0,0,0,0,0,0,1,0,133
1307,2,1,1,3,1,0,1,5,25,0,2,1,1,0,1,1,0,0,1,0,0,133
1307,3,0,1,6,0,0,0,0,0,0,0,0,0,0,0,0,0,0,0,0,0,133
1308,1,1,1,3,1,0,1,5,25,0,2,1,1,1,0,0,0,1,0,0,0,133
1308,2,0,2,5,1,0,1,5,25,0,2,1,1,0,1,0,1,0,1,0,0,133
1308,3,0,1,6,0,0,0,0,0,0,0,0,0,0,0,0,0,0,0,0,0,133
1309,1,1,1,4,1,0,1,5,25,0,2,1,1,0,0,0,0,1,0,1,0,133
1309,2,0,3,2,1,0,1,5,25,0,2,1,1,1,0,1,0,0,0,1,0,133
1309,3,0,1,6,0,0,0,0,0,0,0,0,0,0,0,0,0,0,0,0,0,133
1310,1,0,1,4,1,0,1,5,25,0,2,1,1,0,1,0,1,1,0,0,0,133
1310,2,1,2,1,1,0,1,5,25,0,2,1,1,0,0,0,0,1,0,1,0,133
1310,3,0,1,6,0,0,0,0,0,0,0,0,0,0,0,0,0,0,0,0,0,133
1311,1,1,3,2,1,0,1,5,25,0,2,1,1,0,0,0,1,0,1,0,1,133
1311,2,0,3,6,1,0,1,5,25,0,2,1,1,0,0,1,0,1,0,1,0,133
1311,3,0,1,6,0,0,0,0,0,0,0,0,0,0,0,0,0,0,0,0,0,133
1312,1,0,3,6,1,0,1,5,25,0,2,1,1,0,1,0,1,0,1,0,0,133
1312,2,1,1,3,1,0,1,5,25,0,2,1,1,0,1,0,0,0,1,0,1,133
1312,3,0,1,6,0,0,0,0,0,0,0,0,0,0,0,0,0,0,0,0,0,133
1313,1,0,3,6,1,0,1,5,25,0,2,1,1,1,0,1,0,0,1,0,1,133
1313,2,1,3,2,1,0,1,5,25,0,2,1,1,1,0,0,1,0,0,0,1,133
1313,3,0,1,6,0,0,0,0,0,0,0,0,0,0,0,0,0,0,0,0,0,133
1314,1,0,2,1,1,0,1,5,25,0,2,1,1,0,1,1,0,0,0,1,0,133
1314,2,1,1,4,1,0,1,5,25,0,2,1,1,1,0,0,0,0,0,0,1,133
1314,3,0,1,6,0,0,0,0,0,0,0,0,0,0,0,0,0,0,0,0,0,133
1315,1,1,3,5,1,0,1,5,24,1,2,1,1,0,1,0,1,0,0,1,0,134
1315,2,0,2,5,1,0,1,5,24,1,2,1,1,1,0,0,1,0,1,1,0,134
1315,3,0,1,6,0,0,0,0,0,0,0,0,0,0,0,0,0,0,0,0,0,134
1316,1,0,1,3,1,0,1,5,24,1,2,1,1,0,1,1,0,0,0,0,1,134
1316,2,1,2,3,1,0,1,5,24,1,2,1,1,0,1,1,0,0,0,1,0,134
1316,3,0,1,6,0,0,0,0,0,0,0,0,0,0,0,0,0,0,0,0,0,134
1317,1,1,3,2,1,0,1,5,24,1,2,1,1,0,0,1,0,1,0,0,0,134
1317,2,0,1,4,1,0,1,5,24,1,2,1,1,0,1,0,1,0,0,1,0,134
1317,3,0,1,6,0,0,0,0,0,0,0,0,0,0,0,0,0,0,0,0,0,134
1318,1,0,2,4,1,0,1,5,24,1,2,1,1,1,0,1,0,1,0,0,0,134
1318,2,1,3,6,1,0,1,5,24,1,2,1,1,0,1,1,0,1,0,0,1,134
1318,3,0,1,6,0,0,0,0,0,0,0,0,0,0,0,0,0,0,0,0,0,134
1319,1,1,3,2,1,0,1,5,24,1,2,1,1,1,0,0,0,1,0,1,0,134
1319,2,0,3,1,1,0,1,5,24,1,2,1,1,0,0,0,0,0,1,0,1,134
1319,3,0,1,6,0,0,0,0,0,0,0,0,0,0,0,0,0,0,0,0,0,134
1320,1,1,2,1,1,0,1,5,24,1,2,1,1,0,1,0,0,0,1,0,1,134
1320,2,0,2,5,1,0,1,5,24,1,2,1,1,0,0,1,0,0,1,0,1,134
1320,3,0,1,6,0,0,0,0,0,0,0,0,0,0,0,0,0,0,0,0,0,134
1321,1,0,1,6,1,0,1,5,24,1,2,1,1,0,0,0,0,0,1,0,1,134
1321,2,1,1,4,1,0,1,5,24,1,2,1,1,0,0,0,0,0,0,0,0,134
1321,3,0,1,6,0,0,0,0,0,0,0,0,0,0,0,0,0,0,0,0,0,134
1322,1,0,2,1,1,0,1,5,24,1,2,1,1,0,0,0,1,0,1,0,0,134
1322,2,1,1,2,1,0,1,5,24,1,2,1,1,1,0,0,1,1,0,0,0,134
1322,3,0,1,6,0,0,0,0,0,0,0,0,0,0,0,0,0,0,0,0,0,134
1323,1,0,1,3,1,0,1,5,24,1,2,1,1,1,0,0,1,0,0,1,0,134
1323,2,1,3,6,1,0,1,5,24,1,2,1,1,1,0,0,0,1,0,0,0,134
1323,3,0,1,6,0,0,0,0,0,0,0,0,0,0,0,0,0,0,0,0,0,134
1324,1,1,1,5,1,0,0,5,20,0,1,1,1,1,0,0,1,0,0,0,0,135
1324,2,0,1,5,1,0,0,5,20,0,1,1,1,0,0,1,0,0,0,0,1,135
1324,3,0,1,6,0,0,0,0,0,0,0,0,0,0,0,0,0,0,0,0,0,135
1325,1,1,3,3,1,0,0,5,20,0,1,1,1,0,0,0,0,0,0,0,0,135
1325,2,0,2,1,1,0,0,5,20,0,1,1,1,1,0,1,0,1,0,0,1,135
1325,3,0,1,6,0,0,0,0,0,0,0,0,0,0,0,0,0,0,0,0,0,135
1326,1,0,1,5,1,0,0,5,20,0,1,1,1,0,1,0,0,1,0,0,1,135
1326,2,1,1,3,1,0,0,5,20,0,1,1,1,1,0,0,1,1,0,0,1,135
1326,3,0,1,6,0,0,0,0,0,0,0,0,0,0,0,0,0,0,0,0,0,135
1327,1,1,3,4,1,0,0,5,20,0,1,1,1,0,0,1,0,1,0,0,1,135
1327,2,0,2,6,1,0,0,5,20,0,1,1,1,1,0,0,0,0,1,0,0,135
1327,3,0,1,6,0,0,0,0,0,0,0,0,0,0,0,0,0,0,0,0,0,135
1328,1,0,2,2,1,0,0,5,20,0,1,1,1,0,1,0,1,1,0,0,1,135
1328,2,1,3,2,1,0,0,5,20,0,1,1,1,0,1,0,0,0,0,0,0,135
1328,3,0,1,6,0,0,0,0,0,0,0,0,0,0,0,0,0,0,0,0,0,135
1329,1,1,3,4,1,0,0,5,20,0,1,1,1,1,0,0,1,0,1,1,0,135
1329,2,0,2,1,1,0,0,5,20,0,1,1,1,0,1,1,0,0,0,0,0,135
1329,3,0,1,6,0,0,0,0,0,0,0,0,0,0,0,0,0,0,0,0,0,135
1330,1,0,2,6,1,0,0,5,20,0,1,1,1,0,1,0,0,0,1,1,0,135
1330,2,1,3,4,1,0,0,5,20,0,1,1,1,0,1,0,1,1,0,1,0,135
1330,3,0,1,6,0,0,0,0,0,0,0,0,0,0,0,0,0,0,0,0,0,135
1331,1,0,1,1,1,0,0,5,20,0,1,1,1,1,0,1,0,0,1,1,0,135
1331,2,1,1,3,1,0,0,5,20,0,1,1,1,0,0,0,1,0,1,1,0,135
1331,3,0,1,6,0,0,0,0,0,0,0,0,0,0,0,0,0,0,0,0,0,135
1332,1,0,2,6,1,0,0,5,20,0,1,1,1,0,0,1,0,0,0,0,0,135
1332,2,1,3,2,1,0,0,5,20,0,1,1,1,0,0,0,0,0,1,1,0,135
1332,3,0,1,6,0,0,0,0,0,0,0,0,0,0,0,0,0,0,0,0,0,135
1333,1,0,3,5,1,0,0,5,27,0,1,1,1,0,1,0,1,0,0,1,0,136
1333,2,1,2,5,1,0,0,5,27,0,1,1,1,1,0,0,1,0,1,1,0,136
1333,3,0,1,6,0,0,0,0,0,0,0,0,0,0,0,0,0,0,0,0,0,136
1334,1,1,1,3,1,0,0,5,27,0,1,1,1,0,1,1,0,0,0,0,1,136
1334,2,0,2,3,1,0,0,5,27,0,1,1,1,0,1,1,0,0,0,1,0,136
1334,3,0,1,6,0,0,0,0,0,0,0,0,0,0,0,0,0,0,0,0,0,136
1335,1,1,3,2,1,0,0,5,27,0,1,1,1,0,0,1,0,1,0,0,0,136
1335,2,0,1,4,1,0,0,5,27,0,1,1,1,0,1,0,1,0,0,1,0,136
1335,3,0,1,6,0,0,0,0,0,0,0,0,0,0,0,0,0,0,0,0,0,136
1336,1,1,2,4,1,0,0,5,27,0,1,1,1,1,0,1,0,1,0,0,0,136
1336,2,0,3,6,1,0,0,5,27,0,1,1,1,0,1,1,0,1,0,0,1,136
1336,3,0,1,6,0,0,0,0,0,0,0,0,0,0,0,0,0,0,0,0,0,136
1337,1,0,3,2,1,0,0,5,27,0,1,1,1,1,0,0,0,1,0,1,0,136
1337,2,1,3,1,1,0,0,5,27,0,1,1,1,0,0,0,0,0,1,0,1,136
1337,3,0,1,6,0,0,0,0,0,0,0,0,0,0,0,0,0,0,0,0,0,136
1338,1,1,2,1,1,0,0,5,27,0,1,1,1,0,1,0,0,0,1,0,1,136
1338,2,0,2,5,1,0,0,5,27,0,1,1,1,0,0,1,0,0,1,0,1,136
1338,3,0,1,6,0,0,0,0,0,0,0,0,0,0,0,0,0,0,0,0,0,136
1339,1,0,1,6,1,0,0,5,27,0,1,1,1,0,0,0,0,0,1,0,1,136
1339,2,1,1,4,1,0,0,5,27,0,1,1,1,0,0,0,0,0,0,0,0,136
1339,3,0,1,6,0,0,0,0,0,0,0,0,0,0,0,0,0,0,0,0,0,136
1340,1,1,2,1,1,0,0,5,27,0,1,1,1,0,0,0,1,0,1,0,0,136
1340,2,0,1,2,1,0,0,5,27,0,1,1,1,1,0,0,1,1,0,0,0,136
1340,3,0,1,6,0,0,0,0,0,0,0,0,0,0,0,0,0,0,0,0,0,136
1341,1,1,1,3,1,0,0,5,27,0,1,1,1,1,0,0,1,0,0,1,0,136
1341,2,0,3,6,1,0,0,5,27,0,1,1,1,1,0,0,0,1,0,0,0,136
1341,3,0,1,6,0,0,0,0,0,0,0,0,0,0,0,0,0,0,0,0,0,136
1342,1,1,1,5,1,0,1,5,25,0,1,1,0,1,0,0,1,0,0,0,0,137
1342,2,0,1,5,1,0,1,5,25,0,1,1,0,0,0,1,0,0,0,0,1,137
1342,3,0,1,6,0,0,0,0,0,0,0,0,0,0,0,0,0,0,0,0,0,137
1343,1,1,3,3,1,0,1,5,25,0,1,1,0,0,0,0,0,0,0,0,0,137
1343,2,0,2,1,1,0,1,5,25,0,1,1,0,1,0,1,0,1,0,0,1,137
1343,3,0,1,6,0,0,0,0,0,0,0,0,0,0,0,0,0,0,0,0,0,137
1344,1,1,1,5,1,0,1,5,25,0,1,1,0,0,1,0,0,1,0,0,1,137
1344,2,0,1,3,1,0,1,5,25,0,1,1,0,1,0,0,1,1,0,0,1,137
1344,3,0,1,6,0,0,0,0,0,0,0,0,0,0,0,0,0,0,0,0,0,137
1345,1,1,3,4,1,0,1,5,25,0,1,1,0,0,0,1,0,1,0,0,1,137
1345,2,0,2,6,1,0,1,5,25,0,1,1,0,1,0,0,0,0,1,0,0,137
1345,3,0,1,6,0,0,0,0,0,0,0,0,0,0,0,0,0,0,0,0,0,137
1346,1,1,2,2,1,0,1,5,25,0,1,1,0,0,1,0,1,1,0,0,1,137
1346,2,0,3,2,1,0,1,5,25,0,1,1,0,0,1,0,0,0,0,0,0,137
1346,3,0,1,6,0,0,0,0,0,0,0,0,0,0,0,0,0,0,0,0,0,137
1347,1,0,3,4,1,0,1,5,25,0,1,1,0,1,0,0,1,0,1,1,0,137
1347,2,1,2,1,1,0,1,5,25,0,1,1,0,0,1,1,0,0,0,0,0,137
1347,3,0,1,6,0,0,0,0,0,0,0,0,0,0,0,0,0,0,0,0,0,137
1348,1,0,2,6,1,0,1,5,25,0,1,1,0,0,1,0,0,0,1,1,0,137
1348,2,1,3,4,1,0,1,5,25,0,1,1,0,0,1,0,1,1,0,1,0,137
1348,3,0,1,6,0,0,0,0,0,0,0,0,0,0,0,0,0,0,0,0,0,137
1349,1,1,1,1,1,0,1,5,25,0,1,1,0,1,0,1,0,0,1,1,0,137
1349,2,0,1,3,1,0,1,5,25,0,1,1,0,0,0,0,1,0,1,1,0,137
1349,3,0,1,6,0,0,0,0,0,0,0,0,0,0,0,0,0,0,0,0,0,137
1350,1,0,2,6,1,0,1,5,25,0,1,1,0,0,0,1,0,0,0,0,0,137
1350,2,1,3,2,1,0,1,5,25,0,1,1,0,0,0,0,0,0,1,1,0,137
1350,3,0,1,6,0,0,0,0,0,0,0,0,0,0,0,0,0,0,0,0,0,137
1351,1,1,3,5,1,0,0,5,27,0,2,1,1,0,1,0,1,0,0,1,0,138
1351,2,0,2,5,1,0,0,5,27,0,2,1,1,1,0,0,1,0,1,1,0,138
1351,3,0,1,6,0,0,0,0,0,0,0,0,0,0,0,0,0,0,0,0,0,138
1352,1,0,1,3,1,0,0,5,27,0,2,1,1,0,1,1,0,0,0,0,1,138
1352,2,1,2,3,1,0,0,5,27,0,2,1,1,0,1,1,0,0,0,1,0,138
1352,3,0,1,6,0,0,0,0,0,0,0,0,0,0,0,0,0,0,0,0,0,138
1353,1,0,3,2,1,0,0,5,27,0,2,1,1,0,0,1,0,1,0,0,0,138
1353,2,1,1,4,1,0,0,5,27,0,2,1,1,0,1,0,1,0,0,1,0,138
1353,3,0,1,6,0,0,0,0,0,0,0,0,0,0,0,0,0,0,0,0,0,138
1354,1,1,2,4,1,0,0,5,27,0,2,1,1,1,0,1,0,1,0,0,0,138
1354,2,0,3,6,1,0,0,5,27,0,2,1,1,0,1,1,0,1,0,0,1,138
1354,3,0,1,6,0,0,0,0,0,0,0,0,0,0,0,0,0,0,0,0,0,138
1355,1,1,3,2,1,0,0,5,27,0,2,1,1,1,0,0,0,1,0,1,0,138
1355,2,0,3,1,1,0,0,5,27,0,2,1,1,0,0,0,0,0,1,0,1,138
1355,3,0,1,6,0,0,0,0,0,0,0,0,0,0,0,0,0,0,0,0,0,138
1356,1,0,2,1,1,0,0,5,27,0,2,1,1,0,1,0,0,0,1,0,1,138
1356,2,1,2,5,1,0,0,5,27,0,2,1,1,0,0,1,0,0,1,0,1,138
1356,3,0,1,6,0,0,0,0,0,0,0,0,0,0,0,0,0,0,0,0,0,138
1357,1,0,1,6,1,0,0,5,27,0,2,1,1,0,0,0,0,0,1,0,1,138
1357,2,1,1,4,1,0,0,5,27,0,2,1,1,0,0,0,0,0,0,0,0,138
1357,3,0,1,6,0,0,0,0,0,0,0,0,0,0,0,0,0,0,0,0,0,138
1358,1,0,2,1,1,0,0,5,27,0,2,1,1,0,0,0,1,0,1,0,0,138
1358,2,0,1,2,1,0,0,5,27,0,2,1,1,1,0,0,1,1,0,0,0,138
1358,3,1,1,6,0,0,0,0,0,0,0,0,0,0,0,0,0,0,0,0,0,138
1359,1,1,1,3,1,0,0,5,27,0,2,1,1,1,0,0,1,0,0,1,0,138
1359,2,0,3,6,1,0,0,5,27,0,2,1,1,1,0,0,0,1,0,0,0,138
1359,3,0,1,6,0,0,0,0,0,0,0,0,0,0,0,0,0,0,0,0,0,138
1360,1,1,1,5,1,0,1,4,26,1,1,1,1,1,0,0,1,0,0,0,0,139
1360,2,0,1,5,1,0,1,4,26,1,1,1,1,0,0,1,0,0,0,0,1,139
1360,3,0,1,6,0,0,0,0,0,0,0,0,0,0,0,0,0,0,0,0,0,139
1361,1,0,3,3,1,0,1,4,26,1,1,1,1,0,0,0,0,0,0,0,0,139
1361,2,1,2,1,1,0,1,4,26,1,1,1,1,1,0,1,0,1,0,0,1,139
1361,3,0,1,6,0,0,0,0,0,0,0,0,0,0,0,0,0,0,0,0,0,139
1362,1,0,1,5,1,0,1,4,26,1,1,1,1,0,1,0,0,1,0,0,1,139
1362,2,1,1,3,1,0,1,4,26,1,1,1,1,1,0,0,1,1,0,0,1,139
1362,3,0,1,6,0,0,0,0,0,0,0,0,0,0,0,0,0,0,0,0,0,139
1363,1,1,3,4,1,0,1,4,26,1,1,1,1,0,0,1,0,1,0,0,1,139
1363,2,0,2,6,1,0,1,4,26,1,1,1,1,1,0,0,0,0,1,0,0,139
1363,3,0,1,6,0,0,0,0,0,0,0,0,0,0,0,0,0,0,0,0,0,139
1364,1,1,2,2,1,0,1,4,26,1,1,1,1,0,1,0,1,1,0,0,1,139
1364,2,0,3,2,1,0,1,4,26,1,1,1,1,0,1,0,0,0,0,0,0,139
1364,3,0,1,6,0,0,0,0,0,0,0,0,0,0,0,0,0,0,0,0,0,139
1365,1,0,3,4,1,0,1,4,26,1,1,1,1,1,0,0,1,0,1,1,0,139
1365,2,1,2,1,1,0,1,4,26,1,1,1,1,0,1,1,0,0,0,0,0,139
1365,3,0,1,6,0,0,0,0,0,0,0,0,0,0,0,0,0,0,0,0,0,139
1366,1,0,2,6,1,0,1,4,26,1,1,1,1,0,1,0,0,0,1,1,0,139
1366,2,1,3,4,1,0,1,4,26,1,1,1,1,0,1,0,1,1,0,1,0,139
1366,3,0,1,6,0,0,0,0,0,0,0,0,0,0,0,0,0,0,0,0,0,139
1367,1,1,1,1,1,0,1,4,26,1,1,1,1,1,0,1,0,0,1,1,0,139
1367,2,0,1,3,1,0,1,4,26,1,1,1,1,0,0,0,1,0,1,1,0,139
1367,3,0,1,6,0,0,0,0,0,0,0,0,0,0,0,0,0,0,0,0,0,139
1368,1,0,2,6,1,0,1,4,26,1,1,1,1,0,0,1,0,0,0,0,0,139
1368,2,1,3,2,1,0,1,4,26,1,1,1,1,0,0,0,0,0,1,1,0,139
1368,3,0,1,6,0,0,0,0,0,0,0,0,0,0,0,0,0,0,0,0,0,139
1369,1,1,3,5,1,1,1,5,20,0,1,1,1,0,1,0,1,0,0,1,0,140
1369,2,0,2,5,1,1,1,5,20,0,1,1,1,1,0,0,1,0,1,1,0,140
1369,3,0,1,6,0,0,0,0,0,0,0,0,0,0,0,0,0,0,0,0,0,140
1370,1,1,1,3,1,1,1,5,20,0,1,1,1,0,1,1,0,0,0,0,1,140
1370,2,0,2,3,1,1,1,5,20,0,1,1,1,0,1,1,0,0,0,1,0,140
1370,3,0,1,6,0,0,0,0,0,0,0,0,0,0,0,0,0,0,0,0,0,140
1371,1,1,3,2,1,1,1,5,20,0,1,1,1,0,0,1,0,1,0,0,0,140
1371,2,0,1,4,1,1,1,5,20,0,1,1,1,0,1,0,1,0,0,1,0,140
1371,3,0,1,6,0,0,0,0,0,0,0,0,0,0,0,0,0,0,0,0,0,140
1372,1,0,2,4,1,1,1,5,20,0,1,1,1,1,0,1,0,1,0,0,0,140
1372,2,1,3,6,1,1,1,5,20,0,1,1,1,0,1,1,0,1,0,0,1,140
1372,3,0,1,6,0,0,0,0,0,0,0,0,0,0,0,0,0,0,0,0,0,140
1373,1,0,3,2,1,1,1,5,20,0,1,1,1,1,0,0,0,1,0,1,0,140
1373,2,1,3,1,1,1,1,5,20,0,1,1,1,0,0,0,0,0,1,0,1,140
1373,3,0,1,6,0,0,0,0,0,0,0,0,0,0,0,0,0,0,0,0,0,140
1374,1,1,2,1,1,1,1,5,20,0,1,1,1,0,1,0,0,0,1,0,1,140
1374,2,0,2,5,1,1,1,5,20,0,1,1,1,0,0,1,0,0,1,0,1,140
1374,3,0,1,6,0,0,0,0,0,0,0,0,0,0,0,0,0,0,0,0,0,140
1375,1,0,1,6,1,1,1,5,20,0,1,1,1,0,0,0,0,0,1,0,1,140
1375,2,1,1,4,1,1,1,5,20,0,1,1,1,0,0,0,0,0,0,0,0,140
1375,3,0,1,6,0,0,0,0,0,0,0,0,0,0,0,0,0,0,0,0,0,140
1376,1,1,2,1,1,1,1,5,20,0,1,1,1,0,0,0,1,0,1,0,0,140
1376,2,0,1,2,1,1,1,5,20,0,1,1,1,1,0,0,1,1,0,0,0,140
1376,3,0,1,6,0,0,0,0,0,0,0,0,0,0,0,0,0,0,0,0,0,140
1377,1,1,1,3,1,1,1,5,20,0,1,1,1,1,0,0,1,0,0,1,0,140
1377,2,0,3,6,1,1,1,5,20,0,1,1,1,1,0,0,0,1,0,0,0,140
1377,3,0,1,6,0,0,0,0,0,0,0,0,0,0,0,0,0,0,0,0,0,140
1378,1,0,3,5,1,0,0,4,22,0,1,1,1,0,1,0,1,0,0,1,0,141
1378,2,1,2,5,1,0,0,4,22,0,1,1,1,1,0,0,1,0,1,1,0,141
1378,3,0,1,6,0,0,0,0,0,0,0,0,0,0,0,0,0,0,0,0,0,141
1379,1,0,1,3,1,0,0,4,22,0,1,1,1,0,1,1,0,0,0,0,1,141
1379,2,1,2,3,1,0,0,4,22,0,1,1,1,0,1,1,0,0,0,1,0,141
1379,3,0,1,6,0,0,0,0,0,0,0,0,0,0,0,0,0,0,0,0,0,141
1380,1,0,3,2,1,0,0,4,22,0,1,1,1,0,0,1,0,1,0,0,0,141
1380,2,0,1,4,1,0,0,4,22,0,1,1,1,0,1,0,1,0,0,1,0,141
1380,3,1,1,6,0,0,0,0,0,0,0,0,0,0,0,0,0,0,0,0,0,141
1381,1,1,2,4,1,0,0,4,22,0,1,1,1,1,0,1,0,1,0,0,0,141
1381,2,0,3,6,1,0,0,4,22,0,1,1,1,0,1,1,0,1,0,0,1,141
1381,3,0,1,6,0,0,0,0,0,0,0,0,0,0,0,0,0,0,0,0,0,141
1382,1,0,3,2,1,0,0,4,22,0,1,1,1,1,0,0,0,1,0,1,0,141
1382,2,0,3,1,1,0,0,4,22,0,1,1,1,0,0,0,0,0,1,0,1,141
1382,3,1,1,6,0,0,0,0,0,0,0,0,0,0,0,0,0,0,0,0,0,141
1383,1,0,2,1,1,0,0,4,22,0,1,1,1,0,1,0,0,0,1,0,1,141
1383,2,0,2,5,1,0,0,4,22,0,1,1,1,0,0,1,0,0,1,0,1,141
1383,3,1,1,6,0,0,0,0,0,0,0,0,0,0,0,0,0,0,0,0,0,141
1384,1,0,1,6,1,0,0,4,22,0,1,1,1,0,0,0,0,0,1,0,1,141
1384,2,1,1,4,1,0,0,4,22,0,1,1,1,0,0,0,0,0,0,0,0,141
1384,3,0,1,6,0,0,0,0,0,0,0,0,0,0,0,0,0,0,0,0,0,141
1385,1,1,2,1,1,0,0,4,22,0,1,1,1,0,0,0,1,0,1,0,0,141
1385,2,0,1,2,1,0,0,4,22,0,1,1,1,1,0,0,1,1,0,0,0,141
1385,3,0,1,6,0,0,0,0,0,0,0,0,0,0,0,0,0,0,0,0,0,141
1386,1,1,1,3,1,0,0,4,22,0,1,1,1,1,0,0,1,0,0,1,0,141
1386,2,0,3,6,1,0,0,4,22,0,1,1,1,1,0,0,0,1,0,0,0,141
1386,3,0,1,6,0,0,0,0,0,0,0,0,0,0,0,0,0,0,0,0,0,141
1387,1,1,3,5,1,0,0,4,25,0,2,1,1,0,1,0,1,0,0,1,0,142
1387,2,0,2,5,1,0,0,4,25,0,2,1,1,1,0,0,1,0,1,1,0,142
1387,3,0,1,6,0,0,0,0,0,0,0,0,0,0,0,0,0,0,0,0,0,142
1388,1,0,1,3,1,0,0,4,25,0,2,1,1,0,1,1,0,0,0,0,1,142
1388,2,1,2,3,1,0,0,4,25,0,2,1,1,0,1,1,0,0,0,1,0,142
1388,3,0,1,6,0,0,0,0,0,0,0,0,0,0,0,0,0,0,0,0,0,142
1389,1,0,3,2,1,0,0,4,25,0,2,1,1,0,0,1,0,1,0,0,0,142
1389,2,1,1,4,1,0,0,4,25,0,2,1,1,0,1,0,1,0,0,1,0,142
1389,3,0,1,6,0,0,0,0,0,0,0,0,0,0,0,0,0,0,0,0,0,142
1390,1,1,2,4,1,0,0,4,25,0,2,1,1,1,0,1,0,1,0,0,0,142
1390,2,0,3,6,1,0,0,4,25,0,2,1,1,0,1,1,0,1,0,0,1,142
1390,3,0,1,6,0,0,0,0,0,0,0,0,0,0,0,0,0,0,0,0,0,142
1391,1,1,3,2,1,0,0,4,25,0,2,1,1,1,0,0,0,1,0,1,0,142
1391,2,0,3,1,1,0,0,4,25,0,2,1,1,0,0,0,0,0,1,0,1,142
1391,3,0,1,6,0,0,0,0,0,0,0,0,0,0,0,0,0,0,0,0,0,142
1392,1,1,2,1,1,0,0,4,25,0,2,1,1,0,1,0,0,0,1,0,1,142
1392,2,0,2,5,1,0,0,4,25,0,2,1,1,0,0,1,0,0,1,0,1,142
1392,3,0,1,6,0,0,0,0,0,0,0,0,0,0,0,0,0,0,0,0,0,142
1393,1,0,1,6,1,0,0,4,25,0,2,1,1,0,0,0,0,0,1,0,1,142
1393,2,1,1,4,1,0,0,4,25,0,2,1,1,0,0,0,0,0,0,0,0,142
1393,3,0,1,6,0,0,0,0,0,0,0,0,0,0,0,0,0,0,0,0,0,142
1394,1,0,2,1,1,0,0,4,25,0,2,1,1,0,0,0,1,0,1,0,0,142
1394,2,1,1,2,1,0,0,4,25,0,2,1,1,1,0,0,1,1,0,0,0,142
1394,3,0,1,6,0,0,0,0,0,0,0,0,0,0,0,0,0,0,0,0,0,142
1395,1,1,1,3,1,0,0,4,25,0,2,1,1,1,0,0,1,0,0,1,0,142
1395,2,0,3,6,1,0,0,4,25,0,2,1,1,1,0,0,0,1,0,0,0,142
1395,3,0,1,6,0,0,0,0,0,0,0,0,0,0,0,0,0,0,0,0,0,142
1396,1,0,2,5,1,1,1,5,27,1,1,1,0,1,0,1,0,0,0,0,1,143
1396,2,1,2,1,1,1,1,5,27,1,1,1,0,0,0,0,1,1,0,0,0,143
1396,3,0,1,6,0,0,0,0,0,0,0,0,0,0,0,0,0,0,0,0,0,143
1397,1,0,2,5,1,1,1,5,27,1,1,1,0,0,0,0,0,0,0,1,0,143
1397,2,1,1,3,1,1,1,5,27,1,1,1,0,0,1,1,0,0,1,0,0,143
1397,3,0,1,6,0,0,0,0,0,0,0,0,0,0,0,0,0,0,0,0,0,143
1398,1,0,1,3,1,1,1,5,27,1,1,1,0,1,0,0,0,1,0,0,0,143
1398,2,1,2,5,1,1,1,5,27,1,1,1,0,0,1,0,1,0,1,0,0,143
1398,3,0,1,6,0,0,0,0,0,0,0,0,0,0,0,0,0,0,0,0,0,143
1399,1,0,1,4,1,1,1,5,27,1,1,1,0,0,0,0,0,1,0,1,0,143
1399,2,1,3,2,1,1,1,5,27,1,1,1,0,1,0,1,0,0,0,1,0,143
1399,3,0,1,6,0,0,0,0,0,0,0,0,0,0,0,0,0,0,0,0,0,143
1400,1,0,1,4,1,1,1,5,27,1,1,1,0,0,1,0,1,1,0,0,0,143
1400,2,1,2,1,1,1,1,5,27,1,1,1,0,0,0,0,0,1,0,1,0,143
1400,3,0,1,6,0,0,0,0,0,0,0,0,0,0,0,0,0,0,0,0,0,143
1401,1,1,3,2,1,1,1,5,27,1,1,1,0,0,0,0,1,0,1,0,1,143
1401,2,0,3,6,1,1,1,5,27,1,1,1,0,0,0,1,0,1,0,1,0,143
1401,3,0,1,6,0,0,0,0,0,0,0,0,0,0,0,0,0,0,0,0,0,143
1402,1,0,3,6,1,1,1,5,27,1,1,1,0,0,1,0,1,0,1,0,0,143
1402,2,1,1,3,1,1,1,5,27,1,1,1,0,0,1,0,0,0,1,0,1,143
1402,3,0,1,6,0,0,0,0,0,0,0,0,0,0,0,0,0,0,0,0,0,143
1403,1,0,3,6,1,1,1,5,27,1,1,1,0,1,0,1,0,0,1,0,1,143
1403,2,1,3,2,1,1,1,5,27,1,1,1,0,1,0,0,1,0,0,0,1,143
1403,3,0,1,6,0,0,0,0,0,0,0,0,0,0,0,0,0,0,0,0,0,143
1404,1,1,2,1,1,1,1,5,27,1,1,1,0,0,1,1,0,0,0,1,0,143
1404,2,0,1,4,1,1,1,5,27,1,1,1,0,1,0,0,0,0,0,0,1,143
1404,3,0,1,6,0,0,0,0,0,0,0,0,0,0,0,0,0,0,0,0,0,143
1405,1,1,2,3,1,0,0,5,22,1,2,1,1,1,0,0,1,1,0,0,1,144
1405,2,0,1,4,1,0,0,5,22,1,2,1,1,1,0,1,0,0,1,1,0,144
1405,3,0,1,6,0,0,0,0,0,0,0,0,0,0,0,0,0,0,0,0,0,144
1406,1,0,3,6,1,0,0,5,22,1,2,1,1,0,1,1,0,1,0,1,0,144
1406,2,1,1,5,1,0,0,5,22,1,2,1,1,0,0,1,0,1,0,0,0,144
1406,3,0,1,6,0,0,0,0,0,0,0,0,0,0,0,0,0,0,0,0,0,144
1407,1,1,2,3,1,0,0,5,22,1,2,1,1,0,0,0,1,1,0,1,0,144
1407,2,0,2,3,1,0,0,5,22,1,2,1,1,0,0,0,1,0,0,0,1,144
1407,3,0,1,6,0,0,0,0,0,0,0,0,0,0,0,0,0,0,0,0,0,144
1408,1,1,1,2,1,0,0,5,22,1,2,1,1,0,0,1,0,0,1,1,0,144
1408,2,0,2,5,1,0,0,5,22,1,2,1,1,0,1,0,0,1,0,0,1,144
1408,3,0,1,6,0,0,0,0,0,0,0,0,0,0,0,0,0,0,0,0,0,144
1409,1,1,2,5,1,0,0,5,22,1,2,1,1,1,0,0,0,0,1,0,0,144
1409,2,0,2,6,1,0,0,5,22,1,2,1,1,1,0,0,0,0,0,1,0,144
1409,3,0,1,6,0,0,0,0,0,0,0,0,0,0,0,0,0,0,0,0,0,144
1410,1,0,1,2,1,0,0,5,22,1,2,1,1,0,1,1,0,0,1,0,0,144
1410,2,1,3,1,1,0,0,5,22,1,2,1,1,1,0,1,0,0,1,0,0,144
1410,3,0,1,6,0,0,0,0,0,0,0,0,0,0,0,0,0,0,0,0,0,144
1411,1,1,3,1,1,0,0,5,22,1,2,1,1,0,1,0,0,0,0,0,0,144
1411,2,0,3,6,1,0,0,5,22,1,2,1,1,0,0,0,1,0,0,0,0,144
1411,3,0,1,6,0,0,0,0,0,0,0,0,0,0,0,0,0,0,0,0,0,144
1412,1,0,1,4,1,0,0,5,22,1,2,1,1,0,0,0,1,0,0,0,1,144
1412,2,1,3,4,1,0,0,5,22,1,2,1,1,0,1,0,1,0,1,0,1,144
1412,3,0,1,6,0,0,0,0,0,0,0,0,0,0,0,0,0,0,0,0,0,144
1413,1,1,3,1,1,0,0,5,22,1,2,1,1,1,0,0,0,0,0,0,1,144
1413,2,0,1,2,1,0,0,5,22,1,2,1,1,0,1,0,0,1,0,1,0,144
1413,3,0,1,6,0,0,0,0,0,0,0,0,0,0,0,0,0,0,0,0,0,144
1414,1,1,1,5,1,0,0,4,25,0,1,2,1,1,0,0,1,0,0,0,0,145
1414,2,0,1,5,1,0,0,4,25,0,1,2,1,0,0,1,0,0,0,0,1,145
1414,3,0,1,6,0,0,0,0,0,0,0,0,0,0,0,0,0,0,0,0,0,145
1415,1,0,3,3,1,0,0,4,25,0,1,2,1,0,0,0,0,0,0,0,0,145
1415,2,1,2,1,1,0,0,4,25,0,1,2,1,1,0,1,0,1,0,0,1,145
1415,3,0,1,6,0,0,0,0,0,0,0,0,0,0,0,0,0,0,0,0,0,145
1416,1,0,1,5,1,0,0,4,25,0,1,2,1,0,1,0,0,1,0,0,1,145
1416,2,1,1,3,1,0,0,4,25,0,1,2,1,1,0,0,1,1,0,0,1,145
1416,3,0,1,6,0,0,0,0,0,0,0,0,0,0,0,0,0,0,0,0,0,145
1417,1,1,3,4,1,0,0,4,25,0,1,2,1,0,0,1,0,1,0,0,1,145
1417,2,0,2,6,1,0,0,4,25,0,1,2,1,1,0,0,0,0,1,0,0,145
1417,3,0,1,6,0,0,0,0,0,0,0,0,0,0,0,0,0,0,0,0,0,145
1418,1,1,2,2,1,0,0,4,25,0,1,2,1,0,1,0,1,1,0,0,1,145
1418,2,0,3,2,1,0,0,4,25,0,1,2,1,0,1,0,0,0,0,0,0,145
1418,3,0,1,6,0,0,0,0,0,0,0,0,0,0,0,0,0,0,0,0,0,145
1419,1,0,3,4,1,0,0,4,25,0,1,2,1,1,0,0,1,0,1,1,0,145
1419,2,1,2,1,1,0,0,4,25,0,1,2,1,0,1,1,0,0,0,0,0,145
1419,3,0,1,6,0,0,0,0,0,0,0,0,0,0,0,0,0,0,0,0,0,145
1420,1,0,2,6,1,0,0,4,25,0,1,2,1,0,1,0,0,0,1,1,0,145
1420,2,1,3,4,1,0,0,4,25,0,1,2,1,0,1,0,1,1,0,1,0,145
1420,3,0,1,6,0,0,0,0,0,0,0,0,0,0,0,0,0,0,0,0,0,145
1421,1,1,1,1,1,0,0,4,25,0,1,2,1,1,0,1,0,0,1,1,0,145
1421,2,0,1,3,1,0,0,4,25,0,1,2,1,0,0,0,1,0,1,1,0,145
1421,3,0,1,6,0,0,0,0,0,0,0,0,0,0,0,0,0,0,0,0,0,145
1422,1,0,2,6,1,0,0,4,25,0,1,2,1,0,0,1,0,0,0,0,0,145
1422,2,1,3,2,1,0,0,4,25,0,1,2,1,0,0,0,0,0,1,1,0,145
1422,3,0,1,6,0,0,0,0,0,0,0,0,0,0,0,0,0,0,0,0,0,145
1423,1,1,2,3,1,0,0,5,24,1,1,1,1,1,0,0,1,1,0,0,1,146
1423,2,0,1,4,1,0,0,5,24,1,1,1,1,1,0,1,0,0,1,1,0,146
1423,3,0,1,6,0,0,0,0,0,0,0,0,0,0,0,0,0,0,0,0,0,146
1424,1,1,3,6,1,0,0,5,24,1,1,1,1,0,1,1,0,1,0,1,0,146
1424,2,0,1,5,1,0,0,5,24,1,1,1,1,0,0,1,0,1,0,0,0,146
1424,3,0,1,6,0,0,0,0,0,0,0,0,0,0,0,0,0,0,0,0,0,146
1425,1,1,2,3,1,0,0,5,24,1,1,1,1,0,0,0,1,1,0,1,0,146
1425,2,0,2,3,1,0,0,5,24,1,1,1,1,0,0,0,1,0,0,0,1,146
1425,3,0,1,6,0,0,0,0,0,0,0,0,0,0,0,0,0,0,0,0,0,146
1426,1,1,1,2,1,0,0,5,24,1,1,1,1,0,0,1,0,0,1,1,0,146
1426,2,0,2,5,1,0,0,5,24,1,1,1,1,0,1,0,0,1,0,0,1,146
1426,3,0,1,6,0,0,0,0,0,0,0,0,0,0,0,0,0,0,0,0,0,146
1427,1,1,2,5,1,0,0,5,24,1,1,1,1,1,0,0,0,0,1,0,0,146
1427,2,0,2,6,1,0,0,5,24,1,1,1,1,1,0,0,0,0,0,1,0,146
1427,3,0,1,6,0,0,0,0,0,0,0,0,0,0,0,0,0,0,0,0,0,146
1428,1,0,1,2,1,0,0,5,24,1,1,1,1,0,1,1,0,0,1,0,0,146
1428,2,1,3,1,1,0,0,5,24,1,1,1,1,1,0,1,0,0,1,0,0,146
1428,3,0,1,6,0,0,0,0,0,0,0,0,0,0,0,0,0,0,0,0,0,146
1429,1,1,3,1,1,0,0,5,24,1,1,1,1,0,1,0,0,0,0,0,0,146
1429,2,0,3,6,1,0,0,5,24,1,1,1,1,0,0,0,1,0,0,0,0,146
1429,3,0,1,6,0,0,0,0,0,0,0,0,0,0,0,0,0,0,0,0,0,146
1430,1,0,1,4,1,0,0,5,24,1,1,1,1,0,0,0,1,0,0,0,1,146
1430,2,1,3,4,1,0,0,5,24,1,1,1,1,0,1,0,1,0,1,0,1,146
1430,3,0,1,6,0,0,0,0,0,0,0,0,0,0,0,0,0,0,0,0,0,146
1431,1,1,3,1,1,0,0,5,24,1,1,1,1,1,0,0,0,0,0,0,1,146
1431,2,0,1,2,1,0,0,5,24,1,1,1,1,0,1,0,0,1,0,1,0,146
1431,3,0,1,6,0,0,0,0,0,0,0,0,0,0,0,0,0,0,0,0,0,146
1441,1,1,3,5,1,0,1,5,23,0,1,1,1,0,1,0,1,0,0,1,0,147
1441,2,0,2,5,1,0,1,5,23,0,1,1,1,1,0,0,1,0,1,1,0,147
1441,3,0,1,6,0,0,0,0,0,0,0,0,0,0,0,0,0,0,0,0,0,147
1442,1,0,1,3,1,0,1,5,23,0,1,1,1,0,1,1,0,0,0,0,1,147
1442,2,1,2,3,1,0,1,5,23,0,1,1,1,0,1,1,0,0,0,1,0,147
1442,3,0,1,6,0,0,0,0,0,0,0,0,0,0,0,0,0,0,0,0,0,147
1443,1,1,3,2,1,0,1,5,23,0,1,1,1,0,0,1,0,1,0,0,0,147
1443,2,0,1,4,1,0,1,5,23,0,1,1,1,0,1,0,1,0,0,1,0,147
1443,3,0,1,6,0,0,0,0,0,0,0,0,0,0,0,0,0,0,0,0,0,147
1444,1,1,2,4,1,0,1,5,23,0,1,1,1,1,0,1,0,1,0,0,0,147
1444,2,0,3,6,1,0,1,5,23,0,1,1,1,0,1,1,0,1,0,0,1,147
1444,3,0,1,6,0,0,0,0,0,0,0,0,0,0,0,0,0,0,0,0,0,147
1445,1,1,3,2,1,0,1,5,23,0,1,1,1,1,0,0,0,1,0,1,0,147
1445,2,0,3,1,1,0,1,5,23,0,1,1,1,0,0,0,0,0,1,0,1,147
1445,3,0,1,6,0,0,0,0,0,0,0,0,0,0,0,0,0,0,0,0,0,147
1446,1,1,2,1,1,0,1,5,23,0,1,1,1,0,1,0,0,0,1,0,1,147
1446,2,0,2,5,1,0,1,5,23,0,1,1,1,0,0,1,0,0,1,0,1,147
1446,3,0,1,6,0,0,0,0,0,0,0,0,0,0,0,0,0,0,0,0,0,147
1447,1,0,1,6,1,0,1,5,23,0,1,1,1,0,0,0,0,0,1,0,1,147
1447,2,1,1,4,1,0,1,5,23,0,1,1,1,0,0,0,0,0,0,0,0,147
1447,3,0,1,6,0,0,0,0,0,0,0,0,0,0,0,0,0,0,0,0,0,147
1448,1,1,2,1,1,0,1,5,23,0,1,1,1,0,0,0,1,0,1,0,0,147
1448,2,0,1,2,1,0,1,5,23,0,1,1,1,1,0,0,1,1,0,0,0,147
1448,3,0,1,6,0,0,0,0,0,0,0,0,0,0,0,0,0,0,0,0,0,147
1449,1,1,1,3,1,0,1,5,23,0,1,1,1,1,0,0,1,0,0,1,0,147
1449,2,0,3,6,1,0,1,5,23,0,1,1,1,1,0,0,0,1,0,0,0,147
1449,3,0,1,6,0,0,0,0,0,0,0,0,0,0,0,0,0,0,0,0,0,147
1450,1,1,3,5,1,0,1,4,30,0,2,1,0,0,1,0,1,0,0,1,0,148
1450,2,0,2,5,1,0,1,4,30,0,2,1,0,1,0,0,1,0,1,1,0,148
1450,3,0,1,6,0,0,0,0,0,0,0,0,0,0,0,0,0,0,0,0,0,148
1451,1,0,1,3,1,0,1,4,30,0,2,1,0,0,1,1,0,0,0,0,1,148
1451,2,1,2,3,1,0,1,4,30,0,2,1,0,0,1,1,0,0,0,1,0,148
1451,3,0,1,6,0,0,0,0,0,0,0,0,0,0,0,0,0,0,0,0,0,148
1452,1,0,3,2,1,0,1,4,30,0,2,1,0,0,0,1,0,1,0,0,0,148
1452,2,1,1,4,1,0,1,4,30,0,2,1,0,0,1,0,1,0,0,1,0,148
1452,3,0,1,6,0,0,0,0,0,0,0,0,0,0,0,0,0,0,0,0,0,148
1453,1,0,2,4,1,0,1,4,30,0,2,1,0,1,0,1,0,1,0,0,0,148
1453,2,1,3,6,1,0,1,4,30,0,2,1,0,0,1,1,0,1,0,0,1,148
1453,3,0,1,6,0,0,0,0,0,0,0,0,0,0,0,0,0,0,0,0,0,148
1454,1,1,3,2,1,0,1,4,30,0,2,1,0,1,0,0,0,1,0,1,0,148
1454,2,0,3,1,1,0,1,4,30,0,2,1,0,0,0,0,0,0,1,0,1,148
1454,3,0,1,6,0,0,0,0,0,0,0,0,0,0,0,0,0,0,0,0,0,148
1455,1,1,2,1,1,0,1,4,30,0,2,1,0,0,1,0,0,0,1,0,1,148
1455,2,0,2,5,1,0,1,4,30,0,2,1,0,0,0,1,0,0,1,0,1,148
1455,3,0,1,6,0,0,0,0,0,0,0,0,0,0,0,0,0,0,0,0,0,148
1456,1,0,1,6,1,0,1,4,30,0,2,1,0,0,0,0,0,0,1,0,1,148
1456,2,1,1,4,1,0,1,4,30,0,2,1,0,0,0,0,0,0,0,0,0,148
1456,3,0,1,6,0,0,0,0,0,0,0,0,0,0,0,0,0,0,0,0,0,148
1457,1,0,2,1,1,0,1,4,30,0,2,1,0,0,0,0,1,0,1,0,0,148
1457,2,1,1,2,1,0,1,4,30,0,2,1,0,1,0,0,1,1,0,0,0,148
1457,3,0,1,6,0,0,0,0,0,0,0,0,0,0,0,0,0,0,0,0,0,148
1458,1,0,1,3,1,0,1,4,30,0,2,1,0,1,0,0,1,0,0,1,0,148
1458,2,1,3,6,1,0,1,4,30,0,2,1,0,1,0,0,0,1,0,0,0,148
1458,3,0,1,6,0,0,0,0,0,0,0,0,0,0,0,0,0,0,0,0,0,148
1459,1,1,3,5,1,0,1,5,23,0,2,1,0,0,1,0,1,0,0,1,0,149
1459,2,0,2,5,1,0,1,5,23,0,2,1,0,1,0,0,1,0,1,1,0,149
1459,3,0,1,6,0,0,0,0,0,0,0,0,0,0,0,0,0,0,0,0,0,149
1460,1,0,1,3,1,0,1,5,23,0,2,1,0,0,1,1,0,0,0,0,1,149
1460,2,1,2,3,1,0,1,5,23,0,2,1,0,0,1,1,0,0,0,1,0,149
1460,3,0,1,6,0,0,0,0,0,0,0,0,0,0,0,0,0,0,0,0,0,149
1461,1,0,3,2,1,0,1,5,23,0,2,1,0,0,0,1,0,1,0,0,0,149
1461,2,1,1,4,1,0,1,5,23,0,2,1,0,0,1,0,1,0,0,1,0,149
1461,3,0,1,6,0,0,0,0,0,0,0,0,0,0,0,0,0,0,0,0,0,149
1462,1,1,2,4,1,0,1,5,23,0,2,1,0,1,0,1,0,1,0,0,0,149
1462,2,0,3,6,1,0,1,5,23,0,2,1,0,0,1,1,0,1,0,0,1,149
1462,3,0,1,6,0,0,0,0,0,0,0,0,0,0,0,0,0,0,0,0,0,149
1463,1,1,3,2,1,0,1,5,23,0,2,1,0,1,0,0,0,1,0,1,0,149
1463,2,0,3,1,1,0,1,5,23,0,2,1,0,0,0,0,0,0,1,0,1,149
1463,3,0,1,6,0,0,0,0,0,0,0,0,0,0,0,0,0,0,0,0,0,149
1464,1,1,2,1,1,0,1,5,23,0,2,1,0,0,1,0,0,0,1,0,1,149
1464,2,0,2,5,1,0,1,5,23,0,2,1,0,0,0,1,0,0,1,0,1,149
1464,3,0,1,6,0,0,0,0,0,0,0,0,0,0,0,0,0,0,0,0,0,149
1465,1,0,1,6,1,0,1,5,23,0,2,1,0,0,0,0,0,0,1,0,1,149
1465,2,1,1,4,1,0,1,5,23,0,2,1,0,0,0,0,0,0,0,0,0,149
1465,3,0,1,6,0,0,0,0,0,0,0,0,0,0,0,0,0,0,0,0,0,149
1466,1,1,2,1,1,0,1,5,23,0,2,1,0,0,0,0,1,0,1,0,0,149
1466,2,0,1,2,1,0,1,5,23,0,2,1,0,1,0,0,1,1,0,0,0,149
1466,3,0,1,6,0,0,0,0,0,0,0,0,0,0,0,0,0,0,0,0,0,149
1467,1,1,1,3,1,0,1,5,23,0,2,1,0,1,0,0,1,0,0,1,0,149
1467,2,0,3,6,1,0,1,5,23,0,2,1,0,1,0,0,0,1,0,0,0,149
1467,3,0,1,6,0,0,0,0,0,0,0,0,0,0,0,0,0,0,0,0,0,149
1468,1,0,2,5,1,0,0,4,24,0,1,1,1,1,0,1,0,0,0,0,1,150
1468,2,1,2,1,1,0,0,4,24,0,1,1,1,0,0,0,1,1,0,0,0,150
1468,3,0,1,6,0,0,0,0,0,0,0,0,0,0,0,0,0,0,0,0,0,150
1469,1,0,2,5,1,0,0,4,24,0,1,1,1,0,0,0,0,0,0,1,0,150
1469,2,1,1,3,1,0,0,4,24,0,1,1,1,0,1,1,0,0,1,0,0,150
1469,3,0,1,6,0,0,0,0,0,0,0,0,0,0,0,0,0,0,0,0,0,150
1470,1,0,1,3,1,0,0,4,24,0,1,1,1,1,0,0,0,1,0,0,0,150
1470,2,1,2,5,1,0,0,4,24,0,1,1,1,0,1,0,1,0,1,0,0,150
1470,3,0,1,6,0,0,0,0,0,0,0,0,0,0,0,0,0,0,0,0,0,150
1471,1,0,1,4,1,0,0,4,24,0,1,1,1,0,0,0,0,1,0,1,0,150
1471,2,1,3,2,1,0,0,4,24,0,1,1,1,1,0,1,0,0,0,1,0,150
1471,3,0,1,6,0,0,0,0,0,0,0,0,0,0,0,0,0,0,0,0,0,150
1472,1,1,1,4,1,0,0,4,24,0,1,1,1,0,1,0,1,1,0,0,0,150
1472,2,0,2,1,1,0,0,4,24,0,1,1,1,0,0,0,0,1,0,1,0,150
1472,3,0,1,6,0,0,0,0,0,0,0,0,0,0,0,0,0,0,0,0,0,150
1473,1,1,3,2,1,0,0,4,24,0,1,1,1,0,0,0,1,0,1,0,1,150
1473,2,0,3,6,1,0,0,4,24,0,1,1,1,0,0,1,0,1,0,1,0,150
1473,3,0,1,6,0,0,0,0,0,0,0,0,0,0,0,0,0,0,0,0,0,150
1474,1,0,3,6,1,0,0,4,24,0,1,1,1,0,1,0,1,0,1,0,0,150
1474,2,1,1,3,1,0,0,4,24,0,1,1,1,0,1,0,0,0,1,0,1,150
1474,3,0,1,6,0,0,0,0,0,0,0,0,0,0,0,0,0,0,0,0,0,150
1475,1,0,3,6,1,0,0,4,24,0,1,1,1,1,0,1,0,0,1,0,1,150
1475,2,1,3,2,1,0,0,4,24,0,1,1,1,1,0,0,1,0,0,0,1,150
1475,3,0,1,6,0,0,0,0,0,0,0,0,0,0,0,0,0,0,0,0,0,150
1476,1,1,2,1,1,0,0,4,24,0,1,1,1,0,1,1,0,0,0,1,0,150
1476,2,0,1,4,1,0,0,4,24,0,1,1,1,1,0,0,0,0,0,0,1,150
1476,3,0,1,6,0,0,0,0,0,0,0,0,0,0,0,0,0,0,0,0,0,150
1486,1,1,2,3,1,0,1,3,26,1,3,1,1,1,0,0,1,1,0,0,1,151
1486,2,0,1,4,1,0,1,3,26,1,3,1,1,1,0,1,0,0,1,1,0,151
1486,3,0,1,6,0,0,0,0,0,0,0,0,0,0,0,0,0,0,0,0,0,151
1487,1,0,3,6,1,0,1,3,26,1,3,1,1,0,1,1,0,1,0,1,0,151
1487,2,1,1,5,1,0,1,3,26,1,3,1,1,0,0,1,0,1,0,0,0,151
1487,3,0,1,6,0,0,0,0,0,0,0,0,0,0,0,0,0,0,0,0,0,151
1488,1,1,2,3,1,0,1,3,26,1,3,1,1,0,0,0,1,1,0,1,0,151
1488,2,0,2,3,1,0,1,3,26,1,3,1,1,0,0,0,1,0,0,0,1,151
1488,3,0,1,6,0,0,0,0,0,0,0,0,0,0,0,0,0,0,0,0,0,151
1489,1,1,1,2,1,0,1,3,26,1,3,1,1,0,0,1,0,0,1,1,0,151
1489,2,0,2,5,1,0,1,3,26,1,3,1,1,0,1,0,0,1,0,0,1,151
1489,3,0,1,6,0,0,0,0,0,0,0,0,0,0,0,0,0,0,0,0,0,151
1490,1,1,2,5,1,0,1,3,26,1,3,1,1,1,0,0,0,0,1,0,0,151
1490,2,0,2,6,1,0,1,3,26,1,3,1,1,1,0,0,0,0,0,1,0,151
1490,3,0,1,6,0,0,0,0,0,0,0,0,0,0,0,0,0,0,0,0,0,151
1491,1,0,1,2,1,0,1,3,26,1,3,1,1,0,1,1,0,0,1,0,0,151
1491,2,1,3,1,1,0,1,3,26,1,3,1,1,1,0,1,0,0,1,0,0,151
1491,3,0,1,6,0,0,0,0,0,0,0,0,0,0,0,0,0,0,0,0,0,151
1492,1,1,3,1,1,0,1,3,26,1,3,1,1,0,1,0,0,0,0,0,0,151
1492,2,0,3,6,1,0,1,3,26,1,3,1,1,0,0,0,1,0,0,0,0,151
1492,3,0,1,6,0,0,0,0,0,0,0,0,0,0,0,0,0,0,0,0,0,151
1493,1,0,1,4,1,0,1,3,26,1,3,1,1,0,0,0,1,0,0,0,1,151
1493,2,1,3,4,1,0,1,3,26,1,3,1,1,0,1,0,1,0,1,0,1,151
1493,3,0,1,6,0,0,0,0,0,0,0,0,0,0,0,0,0,0,0,0,0,151
1494,1,1,3,1,1,0,1,3,26,1,3,1,1,1,0,0,0,0,0,0,1,151
1494,2,0,1,2,1,0,1,3,26,1,3,1,1,0,1,0,0,1,0,1,0,151
1494,3,0,1,6,0,0,0,0,0,0,0,0,0,0,0,0,0,0,0,0,0,151
1495,1,1,2,3,1,1,1,4,28,0,3,2,1,1,0,0,1,1,0,0,1,152
1495,2,0,1,4,1,1,1,4,28,0,3,2,1,1,0,1,0,0,1,1,0,152
1495,3,0,1,6,0,0,0,0,0,0,0,0,0,0,0,0,0,0,0,0,0,152
1496,1,1,3,6,1,1,1,4,28,0,3,2,1,0,1,1,0,1,0,1,0,152
1496,2,0,1,5,1,1,1,4,28,0,3,2,1,0,0,1,0,1,0,0,0,152
1496,3,0,1,6,0,0,0,0,0,0,0,0,0,0,0,0,0,0,0,0,0,152
1497,1,1,2,3,1,1,1,4,28,0,3,2,1,0,0,0,1,1,0,1,0,152
1497,2,0,2,3,1,1,1,4,28,0,3,2,1,0,0,0,1,0,0,0,1,152
1497,3,0,1,6,0,0,0,0,0,0,0,0,0,0,0,0,0,0,0,0,0,152
1498,1,0,1,2,1,1,1,4,28,0,3,2,1,0,0,1,0,0,1,1,0,152
1498,2,1,2,5,1,1,1,4,28,0,3,2,1,0,1,0,0,1,0,0,1,152
1498,3,0,1,6,0,0,0,0,0,0,0,0,0,0,0,0,0,0,0,0,0,152
1499,1,1,2,5,1,1,1,4,28,0,3,2,1,1,0,0,0,0,1,0,0,152
1499,2,0,2,6,1,1,1,4,28,0,3,2,1,1,0,0,0,0,0,1,0,152
1499,3,0,1,6,0,0,0,0,0,0,0,0,0,0,0,0,0,0,0,0,0,152
1500,1,0,1,2,1,1,1,4,28,0,3,2,1,0,1,1,0,0,1,0,0,152
1500,2,1,3,1,1,1,1,4,28,0,3,2,1,1,0,1,0,0,1,0,0,152
1500,3,0,1,6,0,0,0,0,0,0,0,0,0,0,0,0,0,0,0,0,0,152
1501,1,1,3,1,1,1,1,4,28,0,3,2,1,0,1,0,0,0,0,0,0,152
1501,2,0,3,6,1,1,1,4,28,0,3,2,1,0,0,0,1,0,0,0,0,152
1501,3,0,1,6,0,0,0,0,0,0,0,0,0,0,0,0,0,0,0,0,0,152
1502,1,0,1,4,1,1,1,4,28,0,3,2,1,0,0,0,1,0,0,0,1,152
1502,2,1,3,4,1,1,1,4,28,0,3,2,1,0,1,0,1,0,1,0,1,152
1502,3,0,1,6,0,0,0,0,0,0,0,0,0,0,0,0,0,0,0,0,0,152
1503,1,0,3,1,1,1,1,4,28,0,3,2,1,1,0,0,0,0,0,0,1,152
1503,2,1,1,2,1,1,1,4,28,0,3,2,1,0,1,0,0,1,0,1,0,152
1503,3,0,1,6,0,0,0,0,0,0,0,0,0,0,0,0,0,0,0,0,0,152
1504,1,1,1,5,1,0,1,5,25,0,2,1,1,1,0,0,1,0,0,0,0,153
1504,2,0,1,5,1,0,1,5,25,0,2,1,1,0,0,1,0,0,0,0,1,153
1504,3,0,1,6,0,0,0,0,0,0,0,0,0,0,0,0,0,0,0,0,0,153
1505,1,0,3,3,1,0,1,5,25,0,2,1,1,0,0,0,0,0,0,0,0,153
1505,2,1,2,1,1,0,1,5,25,0,2,1,1,1,0,1,0,1,0,0,1,153
1505,3,0,1,6,0,0,0,0,0,0,0,0,0,0,0,0,0,0,0,0,0,153
1506,1,0,1,5,1,0,1,5,25,0,2,1,1,0,1,0,0,1,0,0,1,153
1506,2,0,1,3,1,0,1,5,25,0,2,1,1,1,0,0,1,1,0,0,1,153
1506,3,1,1,6,0,0,0,0,0,0,0,0,0,0,0,0,0,0,0,0,0,153
1507,1,0,3,4,1,0,1,5,25,0,2,1,1,0,0,1,0,1,0,0,1,153
1507,2,0,2,6,1,0,1,5,25,0,2,1,1,1,0,0,0,0,1,0,0,153
1507,3,1,1,6,0,0,0,0,0,0,0,0,0,0,0,0,0,0,0,0,0,153
1508,1,0,2,2,1,0,1,5,25,0,2,1,1,0,1,0,1,1,0,0,1,153
1508,2,0,3,2,1,0,1,5,25,0,2,1,1,0,1,0,0,0,0,0,0,153
1508,3,1,1,6,0,0,0,0,0,0,0,0,0,0,0,0,0,0,0,0,0,153
1509,1,0,3,4,1,0,1,5,25,0,2,1,1,1,0,0,1,0,1,1,0,153
1509,2,0,2,1,1,0,1,5,25,0,2,1,1,0,1,1,0,0,0,0,0,153
1509,3,1,1,6,0,0,0,0,0,0,0,0,0,0,0,0,0,0,0,0,0,153
1510,1,0,2,6,1,0,1,5,25,0,2,1,1,0,1,0,0,0,1,1,0,153
1510,2,0,3,4,1,0,1,5,25,0,2,1,1,0,1,0,1,1,0,1,0,153
1510,3,1,1,6,0,0,0,0,0,0,0,0,0,0,0,0,0,0,0,0,0,153
1511,1,0,1,1,1,0,1,5,25,0,2,1,1,1,0,1,0,0,1,1,0,153
1511,2,0,1,3,1,0,1,5,25,0,2,1,1,0,0,0,1,0,1,1,0,153
1511,3,1,1,6,0,0,0,0,0,0,0,0,0,0,0,0,0,0,0,0,0,153
1512,1,0,2,6,1,0,1,5,25,0,2,1,1,0,0,1,0,0,0,0,0,153
1512,2,0,3,2,1,0,1,5,25,0,2,1,1,0,0,0,0,0,1,1,0,153
1512,3,1,1,6,0,0,0,0,0,0,0,0,0,0,0,0,0,0,0,0,0,153
1513,1,0,2,5,1,0,1,4,25,1,1,1,1,1,0,1,0,0,0,0,1,154
1513,2,1,2,1,1,0,1,4,25,1,1,1,1,0,0,0,1,1,0,0,0,154
1513,3,0,1,6,0,0,0,0,0,0,0,0,0,0,0,0,0,0,0,0,0,154
1514,1,0,2,5,1,0,1,4,25,1,1,1,1,0,0,0,0,0,0,1,0,154
1514,2,1,1,3,1,0,1,4,25,1,1,1,1,0,1,1,0,0,1,0,0,154
1514,3,0,1,6,0,0,0,0,0,0,0,0,0,0,0,0,0,0,0,0,0,154
1515,1,1,1,3,1,0,1,4,25,1,1,1,1,1,0,0,0,1,0,0,0,154
1515,2,0,2,5,1,0,1,4,25,1,1,1,1,0,1,0,1,0,1,0,0,154
1515,3,0,1,6,0,0,0,0,0,0,0,0,0,0,0,0,0,0,0,0,0,154
1516,1,0,1,4,1,0,1,4,25,1,1,1,1,0,0,0,0,1,0,1,0,154
1516,2,1,3,2,1,0,1,4,25,1,1,1,1,1,0,1,0,0,0,1,0,154
1516,3,0,1,6,0,0,0,0,0,0,0,0,0,0,0,0,0,0,0,0,0,154
1517,1,1,1,4,1,0,1,4,25,1,1,1,1,0,1,0,1,1,0,0,0,154
1517,2,0,2,1,1,0,1,4,25,1,1,1,1,0,0,0,0,1,0,1,0,154
1517,3,0,1,6,0,0,0,0,0,0,0,0,0,0,0,0,0,0,0,0,0,154
1518,1,1,3,2,1,0,1,4,25,1,1,1,1,0,0,0,1,0,1,0,1,154
1518,2,0,3,6,1,0,1,4,25,1,1,1,1,0,0,1,0,1,0,1,0,154
1518,3,0,1,6,0,0,0,0,0,0,0,0,0,0,0,0,0,0,0,0,0,154
1519,1,0,3,6,1,0,1,4,25,1,1,1,1,0,1,0,1,0,1,0,0,154
1519,2,1,1,3,1,0,1,4,25,1,1,1,1,0,1,0,0,0,1,0,1,154
1519,3,0,1,6,0,0,0,0,0,0,0,0,0,0,0,0,0,0,0,0,0,154
1520,1,0,3,6,1,0,1,4,25,1,1,1,1,1,0,1,0,0,1,0,1,154
1520,2,1,3,2,1,0,1,4,25,1,1,1,1,1,0,0,1,0,0,0,1,154
1520,3,0,1,6,0,0,0,0,0,0,0,0,0,0,0,0,0,0,0,0,0,154
1521,1,1,2,1,1,0,1,4,25,1,1,1,1,0,1,1,0,0,0,1,0,154
1521,2,0,1,4,1,0,1,4,25,1,1,1,1,1,0,0,0,0,0,0,1,154
1521,3,0,1,6,0,0,0,0,0,0,0,0,0,0,0,0,0,0,0,0,0,154
1522,1,1,3,5,1,0,1,5,26,0,1,1,1,0,1,0,1,0,0,1,0,155
1522,2,0,2,5,1,0,1,5,26,0,1,1,1,1,0,0,1,0,1,1,0,155
1522,3,0,1,6,0,0,0,0,0,0,0,0,0,0,0,0,0,0,0,0,0,155
1523,1,0,1,3,1,0,1,5,26,0,1,1,1,0,1,1,0,0,0,0,1,155
1523,2,1,2,3,1,0,1,5,26,0,1,1,1,0,1,1,0,0,0,1,0,155
1523,3,0,1,6,0,0,0,0,0,0,0,0,0,0,0,0,0,0,0,0,0,155
1524,1,0,3,2,1,0,1,5,26,0,1,1,1,0,0,1,0,1,0,0,0,155
1524,2,1,1,4,1,0,1,5,26,0,1,1,1,0,1,0,1,0,0,1,0,155
1524,3,0,1,6,0,0,0,0,0,0,0,0,0,0,0,0,0,0,0,0,0,155
1525,1,1,2,4,1,0,1,5,26,0,1,1,1,1,0,1,0,1,0,0,0,155
1525,2,0,3,6,1,0,1,5,26,0,1,1,1,0,1,1,0,1,0,0,1,155
1525,3,0,1,6,0,0,0,0,0,0,0,0,0,0,0,0,0,0,0,0,0,155
1526,1,1,3,2,1,0,1,5,26,0,1,1,1,1,0,0,0,1,0,1,0,155
1526,2,0,3,1,1,0,1,5,26,0,1,1,1,0,0,0,0,0,1,0,1,155
1526,3,0,1,6,0,0,0,0,0,0,0,0,0,0,0,0,0,0,0,0,0,155
1527,1,1,2,1,1,0,1,5,26,0,1,1,1,0,1,0,0,0,1,0,1,155
1527,2,0,2,5,1,0,1,5,26,0,1,1,1,0,0,1,0,0,1,0,1,155
1527,3,0,1,6,0,0,0,0,0,0,0,0,0,0,0,0,0,0,0,0,0,155
1528,1,0,1,6,1,0,1,5,26,0,1,1,1,0,0,0,0,0,1,0,1,155
1528,2,1,1,4,1,0,1,5,26,0,1,1,1,0,0,0,0,0,0,0,0,155
1528,3,0,1,6,0,0,0,0,0,0,0,0,0,0,0,0,0,0,0,0,0,155
1529,1,0,2,1,1,0,1,5,26,0,1,1,1,0,0,0,1,0,1,0,0,155
1529,2,1,1,2,1,0,1,5,26,0,1,1,1,1,0,0,1,1,0,0,0,155
1529,3,0,1,6,0,0,0,0,0,0,0,0,0,0,0,0,0,0,0,0,0,155
1530,1,1,1,3,1,0,1,5,26,0,1,1,1,1,0,0,1,0,0,1,0,155
1530,2,0,3,6,1,0,1,5,26,0,1,1,1,1,0,0,0,1,0,0,0,155
1530,3,0,1,6,0,0,0,0,0,0,0,0,0,0,0,0,0,0,0,0,0,155
1540,1,1,2,3,1,0,1,3,24,1,2,1,1,1,0,0,1,1,0,0,1,156
1540,2,0,1,4,1,0,1,3,24,1,2,1,1,1,0,1,0,0,1,1,0,156
1540,3,0,1,6,0,0,0,0,0,0,0,0,0,0,0,0,0,0,0,0,0,156
1541,1,1,3,6,1,0,1,3,24,1,2,1,1,0,1,1,0,1,0,1,0,156
1541,2,0,1,5,1,0,1,3,24,1,2,1,1,0,0,1,0,1,0,0,0,156
1541,3,0,1,6,0,0,0,0,0,0,0,0,0,0,0,0,0,0,0,0,0,156
1542,1,1,2,3,1,0,1,3,24,1,2,1,1,0,0,0,1,1,0,1,0,156
1542,2,0,2,3,1,0,1,3,24,1,2,1,1,0,0,0,1,0,0,0,1,156
1542,3,0,1,6,0,0,0,0,0,0,0,0,0,0,0,0,0,0,0,0,0,156
1543,1,0,1,2,1,0,1,3,24,1,2,1,1,0,0,1,0,0,1,1,0,156
1543,2,1,2,5,1,0,1,3,24,1,2,1,1,0,1,0,0,1,0,0,1,156
1543,3,0,1,6,0,0,0,0,0,0,0,0,0,0,0,0,0,0,0,0,0,156
1544,1,1,2,5,1,0,1,3,24,1,2,1,1,1,0,0,0,0,1,0,0,156
1544,2,0,2,6,1,0,1,3,24,1,2,1,1,1,0,0,0,0,0,1,0,156
1544,3,0,1,6,0,0,0,0,0,0,0,0,0,0,0,0,0,0,0,0,0,156
1545,1,0,1,2,1,0,1,3,24,1,2,1,1,0,1,1,0,0,1,0,0,156
1545,2,1,3,1,1,0,1,3,24,1,2,1,1,1,0,1,0,0,1,0,0,156
1545,3,0,1,6,0,0,0,0,0,0,0,0,0,0,0,0,0,0,0,0,0,156
1546,1,1,3,1,1,0,1,3,24,1,2,1,1,0,1,0,0,0,0,0,0,156
1546,2,0,3,6,1,0,1,3,24,1,2,1,1,0,0,0,1,0,0,0,0,156
1546,3,0,1,6,0,0,0,0,0,0,0,0,0,0,0,0,0,0,0,0,0,156
1547,1,0,1,4,1,0,1,3,24,1,2,1,1,0,0,0,1,0,0,0,1,156
1547,2,1,3,4,1,0,1,3,24,1,2,1,1,0,1,0,1,0,1,0,1,156
1547,3,0,1,6,0,0,0,0,0,0,0,0,0,0,0,0,0,0,0,0,0,156
1548,1,0,3,1,1,0,1,3,24,1,2,1,1,1,0,0,0,0,0,0,1,156
1548,2,1,1,2,1,0,1,3,24,1,2,1,1,0,1,0,0,1,0,1,0,156
1548,3,0,1,6,0,0,0,0,0,0,0,0,0,0,0,0,0,0,0,0,0,156
1549,1,1,1,5,1,0,1,5,26,0,1,1,0,1,0,0,1,0,0,0,0,157
1549,2,0,1,5,1,0,1,5,26,0,1,1,0,0,0,1,0,0,0,0,1,157
1549,3,0,1,6,0,0,0,0,0,0,0,0,0,0,0,0,0,0,0,0,0,157
1550,1,0,3,3,1,0,1,5,26,0,1,1,0,0,0,0,0,0,0,0,0,157
1550,2,1,2,1,1,0,1,5,26,0,1,1,0,1,0,1,0,1,0,0,1,157
1550,3,0,1,6,0,0,0,0,0,0,0,0,0,0,0,0,0,0,0,0,0,157
1551,1,0,1,5,1,0,1,5,26,0,1,1,0,0,1,0,0,1,0,0,1,157
1551,2,1,1,3,1,0,1,5,26,0,1,1,0,1,0,0,1,1,0,0,1,157
1551,3,0,1,6,0,0,0,0,0,0,0,0,0,0,0,0,0,0,0,0,0,157
1552,1,1,3,4,1,0,1,5,26,0,1,1,0,0,0,1,0,1,0,0,1,157
1552,2,0,2,6,1,0,1,5,26,0,1,1,0,1,0,0,0,0,1,0,0,157
1552,3,0,1,6,0,0,0,0,0,0,0,0,0,0,0,0,0,0,0,0,0,157
1553,1,0,2,2,1,0,1,5,26,0,1,1,0,0,1,0,1,1,0,0,1,157
1553,2,1,3,2,1,0,1,5,26,0,1,1,0,0,1,0,0,0,0,0,0,157
1553,3,0,1,6,0,0,0,0,0,0,0,0,0,0,0,0,0,0,0,0,0,157
1554,1,0,3,4,1,0,1,5,26,0,1,1,0,1,0,0,1,0,1,1,0,157
1554,2,1,2,1,1,0,1,5,26,0,1,1,0,0,1,1,0,0,0,0,0,157
1554,3,0,1,6,0,0,0,0,0,0,0,0,0,0,0,0,0,0,0,0,0,157
1555,1,0,2,6,1,0,1,5,26,0,1,1,0,0,1,0,0,0,1,1,0,157
1555,2,1,3,4,1,0,1,5,26,0,1,1,0,0,1,0,1,1,0,1,0,157
1555,3,0,1,6,0,0,0,0,0,0,0,0,0,0,0,0,0,0,0,0,0,157
1556,1,1,1,1,1,0,1,5,26,0,1,1,0,1,0,1,0,0,1,1,0,157
1556,2,0,1,3,1,0,1,5,26,0,1,1,0,0,0,0,1,0,1,1,0,157
1556,3,0,1,6,0,0,0,0,0,0,0,0,0,0,0,0,0,0,0,0,0,157
1557,1,0,2,6,1,0,1,5,26,0,1,1,0,0,0,1,0,0,0,0,0,157
1557,2,1,3,2,1,0,1,5,26,0,1,1,0,0,0,0,0,0,1,1,0,157
1557,3,0,1,6,0,0,0,0,0,0,0,0,0,0,0,0,0,0,0,0,0,157
1558,1,1,1,5,1,1,0,5,30,0,1,2,1,1,0,0,1,0,0,0,0,158
1558,2,0,1,5,1,1,0,5,30,0,1,2,1,0,0,1,0,0,0,0,1,158
1558,3,0,1,6,0,0,0,0,0,0,0,0,0,0,0,0,0,0,0,0,0,158
1559,1,0,3,3,1,1,0,5,30,0,1,2,1,0,0,0,0,0,0,0,0,158
1559,2,1,2,1,1,1,0,5,30,0,1,2,1,1,0,1,0,1,0,0,1,158
1559,3,0,1,6,0,0,0,0,0,0,0,0,0,0,0,0,0,0,0,0,0,158
1560,1,0,1,5,1,1,0,5,30,0,1,2,1,0,1,0,0,1,0,0,1,158
1560,2,1,1,3,1,1,0,5,30,0,1,2,1,1,0,0,1,1,0,0,1,158
1560,3,0,1,6,0,0,0,0,0,0,0,0,0,0,0,0,0,0,0,0,0,158
1561,1,1,3,4,1,1,0,5,30,0,1,2,1,0,0,1,0,1,0,0,1,158
1561,2,0,2,6,1,1,0,5,30,0,1,2,1,1,0,0,0,0,1,0,0,158
1561,3,0,1,6,0,0,0,0,0,0,0,0,0,0,0,0,0,0,0,0,0,158
1562,1,0,2,2,1,1,0,5,30,0,1,2,1,0,1,0,1,1,0,0,1,158
1562,2,1,3,2,1,1,0,5,30,0,1,2,1,0,1,0,0,0,0,0,0,158
1562,3,0,1,6,0,0,0,0,0,0,0,0,0,0,0,0,0,0,0,0,0,158
1563,1,1,3,4,1,1,0,5,30,0,1,2,1,1,0,0,1,0,1,1,0,158
1563,2,0,2,1,1,1,0,5,30,0,1,2,1,0,1,1,0,0,0,0,0,158
1563,3,0,1,6,0,0,0,0,0,0,0,0,0,0,0,0,0,0,0,0,0,158
1564,1,0,2,6,1,1,0,5,30,0,1,2,1,0,1,0,0,0,1,1,0,158
1564,2,1,3,4,1,1,0,5,30,0,1,2,1,0,1,0,1,1,0,1,0,158
1564,3,0,1,6,0,0,0,0,0,0,0,0,0,0,0,0,0,0,0,0,0,158
1565,1,1,1,1,1,1,0,5,30,0,1,2,1,1,0,1,0,0,1,1,0,158
1565,2,0,1,3,1,1,0,5,30,0,1,2,1,0,0,0,1,0,1,1,0,158
1565,3,0,1,6,0,0,0,0,0,0,0,0,0,0,0,0,0,0,0,0,0,158
1566,1,0,2,6,1,1,0,5,30,0,1,2,1,0,0,1,0,0,0,0,0,158
1566,2,1,3,2,1,1,0,5,30,0,1,2,1,0,0,0,0,0,1,1,0,158
1566,3,0,1,6,0,0,0,0,0,0,0,0,0,0,0,0,0,0,0,0,0,158
1567,1,1,1,5,1,0,1,4,21,1,1,1,1,1,0,0,1,0,0,0,0,159
1567,2,0,1,5,1,0,1,4,21,1,1,1,1,0,0,1,0,0,0,0,1,159
1567,3,0,1,6,0,0,0,0,0,0,0,0,0,0,0,0,0,0,0,0,0,159
1568,1,0,3,3,1,0,1,4,21,1,1,1,1,0,0,0,0,0,0,0,0,159
1568,2,1,2,1,1,0,1,4,21,1,1,1,1,1,0,1,0,1,0,0,1,159
1568,3,0,1,6,0,0,0,0,0,0,0,0,0,0,0,0,0,0,0,0,0,159
1569,1,1,1,5,1,0,1,4,21,1,1,1,1,0,1,0,0,1,0,0,1,159
1569,2,0,1,3,1,0,1,4,21,1,1,1,1,1,0,0,1,1,0,0,1,159
1569,3,0,1,6,0,0,0,0,0,0,0,0,0,0,0,0,0,0,0,0,0,159
1570,1,0,3,4,1,0,1,4,21,1,1,1,1,0,0,1,0,1,0,0,1,159
1570,2,1,2,6,1,0,1,4,21,1,1,1,1,1,0,0,0,0,1,0,0,159
1570,3,0,1,6,0,0,0,0,0,0,0,0,0,0,0,0,0,0,0,0,0,159
1571,1,0,2,2,1,0,1,4,21,1,1,1,1,0,1,0,1,1,0,0,1,159
1571,2,1,3,2,1,0,1,4,21,1,1,1,1,0,1,0,0,0,0,0,0,159
1571,3,0,1,6,0,0,0,0,0,0,0,0,0,0,0,0,0,0,0,0,0,159
1572,1,0,3,4,1,0,1,4,21,1,1,1,1,1,0,0,1,0,1,1,0,159
1572,2,1,2,1,1,0,1,4,21,1,1,1,1,0,1,1,0,0,0,0,0,159
1572,3,0,1,6,0,0,0,0,0,0,0,0,0,0,0,0,0,0,0,0,0,159
1573,1,0,2,6,1,0,1,4,21,1,1,1,1,0,1,0,0,0,1,1,0,159
1573,2,1,3,4,1,0,1,4,21,1,1,1,1,0,1,0,1,1,0,1,0,159
1573,3,0,1,6,0,0,0,0,0,0,0,0,0,0,0,0,0,0,0,0,0,159
1574,1,1,1,1,1,0,1,4,21,1,1,1,1,1,0,1,0,0,1,1,0,159
1574,2,0,1,3,1,0,1,4,21,1,1,1,1,0,0,0,1,0,1,1,0,159
1574,3,0,1,6,0,0,0,0,0,0,0,0,0,0,0,0,0,0,0,0,0,159
1575,1,0,2,6,1,0,1,4,21,1,1,1,1,0,0,1,0,0,0,0,0,159
1575,2,1,3,2,1,0,1,4,21,1,1,1,1,0,0,0,0,0,1,1,0,159
1575,3,0,1,6,0,0,0,0,0,0,0,0,0,0,0,0,0,0,0,0,0,159
1576,1,1,2,5,1,0,0,5,30,0,3,2,1,1,0,1,0,0,0,0,1,160
1576,2,0,2,1,1,0,0,5,30,0,3,2,1,0,0,0,1,1,0,0,0,160
1576,3,0,1,6,0,0,0,0,0,0,0,0,0,0,0,0,0,0,0,0,0,160
1577,1,0,2,5,1,0,0,5,30,0,3,2,1,0,0,0,0,0,0,1,0,160
1577,2,1,1,3,1,0,0,5,30,0,3,2,1,0,1,1,0,0,1,0,0,160
1577,3,0,1,6,0,0,0,0,0,0,0,0,0,0,0,0,0,0,0,0,0,160
1578,1,0,1,3,1,0,0,5,30,0,3,2,1,1,0,0,0,1,0,0,0,160
1578,2,1,2,5,1,0,0,5,30,0,3,2,1,0,1,0,1,0,1,0,0,160
1578,3,0,1,6,0,0,0,0,0,0,0,0,0,0,0,0,0,0,0,0,0,160
1579,1,0,1,4,1,0,0,5,30,0,3,2,1,0,0,0,0,1,0,1,0,160
1579,2,1,3,2,1,0,0,5,30,0,3,2,1,1,0,1,0,0,0,1,0,160
1579,3,0,1,6,0,0,0,0,0,0,0,0,0,0,0,0,0,0,0,0,0,160
1580,1,0,1,4,1,0,0,5,30,0,3,2,1,0,1,0,1,1,0,0,0,160
1580,2,1,2,1,1,0,0,5,30,0,3,2,1,0,0,0,0,1,0,1,0,160
1580,3,0,1,6,0,0,0,0,0,0,0,0,0,0,0,0,0,0,0,0,0,160
1581,1,1,3,2,1,0,0,5,30,0,3,2,1,0,0,0,1,0,1,0,1,160
1581,2,0,3,6,1,0,0,5,30,0,3,2,1,0,0,1,0,1,0,1,0,160
1581,3,0,1,6,0,0,0,0,0,0,0,0,0,0,0,0,0,0,0,0,0,160
1582,1,0,3,6,1,0,0,5,30,0,3,2,1,0,1,0,1,0,1,0,0,160
1582,2,1,1,3,1,0,0,5,30,0,3,2,1,0,1,0,0,0,1,0,1,160
1582,3,0,1,6,0,0,0,0,0,0,0,0,0,0,0,0,0,0,0,0,0,160
1583,1,0,3,6,1,0,0,5,30,0,3,2,1,1,0,1,0,0,1,0,1,160
1583,2,1,3,2,1,0,0,5,30,0,3,2,1,1,0,0,1,0,0,0,1,160
1583,3,0,1,6,0,0,0,0,0,0,0,0,0,0,0,0,0,0,0,0,0,160
1584,1,1,2,1,1,0,0,5,30,0,3,2,1,0,1,1,0,0,0,1,0,160
1584,2,0,1,4,1,0,0,5,30,0,3,2,1,1,0,0,0,0,0,0,1,160
1584,3,0,1,6,0,0,0,0,0,0,0,0,0,0,0,0,0,0,0,0,0,160
1585,1,0,2,5,1,0,1,2,27,0,1,1,1,1,0,1,0,0,0,0,1,161
1585,2,1,2,1,1,0,1,2,27,0,1,1,1,0,0,0,1,1,0,0,0,161
1585,3,0,1,6,0,0,0,0,0,0,0,0,0,0,0,0,0,0,0,0,0,161
1586,1,0,2,5,1,0,1,2,27,0,1,1,1,0,0,0,0,0,0,1,0,161
1586,2,1,1,3,1,0,1,2,27,0,1,1,1,0,1,1,0,0,1,0,0,161
1586,3,0,1,6,0,0,0,0,0,0,0,0,0,0,0,0,0,0,0,0,0,161
1587,1,0,1,3,1,0,1,2,27,0,1,1,1,1,0,0,0,1,0,0,0,161
1587,2,1,2,5,1,0,1,2,27,0,1,1,1,0,1,0,1,0,1,0,0,161
1587,3,0,1,6,0,0,0,0,0,0,0,0,0,0,0,0,0,0,0,0,0,161
1588,1,0,1,4,1,0,1,2,27,0,1,1,1,0,0,0,0,1,0,1,0,161
1588,2,1,3,2,1,0,1,2,27,0,1,1,1,1,0,1,0,0,0,1,0,161
1588,3,0,1,6,0,0,0,0,0,0,0,0,0,0,0,0,0,0,0,0,0,161
1589,1,1,1,4,1,0,1,2,27,0,1,1,1,0,1,0,1,1,0,0,0,161
1589,2,0,2,1,1,0,1,2,27,0,1,1,1,0,0,0,0,1,0,1,0,161
1589,3,0,1,6,0,0,0,0,0,0,0,0,0,0,0,0,0,0,0,0,0,161
1590,1,1,3,2,1,0,1,2,27,0,1,1,1,0,0,0,1,0,1,0,1,161
1590,2,0,3,6,1,0,1,2,27,0,1,1,1,0,0,1,0,1,0,1,0,161
1590,3,0,1,6,0,0,0,0,0,0,0,0,0,0,0,0,0,0,0,0,0,161
1591,1,0,3,6,1,0,1,2,27,0,1,1,1,0,1,0,1,0,1,0,0,161
1591,2,1,1,3,1,0,1,2,27,0,1,1,1,0,1,0,0,0,1,0,1,161
1591,3,0,1,6,0,0,0,0,0,0,0,0,0,0,0,0,0,0,0,0,0,161
1592,1,0,3,6,1,0,1,2,27,0,1,1,1,1,0,1,0,0,1,0,1,161
1592,2,1,3,2,1,0,1,2,27,0,1,1,1,1,0,0,1,0,0,0,1,161
1592,3,0,1,6,0,0,0,0,0,0,0,0,0,0,0,0,0,0,0,0,0,161
1593,1,1,2,1,1,0,1,2,27,0,1,1,1,0,1,1,0,0,0,1,0,161
1593,2,0,1,4,1,0,1,2,27,0,1,1,1,1,0,0,0,0,0,0,1,161
1593,3,0,1,6,0,0,0,0,0,0,0,0,0,0,0,0,0,0,0,0,0,161
1594,1,1,2,5,1,0,1,5,23,0,2,1,1,1,0,1,0,0,0,0,1,162
1594,2,0,2,1,1,0,1,5,23,0,2,1,1,0,0,0,1,1,0,0,0,162
1594,3,0,1,6,0,0,0,0,0,0,0,0,0,0,0,0,0,0,0,0,0,162
1595,1,0,2,5,1,0,1,5,23,0,2,1,1,0,0,0,0,0,0,1,0,162
1595,2,1,1,3,1,0,1,5,23,0,2,1,1,0,1,1,0,0,1,0,0,162
1595,3,0,1,6,0,0,0,0,0,0,0,0,0,0,0,0,0,0,0,0,0,162
1596,1,0,1,3,1,0,1,5,23,0,2,1,1,1,0,0,0,1,0,0,0,162
1596,2,1,2,5,1,0,1,5,23,0,2,1,1,0,1,0,1,0,1,0,0,162
1596,3,0,1,6,0,0,0,0,0,0,0,0,0,0,0,0,0,0,0,0,0,162
1597,1,0,1,4,1,0,1,5,23,0,2,1,1,0,0,0,0,1,0,1,0,162
1597,2,1,3,2,1,0,1,5,23,0,2,1,1,1,0,1,0,0,0,1,0,162
1597,3,0,1,6,0,0,0,0,0,0,0,0,0,0,0,0,0,0,0,0,0,162
1598,1,1,1,4,1,0,1,5,23,0,2,1,1,0,1,0,1,1,0,0,0,162
1598,2,0,2,1,1,0,1,5,23,0,2,1,1,0,0,0,0,1,0,1,0,162
1598,3,0,1,6,0,0,0,0,0,0,0,0,0,0,0,0,0,0,0,0,0,162
1599,1,1,3,2,1,0,1,5,23,0,2,1,1,0,0,0,1,0,1,0,1,162
1599,2,0,3,6,1,0,1,5,23,0,2,1,1,0,0,1,0,1,0,1,0,162
1599,3,0,1,6,0,0,0,0,0,0,0,0,0,0,0,0,0,0,0,0,0,162
1600,1,1,3,6,1,0,1,5,23,0,2,1,1,0,1,0,1,0,1,0,0,162
1600,2,0,1,3,1,0,1,5,23,0,2,1,1,0,1,0,0,0,1,0,1,162
1600,3,0,1,6,0,0,0,0,0,0,0,0,0,0,0,0,0,0,0,0,0,162
1601,1,0,3,6,1,0,1,5,23,0,2,1,1,1,0,1,0,0,1,0,1,162
1601,2,1,3,2,1,0,1,5,23,0,2,1,1,1,0,0,1,0,0,0,1,162
1601,3,0,1,6,0,0,0,0,0,0,0,0,0,0,0,0,0,0,0,0,0,162
1602,1,1,2,1,1,0,1,5,23,0,2,1,1,0,1,1,0,0,0,1,0,162
1602,2,0,1,4,1,0,1,5,23,0,2,1,1,1,0,0,0,0,0,0,1,162
1602,3,0,1,6,0,0,0,0,0,0,0,0,0,0,0,0,0,0,0,0,0,162
1603,1,1,2,3,1,0,0,5,20,0,1,2,1,1,0,0,1,1,0,0,1,163
1603,2,0,1,4,1,0,0,5,20,0,1,2,1,1,0,1,0,0,1,1,0,163
1603,3,0,1,6,0,0,0,0,0,0,0,0,0,0,0,0,0,0,0,0,0,163
1604,1,0,3,6,1,0,0,5,20,0,1,2,1,0,1,1,0,1,0,1,0,163
1604,2,1,1,5,1,0,0,5,20,0,1,2,1,0,0,1,0,1,0,0,0,163
1604,3,0,1,6,0,0,0,0,0,0,0,0,0,0,0,0,0,0,0,0,0,163
1605,1,1,2,3,1,0,0,5,20,0,1,2,1,0,0,0,1,1,0,1,0,163
1605,2,0,2,3,1,0,0,5,20,0,1,2,1,0,0,0,1,0,0,0,1,163
1605,3,0,1,6,0,0,0,0,0,0,0,0,0,0,0,0,0,0,0,0,0,163
1606,1,0,1,2,1,0,0,5,20,0,1,2,1,0,0,1,0,0,1,1,0,163
1606,2,1,2,5,1,0,0,5,20,0,1,2,1,0,1,0,0,1,0,0,1,163
1606,3,0,1,6,0,0,0,0,0,0,0,0,0,0,0,0,0,0,0,0,0,163
1607,1,1,2,5,1,0,0,5,20,0,1,2,1,1,0,0,0,0,1,0,0,163
1607,2,0,2,6,1,0,0,5,20,0,1,2,1,1,0,0,0,0,0,1,0,163
1607,3,0,1,6,0,0,0,0,0,0,0,0,0,0,0,0,0,0,0,0,0,163
1608,1,1,1,2,1,0,0,5,20,0,1,2,1,0,1,1,0,0,1,0,0,163
1608,2,0,3,1,1,0,0,5,20,0,1,2,1,1,0,1,0,0,1,0,0,163
1608,3,0,1,6,0,0,0,0,0,0,0,0,0,0,0,0,0,0,0,0,0,163
1609,1,1,3,1,1,0,0,5,20,0,1,2,1,0,1,0,0,0,0,0,0,163
1609,2,0,3,6,1,0,0,5,20,0,1,2,1,0,0,0,1,0,0,0,0,163
1609,3,0,1,6,0,0,0,0,0,0,0,0,0,0,0,0,0,0,0,0,0,163
1610,1,0,1,4,1,0,0,5,20,0,1,2,1,0,0,0,1,0,0,0,1,163
1610,2,1,3,4,1,0,0,5,20,0,1,2,1,0,1,0,1,0,1,0,1,163
1610,3,0,1,6,0,0,0,0,0,0,0,0,0,0,0,0,0,0,0,0,0,163
1611,1,0,3,1,1,0,0,5,20,0,1,2,1,1,0,0,0,0,0,0,1,163
1611,2,1,1,2,1,0,0,5,20,0,1,2,1,0,1,0,0,1,0,1,0,163
1611,3,0,1,6,0,0,0,0,0,0,0,0,0,0,0,0,0,0,0,0,0,163
1612,1,1,2,3,1,1,1,5,51,0,4,1,1,1,0,0,1,1,0,0,1,164
1612,2,0,1,4,1,1,1,5,51,0,4,1,1,1,0,1,0,0,1,1,0,164
1612,3,0,1,6,0,0,0,0,0,0,0,0,0,0,0,0,0,0,0,0,0,164
1613,1,0,3,6,1,1,1,5,51,0,4,1,1,0,1,1,0,1,0,1,0,164
1613,2,1,1,5,1,1,1,5,51,0,4,1,1,0,0,1,0,1,0,0,0,164
1613,3,0,1,6,0,0,0,0,0,0,0,0,0,0,0,0,0,0,0,0,0,164
1614,1,0,2,3,1,1,1,5,51,0,4,1,1,0,0,0,1,1,0,1,0,164
1614,2,1,2,3,1,1,1,5,51,0,4,1,1,0,0,0,1,0,0,0,1,164
1614,3,0,1,6,0,0,0,0,0,0,0,0,0,0,0,0,0,0,0,0,0,164
1615,1,0,1,2,1,1,1,5,51,0,4,1,1,0,0,1,0,0,1,1,0,164
1615,2,1,2,5,1,1,1,5,51,0,4,1,1,0,1,0,0,1,0,0,1,164
1615,3,0,1,6,0,0,0,0,0,0,0,0,0,0,0,0,0,0,0,0,0,164
1616,1,1,2,5,1,1,1,5,51,0,4,1,1,1,0,0,0,0,1,0,0,164
1616,2,0,2,6,1,1,1,5,51,0,4,1,1,1,0,0,0,0,0,1,0,164
1616,3,0,1,6,0,0,0,0,0,0,0,0,0,0,0,0,0,0,0,0,0,164
1617,1,0,1,2,1,1,1,5,51,0,4,1,1,0,1,1,0,0,1,0,0,164
1617,2,1,3,1,1,1,1,5,51,0,4,1,1,1,0,1,0,0,1,0,0,164
1617,3,0,1,6,0,0,0,0,0,0,0,0,0,0,0,0,0,0,0,0,0,164
1618,1,1,3,1,1,1,1,5,51,0,4,1,1,0,1,0,0,0,0,0,0,164
1618,2,0,3,6,1,1,1,5,51,0,4,1,1,0,0,0,1,0,0,0,0,164
1618,3,0,1,6,0,0,0,0,0,0,0,0,0,0,0,0,0,0,0,0,0,164
1619,1,0,1,4,1,1,1,5,51,0,4,1,1,0,0,0,1,0,0,0,1,164
1619,2,1,3,4,1,1,1,5,51,0,4,1,1,0,1,0,1,0,1,0,1,164
1619,3,0,1,6,0,0,0,0,0,0,0,0,0,0,0,0,0,0,0,0,0,164
1620,1,1,3,1,1,1,1,5,51,0,4,1,1,1,0,0,0,0,0,0,1,164
1620,2,0,1,2,1,1,1,5,51,0,4,1,1,0,1,0,0,1,0,1,0,164
1620,3,0,1,6,0,0,0,0,0,0,0,0,0,0,0,0,0,0,0,0,0,164
1621,1,1,3,5,1,0,1,3,28,1,2,1,1,0,1,0,1,0,0,1,0,165
1621,2,0,2,5,1,0,1,3,28,1,2,1,1,1,0,0,1,0,1,1,0,165
1621,3,0,1,6,0,0,0,0,0,0,0,0,0,0,0,0,0,0,0,0,0,165
1622,1,0,1,3,1,0,1,3,28,1,2,1,1,0,1,1,0,0,0,0,1,165
1622,2,1,2,3,1,0,1,3,28,1,2,1,1,0,1,1,0,0,0,1,0,165
1622,3,0,1,6,0,0,0,0,0,0,0,0,0,0,0,0,0,0,0,0,0,165
1623,1,0,3,2,1,0,1,3,28,1,2,1,1,0,0,1,0,1,0,0,0,165
1623,2,1,1,4,1,0,1,3,28,1,2,1,1,0,1,0,1,0,0,1,0,165
1623,3,0,1,6,0,0,0,0,0,0,0,0,0,0,0,0,0,0,0,0,0,165
1624,1,0,2,4,1,0,1,3,28,1,2,1,1,1,0,1,0,1,0,0,0,165
1624,2,1,3,6,1,0,1,3,28,1,2,1,1,0,1,1,0,1,0,0,1,165
1624,3,0,1,6,0,0,0,0,0,0,0,0,0,0,0,0,0,0,0,0,0,165
1625,1,1,3,2,1,0,1,3,28,1,2,1,1,1,0,0,0,1,0,1,0,165
1625,2,0,3,1,1,0,1,3,28,1,2,1,1,0,0,0,0,0,1,0,1,165
1625,3,0,1,6,0,0,0,0,0,0,0,0,0,0,0,0,0,0,0,0,0,165
1626,1,1,2,1,1,0,1,3,28,1,2,1,1,0,1,0,0,0,1,0,1,165
1626,2,0,2,5,1,0,1,3,28,1,2,1,1,0,0,1,0,0,1,0,1,165
1626,3,0,1,6,0,0,0,0,0,0,0,0,0,0,0,0,0,0,0,0,0,165
1627,1,1,1,6,1,0,1,3,28,1,2,1,1,0,0,0,0,0,1,0,1,165
1627,2,0,1,4,1,0,1,3,28,1,2,1,1,0,0,0,0,0,0,0,0,165
1627,3,0,1,6,0,0,0,0,0,0,0,0,0,0,0,0,0,0,0,0,0,165
1628,1,0,2,1,1,0,1,3,28,1,2,1,1,0,0,0,1,0,1,0,0,165
1628,2,1,1,2,1,0,1,3,28,1,2,1,1,1,0,0,1,1,0,0,0,165
1628,3,0,1,6,0,0,0,0,0,0,0,0,0,0,0,0,0,0,0,0,0,165
1629,1,1,1,3,1,0,1,3,28,1,2,1,1,1,0,0,1,0,0,1,0,165
1629,2,0,3,6,1,0,1,3,28,1,2,1,1,1,0,0,0,1,0,0,0,165
1629,3,0,1,6,0,0,0,0,0,0,0,0,0,0,0,0,0,0,0,0,0,165
1630,1,0,2,5,1,0,1,5,25,1,2,1,1,1,0,1,0,0,0,0,1,166
1630,2,1,2,1,1,0,1,5,25,1,2,1,1,0,0,0,1,1,0,0,0,166
1630,3,0,1,6,0,0,0,0,0,0,0,0,0,0,0,0,0,0,0,0,0,166
1631,1,0,2,5,1,0,1,5,25,1,2,1,1,0,0,0,0,0,0,1,0,166
1631,2,1,1,3,1,0,1,5,25,1,2,1,1,0,1,1,0,0,1,0,0,166
1631,3,0,1,6,0,0,0,0,0,0,0,0,0,0,0,0,0,0,0,0,0,166
1632,1,0,1,3,1,0,1,5,25,1,2,1,1,1,0,0,0,1,0,0,0,166
1632,2,1,2,5,1,0,1,5,25,1,2,1,1,0,1,0,1,0,1,0,0,166
1632,3,0,1,6,0,0,0,0,0,0,0,0,0,0,0,0,0,0,0,0,0,166
1633,1,0,1,4,1,0,1,5,25,1,2,1,1,0,0,0,0,1,0,1,0,166
1633,2,1,3,2,1,0,1,5,25,1,2,1,1,1,0,1,0,0,0,1,0,166
1633,3,0,1,6,0,0,0,0,0,0,0,0,0,0,0,0,0,0,0,0,0,166
1634,1,0,1,4,1,0,1,5,25,1,2,1,1,0,1,0,1,1,0,0,0,166
1634,2,1,2,1,1,0,1,5,25,1,2,1,1,0,0,0,0,1,0,1,0,166
1634,3,0,1,6,0,0,0,0,0,0,0,0,0,0,0,0,0,0,0,0,0,166
1635,1,1,3,2,1,0,1,5,25,1,2,1,1,0,0,0,1,0,1,0,1,166
1635,2,0,3,6,1,0,1,5,25,1,2,1,1,0,0,1,0,1,0,1,0,166
1635,3,0,1,6,0,0,0,0,0,0,0,0,0,0,0,0,0,0,0,0,0,166
1636,1,1,3,6,1,0,1,5,25,1,2,1,1,0,1,0,1,0,1,0,0,166
1636,2,0,1,3,1,0,1,5,25,1,2,1,1,0,1,0,0,0,1,0,1,166
1636,3,0,1,6,0,0,0,0,0,0,0,0,0,0,0,0,0,0,0,0,0,166
1637,1,0,3,6,1,0,1,5,25,1,2,1,1,1,0,1,0,0,1,0,1,166
1637,2,1,3,2,1,0,1,5,25,1,2,1,1,1,0,0,1,0,0,0,1,166
1637,3,0,1,6,0,0,0,0,0,0,0,0,0,0,0,0,0,0,0,0,0,166
1638,1,1,2,1,1,0,1,5,25,1,2,1,1,0,1,1,0,0,0,1,0,166
1638,2,0,1,4,1,0,1,5,25,1,2,1,1,1,0,0,0,0,0,0,1,166
1638,3,0,1,6,0,0,0,0,0,0,0,0,0,0,0,0,0,0,0,0,0,166
1639,1,0,1,5,1,1,1,4,26,1,2,1,1,1,0,0,1,0,0,0,0,167
1639,2,1,1,5,1,1,1,4,26,1,2,1,1,0,0,1,0,0,0,0,1,167
1639,3,0,1,6,0,0,0,0,0,0,0,0,0,0,0,0,0,0,0,0,0,167
1640,1,0,3,3,1,1,1,4,26,1,2,1,1,0,0,0,0,0,0,0,0,167
1640,2,1,2,1,1,1,1,4,26,1,2,1,1,1,0,1,0,1,0,0,1,167
1640,3,0,1,6,0,0,0,0,0,0,0,0,0,0,0,0,0,0,0,0,0,167
1641,1,1,1,5,1,1,1,4,26,1,2,1,1,0,1,0,0,1,0,0,1,167
1641,2,0,1,3,1,1,1,4,26,1,2,1,1,1,0,0,1,1,0,0,1,167
1641,3,0,1,6,0,0,0,0,0,0,0,0,0,0,0,0,0,0,0,0,0,167
1642,1,1,3,4,1,1,1,4,26,1,2,1,1,0,0,1,0,1,0,0,1,167
1642,2,0,2,6,1,1,1,4,26,1,2,1,1,1,0,0,0,0,1,0,0,167
1642,3,0,1,6,0,0,0,0,0,0,0,0,0,0,0,0,0,0,0,0,0,167
1643,1,1,2,2,1,1,1,4,26,1,2,1,1,0,1,0,1,1,0,0,1,167
1643,2,0,3,2,1,1,1,4,26,1,2,1,1,0,1,0,0,0,0,0,0,167
1643,3,0,1,6,0,0,0,0,0,0,0,0,0,0,0,0,0,0,0,0,0,167
1644,1,0,3,4,1,1,1,4,26,1,2,1,1,1,0,0,1,0,1,1,0,167
1644,2,1,2,1,1,1,1,4,26,1,2,1,1,0,1,1,0,0,0,0,0,167
1644,3,0,1,6,0,0,0,0,0,0,0,0,0,0,0,0,0,0,0,0,0,167
1645,1,0,2,6,1,1,1,4,26,1,2,1,1,0,1,0,0,0,1,1,0,167
1645,2,1,3,4,1,1,1,4,26,1,2,1,1,0,1,0,1,1,0,1,0,167
1645,3,0,1,6,0,0,0,0,0,0,0,0,0,0,0,0,0,0,0,0,0,167
1646,1,1,1,1,1,1,1,4,26,1,2,1,1,1,0,1,0,0,1,1,0,167
1646,2,0,1,3,1,1,1,4,26,1,2,1,1,0,0,0,1,0,1,1,0,167
1646,3,0,1,6,0,0,0,0,0,0,0,0,0,0,0,0,0,0,0,0,0,167
1647,1,0,2,6,1,1,1,4,26,1,2,1,1,0,0,1,0,0,0,0,0,167
1647,2,1,3,2,1,1,1,4,26,1,2,1,1,0,0,0,0,0,1,1,0,167
1647,3,0,1,6,0,0,0,0,0,0,0,0,0,0,0,0,0,0,0,0,0,167
1657,1,0,1,5,1,0,0,4,32,0,2,1,1,1,0,0,1,0,0,0,0,168
1657,2,0,1,5,1,0,0,4,32,0,2,1,1,0,0,1,0,0,0,0,1,168
1657,3,1,1,6,0,0,0,0,0,0,0,0,0,0,0,0,0,0,0,0,0,168
1658,1,0,3,3,1,0,0,4,32,0,2,1,1,0,0,0,0,0,0,0,0,168
1658,2,1,2,1,1,0,0,4,32,0,2,1,1,1,0,1,0,1,0,0,1,168
1658,3,0,1,6,0,0,0,0,0,0,0,0,0,0,0,0,0,0,0,0,0,168
1659,1,1,1,5,1,0,0,4,32,0,2,1,1,0,1,0,0,1,0,0,1,168
1659,2,0,1,3,1,0,0,4,32,0,2,1,1,1,0,0,1,1,0,0,1,168
1659,3,0,1,6,0,0,0,0,0,0,0,0,0,0,0,0,0,0,0,0,0,168
1660,1,1,3,4,1,0,0,4,32,0,2,1,1,0,0,1,0,1,0,0,1,168
1660,2,0,2,6,1,0,0,4,32,0,2,1,1,1,0,0,0,0,1,0,0,168
1660,3,0,1,6,0,0,0,0,0,0,0,0,0,0,0,0,0,0,0,0,0,168
1661,1,1,2,2,1,0,0,4,32,0,2,1,1,0,1,0,1,1,0,0,1,168
1661,2,0,3,2,1,0,0,4,32,0,2,1,1,0,1,0,0,0,0,0,0,168
1661,3,0,1,6,0,0,0,0,0,0,0,0,0,0,0,0,0,0,0,0,0,168
1662,1,0,3,4,1,0,0,4,32,0,2,1,1,1,0,0,1,0,1,1,0,168
1662,2,1,2,1,1,0,0,4,32,0,2,1,1,0,1,1,0,0,0,0,0,168
1662,3,0,1,6,0,0,0,0,0,0,0,0,0,0,0,0,0,0,0,0,0,168
1663,1,0,2,6,1,0,0,4,32,0,2,1,1,0,1,0,0,0,1,1,0,168
1663,2,1,3,4,1,0,0,4,32,0,2,1,1,0,1,0,1,1,0,1,0,168
1663,3,0,1,6,0,0,0,0,0,0,0,0,0,0,0,0,0,0,0,0,0,168
1664,1,1,1,1,1,0,0,4,32,0,2,1,1,1,0,1,0,0,1,1,0,168
1664,2,0,1,3,1,0,0,4,32,0,2,1,1,0,0,0,1,0,1,1,0,168
1664,3,0,1,6,0,0,0,0,0,0,0,0,0,0,0,0,0,0,0,0,0,168
1665,1,0,2,6,1,0,0,4,32,0,2,1,1,0,0,1,0,0,0,0,0,168
1665,2,1,3,2,1,0,0,4,32,0,2,1,1,0,0,0,0,0,1,1,0,168
1665,3,0,1,6,0,0,0,0,0,0,0,0,0,0,0,0,0,0,0,0,0,168
1666,1,0,2,5,1,0,1,4,20,1,2,1,1,1,0,1,0,0,0,0,1,169
1666,2,1,2,1,1,0,1,4,20,1,2,1,1,0,0,0,1,1,0,0,0,169
1666,3,0,1,6,0,0,0,0,0,0,0,0,0,0,0,0,0,0,0,0,0,169
1667,1,0,2,5,1,0,1,4,20,1,2,1,1,0,0,0,0,0,0,1,0,169
1667,2,1,1,3,1,0,1,4,20,1,2,1,1,0,1,1,0,0,1,0,0,169
1667,3,0,1,6,0,0,0,0,0,0,0,0,0,0,0,0,0,0,0,0,0,169
1668,1,0,1,3,1,0,1,4,20,1,2,1,1,1,0,0,0,1,0,0,0,169
1668,2,1,2,5,1,0,1,4,20,1,2,1,1,0,1,0,1,0,1,0,0,169
1668,3,0,1,6,0,0,0,0,0,0,0,0,0,0,0,0,0,0,0,0,0,169
1669,1,0,1,4,1,0,1,4,20,1,2,1,1,0,0,0,0,1,0,1,0,169
1669,2,1,3,2,1,0,1,4,20,1,2,1,1,1,0,1,0,0,0,1,0,169
1669,3,0,1,6,0,0,0,0,0,0,0,0,0,0,0,0,0,0,0,0,0,169
1670,1,0,1,4,1,0,1,4,20,1,2,1,1,0,1,0,1,1,0,0,0,169
1670,2,1,2,1,1,0,1,4,20,1,2,1,1,0,0,0,0,1,0,1,0,169
1670,3,0,1,6,0,0,0,0,0,0,0,0,0,0,0,0,0,0,0,0,0,169
1671,1,1,3,2,1,0,1,4,20,1,2,1,1,0,0,0,1,0,1,0,1,169
1671,2,0,3,6,1,0,1,4,20,1,2,1,1,0,0,1,0,1,0,1,0,169
1671,3,0,1,6,0,0,0,0,0,0,0,0,0,0,0,0,0,0,0,0,0,169
1672,1,1,3,6,1,0,1,4,20,1,2,1,1,0,1,0,1,0,1,0,0,169
1672,2,0,1,3,1,0,1,4,20,1,2,1,1,0,1,0,0,0,1,0,1,169
1672,3,0,1,6,0,0,0,0,0,0,0,0,0,0,0,0,0,0,0,0,0,169
1673,1,0,3,6,1,0,1,4,20,1,2,1,1,1,0,1,0,0,1,0,1,169
1673,2,1,3,2,1,0,1,4,20,1,2,1,1,1,0,0,1,0,0,0,1,169
1673,3,0,1,6,0,0,0,0,0,0,0,0,0,0,0,0,0,0,0,0,0,169
1674,1,1,2,1,1,0,1,4,20,1,2,1,1,0,1,1,0,0,0,1,0,169
1674,2,0,1,4,1,0,1,4,20,1,2,1,1,1,0,0,0,0,0,0,1,169
1674,3,0,1,6,0,0,0,0,0,0,0,0,0,0,0,0,0,0,0,0,0,169
1675,1,1,2,3,1,0,1,5,31,1,2,1,1,1,0,0,1,1,0,0,1,170
1675,2,0,1,4,1,0,1,5,31,1,2,1,1,1,0,1,0,0,1,1,0,170
1675,3,0,1,6,0,0,0,0,0,0,0,0,0,0,0,0,0,0,0,0,0,170
1676,1,1,3,6,1,0,1,5,31,1,2,1,1,0,1,1,0,1,0,1,0,170
1676,2,0,1,5,1,0,1,5,31,1,2,1,1,0,0,1,0,1,0,0,0,170
1676,3,0,1,6,0,0,0,0,0,0,0,0,0,0,0,0,0,0,0,0,0,170
1677,1,1,2,3,1,0,1,5,31,1,2,1,1,0,0,0,1,1,0,1,0,170
1677,2,0,2,3,1,0,1,5,31,1,2,1,1,0,0,0,1,0,0,0,1,170
1677,3,0,1,6,0,0,0,0,0,0,0,0,0,0,0,0,0,0,0,0,0,170
1678,1,0,1,2,1,0,1,5,31,1,2,1,1,0,0,1,0,0,1,1,0,170
1678,2,1,2,5,1,0,1,5,31,1,2,1,1,0,1,0,0,1,0,0,1,170
1678,3,0,1,6,0,0,0,0,0,0,0,0,0,0,0,0,0,0,0,0,0,170
1679,1,1,2,5,1,0,1,5,31,1,2,1,1,1,0,0,0,0,1,0,0,170
1679,2,0,2,6,1,0,1,5,31,1,2,1,1,1,0,0,0,0,0,1,0,170
1679,3,0,1,6,0,0,0,0,0,0,0,0,0,0,0,0,0,0,0,0,0,170
1680,1,1,1,2,1,0,1,5,31,1,2,1,1,0,1,1,0,0,1,0,0,170
1680,2,0,3,1,1,0,1,5,31,1,2,1,1,1,0,1,0,0,1,0,0,170
1680,3,0,1,6,0,0,0,0,0,0,0,0,0,0,0,0,0,0,0,0,0,170
1681,1,1,3,1,1,0,1,5,31,1,2,1,1,0,1,0,0,0,0,0,0,170
1681,2,0,3,6,1,0,1,5,31,1,2,1,1,0,0,0,1,0,0,0,0,170
1681,3,0,1,6,0,0,0,0,0,0,0,0,0,0,0,0,0,0,0,0,0,170
1682,1,0,1,4,1,0,1,5,31,1,2,1,1,0,0,0,1,0,0,0,1,170
1682,2,1,3,4,1,0,1,5,31,1,2,1,1,0,1,0,1,0,1,0,1,170
1682,3,0,1,6,0,0,0,0,0,0,0,0,0,0,0,0,0,0,0,0,0,170
1683,1,0,3,1,1,0,1,5,31,1,2,1,1,1,0,0,0,0,0,0,1,170
1683,2,1,1,2,1,0,1,5,31,1,2,1,1,0,1,0,0,1,0,1,0,170
1683,3,0,1,6,0,0,0,0,0,0,0,0,0,0,0,0,0,0,0,0,0,170
1684,1,1,1,5,1,0,1,5,25,0,1,1,1,1,0,0,1,0,0,0,0,171
1684,2,0,1,5,1,0,1,5,25,0,1,1,1,0,0,1,0,0,0,0,1,171
1684,3,0,1,6,0,0,0,0,0,0,0,0,0,0,0,0,0,0,0,0,0,171
1685,1,1,3,3,1,0,1,5,25,0,1,1,1,0,0,0,0,0,0,0,0,171
1685,2,0,2,1,1,0,1,5,25,0,1,1,1,1,0,1,0,1,0,0,1,171
1685,3,0,1,6,0,0,0,0,0,0,0,0,0,0,0,0,0,0,0,0,0,171
1686,1,0,1,5,1,0,1,5,25,0,1,1,1,0,1,0,0,1,0,0,1,171
1686,2,1,1,3,1,0,1,5,25,0,1,1,1,1,0,0,1,1,0,0,1,171
1686,3,0,1,6,0,0,0,0,0,0,0,0,0,0,0,0,0,0,0,0,0,171
1687,1,0,3,4,1,0,1,5,25,0,1,1,1,0,0,1,0,1,0,0,1,171
1687,2,1,2,6,1,0,1,5,25,0,1,1,1,1,0,0,0,0,1,0,0,171
1687,3,0,1,6,0,0,0,0,0,0,0,0,0,0,0,0,0,0,0,0,0,171
1688,1,0,2,2,1,0,1,5,25,0,1,1,1,0,1,0,1,1,0,0,1,171
1688,2,0,3,2,1,0,1,5,25,0,1,1,1,0,1,0,0,0,0,0,0,171
1688,3,1,1,6,0,0,0,0,0,0,0,0,0,0,0,0,0,0,0,0,0,171
1689,1,1,3,4,1,0,1,5,25,0,1,1,1,1,0,0,1,0,1,1,0,171
1689,2,0,2,1,1,0,1,5,25,0,1,1,1,0,1,1,0,0,0,0,0,171
1689,3,0,1,6,0,0,0,0,0,0,0,0,0,0,0,0,0,0,0,0,0,171
1690,1,0,2,6,1,0,1,5,25,0,1,1,1,0,1,0,0,0,1,1,0,171
1690,2,1,3,4,1,0,1,5,25,0,1,1,1,0,1,0,1,1,0,1,0,171
1690,3,0,1,6,0,0,0,0,0,0,0,0,0,0,0,0,0,0,0,0,0,171
1691,1,0,1,1,1,0,1,5,25,0,1,1,1,1,0,1,0,0,1,1,0,171
1691,2,1,1,3,1,0,1,5,25,0,1,1,1,0,0,0,1,0,1,1,0,171
1691,3,0,1,6,0,0,0,0,0,0,0,0,0,0,0,0,0,0,0,0,0,171
1692,1,0,2,6,1,0,1,5,25,0,1,1,1,0,0,1,0,0,0,0,0,171
1692,2,1,3,2,1,0,1,5,25,0,1,1,1,0,0,0,0,0,1,1,0,171
1692,3,0,1,6,0,0,0,0,0,0,0,0,0,0,0,0,0,0,0,0,0,171
1693,1,1,2,3,1,0,1,4,20,0,1,1,1,1,0,0,1,1,0,0,1,172
1693,2,0,1,4,1,0,1,4,20,0,1,1,1,1,0,1,0,0,1,1,0,172
1693,3,0,1,6,0,0,0,0,0,0,0,0,0,0,0,0,0,0,0,0,0,172
1694,1,1,3,6,1,0,1,4,20,0,1,1,1,0,1,1,0,1,0,1,0,172
1694,2,0,1,5,1,0,1,4,20,0,1,1,1,0,0,1,0,1,0,0,0,172
1694,3,0,1,6,0,0,0,0,0,0,0,0,0,0,0,0,0,0,0,0,0,172
1695,1,1,2,3,1,0,1,4,20,0,1,1,1,0,0,0,1,1,0,1,0,172
1695,2,0,2,3,1,0,1,4,20,0,1,1,1,0,0,0,1,0,0,0,1,172
1695,3,0,1,6,0,0,0,0,0,0,0,0,0,0,0,0,0,0,0,0,0,172
1696,1,1,1,2,1,0,1,4,20,0,1,1,1,0,0,1,0,0,1,1,0,172
1696,2,0,2,5,1,0,1,4,20,0,1,1,1,0,1,0,0,1,0,0,1,172
1696,3,0,1,6,0,0,0,0,0,0,0,0,0,0,0,0,0,0,0,0,0,172
1697,1,1,2,5,1,0,1,4,20,0,1,1,1,1,0,0,0,0,1,0,0,172
1697,2,0,2,6,1,0,1,4,20,0,1,1,1,1,0,0,0,0,0,1,0,172
1697,3,0,1,6,0,0,0,0,0,0,0,0,0,0,0,0,0,0,0,0,0,172
1698,1,0,1,2,1,0,1,4,20,0,1,1,1,0,1,1,0,0,1,0,0,172
1698,2,1,3,1,1,0,1,4,20,0,1,1,1,1,0,1,0,0,1,0,0,172
1698,3,0,1,6,0,0,0,0,0,0,0,0,0,0,0,0,0,0,0,0,0,172
1699,1,1,3,1,1,0,1,4,20,0,1,1,1,0,1,0,0,0,0,0,0,172
1699,2,0,3,6,1,0,1,4,20,0,1,1,1,0,0,0,1,0,0,0,0,172
1699,3,0,1,6,0,0,0,0,0,0,0,0,0,0,0,0,0,0,0,0,0,172
1700,1,0,1,4,1,0,1,4,20,0,1,1,1,0,0,0,1,0,0,0,1,172
1700,2,1,3,4,1,0,1,4,20,0,1,1,1,0,1,0,1,0,1,0,1,172
1700,3,0,1,6,0,0,0,0,0,0,0,0,0,0,0,0,0,0,0,0,0,172
1701,1,0,3,1,1,0,1,4,20,0,1,1,1,1,0,0,0,0,0,0,1,172
1701,2,1,1,2,1,0,1,4,20,0,1,1,1,0,1,0,0,1,0,1,0,172
1701,3,0,1,6,0,0,0,0,0,0,0,0,0,0,0,0,0,0,0,0,0,172
1702,1,0,2,3,1,0,1,5,19,1,1,1,1,1,0,0,1,1,0,0,1,173
1702,2,1,1,4,1,0,1,5,19,1,1,1,1,1,0,1,0,0,1,1,0,173
1702,3,0,1,6,0,0,0,0,0,0,0,0,0,0,0,0,0,0,0,0,0,173
1703,1,1,3,6,1,0,1,5,19,1,1,1,1,0,1,1,0,1,0,1,0,173
1703,2,0,1,5,1,0,1,5,19,1,1,1,1,0,0,1,0,1,0,0,0,173
1703,3,0,1,6,0,0,0,0,0,0,0,0,0,0,0,0,0,0,0,0,0,173
1704,1,1,2,3,1,0,1,5,19,1,1,1,1,0,0,0,1,1,0,1,0,173
1704,2,0,2,3,1,0,1,5,19,1,1,1,1,0,0,0,1,0,0,0,1,173
1704,3,0,1,6,0,0,0,0,0,0,0,0,0,0,0,0,0,0,0,0,0,173
1705,1,0,1,2,1,0,1,5,19,1,1,1,1,0,0,1,0,0,1,1,0,173
1705,2,1,2,5,1,0,1,5,19,1,1,1,1,0,1,0,0,1,0,0,1,173
1705,3,0,1,6,0,0,0,0,0,0,0,0,0,0,0,0,0,0,0,0,0,173
1706,1,0,2,5,1,0,1,5,19,1,1,1,1,1,0,0,0,0,1,0,0,173
1706,2,1,2,6,1,0,1,5,19,1,1,1,1,1,0,0,0,0,0,1,0,173
1706,3,0,1,6,0,0,0,0,0,0,0,0,0,0,0,0,0,0,0,0,0,173
1707,1,0,1,2,1,0,1,5,19,1,1,1,1,0,1,1,0,0,1,0,0,173
1707,2,1,3,1,1,0,1,5,19,1,1,1,1,1,0,1,0,0,1,0,0,173
1707,3,0,1,6,0,0,0,0,0,0,0,0,0,0,0,0,0,0,0,0,0,173
1708,1,0,3,1,1,0,1,5,19,1,1,1,1,0,1,0,0,0,0,0,0,173
1708,2,1,3,6,1,0,1,5,19,1,1,1,1,0,0,0,1,0,0,0,0,173
1708,3,0,1,6,0,0,0,0,0,0,0,0,0,0,0,0,0,0,0,0,0,173
1709,1,0,1,4,1,0,1,5,19,1,1,1,1,0,0,0,1,0,0,0,1,173
1709,2,1,3,4,1,0,1,5,19,1,1,1,1,0,1,0,1,0,1,0,1,173
1709,3,0,1,6,0,0,0,0,0,0,0,0,0,0,0,0,0,0,0,0,0,173
1710,1,1,3,1,1,0,1,5,19,1,1,1,1,1,0,0,0,0,0,0,1,173
1710,2,0,1,2,1,0,1,5,19,1,1,1,1,0,1,0,0,1,0,1,0,173
1710,3,0,1,6,0,0,0,0,0,0,0,0,0,0,0,0,0,0,0,0,0,173
1711,1,1,1,5,1,0,0,4,25,1,1,1,1,1,0,0,1,0,0,0,0,174
1711,2,0,1,5,1,0,0,4,25,1,1,1,1,0,0,1,0,0,0,0,1,174
1711,3,0,1,6,0,0,0,0,0,0,0,0,0,0,0,0,0,0,0,0,0,174
1712,1,0,3,3,1,0,0,4,25,1,1,1,1,0,0,0,0,0,0,0,0,174
1712,2,1,2,1,1,0,0,4,25,1,1,1,1,1,0,1,0,1,0,0,1,174
1712,3,0,1,6,0,0,0,0,0,0,0,0,0,0,0,0,0,0,0,0,0,174
1713,1,1,1,5,1,0,0,4,25,1,1,1,1,0,1,0,0,1,0,0,1,174
1713,2,0,1,3,1,0,0,4,25,1,1,1,1,1,0,0,1,1,0,0,1,174
1713,3,0,1,6,0,0,0,0,0,0,0,0,0,0,0,0,0,0,0,0,0,174
1714,1,0,3,4,1,0,0,4,25,1,1,1,1,0,0,1,0,1,0,0,1,174
1714,2,1,2,6,1,0,0,4,25,1,1,1,1,1,0,0,0,0,1,0,0,174
1714,3,0,1,6,0,0,0,0,0,0,0,0,0,0,0,0,0,0,0,0,0,174
1715,1,1,2,2,1,0,0,4,25,1,1,1,1,0,1,0,1,1,0,0,1,174
1715,2,0,3,2,1,0,0,4,25,1,1,1,1,0,1,0,0,0,0,0,0,174
1715,3,0,1,6,0,0,0,0,0,0,0,0,0,0,0,0,0,0,0,0,0,174
1716,1,0,3,4,1,0,0,4,25,1,1,1,1,1,0,0,1,0,1,1,0,174
1716,2,1,2,1,1,0,0,4,25,1,1,1,1,0,1,1,0,0,0,0,0,174
1716,3,0,1,6,0,0,0,0,0,0,0,0,0,0,0,0,0,0,0,0,0,174
1717,1,1,2,6,1,0,0,4,25,1,1,1,1,0,1,0,0,0,1,1,0,174
1717,2,0,3,4,1,0,0,4,25,1,1,1,1,0,1,0,1,1,0,1,0,174
1717,3,0,1,6,0,0,0,0,0,0,0,0,0,0,0,0,0,0,0,0,0,174
1718,1,1,1,1,1,0,0,4,25,1,1,1,1,1,0,1,0,0,1,1,0,174
1718,2,0,1,3,1,0,0,4,25,1,1,1,1,0,0,0,1,0,1,1,0,174
1718,3,0,1,6,0,0,0,0,0,0,0,0,0,0,0,0,0,0,0,0,0,174
1719,1,1,2,6,1,0,0,4,25,1,1,1,1,0,0,1,0,0,0,0,0,174
1719,2,0,3,2,1,0,0,4,25,1,1,1,1,0,0,0,0,0,1,1,0,174
1719,3,0,1,6,0,0,0,0,0,0,0,0,0,0,0,0,0,0,0,0,0,174
1720,1,1,2,5,1,0,1,3,27,0,1,1,1,1,0,1,0,0,0,0,1,175
1720,2,0,2,1,1,0,1,3,27,0,1,1,1,0,0,0,1,1,0,0,0,175
1720,3,0,1,6,0,0,0,0,0,0,0,0,0,0,0,0,0,0,0,0,0,175
1721,1,0,2,5,1,0,1,3,27,0,1,1,1,0,0,0,0,0,0,1,0,175
1721,2,1,1,3,1,0,1,3,27,0,1,1,1,0,1,1,0,0,1,0,0,175
1721,3,0,1,6,0,0,0,0,0,0,0,0,0,0,0,0,0,0,0,0,0,175
1722,1,1,1,3,1,0,1,3,27,0,1,1,1,1,0,0,0,1,0,0,0,175
1722,2,0,2,5,1,0,1,3,27,0,1,1,1,0,1,0,1,0,1,0,0,175
1722,3,0,1,6,0,0,0,0,0,0,0,0,0,0,0,0,0,0,0,0,0,175
1723,1,0,1,4,1,0,1,3,27,0,1,1,1,0,0,0,0,1,0,1,0,175
1723,2,1,3,2,1,0,1,3,27,0,1,1,1,1,0,1,0,0,0,1,0,175
1723,3,0,1,6,0,0,0,0,0,0,0,0,0,0,0,0,0,0,0,0,0,175
1724,1,0,1,4,1,0,1,3,27,0,1,1,1,0,1,0,1,1,0,0,0,175
1724,2,1,2,1,1,0,1,3,27,0,1,1,1,0,0,0,0,1,0,1,0,175
1724,3,0,1,6,0,0,0,0,0,0,0,0,0,0,0,0,0,0,0,0,0,175
1725,1,1,3,2,1,0,1,3,27,0,1,1,1,0,0,0,1,0,1,0,1,175
1725,2,0,3,6,1,0,1,3,27,0,1,1,1,0,0,1,0,1,0,1,0,175
1725,3,0,1,6,0,0,0,0,0,0,0,0,0,0,0,0,0,0,0,0,0,175
1726,1,0,3,6,1,0,1,3,27,0,1,1,1,0,1,0,1,0,1,0,0,175
1726,2,1,1,3,1,0,1,3,27,0,1,1,1,0,1,0,0,0,1,0,1,175
1726,3,0,1,6,0,0,0,0,0,0,0,0,0,0,0,0,0,0,0,0,0,175
1727,1,0,3,6,1,0,1,3,27,0,1,1,1,1,0,1,0,0,1,0,1,175
1727,2,1,3,2,1,0,1,3,27,0,1,1,1,1,0,0,1,0,0,0,1,175
1727,3,0,1,6,0,0,0,0,0,0,0,0,0,0,0,0,0,0,0,0,0,175
1728,1,1,2,1,1,0,1,3,27,0,1,1,1,0,1,1,0,0,0,1,0,175
1728,2,0,1,4,1,0,1,3,27,0,1,1,1,1,0,0,0,0,0,0,1,175
1728,3,0,1,6,0,0,0,0,0,0,0,0,0,0,0,0,0,0,0,0,0,175
1729,1,0,2,3,1,0,0,4,21,0,1,1,1,1,0,0,1,1,0,0,1,176
1729,2,1,1,4,1,0,0,4,21,0,1,1,1,1,0,1,0,0,1,1,0,176
1729,3,0,1,6,0,0,0,0,0,0,0,0,0,0,0,0,0,0,0,0,0,176
1730,1,1,3,6,1,0,0,4,21,0,1,1,1,0,1,1,0,1,0,1,0,176
1730,2,0,1,5,1,0,0,4,21,0,1,1,1,0,0,1,0,1,0,0,0,176
1730,3,0,1,6,0,0,0,0,0,0,0,0,0,0,0,0,0,0,0,0,0,176
1731,1,1,2,3,1,0,0,4,21,0,1,1,1,0,0,0,1,1,0,1,0,176
1731,2,0,2,3,1,0,0,4,21,0,1,1,1,0,0,0,1,0,0,0,1,176
1731,3,0,1,6,0,0,0,0,0,0,0,0,0,0,0,0,0,0,0,0,0,176
1732,1,0,1,2,1,0,0,4,21,0,1,1,1,0,0,1,0,0,1,1,0,176
1732,2,1,2,5,1,0,0,4,21,0,1,1,1,0,1,0,0,1,0,0,1,176
1732,3,0,1,6,0,0,0,0,0,0,0,0,0,0,0,0,0,0,0,0,0,176
1733,1,1,2,5,1,0,0,4,21,0,1,1,1,1,0,0,0,0,1,0,0,176
1733,2,0,2,6,1,0,0,4,21,0,1,1,1,1,0,0,0,0,0,1,0,176
1733,3,0,1,6,0,0,0,0,0,0,0,0,0,0,0,0,0,0,0,0,0,176
1734,1,1,1,2,1,0,0,4,21,0,1,1,1,0,1,1,0,0,1,0,0,176
1734,2,0,3,1,1,0,0,4,21,0,1,1,1,1,0,1,0,0,1,0,0,176
1734,3,0,1,6,0,0,0,0,0,0,0,0,0,0,0,0,0,0,0,0,0,176
1735,1,1,3,1,1,0,0,4,21,0,1,1,1,0,1,0,0,0,0,0,0,176
1735,2,0,3,6,1,0,0,4,21,0,1,1,1,0,0,0,1,0,0,0,0,176
1735,3,0,1,6,0,0,0,0,0,0,0,0,0,0,0,0,0,0,0,0,0,176
1736,1,0,1,4,1,0,0,4,21,0,1,1,1,0,0,0,1,0,0,0,1,176
1736,2,1,3,4,1,0,0,4,21,0,1,1,1,0,1,0,1,0,1,0,1,176
1736,3,0,1,6,0,0,0,0,0,0,0,0,0,0,0,0,0,0,0,0,0,176
1737,1,0,3,1,1,0,0,4,21,0,1,1,1,1,0,0,0,0,0,0,1,176
1737,2,1,1,2,1,0,0,4,21,0,1,1,1,0,1,0,0,1,0,1,0,176
1737,3,0,1,6,0,0,0,0,0,0,0,0,0,0,0,0,0,0,0,0,0,176
1738,1,0,3,5,1,0,0,5,20,0,2,1,0,0,1,0,1,0,0,1,0,177
1738,2,1,2,5,1,0,0,5,20,0,2,1,0,1,0,0,1,0,1,1,0,177
1738,3,0,1,6,0,0,0,0,0,0,0,0,0,0,0,0,0,0,0,0,0,177
1739,1,0,1,3,1,0,0,5,20,0,2,1,0,0,1,1,0,0,0,0,1,177
1739,2,1,2,3,1,0,0,5,20,0,2,1,0,0,1,1,0,0,0,1,0,177
1739,3,0,1,6,0,0,0,0,0,0,0,0,0,0,0,0,0,0,0,0,0,177
1740,1,1,3,2,1,0,0,5,20,0,2,1,0,0,0,1,0,1,0,0,0,177
1740,2,0,1,4,1,0,0,5,20,0,2,1,0,0,1,0,1,0,0,1,0,177
1740,3,0,1,6,0,0,0,0,0,0,0,0,0,0,0,0,0,0,0,0,0,177
1741,1,1,2,4,1,0,0,5,20,0,2,1,0,1,0,1,0,1,0,0,0,177
1741,2,0,3,6,1,0,0,5,20,0,2,1,0,0,1,1,0,1,0,0,1,177
1741,3,0,1,6,0,0,0,0,0,0,0,0,0,0,0,0,0,0,0,0,0,177
1742,1,0,3,2,1,0,0,5,20,0,2,1,0,1,0,0,0,1,0,1,0,177
1742,2,1,3,1,1,0,0,5,20,0,2,1,0,0,0,0,0,0,1,0,1,177
1742,3,0,1,6,0,0,0,0,0,0,0,0,0,0,0,0,0,0,0,0,0,177
1743,1,1,2,1,1,0,0,5,20,0,2,1,0,0,1,0,0,0,1,0,1,177
1743,2,0,2,5,1,0,0,5,20,0,2,1,0,0,0,1,0,0,1,0,1,177
1743,3,0,1,6,0,0,0,0,0,0,0,0,0,0,0,0,0,0,0,0,0,177
1744,1,0,1,6,1,0,0,5,20,0,2,1,0,0,0,0,0,0,1,0,1,177
1744,2,1,1,4,1,0,0,5,20,0,2,1,0,0,0,0,0,0,0,0,0,177
1744,3,0,1,6,0,0,0,0,0,0,0,0,0,0,0,0,0,0,0,0,0,177
1745,1,1,2,1,1,0,0,5,20,0,2,1,0,0,0,0,1,0,1,0,0,177
1745,2,0,1,2,1,0,0,5,20,0,2,1,0,1,0,0,1,1,0,0,0,177
1745,3,0,1,6,0,0,0,0,0,0,0,0,0,0,0,0,0,0,0,0,0,177
1746,1,1,1,3,1,0,0,5,20,0,2,1,0,1,0,0,1,0,0,1,0,177
1746,2,0,3,6,1,0,0,5,20,0,2,1,0,1,0,0,0,1,0,0,0,177
1746,3,0,1,6,0,0,0,0,0,0,0,0,0,0,0,0,0,0,0,0,0,177
1747,1,1,1,5,1,0,0,4,24,0,1,1,1,1,0,0,1,0,0,0,0,178
1747,2,0,1,5,1,0,0,4,24,0,1,1,1,0,0,1,0,0,0,0,1,178
1747,3,0,1,6,0,0,0,0,0,0,0,0,0,0,0,0,0,0,0,0,0,178
1748,1,0,3,3,1,0,0,4,24,0,1,1,1,0,0,0,0,0,0,0,0,178
1748,2,1,2,1,1,0,0,4,24,0,1,1,1,1,0,1,0,1,0,0,1,178
1748,3,0,1,6,0,0,0,0,0,0,0,0,0,0,0,0,0,0,0,0,0,178
1749,1,0,1,5,1,0,0,4,24,0,1,1,1,0,1,0,0,1,0,0,1,178
1749,2,1,1,3,1,0,0,4,24,0,1,1,1,1,0,0,1,1,0,0,1,178
1749,3,0,1,6,0,0,0,0,0,0,0,0,0,0,0,0,0,0,0,0,0,178
1750,1,0,3,4,1,0,0,4,24,0,1,1,1,0,0,1,0,1,0,0,1,178
1750,2,1,2,6,1,0,0,4,24,0,1,1,1,1,0,0,0,0,1,0,0,178
1750,3,0,1,6,0,0,0,0,0,0,0,0,0,0,0,0,0,0,0,0,0,178
1751,1,0,2,2,1,0,0,4,24,0,1,1,1,0,1,0,1,1,0,0,1,178
1751,2,1,3,2,1,0,0,4,24,0,1,1,1,0,1,0,0,0,0,0,0,178
1751,3,0,1,6,0,0,0,0,0,0,0,0,0,0,0,0,0,0,0,0,0,178
1752,1,0,3,4,1,0,0,4,24,0,1,1,1,1,0,0,1,0,1,1,0,178
1752,2,1,2,1,1,0,0,4,24,0,1,1,1,0,1,1,0,0,0,0,0,178
1752,3,0,1,6,0,0,0,0,0,0,0,0,0,0,0,0,0,0,0,0,0,178
1753,1,0,2,6,1,0,0,4,24,0,1,1,1,0,1,0,0,0,1,1,0,178
1753,2,1,3,4,1,0,0,4,24,0,1,1,1,0,1,0,1,1,0,1,0,178
1753,3,0,1,6,0,0,0,0,0,0,0,0,0,0,0,0,0,0,0,0,0,178
1754,1,1,1,1,1,0,0,4,24,0,1,1,1,1,0,1,0,0,1,1,0,178
1754,2,0,1,3,1,0,0,4,24,0,1,1,1,0,0,0,1,0,1,1,0,178
1754,3,0,1,6,0,0,0,0,0,0,0,0,0,0,0,0,0,0,0,0,0,178
1755,1,0,2,6,1,0,0,4,24,0,1,1,1,0,0,1,0,0,0,0,0,178
1755,2,1,3,2,1,0,0,4,24,0,1,1,1,0,0,0,0,0,1,1,0,178
1755,3,0,1,6,0,0,0,0,0,0,0,0,0,0,0,0,0,0,0,0,0,178
1756,1,1,2,3,1,0,1,4,38,1,2,1,1,1,0,0,1,1,0,0,1,179
1756,2,0,1,4,1,0,1,4,38,1,2,1,1,1,0,1,0,0,1,1,0,179
1756,3,0,1,6,0,0,0,0,0,0,0,0,0,0,0,0,0,0,0,0,0,179
1757,1,1,3,6,1,0,1,4,38,1,2,1,1,0,1,1,0,1,0,1,0,179
1757,2,0,1,5,1,0,1,4,38,1,2,1,1,0,0,1,0,1,0,0,0,179
1757,3,0,1,6,0,0,0,0,0,0,0,0,0,0,0,0,0,0,0,0,0,179
1758,1,1,2,3,1,0,1,4,38,1,2,1,1,0,0,0,1,1,0,1,0,179
1758,2,0,2,3,1,0,1,4,38,1,2,1,1,0,0,0,1,0,0,0,1,179
1758,3,0,1,6,0,0,0,0,0,0,0,0,0,0,0,0,0,0,0,0,0,179
1759,1,1,1,2,1,0,1,4,38,1,2,1,1,0,0,1,0,0,1,1,0,179
1759,2,0,2,5,1,0,1,4,38,1,2,1,1,0,1,0,0,1,0,0,1,179
1759,3,0,1,6,0,0,0,0,0,0,0,0,0,0,0,0,0,0,0,0,0,179
1760,1,1,2,5,1,0,1,4,38,1,2,1,1,1,0,0,0,0,1,0,0,179
1760,2,0,2,6,1,0,1,4,38,1,2,1,1,1,0,0,0,0,0,1,0,179
1760,3,0,1,6,0,0,0,0,0,0,0,0,0,0,0,0,0,0,0,0,0,179
1761,1,0,1,2,1,0,1,4,38,1,2,1,1,0,1,1,0,0,1,0,0,179
1761,2,1,3,1,1,0,1,4,38,1,2,1,1,1,0,1,0,0,1,0,0,179
1761,3,0,1,6,0,0,0,0,0,0,0,0,0,0,0,0,0,0,0,0,0,179
1762,1,1,3,1,1,0,1,4,38,1,2,1,1,0,1,0,0,0,0,0,0,179
1762,2,0,3,6,1,0,1,4,38,1,2,1,1,0,0,0,1,0,0,0,0,179
1762,3,0,1,6,0,0,0,0,0,0,0,0,0,0,0,0,0,0,0,0,0,179
1763,1,0,1,4,1,0,1,4,38,1,2,1,1,0,0,0,1,0,0,0,1,179
1763,2,1,3,4,1,0,1,4,38,1,2,1,1,0,1,0,1,0,1,0,1,179
1763,3,0,1,6,0,0,0,0,0,0,0,0,0,0,0,0,0,0,0,0,0,179
1764,1,1,3,1,1,0,1,4,38,1,2,1,1,1,0,0,0,0,0,0,1,179
1764,2,0,1,2,1,0,1,4,38,1,2,1,1,0,1,0,0,1,0,1,0,179
1764,3,0,1,6,0,0,0,0,0,0,0,0,0,0,0,0,0,0,0,0,0,179
1765,1,1,2,3,1,0,1,1,31,1,2,1,1,1,0,0,1,1,0,0,1,180
1765,2,0,1,4,1,0,1,1,31,1,2,1,1,1,0,1,0,0,1,1,0,180
1765,3,0,1,6,0,0,0,0,0,0,0,0,0,0,0,0,0,0,0,0,0,180
1766,1,0,3,6,1,0,1,1,31,1,2,1,1,0,1,1,0,1,0,1,0,180
1766,2,1,1,5,1,0,1,1,31,1,2,1,1,0,0,1,0,1,0,0,0,180
1766,3,0,1,6,0,0,0,0,0,0,0,0,0,0,0,0,0,0,0,0,0,180
1767,1,0,2,3,1,0,1,1,31,1,2,1,1,0,0,0,1,1,0,1,0,180
1767,2,1,2,3,1,0,1,1,31,1,2,1,1,0,0,0,1,0,0,0,1,180
1767,3,0,1,6,0,0,0,0,0,0,0,0,0,0,0,0,0,0,0,0,0,180
1768,1,1,1,2,1,0,1,1,31,1,2,1,1,0,0,1,0,0,1,1,0,180
1768,2,0,2,5,1,0,1,1,31,1,2,1,1,0,1,0,0,1,0,0,1,180
1768,3,0,1,6,0,0,0,0,0,0,0,0,0,0,0,0,0,0,0,0,0,180
1769,1,0,2,5,1,0,1,1,31,1,2,1,1,1,0,0,0,0,1,0,0,180
1769,2,1,2,6,1,0,1,1,31,1,2,1,1,1,0,0,0,0,0,1,0,180
1769,3,0,1,6,0,0,0,0,0,0,0,0,0,0,0,0,0,0,0,0,0,180
1770,1,0,1,2,1,0,1,1,31,1,2,1,1,0,1,1,0,0,1,0,0,180
1770,2,1,3,1,1,0,1,1,31,1,2,1,1,1,0,1,0,0,1,0,0,180
1770,3,0,1,6,0,0,0,0,0,0,0,0,0,0,0,0,0,0,0,0,0,180
1771,1,0,3,1,1,0,1,1,31,1,2,1,1,0,1,0,0,0,0,0,0,180
1771,2,1,3,6,1,0,1,1,31,1,2,1,1,0,0,0,1,0,0,0,0,180
1771,3,0,1,6,0,0,0,0,0,0,0,0,0,0,0,0,0,0,0,0,0,180
1772,1,1,1,4,1,0,1,1,31,1,2,1,1,0,0,0,1,0,0,0,1,180
1772,2,0,3,4,1,0,1,1,31,1,2,1,1,0,1,0,1,0,1,0,1,180
1772,3,0,1,6,0,0,0,0,0,0,0,0,0,0,0,0,0,0,0,0,0,180
1773,1,1,3,1,1,0,1,1,31,1,2,1,1,1,0,0,0,0,0,0,1,180
1773,2,0,1,2,1,0,1,1,31,1,2,1,1,0,1,0,0,1,0,1,0,180
1773,3,0,1,6,0,0,0,0,0,0,0,0,0,0,0,0,0,0,0,0,0,180
1774,1,1,2,5,1,1,0,5,27,1,2,2,1,1,0,1,0,0,0,0,1,181
1774,2,0,2,1,1,1,0,5,27,1,2,2,1,0,0,0,1,1,0,0,0,181
1774,3,0,1,6,0,0,0,0,0,0,0,0,0,0,0,0,0,0,0,0,0,181
1775,1,0,2,5,1,1,0,5,27,1,2,2,1,0,0,0,0,0,0,1,0,181
1775,2,1,1,3,1,1,0,5,27,1,2,2,1,0,1,1,0,0,1,0,0,181
1775,3,0,1,6,0,0,0,0,0,0,0,0,0,0,0,0,0,0,0,0,0,181
1776,1,1,1,3,1,1,0,5,27,1,2,2,1,1,0,0,0,1,0,0,0,181
1776,2,0,2,5,1,1,0,5,27,1,2,2,1,0,1,0,1,0,1,0,0,181
1776,3,0,1,6,0,0,0,0,0,0,0,0,0,0,0,0,0,0,0,0,0,181
1777,1,0,1,4,1,1,0,5,27,1,2,2,1,0,0,0,0,1,0,1,0,181
1777,2,1,3,2,1,1,0,5,27,1,2,2,1,1,0,1,0,0,0,1,0,181
1777,3,0,1,6,0,0,0,0,0,0,0,0,0,0,0,0,0,0,0,0,0,181
1778,1,1,1,4,1,1,0,5,27,1,2,2,1,0,1,0,1,1,0,0,0,181
1778,2,0,2,1,1,1,0,5,27,1,2,2,1,0,0,0,0,1,0,1,0,181
1778,3,0,1,6,0,0,0,0,0,0,0,0,0,0,0,0,0,0,0,0,0,181
1779,1,1,3,2,1,1,0,5,27,1,2,2,1,0,0,0,1,0,1,0,1,181
1779,2,0,3,6,1,1,0,5,27,1,2,2,1,0,0,1,0,1,0,1,0,181
1779,3,0,1,6,0,0,0,0,0,0,0,0,0,0,0,0,0,0,0,0,0,181
1780,1,0,3,6,1,1,0,5,27,1,2,2,1,0,1,0,1,0,1,0,0,181
1780,2,1,1,3,1,1,0,5,27,1,2,2,1,0,1,0,0,0,1,0,1,181
1780,3,0,1,6,0,0,0,0,0,0,0,0,0,0,0,0,0,0,0,0,0,181
1781,1,0,3,6,1,1,0,5,27,1,2,2,1,1,0,1,0,0,1,0,1,181
1781,2,1,3,2,1,1,0,5,27,1,2,2,1,1,0,0,1,0,0,0,1,181
1781,3,0,1,6,0,0,0,0,0,0,0,0,0,0,0,0,0,0,0,0,0,181
1782,1,1,2,1,1,1,0,5,27,1,2,2,1,0,1,1,0,0,0,1,0,181
1782,2,0,1,4,1,1,0,5,27,1,2,2,1,1,0,0,0,0,0,0,1,181
1782,3,0,1,6,0,0,0,0,0,0,0,0,0,0,0,0,0,0,0,0,0,181
1783,1,0,2,5,1,0,1,4,22,1,2,1,1,1,0,1,0,0,0,0,1,182
1783,2,1,2,1,1,0,1,4,22,1,2,1,1,0,0,0,1,1,0,0,0,182
1783,3,0,1,6,0,0,0,0,0,0,0,0,0,0,0,0,0,0,0,0,0,182
1784,1,0,2,5,1,0,1,4,22,1,2,1,1,0,0,0,0,0,0,1,0,182
1784,2,1,1,3,1,0,1,4,22,1,2,1,1,0,1,1,0,0,1,0,0,182
1784,3,0,1,6,0,0,0,0,0,0,0,0,0,0,0,0,0,0,0,0,0,182
1785,1,0,1,3,1,0,1,4,22,1,2,1,1,1,0,0,0,1,0,0,0,182
1785,2,1,2,5,1,0,1,4,22,1,2,1,1,0,1,0,1,0,1,0,0,182
1785,3,0,1,6,0,0,0,0,0,0,0,0,0,0,0,0,0,0,0,0,0,182
1786,1,0,1,4,1,0,1,4,22,1,2,1,1,0,0,0,0,1,0,1,0,182
1786,2,1,3,2,1,0,1,4,22,1,2,1,1,1,0,1,0,0,0,1,0,182
1786,3,0,1,6,0,0,0,0,0,0,0,0,0,0,0,0,0,0,0,0,0,182
1787,1,1,1,4,1,0,1,4,22,1,2,1,1,0,1,0,1,1,0,0,0,182
1787,2,0,2,1,1,0,1,4,22,1,2,1,1,0,0,0,0,1,0,1,0,182
1787,3,0,1,6,0,0,0,0,0,0,0,0,0,0,0,0,0,0,0,0,0,182
1788,1,1,3,2,1,0,1,4,22,1,2,1,1,0,0,0,1,0,1,0,1,182
1788,2,0,3,6,1,0,1,4,22,1,2,1,1,0,0,1,0,1,0,1,0,182
1788,3,0,1,6,0,0,0,0,0,0,0,0,0,0,0,0,0,0,0,0,0,182
1789,1,0,3,6,1,0,1,4,22,1,2,1,1,0,1,0,1,0,1,0,0,182
1789,2,1,1,3,1,0,1,4,22,1,2,1,1,0,1,0,0,0,1,0,1,182
1789,3,0,1,6,0,0,0,0,0,0,0,0,0,0,0,0,0,0,0,0,0,182
1790,1,0,3,6,1,0,1,4,22,1,2,1,1,1,0,1,0,0,1,0,1,182
1790,2,1,3,2,1,0,1,4,22,1,2,1,1,1,0,0,1,0,0,0,1,182
1790,3,0,1,6,0,0,0,0,0,0,0,0,0,0,0,0,0,0,0,0,0,182
1791,1,1,2,1,1,0,1,4,22,1,2,1,1,0,1,1,0,0,0,1,0,182
1791,2,0,1,4,1,0,1,4,22,1,2,1,1,1,0,0,0,0,0,0,1,182
1791,3,0,1,6,0,0,0,0,0,0,0,0,0,0,0,0,0,0,0,0,0,182
1792,1,1,2,3,1,0,1,5,24,1,2,1,1,1,0,0,1,1,0,0,1,183
1792,2,0,1,4,1,0,1,5,24,1,2,1,1,1,0,1,0,0,1,1,0,183
1792,3,0,1,6,0,0,0,0,0,0,0,0,0,0,0,0,0,0,0,0,0,183
1793,1,1,3,6,1,0,1,5,24,1,2,1,1,0,1,1,0,1,0,1,0,183
1793,2,0,1,5,1,0,1,5,24,1,2,1,1,0,0,1,0,1,0,0,0,183
1793,3,0,1,6,0,0,0,0,0,0,0,0,0,0,0,0,0,0,0,0,0,183
1794,1,1,2,3,1,0,1,5,24,1,2,1,1,0,0,0,1,1,0,1,0,183
1794,2,0,2,3,1,0,1,5,24,1,2,1,1,0,0,0,1,0,0,0,1,183
1794,3,0,1,6,0,0,0,0,0,0,0,0,0,0,0,0,0,0,0,0,0,183
1795,1,0,1,2,1,0,1,5,24,1,2,1,1,0,0,1,0,0,1,1,0,183
1795,2,1,2,5,1,0,1,5,24,1,2,1,1,0,1,0,0,1,0,0,1,183
1795,3,0,1,6,0,0,0,0,0,0,0,0,0,0,0,0,0,0,0,0,0,183
1796,1,1,2,5,1,0,1,5,24,1,2,1,1,1,0,0,0,0,1,0,0,183
1796,2,0,2,6,1,0,1,5,24,1,2,1,1,1,0,0,0,0,0,1,0,183
1796,3,0,1,6,0,0,0,0,0,0,0,0,0,0,0,0,0,0,0,0,0,183
1797,1,1,1,2,1,0,1,5,24,1,2,1,1,0,1,1,0,0,1,0,0,183
1797,2,0,3,1,1,0,1,5,24,1,2,1,1,1,0,1,0,0,1,0,0,183
1797,3,0,1,6,0,0,0,0,0,0,0,0,0,0,0,0,0,0,0,0,0,183
1798,1,1,3,1,1,0,1,5,24,1,2,1,1,0,1,0,0,0,0,0,0,183
1798,2,0,3,6,1,0,1,5,24,1,2,1,1,0,0,0,1,0,0,0,0,183
1798,3,0,1,6,0,0,0,0,0,0,0,0,0,0,0,0,0,0,0,0,0,183
1799,1,0,1,4,1,0,1,5,24,1,2,1,1,0,0,0,1,0,0,0,1,183
1799,2,1,3,4,1,0,1,5,24,1,2,1,1,0,1,0,1,0,1,0,1,183
1799,3,0,1,6,0,0,0,0,0,0,0,0,0,0,0,0,0,0,0,0,0,183
1800,1,0,3,1,1,0,1,5,24,1,2,1,1,1,0,0,0,0,0,0,1,183
1800,2,1,1,2,1,0,1,5,24,1,2,1,1,0,1,0,0,1,0,1,0,183
1800,3,0,1,6,0,0,0,0,0,0,0,0,0,0,0,0,0,0,0,0,0,183
1801,1,1,3,5,1,0,0,5,23,0,1,1,1,0,1,0,1,0,0,1,0,184
1801,2,0,2,5,1,0,0,5,23,0,1,1,1,1,0,0,1,0,1,1,0,184
1801,3,0,1,6,0,0,0,0,0,0,0,0,0,0,0,0,0,0,0,0,0,184
1802,1,0,1,3,1,0,0,5,23,0,1,1,1,0,1,1,0,0,0,0,1,184
1802,2,1,2,3,1,0,0,5,23,0,1,1,1,0,1,1,0,0,0,1,0,184
1802,3,0,1,6,0,0,0,0,0,0,0,0,0,0,0,0,0,0,0,0,0,184
1803,1,0,3,2,1,0,0,5,23,0,1,1,1,0,0,1,0,1,0,0,0,184
1803,2,1,1,4,1,0,0,5,23,0,1,1,1,0,1,0,1,0,0,1,0,184
1803,3,0,1,6,0,0,0,0,0,0,0,0,0,0,0,0,0,0,0,0,0,184
1804,1,0,2,4,1,0,0,5,23,0,1,1,1,1,0,1,0,1,0,0,0,184
1804,2,1,3,6,1,0,0,5,23,0,1,1,1,0,1,1,0,1,0,0,1,184
1804,3,0,1,6,0,0,0,0,0,0,0,0,0,0,0,0,0,0,0,0,0,184
1805,1,1,3,2,1,0,0,5,23,0,1,1,1,1,0,0,0,1,0,1,0,184
1805,2,0,3,1,1,0,0,5,23,0,1,1,1,0,0,0,0,0,1,0,1,184
1805,3,0,1,6,0,0,0,0,0,0,0,0,0,0,0,0,0,0,0,0,0,184
1806,1,1,2,1,1,0,0,5,23,0,1,1,1,0,1,0,0,0,1,0,1,184
1806,2,0,2,5,1,0,0,5,23,0,1,1,1,0,0,1,0,0,1,0,1,184
1806,3,0,1,6,0,0,0,0,0,0,0,0,0,0,0,0,0,0,0,0,0,184
1807,1,0,1,6,1,0,0,5,23,0,1,1,1,0,0,0,0,0,1,0,1,184
1807,2,1,1,4,1,0,0,5,23,0,1,1,1,0,0,0,0,0,0,0,0,184
1807,3,0,1,6,0,0,0,0,0,0,0,0,0,0,0,0,0,0,0,0,0,184
1808,1,0,2,1,1,0,0,5,23,0,1,1,1,0,0,0,1,0,1,0,0,184
1808,2,1,1,2,1,0,0,5,23,0,1,1,1,1,0,0,1,1,0,0,0,184
1808,3,0,1,6,0,0,0,0,0,0,0,0,0,0,0,0,0,0,0,0,0,184
1809,1,1,1,3,1,0,0,5,23,0,1,1,1,1,0,0,1,0,0,1,0,184
1809,2,0,3,6,1,0,0,5,23,0,1,1,1,1,0,0,0,1,0,0,0,184
1809,3,0,1,6,0,0,0,0,0,0,0,0,0,0,0,0,0,0,0,0,0,184
1810,1,0,3,5,1,0,1,4,29,0,1,1,1,0,1,0,1,0,0,1,0,185
1810,2,1,2,5,1,0,1,4,29,0,1,1,1,1,0,0,1,0,1,1,0,185
1810,3,0,1,6,0,0,0,0,0,0,0,0,0,0,0,0,0,0,0,0,0,185
1811,1,0,1,3,1,0,1,4,29,0,1,1,1,0,1,1,0,0,0,0,1,185
1811,2,1,2,3,1,0,1,4,29,0,1,1,1,0,1,1,0,0,0,1,0,185
1811,3,0,1,6,0,0,0,0,0,0,0,0,0,0,0,0,0,0,0,0,0,185
1812,1,1,3,2,1,0,1,4,29,0,1,1,1,0,0,1,0,1,0,0,0,185
1812,2,0,1,4,1,0,1,4,29,0,1,1,1,0,1,0,1,0,0,1,0,185
1812,3,0,1,6,0,0,0,0,0,0,0,0,0,0,0,0,0,0,0,0,0,185
1813,1,1,2,4,1,0,1,4,29,0,1,1,1,1,0,1,0,1,0,0,0,185
1813,2,0,3,6,1,0,1,4,29,0,1,1,1,0,1,1,0,1,0,0,1,185
1813,3,0,1,6,0,0,0,0,0,0,0,0,0,0,0,0,0,0,0,0,0,185
1814,1,1,3,2,1,0,1,4,29,0,1,1,1,1,0,0,0,1,0,1,0,185
1814,2,0,3,1,1,0,1,4,29,0,1,1,1,0,0,0,0,0,1,0,1,185
1814,3,0,1,6,0,0,0,0,0,0,0,0,0,0,0,0,0,0,0,0,0,185
1815,1,1,2,1,1,0,1,4,29,0,1,1,1,0,1,0,0,0,1,0,1,185
1815,2,0,2,5,1,0,1,4,29,0,1,1,1,0,0,1,0,0,1,0,1,185
1815,3,0,1,6,0,0,0,0,0,0,0,0,0,0,0,0,0,0,0,0,0,185
1816,1,0,1,6,1,0,1,4,29,0,1,1,1,0,0,0,0,0,1,0,1,185
1816,2,1,1,4,1,0,1,4,29,0,1,1,1,0,0,0,0,0,0,0,0,185
1816,3,0,1,6,0,0,0,0,0,0,0,0,0,0,0,0,0,0,0,0,0,185
1817,1,0,2,1,1,0,1,4,29,0,1,1,1,0,0,0,1,0,1,0,0,185
1817,2,1,1,2,1,0,1,4,29,0,1,1,1,1,0,0,1,1,0,0,0,185
1817,3,0,1,6,0,0,0,0,0,0,0,0,0,0,0,0,0,0,0,0,0,185
1818,1,0,1,3,1,0,1,4,29,0,1,1,1,1,0,0,1,0,0,1,0,185
1818,2,1,3,6,1,0,1,4,29,0,1,1,1,1,0,0,0,1,0,0,0,185
1818,3,0,1,6,0,0,0,0,0,0,0,0,0,0,0,0,0,0,0,0,0,185
1819,1,0,3,5,1,0,0,5,21,1,1,1,0,0,1,0,1,0,0,1,0,186
1819,2,0,2,5,1,0,0,5,21,1,1,1,0,1,0,0,1,0,1,1,0,186
1819,3,1,1,6,0,0,0,0,0,0,0,0,0,0,0,0,0,0,0,0,0,186
1820,1,0,1,3,1,0,0,5,21,1,1,1,0,0,1,1,0,0,0,0,1,186
1820,2,0,2,3,1,0,0,5,21,1,1,1,0,0,1,1,0,0,0,1,0,186
1820,3,1,1,6,0,0,0,0,0,0,0,0,0,0,0,0,0,0,0,0,0,186
1821,1,0,3,2,1,0,0,5,21,1,1,1,0,0,0,1,0,1,0,0,0,186
1821,2,0,1,4,1,0,0,5,21,1,1,1,0,0,1,0,1,0,0,1,0,186
1821,3,1,1,6,0,0,0,0,0,0,0,0,0,0,0,0,0,0,0,0,0,186
1822,1,0,2,4,1,0,0,5,21,1,1,1,0,1,0,1,0,1,0,0,0,186
1822,2,0,3,6,1,0,0,5,21,1,1,1,0,0,1,1,0,1,0,0,1,186
1822,3,1,1,6,0,0,0,0,0,0,0,0,0,0,0,0,0,0,0,0,0,186
1823,1,0,3,2,1,0,0,5,21,1,1,1,0,1,0,0,0,1,0,1,0,186
1823,2,1,3,1,1,0,0,5,21,1,1,1,0,0,0,0,0,0,1,0,1,186
1823,3,0,1,6,0,0,0,0,0,0,0,0,0,0,0,0,0,0,0,0,0,186
1824,1,1,2,1,1,0,0,5,21,1,1,1,0,0,1,0,0,0,1,0,1,186
1824,2,0,2,5,1,0,0,5,21,1,1,1,0,0,0,1,0,0,1,0,1,186
1824,3,0,1,6,0,0,0,0,0,0,0,0,0,0,0,0,0,0,0,0,0,186
1825,1,0,1,6,1,0,0,5,21,1,1,1,0,0,0,0,0,0,1,0,1,186
1825,2,0,1,4,1,0,0,5,21,1,1,1,0,0,0,0,0,0,0,0,0,186
1825,3,1,1,6,0,0,0,0,0,0,0,0,0,0,0,0,0,0,0,0,0,186
1826,1,1,2,1,1,0,0,5,21,1,1,1,0,0,0,0,1,0,1,0,0,186
1826,2,0,1,2,1,0,0,5,21,1,1,1,0,1,0,0,1,1,0,0,0,186
1826,3,0,1,6,0,0,0,0,0,0,0,0,0,0,0,0,0,0,0,0,0,186
1827,1,0,1,3,1,0,0,5,21,1,1,1,0,1,0,0,1,0,0,1,0,186
1827,2,0,3,6,1,0,0,5,21,1,1,1,0,1,0,0,0,1,0,0,0,186
1827,3,1,1,6,0,0,0,0,0,0,0,0,0,0,0,0,0,0,0,0,0,186
1828,1,0,3,5,1,0,0,5,25,1,1,1,1,0,1,0,1,0,0,1,0,187
1828,2,1,2,5,1,0,0,5,25,1,1,1,1,1,0,0,1,0,1,1,0,187
1828,3,0,1,6,0,0,0,0,0,0,0,0,0,0,0,0,0,0,0,0,0,187
1829,1,0,1,3,1,0,0,5,25,1,1,1,1,0,1,1,0,0,0,0,1,187
1829,2,1,2,3,1,0,0,5,25,1,1,1,1,0,1,1,0,0,0,1,0,187
1829,3,0,1,6,0,0,0,0,0,0,0,0,0,0,0,0,0,0,0,0,0,187
1830,1,1,3,2,1,0,0,5,25,1,1,1,1,0,0,1,0,1,0,0,0,187
1830,2,0,1,4,1,0,0,5,25,1,1,1,1,0,1,0,1,0,0,1,0,187
1830,3,0,1,6,0,0,0,0,0,0,0,0,0,0,0,0,0,0,0,0,0,187
1831,1,1,2,4,1,0,0,5,25,1,1,1,1,1,0,1,0,1,0,0,0,187
1831,2,0,3,6,1,0,0,5,25,1,1,1,1,0,1,1,0,1,0,0,1,187
1831,3,0,1,6,0,0,0,0,0,0,0,0,0,0,0,0,0,0,0,0,0,187
1832,1,1,3,2,1,0,0,5,25,1,1,1,1,1,0,0,0,1,0,1,0,187
1832,2,0,3,1,1,0,0,5,25,1,1,1,1,0,0,0,0,0,1,0,1,187
1832,3,0,1,6,0,0,0,0,0,0,0,0,0,0,0,0,0,0,0,0,0,187
1833,1,1,2,1,1,0,0,5,25,1,1,1,1,0,1,0,0,0,1,0,1,187
1833,2,0,2,5,1,0,0,5,25,1,1,1,1,0,0,1,0,0,1,0,1,187
1833,3,0,1,6,0,0,0,0,0,0,0,0,0,0,0,0,0,0,0,0,0,187
1834,1,0,1,6,1,0,0,5,25,1,1,1,1,0,0,0,0,0,1,0,1,187
1834,2,1,1,4,1,0,0,5,25,1,1,1,1,0,0,0,0,0,0,0,0,187
1834,3,0,1,6,0,0,0,0,0,0,0,0,0,0,0,0,0,0,0,0,0,187
1835,1,0,2,1,1,0,0,5,25,1,1,1,1,0,0,0,1,0,1,0,0,187
1835,2,1,1,2,1,0,0,5,25,1,1,1,1,1,0,0,1,1,0,0,0,187
1835,3,0,1,6,0,0,0,0,0,0,0,0,0,0,0,0,0,0,0,0,0,187
1836,1,1,1,3,1,0,0,5,25,1,1,1,1,1,0,0,1,0,0,1,0,187
1836,2,0,3,6,1,0,0,5,25,1,1,1,1,1,0,0,0,1,0,0,0,187
1836,3,0,1,6,0,0,0,0,0,0,0,0,0,0,0,0,0,0,0,0,0,187
1837,1,0,2,5,1,1,1,5,24,0,3,1,1,1,0,1,0,0,0,0,1,188
1837,2,0,2,1,1,1,1,5,24,0,3,1,1,0,0,0,1,1,0,0,0,188
1837,3,1,1,6,0,0,0,0,0,0,0,0,0,0,0,0,0,0,0,0,0,188
1838,1,0,2,5,1,1,1,5,24,0,3,1,1,0,0,0,0,0,0,1,0,188
1838,2,0,1,3,1,1,1,5,24,0,3,1,1,0,1,1,0,0,1,0,0,188
1838,3,1,1,6,0,0,0,0,0,0,0,0,0,0,0,0,0,0,0,0,0,188
1839,1,0,1,3,1,1,1,5,24,0,3,1,1,1,0,0,0,1,0,0,0,188
1839,2,0,2,5,1,1,1,5,24,0,3,1,1,0,1,0,1,0,1,0,0,188
1839,3,1,1,6,0,0,0,0,0,0,0,0,0,0,0,0,0,0,0,0,0,188
1840,1,0,1,4,1,1,1,5,24,0,3,1,1,0,0,0,0,1,0,1,0,188
1840,2,0,3,2,1,1,1,5,24,0,3,1,1,1,0,1,0,0,0,1,0,188
1840,3,1,1,6,0,0,0,0,0,0,0,0,0,0,0,0,0,0,0,0,0,188
1841,1,0,1,4,1,1,1,5,24,0,3,1,1,0,1,0,1,1,0,0,0,188
1841,2,0,2,1,1,1,1,5,24,0,3,1,1,0,0,0,0,1,0,1,0,188
1841,3,1,1,6,0,0,0,0,0,0,0,0,0,0,0,0,0,0,0,0,0,188
1842,1,0,3,2,1,1,1,5,24,0,3,1,1,0,0,0,1,0,1,0,1,188
1842,2,0,3,6,1,1,1,5,24,0,3,1,1,0,0,1,0,1,0,1,0,188
1842,3,1,1,6,0,0,0,0,0,0,0,0,0,0,0,0,0,0,0,0,0,188
1843,1,0,3,6,1,1,1,5,24,0,3,1,1,0,1,0,1,0,1,0,0,188
1843,2,0,1,3,1,1,1,5,24,0,3,1,1,0,1,0,0,0,1,0,1,188
1843,3,1,1,6,0,0,0,0,0,0,0,0,0,0,0,0,0,0,0,0,0,188
1844,1,0,3,6,1,1,1,5,24,0,3,1,1,1,0,1,0,0,1,0,1,188
1844,2,0,3,2,1,1,1,5,24,0,3,1,1,1,0,0,1,0,0,0,1,188
1844,3,1,1,6,0,0,0,0,0,0,0,0,0,0,0,0,0,0,0,0,0,188
1845,1,0,2,1,1,1,1,5,24,0,3,1,1,0,1,1,0,0,0,1,0,188
1845,2,0,1,4,1,1,1,5,24,0,3,1,1,1,0,0,0,0,0,0,1,188
1845,3,1,1,6,0,0,0,0,0,0,0,0,0,0,0,0,0,0,0,0,0,188
1846,1,1,1,5,1,0,0,5,22,0,1,1,1,1,0,0,1,0,0,0,0,189
1846,2,0,1,5,1,0,0,5,22,0,1,1,1,0,0,1,0,0,0,0,1,189
1846,3,0,1,6,0,0,0,0,0,0,0,0,0,0,0,0,0,0,0,0,0,189
1847,1,0,3,3,1,0,0,5,22,0,1,1,1,0,0,0,0,0,0,0,0,189
1847,2,1,2,1,1,0,0,5,22,0,1,1,1,1,0,1,0,1,0,0,1,189
1847,3,0,1,6,0,0,0,0,0,0,0,0,0,0,0,0,0,0,0,0,0,189
1848,1,1,1,5,1,0,0,5,22,0,1,1,1,0,1,0,0,1,0,0,1,189
1848,2,0,1,3,1,0,0,5,22,0,1,1,1,1,0,0,1,1,0,0,1,189
1848,3,0,1,6,0,0,0,0,0,0,0,0,0,0,0,0,0,0,0,0,0,189
1849,1,1,3,4,1,0,0,5,22,0,1,1,1,0,0,1,0,1,0,0,1,189
1849,2,0,2,6,1,0,0,5,22,0,1,1,1,1,0,0,0,0,1,0,0,189
1849,3,0,1,6,0,0,0,0,0,0,0,0,0,0,0,0,0,0,0,0,0,189
1850,1,1,2,2,1,0,0,5,22,0,1,1,1,0,1,0,1,1,0,0,1,189
1850,2,0,3,2,1,0,0,5,22,0,1,1,1,0,1,0,0,0,0,0,0,189
1850,3,0,1,6,0,0,0,0,0,0,0,0,0,0,0,0,0,0,0,0,0,189
1851,1,0,3,4,1,0,0,5,22,0,1,1,1,1,0,0,1,0,1,1,0,189
1851,2,1,2,1,1,0,0,5,22,0,1,1,1,0,1,1,0,0,0,0,0,189
1851,3,0,1,6,0,0,0,0,0,0,0,0,0,0,0,0,0,0,0,0,0,189
1852,1,0,2,6,1,0,0,5,22,0,1,1,1,0,1,0,0,0,1,1,0,189
1852,2,1,3,4,1,0,0,5,22,0,1,1,1,0,1,0,1,1,0,1,0,189
1852,3,0,1,6,0,0,0,0,0,0,0,0,0,0,0,0,0,0,0,0,0,189
1853,1,1,1,1,1,0,0,5,22,0,1,1,1,1,0,1,0,0,1,1,0,189
1853,2,0,1,3,1,0,0,5,22,0,1,1,1,0,0,0,1,0,1,1,0,189
1853,3,0,1,6,0,0,0,0,0,0,0,0,0,0,0,0,0,0,0,0,0,189
1854,1,0,2,6,1,0,0,5,22,0,1,1,1,0,0,1,0,0,0,0,0,189
1854,2,1,3,2,1,0,0,5,22,0,1,1,1,0,0,0,0,0,1,1,0,189
1854,3,0,1,6,0,0,0,0,0,0,0,0,0,0,0,0,0,0,0,0,0,189
1855,1,1,1,5,1,0,1,5,26,1,1,1,1,1,0,0,1,0,0,0,0,190
1855,2,0,1,5,1,0,1,5,26,1,1,1,1,0,0,1,0,0,0,0,1,190
1855,3,0,1,6,0,0,0,0,0,0,0,0,0,0,0,0,0,0,0,0,0,190
1856,1,0,3,3,1,0,1,5,26,1,1,1,1,0,0,0,0,0,0,0,0,190
1856,2,1,2,1,1,0,1,5,26,1,1,1,1,1,0,1,0,1,0,0,1,190
1856,3,0,1,6,0,0,0,0,0,0,0,0,0,0,0,0,0,0,0,0,0,190
1857,1,0,1,5,1,0,1,5,26,1,1,1,1,0,1,0,0,1,0,0,1,190
1857,2,1,1,3,1,0,1,5,26,1,1,1,1,1,0,0,1,1,0,0,1,190
1857,3,0,1,6,0,0,0,0,0,0,0,0,0,0,0,0,0,0,0,0,0,190
1858,1,1,3,4,1,0,1,5,26,1,1,1,1,0,0,1,0,1,0,0,1,190
1858,2,0,2,6,1,0,1,5,26,1,1,1,1,1,0,0,0,0,1,0,0,190
1858,3,0,1,6,0,0,0,0,0,0,0,0,0,0,0,0,0,0,0,0,0,190
1859,1,1,2,2,1,0,1,5,26,1,1,1,1,0,1,0,1,1,0,0,1,190
1859,2,0,3,2,1,0,1,5,26,1,1,1,1,0,1,0,0,0,0,0,0,190
1859,3,0,1,6,0,0,0,0,0,0,0,0,0,0,0,0,0,0,0,0,0,190
1860,1,0,3,4,1,0,1,5,26,1,1,1,1,1,0,0,1,0,1,1,0,190
1860,2,1,2,1,1,0,1,5,26,1,1,1,1,0,1,1,0,0,0,0,0,190
1860,3,0,1,6,0,0,0,0,0,0,0,0,0,0,0,0,0,0,0,0,0,190
1861,1,0,2,6,1,0,1,5,26,1,1,1,1,0,1,0,0,0,1,1,0,190
1861,2,1,3,4,1,0,1,5,26,1,1,1,1,0,1,0,1,1,0,1,0,190
1861,3,0,1,6,0,0,0,0,0,0,0,0,0,0,0,0,0,0,0,0,0,190
1862,1,1,1,1,1,0,1,5,26,1,1,1,1,1,0,1,0,0,1,1,0,190
1862,2,0,1,3,1,0,1,5,26,1,1,1,1,0,0,0,1,0,1,1,0,190
1862,3,0,1,6,0,0,0,0,0,0,0,0,0,0,0,0,0,0,0,0,0,190
1863,1,0,2,6,1,0,1,5,26,1,1,1,1,0,0,1,0,0,0,0,0,190
1863,2,1,3,2,1,0,1,5,26,1,1,1,1,0,0,0,0,0,1,1,0,190
1863,3,0,1,6,0,0,0,0,0,0,0,0,0,0,0,0,0,0,0,0,0,190
1864,1,0,2,5,1,0,0,5,28,1,2,2,1,1,0,1,0,0,0,0,1,191
1864,2,1,2,1,1,0,0,5,28,1,2,2,1,0,0,0,1,1,0,0,0,191
1864,3,0,1,6,0,0,0,0,0,0,0,0,0,0,0,0,0,0,0,0,0,191
1865,1,0,2,5,1,0,0,5,28,1,2,2,1,0,0,0,0,0,0,1,0,191
1865,2,1,1,3,1,0,0,5,28,1,2,2,1,0,1,1,0,0,1,0,0,191
1865,3,0,1,6,0,0,0,0,0,0,0,0,0,0,0,0,0,0,0,0,0,191
1866,1,0,1,3,1,0,0,5,28,1,2,2,1,1,0,0,0,1,0,0,0,191
1866,2,1,2,5,1,0,0,5,28,1,2,2,1,0,1,0,1,0,1,0,0,191
1866,3,0,1,6,0,0,0,0,0,0,0,0,0,0,0,0,0,0,0,0,0,191
1867,1,0,1,4,1,0,0,5,28,1,2,2,1,0,0,0,0,1,0,1,0,191
1867,2,1,3,2,1,0,0,5,28,1,2,2,1,1,0,1,0,0,0,1,0,191
1867,3,0,1,6,0,0,0,0,0,0,0,0,0,0,0,0,0,0,0,0,0,191
1868,1,1,1,4,1,0,0,5,28,1,2,2,1,0,1,0,1,1,0,0,0,191
1868,2,0,2,1,1,0,0,5,28,1,2,2,1,0,0,0,0,1,0,1,0,191
1868,3,0,1,6,0,0,0,0,0,0,0,0,0,0,0,0,0,0,0,0,0,191
1869,1,1,3,2,1,0,0,5,28,1,2,2,1,0,0,0,1,0,1,0,1,191
1869,2,0,3,6,1,0,0,5,28,1,2,2,1,0,0,1,0,1,0,1,0,191
1869,3,0,1,6,0,0,0,0,0,0,0,0,0,0,0,0,0,0,0,0,0,191
1870,1,1,3,6,1,0,0,5,28,1,2,2,1,0,1,0,1,0,1,0,0,191
1870,2,0,1,3,1,0,0,5,28,1,2,2,1,0,1,0,0,0,1,0,1,191
1870,3,0,1,6,0,0,0,0,0,0,0,0,0,0,0,0,0,0,0,0,0,191
1871,1,1,3,6,1,0,0,5,28,1,2,2,1,1,0,1,0,0,1,0,1,191
1871,2,0,3,2,1,0,0,5,28,1,2,2,1,1,0,0,1,0,0,0,1,191
1871,3,0,1,6,0,0,0,0,0,0,0,0,0,0,0,0,0,0,0,0,0,191
1872,1,1,2,1,1,0,0,5,28,1,2,2,1,0,1,1,0,0,0,1,0,191
1872,2,0,1,4,1,0,0,5,28,1,2,2,1,1,0,0,0,0,0,0,1,191
1872,3,0,1,6,0,0,0,0,0,0,0,0,0,0,0,0,0,0,0,0,0,191
1873,1,1,2,5,1,0,0,5,23,1,1,1,1,1,0,1,0,0,0,0,1,192
1873,2,0,2,1,1,0,0,5,23,1,1,1,1,0,0,0,1,1,0,0,0,192
1873,3,0,1,6,0,0,0,0,0,0,0,0,0,0,0,0,0,0,0,0,0,192
1874,1,0,2,5,1,0,0,5,23,1,1,1,1,0,0,0,0,0,0,1,0,192
1874,2,1,1,3,1,0,0,5,23,1,1,1,1,0,1,1,0,0,1,0,0,192
1874,3,0,1,6,0,0,0,0,0,0,0,0,0,0,0,0,0,0,0,0,0,192
1875,1,1,1,3,1,0,0,5,23,1,1,1,1,1,0,0,0,1,0,0,0,192
1875,2,0,2,5,1,0,0,5,23,1,1,1,1,0,1,0,1,0,1,0,0,192
1875,3,0,1,6,0,0,0,0,0,0,0,0,0,0,0,0,0,0,0,0,0,192
1876,1,0,1,4,1,0,0,5,23,1,1,1,1,0,0,0,0,1,0,1,0,192
1876,2,1,3,2,1,0,0,5,23,1,1,1,1,1,0,1,0,0,0,1,0,192
1876,3,0,1,6,0,0,0,0,0,0,0,0,0,0,0,0,0,0,0,0,0,192
1877,1,1,1,4,1,0,0,5,23,1,1,1,1,0,1,0,1,1,0,0,0,192
1877,2,0,2,1,1,0,0,5,23,1,1,1,1,0,0,0,0,1,0,1,0,192
1877,3,0,1,6,0,0,0,0,0,0,0,0,0,0,0,0,0,0,0,0,0,192
1878,1,1,3,2,1,0,0,5,23,1,1,1,1,0,0,0,1,0,1,0,1,192
1878,2,0,3,6,1,0,0,5,23,1,1,1,1,0,0,1,0,1,0,1,0,192
1878,3,0,1,6,0,0,0,0,0,0,0,0,0,0,0,0,0,0,0,0,0,192
1879,1,0,3,6,1,0,0,5,23,1,1,1,1,0,1,0,1,0,1,0,0,192
1879,2,1,1,3,1,0,0,5,23,1,1,1,1,0,1,0,0,0,1,0,1,192
1879,3,0,1,6,0,0,0,0,0,0,0,0,0,0,0,0,0,0,0,0,0,192
1880,1,0,3,6,1,0,0,5,23,1,1,1,1,1,0,1,0,0,1,0,1,192
1880,2,1,3,2,1,0,0,5,23,1,1,1,1,1,0,0,1,0,0,0,1,192
1880,3,0,1,6,0,0,0,0,0,0,0,0,0,0,0,0,0,0,0,0,0,192
1881,1,0,2,1,1,0,0,5,23,1,1,1,1,0,1,1,0,0,0,1,0,192
1881,2,1,1,4,1,0,0,5,23,1,1,1,1,1,0,0,0,0,0,0,1,192
1881,3,0,1,6,0,0,0,0,0,0,0,0,0,0,0,0,0,0,0,0,0,192
1882,1,0,2,5,1,0,1,4,23,1,2,1,1,1,0,1,0,0,0,0,1,193
1882,2,1,2,1,1,0,1,4,23,1,2,1,1,0,0,0,1,1,0,0,0,193
1882,3,0,1,6,0,0,0,0,0,0,0,0,0,0,0,0,0,0,0,0,0,193
1883,1,0,2,5,1,0,1,4,23,1,2,1,1,0,0,0,0,0,0,1,0,193
1883,2,1,1,3,1,0,1,4,23,1,2,1,1,0,1,1,0,0,1,0,0,193
1883,3,0,1,6,0,0,0,0,0,0,0,0,0,0,0,0,0,0,0,0,0,193
1884,1,1,1,3,1,0,1,4,23,1,2,1,1,1,0,0,0,1,0,0,0,193
1884,2,0,2,5,1,0,1,4,23,1,2,1,1,0,1,0,1,0,1,0,0,193
1884,3,0,1,6,0,0,0,0,0,0,0,0,0,0,0,0,0,0,0,0,0,193
1885,1,0,1,4,1,0,1,4,23,1,2,1,1,0,0,0,0,1,0,1,0,193
1885,2,1,3,2,1,0,1,4,23,1,2,1,1,1,0,1,0,0,0,1,0,193
1885,3,0,1,6,0,0,0,0,0,0,0,0,0,0,0,0,0,0,0,0,0,193
1886,1,1,1,4,1,0,1,4,23,1,2,1,1,0,1,0,1,1,0,0,0,193
1886,2,0,2,1,1,0,1,4,23,1,2,1,1,0,0,0,0,1,0,1,0,193
1886,3,0,1,6,0,0,0,0,0,0,0,0,0,0,0,0,0,0,0,0,0,193
1887,1,1,3,2,1,0,1,4,23,1,2,1,1,0,0,0,1,0,1,0,1,193
1887,2,0,3,6,1,0,1,4,23,1,2,1,1,0,0,1,0,1,0,1,0,193
1887,3,0,1,6,0,0,0,0,0,0,0,0,0,0,0,0,0,0,0,0,0,193
1888,1,0,3,6,1,0,1,4,23,1,2,1,1,0,1,0,1,0,1,0,0,193
1888,2,1,1,3,1,0,1,4,23,1,2,1,1,0,1,0,0,0,1,0,1,193
1888,3,0,1,6,0,0,0,0,0,0,0,0,0,0,0,0,0,0,0,0,0,193
1889,1,0,3,6,1,0,1,4,23,1,2,1,1,1,0,1,0,0,1,0,1,193
1889,2,1,3,2,1,0,1,4,23,1,2,1,1,1,0,0,1,0,0,0,1,193
1889,3,0,1,6,0,0,0,0,0,0,0,0,0,0,0,0,0,0,0,0,0,193
1890,1,1,2,1,1,0,1,4,23,1,2,1,1,0,1,1,0,0,0,1,0,193
1890,2,0,1,4,1,0,1,4,23,1,2,1,1,1,0,0,0,0,0,0,1,193
1890,3,0,1,6,0,0,0,0,0,0,0,0,0,0,0,0,0,0,0,0,0,193
1891,1,1,1,5,1,0,1,5,22,0,1,1,1,1,0,0,1,0,0,0,0,194
1891,2,0,1,5,1,0,1,5,22,0,1,1,1,0,0,1,0,0,0,0,1,194
1891,3,0,1,6,0,0,0,0,0,0,0,0,0,0,0,0,0,0,0,0,0,194
1892,1,0,3,3,1,0,1,5,22,0,1,1,1,0,0,0,0,0,0,0,0,194
1892,2,1,2,1,1,0,1,5,22,0,1,1,1,1,0,1,0,1,0,0,1,194
1892,3,0,1,6,0,0,0,0,0,0,0,0,0,0,0,0,0,0,0,0,0,194
1893,1,0,1,5,1,0,1,5,22,0,1,1,1,0,1,0,0,1,0,0,1,194
1893,2,1,1,3,1,0,1,5,22,0,1,1,1,1,0,0,1,1,0,0,1,194
1893,3,0,1,6,0,0,0,0,0,0,0,0,0,0,0,0,0,0,0,0,0,194
1894,1,1,3,4,1,0,1,5,22,0,1,1,1,0,0,1,0,1,0,0,1,194
1894,2,0,2,6,1,0,1,5,22,0,1,1,1,1,0,0,0,0,1,0,0,194
1894,3,0,1,6,0,0,0,0,0,0,0,0,0,0,0,0,0,0,0,0,0,194
1895,1,0,2,2,1,0,1,5,22,0,1,1,1,0,1,0,1,1,0,0,1,194
1895,2,1,3,2,1,0,1,5,22,0,1,1,1,0,1,0,0,0,0,0,0,194
1895,3,0,1,6,0,0,0,0,0,0,0,0,0,0,0,0,0,0,0,0,0,194
1896,1,0,3,4,1,0,1,5,22,0,1,1,1,1,0,0,1,0,1,1,0,194
1896,2,1,2,1,1,0,1,5,22,0,1,1,1,0,1,1,0,0,0,0,0,194
1896,3,0,1,6,0,0,0,0,0,0,0,0,0,0,0,0,0,0,0,0,0,194
1897,1,0,2,6,1,0,1,5,22,0,1,1,1,0,1,0,0,0,1,1,0,194
1897,2,1,3,4,1,0,1,5,22,0,1,1,1,0,1,0,1,1,0,1,0,194
1897,3,0,1,6,0,0,0,0,0,0,0,0,0,0,0,0,0,0,0,0,0,194
1898,1,1,1,1,1,0,1,5,22,0,1,1,1,1,0,1,0,0,1,1,0,194
1898,2,0,1,3,1,0,1,5,22,0,1,1,1,0,0,0,1,0,1,1,0,194
1898,3,0,1,6,0,0,0,0,0,0,0,0,0,0,0,0,0,0,0,0,0,194
1899,1,0,2,6,1,0,1,5,22,0,1,1,1,0,0,1,0,0,0,0,0,194
1899,2,1,3,2,1,0,1,5,22,0,1,1,1,0,0,0,0,0,1,1,0,194
1899,3,0,1,6,0,0,0,0,0,0,0,0,0,0,0,0,0,0,0,0,0,194
1909,1,0,3,5,1,0,0,4,29,0,2,1,1,0,1,0,1,0,0,1,0,195
1909,2,1,2,5,1,0,0,4,29,0,2,1,1,1,0,0,1,0,1,1,0,195
1909,3,0,1,6,0,0,0,0,0,0,0,0,0,0,0,0,0,0,0,0,0,195
1910,1,0,1,3,1,0,0,4,29,0,2,1,1,0,1,1,0,0,0,0,1,195
1910,2,1,2,3,1,0,0,4,29,0,2,1,1,0,1,1,0,0,0,1,0,195
1910,3,0,1,6,0,0,0,0,0,0,0,0,0,0,0,0,0,0,0,0,0,195
1911,1,1,3,2,1,0,0,4,29,0,2,1,1,0,0,1,0,1,0,0,0,195
1911,2,0,1,4,1,0,0,4,29,0,2,1,1,0,1,0,1,0,0,1,0,195
1911,3,0,1,6,0,0,0,0,0,0,0,0,0,0,0,0,0,0,0,0,0,195
1912,1,1,2,4,1,0,0,4,29,0,2,1,1,1,0,1,0,1,0,0,0,195
1912,2,0,3,6,1,0,0,4,29,0,2,1,1,0,1,1,0,1,0,0,1,195
1912,3,0,1,6,0,0,0,0,0,0,0,0,0,0,0,0,0,0,0,0,0,195
1913,1,1,3,2,1,0,0,4,29,0,2,1,1,1,0,0,0,1,0,1,0,195
1913,2,0,3,1,1,0,0,4,29,0,2,1,1,0,0,0,0,0,1,0,1,195
1913,3,0,1,6,0,0,0,0,0,0,0,0,0,0,0,0,0,0,0,0,0,195
1914,1,1,2,1,1,0,0,4,29,0,2,1,1,0,1,0,0,0,1,0,1,195
1914,2,0,2,5,1,0,0,4,29,0,2,1,1,0,0,1,0,0,1,0,1,195
1914,3,0,1,6,0,0,0,0,0,0,0,0,0,0,0,0,0,0,0,0,0,195
1915,1,0,1,6,1,0,0,4,29,0,2,1,1,0,0,0,0,0,1,0,1,195
1915,2,1,1,4,1,0,0,4,29,0,2,1,1,0,0,0,0,0,0,0,0,195
1915,3,0,1,6,0,0,0,0,0,0,0,0,0,0,0,0,0,0,0,0,0,195
1916,1,0,2,1,1,0,0,4,29,0,2,1,1,0,0,0,1,0,1,0,0,195
1916,2,1,1,2,1,0,0,4,29,0,2,1,1,1,0,0,1,1,0,0,0,195
1916,3,0,1,6,0,0,0,0,0,0,0,0,0,0,0,0,0,0,0,0,0,195
1917,1,1,1,3,1,0,0,4,29,0,2,1,1,1,0,0,1,0,0,1,0,195
1917,2,0,3,6,1,0,0,4,29,0,2,1,1,1,0,0,0,1,0,0,0,195
1917,3,0,1,6,0,0,0,0,0,0,0,0,0,0,0,0,0,0,0,0,0,195
1918,1,0,3,5,1,0,1,5,18,0,1,1,0,0,1,0,1,0,0,1,0,196
1918,2,1,2,5,1,0,1,5,18,0,1,1,0,1,0,0,1,0,1,1,0,196
1918,3,0,1,6,0,0,0,0,0,0,0,0,0,0,0,0,0,0,0,0,0,196
1919,1,0,1,3,1,0,1,5,18,0,1,1,0,0,1,1,0,0,0,0,1,196
1919,2,1,2,3,1,0,1,5,18,0,1,1,0,0,1,1,0,0,0,1,0,196
1919,3,0,1,6,0,0,0,0,0,0,0,0,0,0,0,0,0,0,0,0,0,196
1920,1,1,3,2,1,0,1,5,18,0,1,1,0,0,0,1,0,1,0,0,0,196
1920,2,0,1,4,1,0,1,5,18,0,1,1,0,0,1,0,1,0,0,1,0,196
1920,3,0,1,6,0,0,0,0,0,0,0,0,0,0,0,0,0,0,0,0,0,196
1921,1,1,2,4,1,0,1,5,18,0,1,1,0,1,0,1,0,1,0,0,0,196
1921,2,0,3,6,1,0,1,5,18,0,1,1,0,0,1,1,0,1,0,0,1,196
1921,3,0,1,6,0,0,0,0,0,0,0,0,0,0,0,0,0,0,0,0,0,196
1922,1,1,3,2,1,0,1,5,18,0,1,1,0,1,0,0,0,1,0,1,0,196
1922,2,0,3,1,1,0,1,5,18,0,1,1,0,0,0,0,0,0,1,0,1,196
1922,3,0,1,6,0,0,0,0,0,0,0,0,0,0,0,0,0,0,0,0,0,196
1923,1,1,2,1,1,0,1,5,18,0,1,1,0,0,1,0,0,0,1,0,1,196
1923,2,0,2,5,1,0,1,5,18,0,1,1,0,0,0,1,0,0,1,0,1,196
1923,3,0,1,6,0,0,0,0,0,0,0,0,0,0,0,0,0,0,0,0,0,196
1924,1,0,1,6,1,0,1,5,18,0,1,1,0,0,0,0,0,0,1,0,1,196
1924,2,1,1,4,1,0,1,5,18,0,1,1,0,0,0,0,0,0,0,0,0,196
1924,3,0,1,6,0,0,0,0,0,0,0,0,0,0,0,0,0,0,0,0,0,196
1925,1,1,2,1,1,0,1,5,18,0,1,1,0,0,0,0,1,0,1,0,0,196
1925,2,0,1,2,1,0,1,5,18,0,1,1,0,1,0,0,1,1,0,0,0,196
1925,3,0,1,6,0,0,0,0,0,0,0,0,0,0,0,0,0,0,0,0,0,196
1926,1,1,1,3,1,0,1,5,18,0,1,1,0,1,0,0,1,0,0,1,0,196
1926,2,0,3,6,1,0,1,5,18,0,1,1,0,1,0,0,0,1,0,0,0,196
1926,3,0,1,6,0,0,0,0,0,0,0,0,0,0,0,0,0,0,0,0,0,196
1927,1,0,2,3,1,0,0,5,30,1,2,1,1,1,0,0,1,1,0,0,1,197
1927,2,1,1,4,1,0,0,5,30,1,2,1,1,1,0,1,0,0,1,1,0,197
1927,3,0,1,6,0,0,0,0,0,0,0,0,0,0,0,0,0,0,0,0,0,197
1928,1,1,3,6,1,0,0,5,30,1,2,1,1,0,1,1,0,1,0,1,0,197
1928,2,0,1,5,1,0,0,5,30,1,2,1,1,0,0,1,0,1,0,0,0,197
1928,3,0,1,6,0,0,0,0,0,0,0,0,0,0,0,0,0,0,0,0,0,197
1929,1,1,2,3,1,0,0,5,30,1,2,1,1,0,0,0,1,1,0,1,0,197
1929,2,0,2,3,1,0,0,5,30,1,2,1,1,0,0,0,1,0,0,0,1,197
1929,3,0,1,6,0,0,0,0,0,0,0,0,0,0,0,0,0,0,0,0,0,197
1930,1,1,1,2,1,0,0,5,30,1,2,1,1,0,0,1,0,0,1,1,0,197
1930,2,0,2,5,1,0,0,5,30,1,2,1,1,0,1,0,0,1,0,0,1,197
1930,3,0,1,6,0,0,0,0,0,0,0,0,0,0,0,0,0,0,0,0,0,197
1931,1,1,2,5,1,0,0,5,30,1,2,1,1,1,0,0,0,0,1,0,0,197
1931,2,0,2,6,1,0,0,5,30,1,2,1,1,1,0,0,0,0,0,1,0,197
1931,3,0,1,6,0,0,0,0,0,0,0,0,0,0,0,0,0,0,0,0,0,197
1932,1,0,1,2,1,0,0,5,30,1,2,1,1,0,1,1,0,0,1,0,0,197
1932,2,1,3,1,1,0,0,5,30,1,2,1,1,1,0,1,0,0,1,0,0,197
1932,3,0,1,6,0,0,0,0,0,0,0,0,0,0,0,0,0,0,0,0,0,197
1933,1,1,3,1,1,0,0,5,30,1,2,1,1,0,1,0,0,0,0,0,0,197
1933,2,0,3,6,1,0,0,5,30,1,2,1,1,0,0,0,1,0,0,0,0,197
1933,3,0,1,6,0,0,0,0,0,0,0,0,0,0,0,0,0,0,0,0,0,197
1934,1,0,1,4,1,0,0,5,30,1,2,1,1,0,0,0,1,0,0,0,1,197
1934,2,1,3,4,1,0,0,5,30,1,2,1,1,0,1,0,1,0,1,0,1,197
1934,3,0,1,6,0,0,0,0,0,0,0,0,0,0,0,0,0,0,0,0,0,197
1935,1,0,3,1,1,0,0,5,30,1,2,1,1,1,0,0,0,0,0,0,1,197
1935,2,1,1,2,1,0,0,5,30,1,2,1,1,0,1,0,0,1,0,1,0,197
1935,3,0,1,6,0,0,0,0,0,0,0,0,0,0,0,0,0,0,0,0,0,197
1936,1,1,1,5,1,0,0,4,18,0,1,1,1,1,0,0,1,0,0,0,0,198
1936,2,0,1,5,1,0,0,4,18,0,1,1,1,0,0,1,0,0,0,0,1,198
1936,3,0,1,6,0,0,0,0,0,0,0,0,0,0,0,0,0,0,0,0,0,198
1937,1,1,3,3,1,0,0,4,18,0,1,1,1,0,0,0,0,0,0,0,0,198
1937,2,0,2,1,1,0,0,4,18,0,1,1,1,1,0,1,0,1,0,0,1,198
1937,3,0,1,6,0,0,0,0,0,0,0,0,0,0,0,0,0,0,0,0,0,198
1938,1,0,1,5,1,0,0,4,18,0,1,1,1,0,1,0,0,1,0,0,1,198
1938,2,1,1,3,1,0,0,4,18,0,1,1,1,1,0,0,1,1,0,0,1,198
1938,3,0,1,6,0,0,0,0,0,0,0,0,0,0,0,0,0,0,0,0,0,198
1939,1,1,3,4,1,0,0,4,18,0,1,1,1,0,0,1,0,1,0,0,1,198
1939,2,0,2,6,1,0,0,4,18,0,1,1,1,1,0,0,0,0,1,0,0,198
1939,3,0,1,6,0,0,0,0,0,0,0,0,0,0,0,0,0,0,0,0,0,198
1940,1,0,2,2,1,0,0,4,18,0,1,1,1,0,1,0,1,1,0,0,1,198
1940,2,1,3,2,1,0,0,4,18,0,1,1,1,0,1,0,0,0,0,0,0,198
1940,3,0,1,6,0,0,0,0,0,0,0,0,0,0,0,0,0,0,0,0,0,198
1941,1,0,3,4,1,0,0,4,18,0,1,1,1,1,0,0,1,0,1,1,0,198
1941,2,1,2,1,1,0,0,4,18,0,1,1,1,0,1,1,0,0,0,0,0,198
1941,3,0,1,6,0,0,0,0,0,0,0,0,0,0,0,0,0,0,0,0,0,198
1942,1,0,2,6,1,0,0,4,18,0,1,1,1,0,1,0,0,0,1,1,0,198
1942,2,1,3,4,1,0,0,4,18,0,1,1,1,0,1,0,1,1,0,1,0,198
1942,3,0,1,6,0,0,0,0,0,0,0,0,0,0,0,0,0,0,0,0,0,198
1943,1,1,1,1,1,0,0,4,18,0,1,1,1,1,0,1,0,0,1,1,0,198
1943,2,0,1,3,1,0,0,4,18,0,1,1,1,0,0,0,1,0,1,1,0,198
1943,3,0,1,6,0,0,0,0,0,0,0,0,0,0,0,0,0,0,0,0,0,198
1944,1,0,2,6,1,0,0,4,18,0,1,1,1,0,0,1,0,0,0,0,0,198
1944,2,1,3,2,1,0,0,4,18,0,1,1,1,0,0,0,0,0,1,1,0,198
1944,3,0,1,6,0,0,0,0,0,0,0,0,0,0,0,0,0,0,0,0,0,198
1954,1,1,3,5,1,0,0,5,25,1,1,1,1,0,1,0,1,0,0,1,0,199
1954,2,0,2,5,1,0,0,5,25,1,1,1,1,1,0,0,1,0,1,1,0,199
1954,3,0,1,6,0,0,0,0,0,0,0,0,0,0,0,0,0,0,0,0,0,199
1955,1,0,1,3,1,0,0,5,25,1,1,1,1,0,1,1,0,0,0,0,1,199
1955,2,1,2,3,1,0,0,5,25,1,1,1,1,0,1,1,0,0,0,1,0,199
1955,3,0,1,6,0,0,0,0,0,0,0,0,0,0,0,0,0,0,0,0,0,199
1956,1,0,3,2,1,0,0,5,25,1,1,1,1,0,0,1,0,1,0,0,0,199
1956,2,1,1,4,1,0,0,5,25,1,1,1,1,0,1,0,1,0,0,1,0,199
1956,3,0,1,6,0,0,0,0,0,0,0,0,0,0,0,0,0,0,0,0,0,199
1957,1,1,2,4,1,0,0,5,25,1,1,1,1,1,0,1,0,1,0,0,0,199
1957,2,0,3,6,1,0,0,5,25,1,1,1,1,0,1,1,0,1,0,0,1,199
1957,3,0,1,6,0,0,0,0,0,0,0,0,0,0,0,0,0,0,0,0,0,199
1958,1,1,3,2,1,0,0,5,25,1,1,1,1,1,0,0,0,1,0,1,0,199
1958,2,0,3,1,1,0,0,5,25,1,1,1,1,0,0,0,0,0,1,0,1,199
1958,3,0,1,6,0,0,0,0,0,0,0,0,0,0,0,0,0,0,0,0,0,199
1959,1,1,2,1,1,0,0,5,25,1,1,1,1,0,1,0,0,0,1,0,1,199
1959,2,0,2,5,1,0,0,5,25,1,1,1,1,0,0,1,0,0,1,0,1,199
1959,3,0,1,6,0,0,0,0,0,0,0,0,0,0,0,0,0,0,0,0,0,199
1960,1,0,1,6,1,0,0,5,25,1,1,1,1,0,0,0,0,0,1,0,1,199
1960,2,1,1,4,1,0,0,5,25,1,1,1,1,0,0,0,0,0,0,0,0,199
1960,3,0,1,6,0,0,0,0,0,0,0,0,0,0,0,0,0,0,0,0,0,199
1961,1,0,2,1,1,0,0,5,25,1,1,1,1,0,0,0,1,0,1,0,0,199
1961,2,1,1,2,1,0,0,5,25,1,1,1,1,1,0,0,1,1,0,0,0,199
1961,3,0,1,6,0,0,0,0,0,0,0,0,0,0,0,0,0,0,0,0,0,199
1962,1,1,1,3,1,0,0,5,25,1,1,1,1,1,0,0,1,0,0,1,0,199
1962,2,0,3,6,1,0,0,5,25,1,1,1,1,1,0,0,0,1,0,0,0,199
1962,3,0,1,6,0,0,0,0,0,0,0,0,0,0,0,0,0,0,0,0,0,199
1963,1,0,3,5,1,0,1,5,25,0,2,1,1,0,1,0,1,0,0,1,0,200
1963,2,1,2,5,1,0,1,5,25,0,2,1,1,1,0,0,1,0,1,1,0,200
1963,3,0,1,6,0,0,0,0,0,0,0,0,0,0,0,0,0,0,0,0,0,200
1964,1,0,1,3,1,0,1,5,25,0,2,1,1,0,1,1,0,0,0,0,1,200
1964,2,1,2,3,1,0,1,5,25,0,2,1,1,0,1,1,0,0,0,1,0,200
1964,3,0,1,6,0,0,0,0,0,0,0,0,0,0,0,0,0,0,0,0,0,200
1965,1,1,3,2,1,0,1,5,25,0,2,1,1,0,0,1,0,1,0,0,0,200
1965,2,0,1,4,1,0,1,5,25,0,2,1,1,0,1,0,1,0,0,1,0,200
1965,3,0,1,6,0,0,0,0,0,0,0,0,0,0,0,0,0,0,0,0,0,200
1966,1,1,2,4,1,0,1,5,25,0,2,1,1,1,0,1,0,1,0,0,0,200
1966,2,0,3,6,1,0,1,5,25,0,2,1,1,0,1,1,0,1,0,0,1,200
1966,3,0,1,6,0,0,0,0,0,0,0,0,0,0,0,0,0,0,0,0,0,200
1967,1,1,3,2,1,0,1,5,25,0,2,1,1,1,0,0,0,1,0,1,0,200
1967,2,0,3,1,1,0,1,5,25,0,2,1,1,0,0,0,0,0,1,0,1,200
1967,3,0,1,6,0,0,0,0,0,0,0,0,0,0,0,0,0,0,0,0,0,200
1968,1,1,2,1,1,0,1,5,25,0,2,1,1,0,1,0,0,0,1,0,1,200
1968,2,0,2,5,1,0,1,5,25,0,2,1,1,0,0,1,0,0,1,0,1,200
1968,3,0,1,6,0,0,0,0,0,0,0,0,0,0,0,0,0,0,0,0,0,200
1969,1,0,1,6,1,0,1,5,25,0,2,1,1,0,0,0,0,0,1,0,1,200
1969,2,1,1,4,1,0,1,5,25,0,2,1,1,0,0,0,0,0,0,0,0,200
1969,3,0,1,6,0,0,0,0,0,0,0,0,0,0,0,0,0,0,0,0,0,200
1970,1,0,2,1,1,0,1,5,25,0,2,1,1,0,0,0,1,0,1,0,0,200
1970,2,1,1,2,1,0,1,5,25,0,2,1,1,1,0,0,1,1,0,0,0,200
1970,3,0,1,6,0,0,0,0,0,0,0,0,0,0,0,0,0,0,0,0,0,200
1971,1,1,1,3,1,0,1,5,25,0,2,1,1,1,0,0,1,0,0,1,0,200
1971,2,0,3,6,1,0,1,5,25,0,2,1,1,1,0,0,0,1,0,0,0,200
1971,3,0,1,6,0,0,0,0,0,0,0,0,0,0,0,0,0,0,0,0,0,200
1972,1,0,2,5,1,1,0,5,24,0,1,1,1,1,0,1,0,0,0,0,1,201
1972,2,1,2,1,1,1,0,5,24,0,1,1,1,0,0,0,1,1,0,0,0,201
1972,3,0,1,6,0,0,0,0,0,0,0,0,0,0,0,0,0,0,0,0,0,201
1973,1,0,2,5,1,1,0,5,24,0,1,1,1,0,0,0,0,0,0,1,0,201
1973,2,1,1,3,1,1,0,5,24,0,1,1,1,0,1,1,0,0,1,0,0,201
1973,3,0,1,6,0,0,0,0,0,0,0,0,0,0,0,0,0,0,0,0,0,201
1974,1,1,1,3,1,1,0,5,24,0,1,1,1,1,0,0,0,1,0,0,0,201
1974,2,0,2,5,1,1,0,5,24,0,1,1,1,0,1,0,1,0,1,0,0,201
1974,3,0,1,6,0,0,0,0,0,0,0,0,0,0,0,0,0,0,0,0,0,201
1975,1,0,1,4,1,1,0,5,24,0,1,1,1,0,0,0,0,1,0,1,0,201
1975,2,1,3,2,1,1,0,5,24,0,1,1,1,1,0,1,0,0,0,1,0,201
1975,3,0,1,6,0,0,0,0,0,0,0,0,0,0,0,0,0,0,0,0,0,201
1976,1,0,1,4,1,1,0,5,24,0,1,1,1,0,1,0,1,1,0,0,0,201
1976,2,1,2,1,1,1,0,5,24,0,1,1,1,0,0,0,0,1,0,1,0,201
1976,3,0,1,6,0,0,0,0,0,0,0,0,0,0,0,0,0,0,0,0,0,201
1977,1,1,3,2,1,1,0,5,24,0,1,1,1,0,0,0,1,0,1,0,1,201
1977,2,0,3,6,1,1,0,5,24,0,1,1,1,0,0,1,0,1,0,1,0,201
1977,3,0,1,6,0,0,0,0,0,0,0,0,0,0,0,0,0,0,0,0,0,201
1978,1,0,3,6,1,1,0,5,24,0,1,1,1,0,1,0,1,0,1,0,0,201
1978,2,1,1,3,1,1,0,5,24,0,1,1,1,0,1,0,0,0,1,0,1,201
1978,3,0,1,6,0,0,0,0,0,0,0,0,0,0,0,0,0,0,0,0,0,201
1979,1,0,3,6,1,1,0,5,24,0,1,1,1,1,0,1,0,0,1,0,1,201
1979,2,1,3,2,1,1,0,5,24,0,1,1,1,1,0,0,1,0,0,0,1,201
1979,3,0,1,6,0,0,0,0,0,0,0,0,0,0,0,0,0,0,0,0,0,201
1980,1,1,2,1,1,1,0,5,24,0,1,1,1,0,1,1,0,0,0,1,0,201
1980,2,0,1,4,1,1,0,5,24,0,1,1,1,1,0,0,0,0,0,0,1,201
1980,3,0,1,6,0,0,0,0,0,0,0,0,0,0,0,0,0,0,0,0,0,201
1981,1,0,3,5,1,1,1,5,25,1,1,1,1,0,1,0,1,0,0,1,0,202
1981,2,1,2,5,1,1,1,5,25,1,1,1,1,1,0,0,1,0,1,1,0,202
1981,3,0,1,6,0,0,0,0,0,0,0,0,0,0,0,0,0,0,0,0,0,202
1982,1,0,1,3,1,1,1,5,25,1,1,1,1,0,1,1,0,0,0,0,1,202
1982,2,1,2,3,1,1,1,5,25,1,1,1,1,0,1,1,0,0,0,1,0,202
1982,3,0,1,6,0,0,0,0,0,0,0,0,0,0,0,0,0,0,0,0,0,202
1983,1,1,3,2,1,1,1,5,25,1,1,1,1,0,0,1,0,1,0,0,0,202
1983,2,0,1,4,1,1,1,5,25,1,1,1,1,0,1,0,1,0,0,1,0,202
1983,3,0,1,6,0,0,0,0,0,0,0,0,0,0,0,0,0,0,0,0,0,202
1984,1,1,2,4,1,1,1,5,25,1,1,1,1,1,0,1,0,1,0,0,0,202
1984,2,0,3,6,1,1,1,5,25,1,1,1,1,0,1,1,0,1,0,0,1,202
1984,3,0,1,6,0,0,0,0,0,0,0,0,0,0,0,0,0,0,0,0,0,202
1985,1,0,3,2,1,1,1,5,25,1,1,1,1,1,0,0,0,1,0,1,0,202
1985,2,1,3,1,1,1,1,5,25,1,1,1,1,0,0,0,0,0,1,0,1,202
1985,3,0,1,6,0,0,0,0,0,0,0,0,0,0,0,0,0,0,0,0,0,202
1986,1,1,2,1,1,1,1,5,25,1,1,1,1,0,1,0,0,0,1,0,1,202
1986,2,0,2,5,1,1,1,5,25,1,1,1,1,0,0,1,0,0,1,0,1,202
1986,3,0,1,6,0,0,0,0,0,0,0,0,0,0,0,0,0,0,0,0,0,202
1987,1,0,1,6,1,1,1,5,25,1,1,1,1,0,0,0,0,0,1,0,1,202
1987,2,1,1,4,1,1,1,5,25,1,1,1,1,0,0,0,0,0,0,0,0,202
1987,3,0,1,6,0,0,0,0,0,0,0,0,0,0,0,0,0,0,0,0,0,202
1988,1,1,2,1,1,1,1,5,25,1,1,1,1,0,0,0,1,0,1,0,0,202
1988,2,0,1,2,1,1,1,5,25,1,1,1,1,1,0,0,1,1,0,0,0,202
1988,3,0,1,6,0,0,0,0,0,0,0,0,0,0,0,0,0,0,0,0,0,202
1989,1,1,1,3,1,1,1,5,25,1,1,1,1,1,0,0,1,0,0,1,0,202
1989,2,0,3,6,1,1,1,5,25,1,1,1,1,1,0,0,0,1,0,0,0,202
1989,3,0,1,6,0,0,0,0,0,0,0,0,0,0,0,0,0,0,0,0,0,202
1990,1,1,2,3,1,1,0,5,25,0,1,1,1,1,0,0,1,1,0,0,1,203
1990,2,0,1,4,1,1,0,5,25,0,1,1,1,1,0,1,0,0,1,1,0,203
1990,3,0,1,6,0,0,0,0,0,0,0,0,0,0,0,0,0,0,0,0,0,203
1991,1,1,3,6,1,1,0,5,25,0,1,1,1,0,1,1,0,1,0,1,0,203
1991,2,0,1,5,1,1,0,5,25,0,1,1,1,0,0,1,0,1,0,0,0,203
1991,3,0,1,6,0,0,0,0,0,0,0,0,0,0,0,0,0,0,0,0,0,203
1992,1,0,2,3,1,1,0,5,25,0,1,1,1,0,0,0,1,1,0,1,0,203
1992,2,1,2,3,1,1,0,5,25,0,1,1,1,0,0,0,1,0,0,0,1,203
1992,3,0,1,6,0,0,0,0,0,0,0,0,0,0,0,0,0,0,0,0,0,203
1993,1,0,1,2,1,1,0,5,25,0,1,1,1,0,0,1,0,0,1,1,0,203
1993,2,1,2,5,1,1,0,5,25,0,1,1,1,0,1,0,0,1,0,0,1,203
1993,3,0,1,6,0,0,0,0,0,0,0,0,0,0,0,0,0,0,0,0,0,203
1994,1,0,2,5,1,1,0,5,25,0,1,1,1,1,0,0,0,0,1,0,0,203
1994,2,1,2,6,1,1,0,5,25,0,1,1,1,1,0,0,0,0,0,1,0,203
1994,3,0,1,6,0,0,0,0,0,0,0,0,0,0,0,0,0,0,0,0,0,203
1995,1,1,1,2,1,1,0,5,25,0,1,1,1,0,1,1,0,0,1,0,0,203
1995,2,0,3,1,1,1,0,5,25,0,1,1,1,1,0,1,0,0,1,0,0,203
1995,3,0,1,6,0,0,0,0,0,0,0,0,0,0,0,0,0,0,0,0,0,203
1996,1,1,3,1,1,1,0,5,25,0,1,1,1,0,1,0,0,0,0,0,0,203
1996,2,0,3,6,1,1,0,5,25,0,1,1,1,0,0,0,1,0,0,0,0,203
1996,3,0,1,6,0,0,0,0,0,0,0,0,0,0,0,0,0,0,0,0,0,203
1997,1,0,1,4,1,1,0,5,25,0,1,1,1,0,0,0,1,0,0,0,1,203
1997,2,1,3,4,1,1,0,5,25,0,1,1,1,0,1,0,1,0,1,0,1,203
1997,3,0,1,6,0,0,0,0,0,0,0,0,0,0,0,0,0,0,0,0,0,203
1998,1,1,3,1,1,1,0,5,25,0,1,1,1,1,0,0,0,0,0,0,1,203
1998,2,0,1,2,1,1,0,5,25,0,1,1,1,0,1,0,0,1,0,1,0,203
1998,3,0,1,6,0,0,0,0,0,0,0,0,0,0,0,0,0,0,0,0,0,203
1999,1,1,3,5,1,0,1,5,22,1,2,1,1,0,1,0,1,0,0,1,0,204
1999,2,0,2,5,1,0,1,5,22,1,2,1,1,1,0,0,1,0,1,1,0,204
1999,3,0,1,6,0,0,0,0,0,0,0,0,0,0,0,0,0,0,0,0,0,204
2000,1,0,1,3,1,0,1,5,22,1,2,1,1,0,1,1,0,0,0,0,1,204
2000,2,1,2,3,1,0,1,5,22,1,2,1,1,0,1,1,0,0,0,1,0,204
2000,3,0,1,6,0,0,0,0,0,0,0,0,0,0,0,0,0,0,0,0,0,204
2001,1,1,3,2,1,0,1,5,22,1,2,1,1,0,0,1,0,1,0,0,0,204
2001,2,0,1,4,1,0,1,5,22,1,2,1,1,0,1,0,1,0,0,1,0,204
2001,3,0,1,6,0,0,0,0,0,0,0,0,0,0,0,0,0,0,0,0,0,204
2002,1,1,2,4,1,0,1,5,22,1,2,1,1,1,0,1,0,1,0,0,0,204
2002,2,0,3,6,1,0,1,5,22,1,2,1,1,0,1,1,0,1,0,0,1,204
2002,3,0,1,6,0,0,0,0,0,0,0,0,0,0,0,0,0,0,0,0,0,204
2003,1,0,3,2,1,0,1,5,22,1,2,1,1,1,0,0,0,1,0,1,0,204
2003,2,1,3,1,1,0,1,5,22,1,2,1,1,0,0,0,0,0,1,0,1,204
2003,3,0,1,6,0,0,0,0,0,0,0,0,0,0,0,0,0,0,0,0,0,204
2004,1,1,2,1,1,0,1,5,22,1,2,1,1,0,1,0,0,0,1,0,1,204
2004,2,0,2,5,1,0,1,5,22,1,2,1,1,0,0,1,0,0,1,0,1,204
2004,3,0,1,6,0,0,0,0,0,0,0,0,0,0,0,0,0,0,0,0,0,204
2005,1,0,1,6,1,0,1,5,22,1,2,1,1,0,0,0,0,0,1,0,1,204
2005,2,1,1,4,1,0,1,5,22,1,2,1,1,0,0,0,0,0,0,0,0,204
2005,3,0,1,6,0,0,0,0,0,0,0,0,0,0,0,0,0,0,0,0,0,204
2006,1,1,2,1,1,0,1,5,22,1,2,1,1,0,0,0,1,0,1,0,0,204
2006,2,0,1,2,1,0,1,5,22,1,2,1,1,1,0,0,1,1,0,0,0,204
2006,3,0,1,6,0,0,0,0,0,0,0,0,0,0,0,0,0,0,0,0,0,204
2007,1,1,1,3,1,0,1,5,22,1,2,1,1,1,0,0,1,0,0,1,0,204
2007,2,0,3,6,1,0,1,5,22,1,2,1,1,1,0,0,0,1,0,0,0,204
2007,3,0,1,6,0,0,0,0,0,0,0,0,0,0,0,0,0,0,0,0,0,204
2017,1,1,2,3,1,0,0,5,18,0,1,2,0,1,0,0,1,1,0,0,1,205
2017,2,0,1,4,1,0,0,5,18,0,1,2,0,1,0,1,0,0,1,1,0,205
2017,3,0,1,6,0,0,0,0,0,0,0,0,0,0,0,0,0,0,0,0,0,205
2018,1,0,3,6,1,0,0,5,18,0,1,2,0,0,1,1,0,1,0,1,0,205
2018,2,1,1,5,1,0,0,5,18,0,1,2,0,0,0,1,0,1,0,0,0,205
2018,3,0,1,6,0,0,0,0,0,0,0,0,0,0,0,0,0,0,0,0,0,205
2019,1,0,2,3,1,0,0,5,18,0,1,2,0,0,0,0,1,1,0,1,0,205
2019,2,1,2,3,1,0,0,5,18,0,1,2,0,0,0,0,1,0,0,0,1,205
2019,3,0,1,6,0,0,0,0,0,0,0,0,0,0,0,0,0,0,0,0,0,205
2020,1,1,1,2,1,0,0,5,18,0,1,2,0,0,0,1,0,0,1,1,0,205
2020,2,0,2,5,1,0,0,5,18,0,1,2,0,0,1,0,0,1,0,0,1,205
2020,3,0,1,6,0,0,0,0,0,0,0,0,0,0,0,0,0,0,0,0,0,205
2021,1,1,2,5,1,0,0,5,18,0,1,2,0,1,0,0,0,0,1,0,0,205
2021,2,0,2,6,1,0,0,5,18,0,1,2,0,1,0,0,0,0,0,1,0,205
2021,3,0,1,6,0,0,0,0,0,0,0,0,0,0,0,0,0,0,0,0,0,205
2022,1,0,1,2,1,0,0,5,18,0,1,2,0,0,1,1,0,0,1,0,0,205
2022,2,1,3,1,1,0,0,5,18,0,1,2,0,1,0,1,0,0,1,0,0,205
2022,3,0,1,6,0,0,0,0,0,0,0,0,0,0,0,0,0,0,0,0,0,205
2023,1,1,3,1,1,0,0,5,18,0,1,2,0,0,1,0,0,0,0,0,0,205
2023,2,0,3,6,1,0,0,5,18,0,1,2,0,0,0,0,1,0,0,0,0,205
2023,3,0,1,6,0,0,0,0,0,0,0,0,0,0,0,0,0,0,0,0,0,205
2024,1,0,1,4,1,0,0,5,18,0,1,2,0,0,0,0,1,0,0,0,1,205
2024,2,1,3,4,1,0,0,5,18,0,1,2,0,0,1,0,1,0,1,0,1,205
2024,3,0,1,6,0,0,0,0,0,0,0,0,0,0,0,0,0,0,0,0,0,205
2025,1,0,3,1,1,0,0,5,18,0,1,2,0,1,0,0,0,0,0,0,1,205
2025,2,1,1,2,1,0,0,5,18,0,1,2,0,0,1,0,0,1,0,1,0,205
2025,3,0,1,6,0,0,0,0,0,0,0,0,0,0,0,0,0,0,0,0,0,205
2026,1,0,2,5,1,0,0,4,35,1,2,1,1,1,0,1,0,0,0,0,1,206
2026,2,1,2,1,1,0,0,4,35,1,2,1,1,0,0,0,1,1,0,0,0,206
2026,3,0,1,6,0,0,0,0,0,0,0,0,0,0,0,0,0,0,0,0,0,206
2027,1,0,2,5,1,0,0,4,35,1,2,1,1,0,0,0,0,0,0,1,0,206
2027,2,1,1,3,1,0,0,4,35,1,2,1,1,0,1,1,0,0,1,0,0,206
2027,3,0,1,6,0,0,0,0,0,0,0,0,0,0,0,0,0,0,0,0,0,206
2028,1,1,1,3,1,0,0,4,35,1,2,1,1,1,0,0,0,1,0,0,0,206
2028,2,0,2,5,1,0,0,4,35,1,2,1,1,0,1,0,1,0,1,0,0,206
2028,3,0,1,6,0,0,0,0,0,0,0,0,0,0,0,0,0,0,0,0,0,206
2029,1,0,1,4,1,0,0,4,35,1,2,1,1,0,0,0,0,1,0,1,0,206
2029,2,1,3,2,1,0,0,4,35,1,2,1,1,1,0,1,0,0,0,1,0,206
2029,3,0,1,6,0,0,0,0,0,0,0,0,0,0,0,0,0,0,0,0,0,206
2030,1,1,1,4,1,0,0,4,35,1,2,1,1,0,1,0,1,1,0,0,0,206
2030,2,0,2,1,1,0,0,4,35,1,2,1,1,0,0,0,0,1,0,1,0,206
2030,3,0,1,6,0,0,0,0,0,0,0,0,0,0,0,0,0,0,0,0,0,206
2031,1,1,3,2,1,0,0,4,35,1,2,1,1,0,0,0,1,0,1,0,1,206
2031,2,0,3,6,1,0,0,4,35,1,2,1,1,0,0,1,0,1,0,1,0,206
2031,3,0,1,6,0,0,0,0,0,0,0,0,0,0,0,0,0,0,0,0,0,206
2032,1,0,3,6,1,0,0,4,35,1,2,1,1,0,1,0,1,0,1,0,0,206
2032,2,1,1,3,1,0,0,4,35,1,2,1,1,0,1,0,0,0,1,0,1,206
2032,3,0,1,6,0,0,0,0,0,0,0,0,0,0,0,0,0,0,0,0,0,206
2033,1,1,3,6,1,0,0,4,35,1,2,1,1,1,0,1,0,0,1,0,1,206
2033,2,0,3,2,1,0,0,4,35,1,2,1,1,1,0,0,1,0,0,0,1,206
2033,3,0,1,6,0,0,0,0,0,0,0,0,0,0,0,0,0,0,0,0,0,206
2034,1,1,2,1,1,0,0,4,35,1,2,1,1,0,1,1,0,0,0,1,0,206
2034,2,0,1,4,1,0,0,4,35,1,2,1,1,1,0,0,0,0,0,0,1,206
2034,3,0,1,6,0,0,0,0,0,0,0,0,0,0,0,0,0,0,0,0,0,206
2035,1,1,2,3,1,0,1,4,27,0,1,1,1,1,0,0,1,1,0,0,1,207
2035,2,0,1,4,1,0,1,4,27,0,1,1,1,1,0,1,0,0,1,1,0,207
2035,3,0,1,6,0,0,0,0,0,0,0,0,0,0,0,0,0,0,0,0,0,207
2036,1,1,3,6,1,0,1,4,27,0,1,1,1,0,1,1,0,1,0,1,0,207
2036,2,0,1,5,1,0,1,4,27,0,1,1,1,0,0,1,0,1,0,0,0,207
2036,3,0,1,6,0,0,0,0,0,0,0,0,0,0,0,0,0,0,0,0,0,207
2037,1,1,2,3,1,0,1,4,27,0,1,1,1,0,0,0,1,1,0,1,0,207
2037,2,0,2,3,1,0,1,4,27,0,1,1,1,0,0,0,1,0,0,0,1,207
2037,3,0,1,6,0,0,0,0,0,0,0,0,0,0,0,0,0,0,0,0,0,207
2038,1,0,1,2,1,0,1,4,27,0,1,1,1,0,0,1,0,0,1,1,0,207
2038,2,1,2,5,1,0,1,4,27,0,1,1,1,0,1,0,0,1,0,0,1,207
2038,3,0,1,6,0,0,0,0,0,0,0,0,0,0,0,0,0,0,0,0,0,207
2039,1,1,2,5,1,0,1,4,27,0,1,1,1,1,0,0,0,0,1,0,0,207
2039,2,0,2,6,1,0,1,4,27,0,1,1,1,1,0,0,0,0,0,1,0,207
2039,3,0,1,6,0,0,0,0,0,0,0,0,0,0,0,0,0,0,0,0,0,207
2040,1,1,1,2,1,0,1,4,27,0,1,1,1,0,1,1,0,0,1,0,0,207
2040,2,0,3,1,1,0,1,4,27,0,1,1,1,1,0,1,0,0,1,0,0,207
2040,3,0,1,6,0,0,0,0,0,0,0,0,0,0,0,0,0,0,0,0,0,207
2041,1,1,3,1,1,0,1,4,27,0,1,1,1,0,1,0,0,0,0,0,0,207
2041,2,0,3,6,1,0,1,4,27,0,1,1,1,0,0,0,1,0,0,0,0,207
2041,3,0,1,6,0,0,0,0,0,0,0,0,0,0,0,0,0,0,0,0,0,207
2042,1,0,1,4,1,0,1,4,27,0,1,1,1,0,0,0,1,0,0,0,1,207
2042,2,1,3,4,1,0,1,4,27,0,1,1,1,0,1,0,1,0,1,0,1,207
2042,3,0,1,6,0,0,0,0,0,0,0,0,0,0,0,0,0,0,0,0,0,207
2043,1,0,3,1,1,0,1,4,27,0,1,1,1,1,0,0,0,0,0,0,1,207
2043,2,1,1,2,1,0,1,4,27,0,1,1,1,0,1,0,0,1,0,1,0,207
2043,3,0,1,6,0,0,0,0,0,0,0,0,0,0,0,0,0,0,0,0,0,207
2044,1,0,2,3,1,1,0,5,22,1,1,1,1,1,0,0,1,1,0,0,1,208
2044,2,0,1,4,1,1,0,5,22,1,1,1,1,1,0,1,0,0,1,1,0,208
2044,3,1,1,6,0,0,0,0,0,0,0,0,0,0,0,0,0,0,0,0,0,208
2045,1,0,3,6,1,1,0,5,22,1,1,1,1,0,1,1,0,1,0,1,0,208
2045,2,0,1,5,1,1,0,5,22,1,1,1,1,0,0,1,0,1,0,0,0,208
2045,3,1,1,6,0,0,0,0,0,0,0,0,0,0,0,0,0,0,0,0,0,208
2046,1,0,2,3,1,1,0,5,22,1,1,1,1,0,0,0,1,1,0,1,0,208
2046,2,0,2,3,1,1,0,5,22,1,1,1,1,0,0,0,1,0,0,0,1,208
2046,3,1,1,6,0,0,0,0,0,0,0,0,0,0,0,0,0,0,0,0,0,208
2047,1,0,1,2,1,1,0,5,22,1,1,1,1,0,0,1,0,0,1,1,0,208
2047,2,0,2,5,1,1,0,5,22,1,1,1,1,0,1,0,0,1,0,0,1,208
2047,3,1,1,6,0,0,0,0,0,0,0,0,0,0,0,0,0,0,0,0,0,208
2048,1,1,2,5,1,1,0,5,22,1,1,1,1,1,0,0,0,0,1,0,0,208
2048,2,0,2,6,1,1,0,5,22,1,1,1,1,1,0,0,0,0,0,1,0,208
2048,3,0,1,6,0,0,0,0,0,0,0,0,0,0,0,0,0,0,0,0,0,208
2049,1,0,1,2,1,1,0,5,22,1,1,1,1,0,1,1,0,0,1,0,0,208
2049,2,1,3,1,1,1,0,5,22,1,1,1,1,1,0,1,0,0,1,0,0,208
2049,3,0,1,6,0,0,0,0,0,0,0,0,0,0,0,0,0,0,0,0,0,208
2050,1,0,3,1,1,1,0,5,22,1,1,1,1,0,1,0,0,0,0,0,0,208
2050,2,0,3,6,1,1,0,5,22,1,1,1,1,0,0,0,1,0,0,0,0,208
2050,3,1,1,6,0,0,0,0,0,0,0,0,0,0,0,0,0,0,0,0,0,208
2051,1,0,1,4,1,1,0,5,22,1,1,1,1,0,0,0,1,0,0,0,1,208
2051,2,0,3,4,1,1,0,5,22,1,1,1,1,0,1,0,1,0,1,0,1,208
2051,3,1,1,6,0,0,0,0,0,0,0,0,0,0,0,0,0,0,0,0,0,208
2052,1,1,3,1,1,1,0,5,22,1,1,1,1,1,0,0,0,0,0,0,1,208
2052,2,0,1,2,1,1,0,5,22,1,1,1,1,0,1,0,0,1,0,1,0,208
2052,3,0,1,6,0,0,0,0,0,0,0,0,0,0,0,0,0,0,0,0,0,208
2053,1,0,2,5,1,0,1,4,22,1,2,1,1,1,0,1,0,0,0,0,1,209
2053,2,1,2,1,1,0,1,4,22,1,2,1,1,0,0,0,1,1,0,0,0,209
2053,3,0,1,6,0,0,0,0,0,0,0,0,0,0,0,0,0,0,0,0,0,209
2054,1,1,2,5,1,0,1,4,22,1,2,1,1,0,0,0,0,0,0,1,0,209
2054,2,0,1,3,1,0,1,4,22,1,2,1,1,0,1,1,0,0,1,0,0,209
2054,3,0,1,6,0,0,0,0,0,0,0,0,0,0,0,0,0,0,0,0,0,209
2055,1,0,1,3,1,0,1,4,22,1,2,1,1,1,0,0,0,1,0,0,0,209
2055,2,1,2,5,1,0,1,4,22,1,2,1,1,0,1,0,1,0,1,0,0,209
2055,3,0,1,6,0,0,0,0,0,0,0,0,0,0,0,0,0,0,0,0,0,209
2056,1,0,1,4,1,0,1,4,22,1,2,1,1,0,0,0,0,1,0,1,0,209
2056,2,1,3,2,1,0,1,4,22,1,2,1,1,1,0,1,0,0,0,1,0,209
2056,3,0,1,6,0,0,0,0,0,0,0,0,0,0,0,0,0,0,0,0,0,209
2057,1,1,1,4,1,0,1,4,22,1,2,1,1,0,1,0,1,1,0,0,0,209
2057,2,0,2,1,1,0,1,4,22,1,2,1,1,0,0,0,0,1,0,1,0,209
2057,3,0,1,6,0,0,0,0,0,0,0,0,0,0,0,0,0,0,0,0,0,209
2058,1,1,3,2,1,0,1,4,22,1,2,1,1,0,0,0,1,0,1,0,1,209
2058,2,0,3,6,1,0,1,4,22,1,2,1,1,0,0,1,0,1,0,1,0,209
2058,3,0,1,6,0,0,0,0,0,0,0,0,0,0,0,0,0,0,0,0,0,209
2059,1,1,3,6,1,0,1,4,22,1,2,1,1,0,1,0,1,0,1,0,0,209
2059,2,0,1,3,1,0,1,4,22,1,2,1,1,0,1,0,0,0,1,0,1,209
2059,3,0,1,6,0,0,0,0,0,0,0,0,0,0,0,0,0,0,0,0,0,209
2060,1,1,3,6,1,0,1,4,22,1,2,1,1,1,0,1,0,0,1,0,1,209
2060,2,0,3,2,1,0,1,4,22,1,2,1,1,1,0,0,1,0,0,0,1,209
2060,3,0,1,6,0,0,0,0,0,0,0,0,0,0,0,0,0,0,0,0,0,209
2061,1,1,2,1,1,0,1,4,22,1,2,1,1,0,1,1,0,0,0,1,0,209
2061,2,0,1,4,1,0,1,4,22,1,2,1,1,1,0,0,0,0,0,0,1,209
2061,3,0,1,6,0,0,0,0,0,0,0,0,0,0,0,0,0,0,0,0,0,209
2062,1,0,2,5,1,0,0,4,20,0,1,2,0,1,0,1,0,0,0,0,1,210
2062,2,1,2,1,1,0,0,4,20,0,1,2,0,0,0,0,1,1,0,0,0,210
2062,3,0,1,6,0,0,0,0,0,0,0,0,0,0,0,0,0,0,0,0,0,210
2063,1,0,2,5,1,0,0,4,20,0,1,2,0,0,0,0,0,0,0,1,0,210
2063,2,0,1,3,1,0,0,4,20,0,1,2,0,0,1,1,0,0,1,0,0,210
2063,3,1,1,6,0,0,0,0,0,0,0,0,0,0,0,0,0,0,0,0,0,210
2064,1,0,1,3,1,0,0,4,20,0,1,2,0,1,0,0,0,1,0,0,0,210
2064,2,1,2,5,1,0,0,4,20,0,1,2,0,0,1,0,1,0,1,0,0,210
2064,3,0,1,6,0,0,0,0,0,0,0,0,0,0,0,0,0,0,0,0,0,210
2065,1,0,1,4,1,0,0,4,20,0,1,2,0,0,0,0,0,1,0,1,0,210
2065,2,1,3,2,1,0,0,4,20,0,1,2,0,1,0,1,0,0,0,1,0,210
2065,3,0,1,6,0,0,0,0,0,0,0,0,0,0,0,0,0,0,0,0,0,210
2066,1,0,1,4,1,0,0,4,20,0,1,2,0,0,1,0,1,1,0,0,0,210
2066,2,1,2,1,1,0,0,4,20,0,1,2,0,0,0,0,0,1,0,1,0,210
2066,3,0,1,6,0,0,0,0,0,0,0,0,0,0,0,0,0,0,0,0,0,210
2067,1,1,3,2,1,0,0,4,20,0,1,2,0,0,0,0,1,0,1,0,1,210
2067,2,0,3,6,1,0,0,4,20,0,1,2,0,0,0,1,0,1,0,1,0,210
2067,3,0,1,6,0,0,0,0,0,0,0,0,0,0,0,0,0,0,0,0,0,210
2068,1,0,3,6,1,0,0,4,20,0,1,2,0,0,1,0,1,0,1,0,0,210
2068,2,1,1,3,1,0,0,4,20,0,1,2,0,0,1,0,0,0,1,0,1,210
2068,3,0,1,6,0,0,0,0,0,0,0,0,0,0,0,0,0,0,0,0,0,210
2069,1,0,3,6,1,0,0,4,20,0,1,2,0,1,0,1,0,0,1,0,1,210
2069,2,1,3,2,1,0,0,4,20,0,1,2,0,1,0,0,1,0,0,0,1,210
2069,3,0,1,6,0,0,0,0,0,0,0,0,0,0,0,0,0,0,0,0,0,210
2070,1,1,2,1,1,0,0,4,20,0,1,2,0,0,1,1,0,0,0,1,0,210
2070,2,0,1,4,1,0,0,4,20,0,1,2,0,1,0,0,0,0,0,0,1,210
2070,3,0,1,6,0,0,0,0,0,0,0,0,0,0,0,0,0,0,0,0,0,210
2071,1,1,1,5,1,0,0,5,31,1,1,1,0,1,0,0,1,0,0,0,0,211
2071,2,0,1,5,1,0,0,5,31,1,1,1,0,0,0,1,0,0,0,0,1,211
2071,3,0,1,6,0,0,0,0,0,0,0,0,0,0,0,0,0,0,0,0,0,211
2072,1,0,3,3,1,0,0,5,31,1,1,1,0,0,0,0,0,0,0,0,0,211
2072,2,1,2,1,1,0,0,5,31,1,1,1,0,1,0,1,0,1,0,0,1,211
2072,3,0,1,6,0,0,0,0,0,0,0,0,0,0,0,0,0,0,0,0,0,211
2073,1,0,1,5,1,0,0,5,31,1,1,1,0,0,1,0,0,1,0,0,1,211
2073,2,1,1,3,1,0,0,5,31,1,1,1,0,1,0,0,1,1,0,0,1,211
2073,3,0,1,6,0,0,0,0,0,0,0,0,0,0,0,0,0,0,0,0,0,211
2074,1,1,3,4,1,0,0,5,31,1,1,1,0,0,0,1,0,1,0,0,1,211
2074,2,0,2,6,1,0,0,5,31,1,1,1,0,1,0,0,0,0,1,0,0,211
2074,3,0,1,6,0,0,0,0,0,0,0,0,0,0,0,0,0,0,0,0,0,211
2075,1,1,2,2,1,0,0,5,31,1,1,1,0,0,1,0,1,1,0,0,1,211
2075,2,0,3,2,1,0,0,5,31,1,1,1,0,0,1,0,0,0,0,0,0,211
2075,3,0,1,6,0,0,0,0,0,0,0,0,0,0,0,0,0,0,0,0,0,211
2076,1,0,3,4,1,0,0,5,31,1,1,1,0,1,0,0,1,0,1,1,0,211
2076,2,1,2,1,1,0,0,5,31,1,1,1,0,0,1,1,0,0,0,0,0,211
2076,3,0,1,6,0,0,0,0,0,0,0,0,0,0,0,0,0,0,0,0,0,211
2077,1,1,2,6,1,0,0,5,31,1,1,1,0,0,1,0,0,0,1,1,0,211
2077,2,0,3,4,1,0,0,5,31,1,1,1,0,0,1,0,1,1,0,1,0,211
2077,3,0,1,6,0,0,0,0,0,0,0,0,0,0,0,0,0,0,0,0,0,211
2078,1,1,1,1,1,0,0,5,31,1,1,1,0,1,0,1,0,0,1,1,0,211
2078,2,0,1,3,1,0,0,5,31,1,1,1,0,0,0,0,1,0,1,1,0,211
2078,3,0,1,6,0,0,0,0,0,0,0,0,0,0,0,0,0,0,0,0,0,211
2079,1,0,2,6,1,0,0,5,31,1,1,1,0,0,0,1,0,0,0,0,0,211
2079,2,1,3,2,1,0,0,5,31,1,1,1,0,0,0,0,0,0,1,1,0,211
2079,3,0,1,6,0,0,0,0,0,0,0,0,0,0,0,0,0,0,0,0,0,211
2080,1,1,1,5,1,0,1,4,29,0,3,1,1,1,0,0,1,0,0,0,0,212
2080,2,0,1,5,1,0,1,4,29,0,3,1,1,0,0,1,0,0,0,0,1,212
2080,3,0,1,6,0,0,0,0,0,0,0,0,0,0,0,0,0,0,0,0,0,212
2081,1,0,3,3,1,0,1,4,29,0,3,1,1,0,0,0,0,0,0,0,0,212
2081,2,1,2,1,1,0,1,4,29,0,3,1,1,1,0,1,0,1,0,0,1,212
2081,3,0,1,6,0,0,0,0,0,0,0,0,0,0,0,0,0,0,0,0,0,212
2082,1,0,1,5,1,0,1,4,29,0,3,1,1,0,1,0,0,1,0,0,1,212
2082,2,1,1,3,1,0,1,4,29,0,3,1,1,1,0,0,1,1,0,0,1,212
2082,3,0,1,6,0,0,0,0,0,0,0,0,0,0,0,0,0,0,0,0,0,212
2083,1,0,3,4,1,0,1,4,29,0,3,1,1,0,0,1,0,1,0,0,1,212
2083,2,1,2,6,1,0,1,4,29,0,3,1,1,1,0,0,0,0,1,0,0,212
2083,3,0,1,6,0,0,0,0,0,0,0,0,0,0,0,0,0,0,0,0,0,212
2084,1,0,2,2,1,0,1,4,29,0,3,1,1,0,1,0,1,1,0,0,1,212
2084,2,1,3,2,1,0,1,4,29,0,3,1,1,0,1,0,0,0,0,0,0,212
2084,3,0,1,6,0,0,0,0,0,0,0,0,0,0,0,0,0,0,0,0,0,212
2085,1,0,3,4,1,0,1,4,29,0,3,1,1,1,0,0,1,0,1,1,0,212
2085,2,1,2,1,1,0,1,4,29,0,3,1,1,0,1,1,0,0,0,0,0,212
2085,3,0,1,6,0,0,0,0,0,0,0,0,0,0,0,0,0,0,0,0,0,212
2086,1,0,2,6,1,0,1,4,29,0,3,1,1,0,1,0,0,0,1,1,0,212
2086,2,1,3,4,1,0,1,4,29,0,3,1,1,0,1,0,1,1,0,1,0,212
2086,3,0,1,6,0,0,0,0,0,0,0,0,0,0,0,0,0,0,0,0,0,212
2087,1,1,1,1,1,0,1,4,29,0,3,1,1,1,0,1,0,0,1,1,0,212
2087,2,0,1,3,1,0,1,4,29,0,3,1,1,0,0,0,1,0,1,1,0,212
2087,3,0,1,6,0,0,0,0,0,0,0,0,0,0,0,0,0,0,0,0,0,212
2088,1,0,2,6,1,0,1,4,29,0,3,1,1,0,0,1,0,0,0,0,0,212
2088,2,1,3,2,1,0,1,4,29,0,3,1,1,0,0,0,0,0,1,1,0,212
2088,3,0,1,6,0,0,0,0,0,0,0,0,0,0,0,0,0,0,0,0,0,212
2089,1,0,1,5,1,1,0,5,21,0,2,2,1,1,0,0,1,0,0,0,0,213
2089,2,0,1,5,1,1,0,5,21,0,2,2,1,0,0,1,0,0,0,0,1,213
2089,3,1,1,6,0,0,0,0,0,0,0,0,0,0,0,0,0,0,0,0,0,213
2090,1,0,3,3,1,1,0,5,21,0,2,2,1,0,0,0,0,0,0,0,0,213
2090,2,0,2,1,1,1,0,5,21,0,2,2,1,1,0,1,0,1,0,0,1,213
2090,3,1,1,6,0,0,0,0,0,0,0,0,0,0,0,0,0,0,0,0,0,213
2091,1,0,1,5,1,1,0,5,21,0,2,2,1,0,1,0,0,1,0,0,1,213
2091,2,0,1,3,1,1,0,5,21,0,2,2,1,1,0,0,1,1,0,0,1,213
2091,3,1,1,6,0,0,0,0,0,0,0,0,0,0,0,0,0,0,0,0,0,213
2092,1,0,3,4,1,1,0,5,21,0,2,2,1,0,0,1,0,1,0,0,1,213
2092,2,0,2,6,1,1,0,5,21,0,2,2,1,1,0,0,0,0,1,0,0,213
2092,3,1,1,6,0,0,0,0,0,0,0,0,0,0,0,0,0,0,0,0,0,213
2093,1,0,2,2,1,1,0,5,21,0,2,2,1,0,1,0,1,1,0,0,1,213
2093,2,0,3,2,1,1,0,5,21,0,2,2,1,0,1,0,0,0,0,0,0,213
2093,3,1,1,6,0,0,0,0,0,0,0,0,0,0,0,0,0,0,0,0,0,213
2094,1,0,3,4,1,1,0,5,21,0,2,2,1,1,0,0,1,0,1,1,0,213
2094,2,0,2,1,1,1,0,5,21,0,2,2,1,0,1,1,0,0,0,0,0,213
2094,3,1,1,6,0,0,0,0,0,0,0,0,0,0,0,0,0,0,0,0,0,213
2095,1,0,2,6,1,1,0,5,21,0,2,2,1,0,1,0,0,0,1,1,0,213
2095,2,0,3,4,1,1,0,5,21,0,2,2,1,0,1,0,1,1,0,1,0,213
2095,3,1,1,6,0,0,0,0,0,0,0,0,0,0,0,0,0,0,0,0,0,213
2096,1,0,1,1,1,1,0,5,21,0,2,2,1,1,0,1,0,0,1,1,0,213
2096,2,0,1,3,1,1,0,5,21,0,2,2,1,0,0,0,1,0,1,1,0,213
2096,3,1,1,6,0,0,0,0,0,0,0,0,0,0,0,0,0,0,0,0,0,213
2097,1,0,2,6,1,1,0,5,21,0,2,2,1,0,0,1,0,0,0,0,0,213
2097,2,0,3,2,1,1,0,5,21,0,2,2,1,0,0,0,0,0,1,1,0,213
2097,3,1,1,6,0,0,0,0,0,0,0,0,0,0,0,0,0,0,0,0,0,213
2098,1,1,1,5,1,0,1,2,29,1,2,1,1,1,0,0,1,0,0,0,0,214
2098,2,0,1,5,1,0,1,2,29,1,2,1,1,0,0,1,0,0,0,0,1,214
2098,3,0,1,6,0,0,0,0,0,0,0,0,0,0,0,0,0,0,0,0,0,214
2099,1,0,3,3,1,0,1,2,29,1,2,1,1,0,0,0,0,0,0,0,0,214
2099,2,1,2,1,1,0,1,2,29,1,2,1,1,1,0,1,0,1,0,0,1,214
2099,3,0,1,6,0,0,0,0,0,0,0,0,0,0,0,0,0,0,0,0,0,214
2100,1,1,1,5,1,0,1,2,29,1,2,1,1,0,1,0,0,1,0,0,1,214
2100,2,0,1,3,1,0,1,2,29,1,2,1,1,1,0,0,1,1,0,0,1,214
2100,3,0,1,6,0,0,0,0,0,0,0,0,0,0,0,0,0,0,0,0,0,214
2101,1,1,3,4,1,0,1,2,29,1,2,1,1,0,0,1,0,1,0,0,1,214
2101,2,0,2,6,1,0,1,2,29,1,2,1,1,1,0,0,0,0,1,0,0,214
2101,3,0,1,6,0,0,0,0,0,0,0,0,0,0,0,0,0,0,0,0,0,214
2102,1,0,2,2,1,0,1,2,29,1,2,1,1,0,1,0,1,1,0,0,1,214
2102,2,1,3,2,1,0,1,2,29,1,2,1,1,0,1,0,0,0,0,0,0,214
2102,3,0,1,6,0,0,0,0,0,0,0,0,0,0,0,0,0,0,0,0,0,214
2103,1,0,3,4,1,0,1,2,29,1,2,1,1,1,0,0,1,0,1,1,0,214
2103,2,1,2,1,1,0,1,2,29,1,2,1,1,0,1,1,0,0,0,0,0,214
2103,3,0,1,6,0,0,0,0,0,0,0,0,0,0,0,0,0,0,0,0,0,214
2104,1,0,2,6,1,0,1,2,29,1,2,1,1,0,1,0,0,0,1,1,0,214
2104,2,1,3,4,1,0,1,2,29,1,2,1,1,0,1,0,1,1,0,1,0,214
2104,3,0,1,6,0,0,0,0,0,0,0,0,0,0,0,0,0,0,0,0,0,214
2105,1,1,1,1,1,0,1,2,29,1,2,1,1,1,0,1,0,0,1,1,0,214
2105,2,0,1,3,1,0,1,2,29,1,2,1,1,0,0,0,1,0,1,1,0,214
2105,3,0,1,6,0,0,0,0,0,0,0,0,0,0,0,0,0,0,0,0,0,214
2106,1,0,2,6,1,0,1,2,29,1,2,1,1,0,0,1,0,0,0,0,0,214
2106,2,1,3,2,1,0,1,2,29,1,2,1,1,0,0,0,0,0,1,1,0,214
2106,3,0,1,6,0,0,0,0,0,0,0,0,0,0,0,0,0,0,0,0,0,214
2107,1,1,2,3,1,0,1,5,24,0,1,1,1,1,0,0,1,1,0,0,1,215
2107,2,0,1,4,1,0,1,5,24,0,1,1,1,1,0,1,0,0,1,1,0,215
2107,3,0,1,6,0,0,0,0,0,0,0,0,0,0,0,0,0,0,0,0,0,215
2108,1,0,3,6,1,0,1,5,24,0,1,1,1,0,1,1,0,1,0,1,0,215
2108,2,1,1,5,1,0,1,5,24,0,1,1,1,0,0,1,0,1,0,0,0,215
2108,3,0,1,6,0,0,0,0,0,0,0,0,0,0,0,0,0,0,0,0,0,215
2109,1,1,2,3,1,0,1,5,24,0,1,1,1,0,0,0,1,1,0,1,0,215
2109,2,0,2,3,1,0,1,5,24,0,1,1,1,0,0,0,1,0,0,0,1,215
2109,3,0,1,6,0,0,0,0,0,0,0,0,0,0,0,0,0,0,0,0,0,215
2110,1,1,1,2,1,0,1,5,24,0,1,1,1,0,0,1,0,0,1,1,0,215
2110,2,0,2,5,1,0,1,5,24,0,1,1,1,0,1,0,0,1,0,0,1,215
2110,3,0,1,6,0,0,0,0,0,0,0,0,0,0,0,0,0,0,0,0,0,215
2111,1,1,2,5,1,0,1,5,24,0,1,1,1,1,0,0,0,0,1,0,0,215
2111,2,0,2,6,1,0,1,5,24,0,1,1,1,1,0,0,0,0,0,1,0,215
2111,3,0,1,6,0,0,0,0,0,0,0,0,0,0,0,0,0,0,0,0,0,215
2112,1,0,1,2,1,0,1,5,24,0,1,1,1,0,1,1,0,0,1,0,0,215
2112,2,1,3,1,1,0,1,5,24,0,1,1,1,1,0,1,0,0,1,0,0,215
2112,3,0,1,6,0,0,0,0,0,0,0,0,0,0,0,0,0,0,0,0,0,215
2113,1,1,3,1,1,0,1,5,24,0,1,1,1,0,1,0,0,0,0,0,0,215
2113,2,0,3,6,1,0,1,5,24,0,1,1,1,0,0,0,1,0,0,0,0,215
2113,3,0,1,6,0,0,0,0,0,0,0,0,0,0,0,0,0,0,0,0,0,215
2114,1,0,1,4,1,0,1,5,24,0,1,1,1,0,0,0,1,0,0,0,1,215
2114,2,1,3,4,1,0,1,5,24,0,1,1,1,0,1,0,1,0,1,0,1,215
2114,3,0,1,6,0,0,0,0,0,0,0,0,0,0,0,0,0,0,0,0,0,215
2115,1,1,3,1,1,0,1,5,24,0,1,1,1,1,0,0,0,0,0,0,1,215
2115,2,0,1,2,1,0,1,5,24,0,1,1,1,0,1,0,0,1,0,1,0,215
2115,3,0,1,6,0,0,0,0,0,0,0,0,0,0,0,0,0,0,0,0,0,215
2116,1,1,1,5,1,0,1,4,23,1,2,2,1,1,0,0,1,0,0,0,0,216
2116,2,0,1,5,1,0,1,4,23,1,2,2,1,0,0,1,0,0,0,0,1,216
2116,3,0,1,6,0,0,0,0,0,0,0,0,0,0,0,0,0,0,0,0,0,216
2117,1,0,3,3,1,0,1,4,23,1,2,2,1,0,0,0,0,0,0,0,0,216
2117,2,1,2,1,1,0,1,4,23,1,2,2,1,1,0,1,0,1,0,0,1,216
2117,3,0,1,6,0,0,0,0,0,0,0,0,0,0,0,0,0,0,0,0,0,216
2118,1,1,1,5,1,0,1,4,23,1,2,2,1,0,1,0,0,1,0,0,1,216
2118,2,0,1,3,1,0,1,4,23,1,2,2,1,1,0,0,1,1,0,0,1,216
2118,3,0,1,6,0,0,0,0,0,0,0,0,0,0,0,0,0,0,0,0,0,216
2119,1,0,3,4,1,0,1,4,23,1,2,2,1,0,0,1,0,1,0,0,1,216
2119,2,1,2,6,1,0,1,4,23,1,2,2,1,1,0,0,0,0,1,0,0,216
2119,3,0,1,6,0,0,0,0,0,0,0,0,0,0,0,0,0,0,0,0,0,216
2120,1,1,2,2,1,0,1,4,23,1,2,2,1,0,1,0,1,1,0,0,1,216
2120,2,0,3,2,1,0,1,4,23,1,2,2,1,0,1,0,0,0,0,0,0,216
2120,3,0,1,6,0,0,0,0,0,0,0,0,0,0,0,0,0,0,0,0,0,216
2121,1,0,3,4,1,0,1,4,23,1,2,2,1,1,0,0,1,0,1,1,0,216
2121,2,1,2,1,1,0,1,4,23,1,2,2,1,0,1,1,0,0,0,0,0,216
2121,3,0,1,6,0,0,0,0,0,0,0,0,0,0,0,0,0,0,0,0,0,216
2122,1,0,2,6,1,0,1,4,23,1,2,2,1,0,1,0,0,0,1,1,0,216
2122,2,1,3,4,1,0,1,4,23,1,2,2,1,0,1,0,1,1,0,1,0,216
2122,3,0,1,6,0,0,0,0,0,0,0,0,0,0,0,0,0,0,0,0,0,216
2123,1,1,1,1,1,0,1,4,23,1,2,2,1,1,0,1,0,0,1,1,0,216
2123,2,0,1,3,1,0,1,4,23,1,2,2,1,0,0,0,1,0,1,1,0,216
2123,3,0,1,6,0,0,0,0,0,0,0,0,0,0,0,0,0,0,0,0,0,216
2124,1,0,2,6,1,0,1,4,23,1,2,2,1,0,0,1,0,0,0,0,0,216
2124,2,1,3,2,1,0,1,4,23,1,2,2,1,0,0,0,0,0,1,1,0,216
2124,3,0,1,6,0,0,0,0,0,0,0,0,0,0,0,0,0,0,0,0,0,216
2125,1,1,1,5,1,1,0,4,27,0,2,1,1,1,0,0,1,0,0,0,0,217
2125,2,0,1,5,1,1,0,4,27,0,2,1,1,0,0,1,0,0,0,0,1,217
2125,3,0,1,6,0,0,0,0,0,0,0,0,0,0,0,0,0,0,0,0,0,217
2126,1,1,3,3,1,1,0,4,27,0,2,1,1,0,0,0,0,0,0,0,0,217
2126,2,0,2,1,1,1,0,4,27,0,2,1,1,1,0,1,0,1,0,0,1,217
2126,3,0,1,6,0,0,0,0,0,0,0,0,0,0,0,0,0,0,0,0,0,217
2127,1,1,1,5,1,1,0,4,27,0,2,1,1,0,1,0,0,1,0,0,1,217
2127,2,0,1,3,1,1,0,4,27,0,2,1,1,1,0,0,1,1,0,0,1,217
2127,3,0,1,6,0,0,0,0,0,0,0,0,0,0,0,0,0,0,0,0,0,217
2128,1,1,3,4,1,1,0,4,27,0,2,1,1,0,0,1,0,1,0,0,1,217
2128,2,0,2,6,1,1,0,4,27,0,2,1,1,1,0,0,0,0,1,0,0,217
2128,3,0,1,6,0,0,0,0,0,0,0,0,0,0,0,0,0,0,0,0,0,217
2129,1,0,2,2,1,1,0,4,27,0,2,1,1,0,1,0,1,1,0,0,1,217
2129,2,1,3,2,1,1,0,4,27,0,2,1,1,0,1,0,0,0,0,0,0,217
2129,3,0,1,6,0,0,0,0,0,0,0,0,0,0,0,0,0,0,0,0,0,217
2130,1,0,3,4,1,1,0,4,27,0,2,1,1,1,0,0,1,0,1,1,0,217
2130,2,1,2,1,1,1,0,4,27,0,2,1,1,0,1,1,0,0,0,0,0,217
2130,3,0,1,6,0,0,0,0,0,0,0,0,0,0,0,0,0,0,0,0,0,217
2131,1,0,2,6,1,1,0,4,27,0,2,1,1,0,1,0,0,0,1,1,0,217
2131,2,1,3,4,1,1,0,4,27,0,2,1,1,0,1,0,1,1,0,1,0,217
2131,3,0,1,6,0,0,0,0,0,0,0,0,0,0,0,0,0,0,0,0,0,217
2132,1,1,1,1,1,1,0,4,27,0,2,1,1,1,0,1,0,0,1,1,0,217
2132,2,0,1,3,1,1,0,4,27,0,2,1,1,0,0,0,1,0,1,1,0,217
2132,3,0,1,6,0,0,0,0,0,0,0,0,0,0,0,0,0,0,0,0,0,217
2133,1,0,2,6,1,1,0,4,27,0,2,1,1,0,0,1,0,0,0,0,0,217
2133,2,1,3,2,1,1,0,4,27,0,2,1,1,0,0,0,0,0,1,1,0,217
2133,3,0,1,6,0,0,0,0,0,0,0,0,0,0,0,0,0,0,0,0,0,217
2134,1,1,2,5,1,0,1,3,26,1,1,1,1,1,0,1,0,0,0,0,1,218
2134,2,0,2,1,1,0,1,3,26,1,1,1,1,0,0,0,1,1,0,0,0,218
2134,3,0,1,6,0,0,0,0,0,0,0,0,0,0,0,0,0,0,0,0,0,218
2135,1,1,2,5,1,0,1,3,26,1,1,1,1,0,0,0,0,0,0,1,0,218
2135,2,0,1,3,1,0,1,3,26,1,1,1,1,0,1,1,0,0,1,0,0,218
2135,3,0,1,6,0,0,0,0,0,0,0,0,0,0,0,0,0,0,0,0,0,218
2136,1,1,1,3,1,0,1,3,26,1,1,1,1,1,0,0,0,1,0,0,0,218
2136,2,0,2,5,1,0,1,3,26,1,1,1,1,0,1,0,1,0,1,0,0,218
2136,3,0,1,6,0,0,0,0,0,0,0,0,0,0,0,0,0,0,0,0,0,218
2137,1,1,1,4,1,0,1,3,26,1,1,1,1,0,0,0,0,1,0,1,0,218
2137,2,0,3,2,1,0,1,3,26,1,1,1,1,1,0,1,0,0,0,1,0,218
2137,3,0,1,6,0,0,0,0,0,0,0,0,0,0,0,0,0,0,0,0,0,218
2138,1,0,1,4,1,0,1,3,26,1,1,1,1,0,1,0,1,1,0,0,0,218
2138,2,1,2,1,1,0,1,3,26,1,1,1,1,0,0,0,0,1,0,1,0,218
2138,3,0,1,6,0,0,0,0,0,0,0,0,0,0,0,0,0,0,0,0,0,218
2139,1,1,3,2,1,0,1,3,26,1,1,1,1,0,0,0,1,0,1,0,1,218
2139,2,0,3,6,1,0,1,3,26,1,1,1,1,0,0,1,0,1,0,1,0,218
2139,3,0,1,6,0,0,0,0,0,0,0,0,0,0,0,0,0,0,0,0,0,218
2140,1,0,3,6,1,0,1,3,26,1,1,1,1,0,1,0,1,0,1,0,0,218
2140,2,1,1,3,1,0,1,3,26,1,1,1,1,0,1,0,0,0,1,0,1,218
2140,3,0,1,6,0,0,0,0,0,0,0,0,0,0,0,0,0,0,0,0,0,218
2141,1,0,3,6,1,0,1,3,26,1,1,1,1,1,0,1,0,0,1,0,1,218
2141,2,1,3,2,1,0,1,3,26,1,1,1,1,1,0,0,1,0,0,0,1,218
2141,3,0,1,6,0,0,0,0,0,0,0,0,0,0,0,0,0,0,0,0,0,218
2142,1,0,2,1,1,0,1,3,26,1,1,1,1,0,1,1,0,0,0,1,0,218
2142,2,1,1,4,1,0,1,3,26,1,1,1,1,1,0,0,0,0,0,0,1,218
2142,3,0,1,6,0,0,0,0,0,0,0,0,0,0,0,0,0,0,0,0,0,218
2143,1,1,2,3,1,0,0,5,29,1,2,2,1,1,0,0,1,1,0,0,1,219
2143,2,0,1,4,1,0,0,5,29,1,2,2,1,1,0,1,0,0,1,1,0,219
2143,3,0,1,6,0,0,0,0,0,0,0,0,0,0,0,0,0,0,0,0,0,219
2144,1,1,3,6,1,0,0,5,29,1,2,2,1,0,1,1,0,1,0,1,0,219
2144,2,0,1,5,1,0,0,5,29,1,2,2,1,0,0,1,0,1,0,0,0,219
2144,3,0,1,6,0,0,0,0,0,0,0,0,0,0,0,0,0,0,0,0,0,219
2145,1,1,2,3,1,0,0,5,29,1,2,2,1,0,0,0,1,1,0,1,0,219
2145,2,0,2,3,1,0,0,5,29,1,2,2,1,0,0,0,1,0,0,0,1,219
2145,3,0,1,6,0,0,0,0,0,0,0,0,0,0,0,0,0,0,0,0,0,219
2146,1,0,1,2,1,0,0,5,29,1,2,2,1,0,0,1,0,0,1,1,0,219
2146,2,1,2,5,1,0,0,5,29,1,2,2,1,0,1,0,0,1,0,0,1,219
2146,3,0,1,6,0,0,0,0,0,0,0,0,0,0,0,0,0,0,0,0,0,219
2147,1,1,2,5,1,0,0,5,29,1,2,2,1,1,0,0,0,0,1,0,0,219
2147,2,0,2,6,1,0,0,5,29,1,2,2,1,1,0,0,0,0,0,1,0,219
2147,3,0,1,6,0,0,0,0,0,0,0,0,0,0,0,0,0,0,0,0,0,219
2148,1,1,1,2,1,0,0,5,29,1,2,2,1,0,1,1,0,0,1,0,0,219
2148,2,0,3,1,1,0,0,5,29,1,2,2,1,1,0,1,0,0,1,0,0,219
2148,3,0,1,6,0,0,0,0,0,0,0,0,0,0,0,0,0,0,0,0,0,219
2149,1,1,3,1,1,0,0,5,29,1,2,2,1,0,1,0,0,0,0,0,0,219
2149,2,0,3,6,1,0,0,5,29,1,2,2,1,0,0,0,1,0,0,0,0,219
2149,3,0,1,6,0,0,0,0,0,0,0,0,0,0,0,0,0,0,0,0,0,219
2150,1,0,1,4,1,0,0,5,29,1,2,2,1,0,0,0,1,0,0,0,1,219
2150,2,1,3,4,1,0,0,5,29,1,2,2,1,0,1,0,1,0,1,0,1,219
2150,3,0,1,6,0,0,0,0,0,0,0,0,0,0,0,0,0,0,0,0,0,219
2151,1,0,3,1,1,0,0,5,29,1,2,2,1,1,0,0,0,0,0,0,1,219
2151,2,1,1,2,1,0,0,5,29,1,2,2,1,0,1,0,0,1,0,1,0,219
2151,3,0,1,6,0,0,0,0,0,0,0,0,0,0,0,0,0,0,0,0,0,219
2152,1,1,1,5,1,0,1,3,21,1,1,1,1,1,0,0,1,0,0,0,0,220
2152,2,0,1,5,1,0,1,3,21,1,1,1,1,0,0,1,0,0,0,0,1,220
2152,3,0,1,6,0,0,0,0,0,0,0,0,0,0,0,0,0,0,0,0,0,220
2153,1,0,3,3,1,0,1,3,21,1,1,1,1,0,0,0,0,0,0,0,0,220
2153,2,1,2,1,1,0,1,3,21,1,1,1,1,1,0,1,0,1,0,0,1,220
2153,3,0,1,6,0,0,0,0,0,0,0,0,0,0,0,0,0,0,0,0,0,220
2154,1,0,1,5,1,0,1,3,21,1,1,1,1,0,1,0,0,1,0,0,1,220
2154,2,1,1,3,1,0,1,3,21,1,1,1,1,1,0,0,1,1,0,0,1,220
2154,3,0,1,6,0,0,0,0,0,0,0,0,0,0,0,0,0,0,0,0,0,220
2155,1,1,3,4,1,0,1,3,21,1,1,1,1,0,0,1,0,1,0,0,1,220
2155,2,0,2,6,1,0,1,3,21,1,1,1,1,1,0,0,0,0,1,0,0,220
2155,3,0,1,6,0,0,0,0,0,0,0,0,0,0,0,0,0,0,0,0,0,220
2156,1,0,2,2,1,0,1,3,21,1,1,1,1,0,1,0,1,1,0,0,1,220
2156,2,1,3,2,1,0,1,3,21,1,1,1,1,0,1,0,0,0,0,0,0,220
2156,3,0,1,6,0,0,0,0,0,0,0,0,0,0,0,0,0,0,0,0,0,220
2157,1,0,3,4,1,0,1,3,21,1,1,1,1,1,0,0,1,0,1,1,0,220
2157,2,1,2,1,1,0,1,3,21,1,1,1,1,0,1,1,0,0,0,0,0,220
2157,3,0,1,6,0,0,0,0,0,0,0,0,0,0,0,0,0,0,0,0,0,220
2158,1,0,2,6,1,0,1,3,21,1,1,1,1,0,1,0,0,0,1,1,0,220
2158,2,1,3,4,1,0,1,3,21,1,1,1,1,0,1,0,1,1,0,1,0,220
2158,3,0,1,6,0,0,0,0,0,0,0,0,0,0,0,0,0,0,0,0,0,220
2159,1,1,1,1,1,0,1,3,21,1,1,1,1,1,0,1,0,0,1,1,0,220
2159,2,0,1,3,1,0,1,3,21,1,1,1,1,0,0,0,1,0,1,1,0,220
2159,3,0,1,6,0,0,0,0,0,0,0,0,0,0,0,0,0,0,0,0,0,220
2160,1,0,2,6,1,0,1,3,21,1,1,1,1,0,0,1,0,0,0,0,0,220
2160,2,1,3,2,1,0,1,3,21,1,1,1,1,0,0,0,0,0,1,1,0,220
2160,3,0,1,6,0,0,0,0,0,0,0,0,0,0,0,0,0,0,0,0,0,220
2161,1,1,1,5,1,0,0,5,22,0,1,1,1,1,0,0,1,0,0,0,0,221
2161,2,0,1,5,1,0,0,5,22,0,1,1,1,0,0,1,0,0,0,0,1,221
2161,3,0,1,6,0,0,0,0,0,0,0,0,0,0,0,0,0,0,0,0,0,221
2162,1,0,3,3,1,0,0,5,22,0,1,1,1,0,0,0,0,0,0,0,0,221
2162,2,1,2,1,1,0,0,5,22,0,1,1,1,1,0,1,0,1,0,0,1,221
2162,3,0,1,6,0,0,0,0,0,0,0,0,0,0,0,0,0,0,0,0,0,221
2163,1,0,1,5,1,0,0,5,22,0,1,1,1,0,1,0,0,1,0,0,1,221
2163,2,1,1,3,1,0,0,5,22,0,1,1,1,1,0,0,1,1,0,0,1,221
2163,3,0,1,6,0,0,0,0,0,0,0,0,0,0,0,0,0,0,0,0,0,221
2164,1,1,3,4,1,0,0,5,22,0,1,1,1,0,0,1,0,1,0,0,1,221
2164,2,0,2,6,1,0,0,5,22,0,1,1,1,1,0,0,0,0,1,0,0,221
2164,3,0,1,6,0,0,0,0,0,0,0,0,0,0,0,0,0,0,0,0,0,221
2165,1,0,2,2,1,0,0,5,22,0,1,1,1,0,1,0,1,1,0,0,1,221
2165,2,1,3,2,1,0,0,5,22,0,1,1,1,0,1,0,0,0,0,0,0,221
2165,3,0,1,6,0,0,0,0,0,0,0,0,0,0,0,0,0,0,0,0,0,221
2166,1,0,3,4,1,0,0,5,22,0,1,1,1,1,0,0,1,0,1,1,0,221
2166,2,1,2,1,1,0,0,5,22,0,1,1,1,0,1,1,0,0,0,0,0,221
2166,3,0,1,6,0,0,0,0,0,0,0,0,0,0,0,0,0,0,0,0,0,221
2167,1,0,2,6,1,0,0,5,22,0,1,1,1,0,1,0,0,0,1,1,0,221
2167,2,1,3,4,1,0,0,5,22,0,1,1,1,0,1,0,1,1,0,1,0,221
2167,3,0,1,6,0,0,0,0,0,0,0,0,0,0,0,0,0,0,0,0,0,221
2168,1,1,1,1,1,0,0,5,22,0,1,1,1,1,0,1,0,0,1,1,0,221
2168,2,0,1,3,1,0,0,5,22,0,1,1,1,0,0,0,1,0,1,1,0,221
2168,3,0,1,6,0,0,0,0,0,0,0,0,0,0,0,0,0,0,0,0,0,221
2169,1,0,2,6,1,0,0,5,22,0,1,1,1,0,0,1,0,0,0,0,0,221
2169,2,1,3,2,1,0,0,5,22,0,1,1,1,0,0,0,0,0,1,1,0,221
2169,3,0,1,6,0,0,0,0,0,0,0,0,0,0,0,0,0,0,0,0,0,221
2170,1,1,1,5,1,0,0,5,23,1,1,1,1,1,0,0,1,0,0,0,0,222
2170,2,0,1,5,1,0,0,5,23,1,1,1,1,0,0,1,0,0,0,0,1,222
2170,3,0,1,6,0,0,0,0,0,0,0,0,0,0,0,0,0,0,0,0,0,222
2171,1,0,3,3,1,0,0,5,23,1,1,1,1,0,0,0,0,0,0,0,0,222
2171,2,1,2,1,1,0,0,5,23,1,1,1,1,1,0,1,0,1,0,0,1,222
2171,3,0,1,6,0,0,0,0,0,0,0,0,0,0,0,0,0,0,0,0,0,222
2172,1,0,1,5,1,0,0,5,23,1,1,1,1,0,1,0,0,1,0,0,1,222
2172,2,1,1,3,1,0,0,5,23,1,1,1,1,1,0,0,1,1,0,0,1,222
2172,3,0,1,6,0,0,0,0,0,0,0,0,0,0,0,0,0,0,0,0,0,222
2173,1,1,3,4,1,0,0,5,23,1,1,1,1,0,0,1,0,1,0,0,1,222
2173,2,0,2,6,1,0,0,5,23,1,1,1,1,1,0,0,0,0,1,0,0,222
2173,3,0,1,6,0,0,0,0,0,0,0,0,0,0,0,0,0,0,0,0,0,222
2174,1,1,2,2,1,0,0,5,23,1,1,1,1,0,1,0,1,1,0,0,1,222
2174,2,0,3,2,1,0,0,5,23,1,1,1,1,0,1,0,0,0,0,0,0,222
2174,3,0,1,6,0,0,0,0,0,0,0,0,0,0,0,0,0,0,0,0,0,222
2175,1,1,3,4,1,0,0,5,23,1,1,1,1,1,0,0,1,0,1,1,0,222
2175,2,0,2,1,1,0,0,5,23,1,1,1,1,0,1,1,0,0,0,0,0,222
2175,3,0,1,6,0,0,0,0,0,0,0,0,0,0,0,0,0,0,0,0,0,222
2176,1,0,2,6,1,0,0,5,23,1,1,1,1,0,1,0,0,0,1,1,0,222
2176,2,1,3,4,1,0,0,5,23,1,1,1,1,0,1,0,1,1,0,1,0,222
2176,3,0,1,6,0,0,0,0,0,0,0,0,0,0,0,0,0,0,0,0,0,222
2177,1,1,1,1,1,0,0,5,23,1,1,1,1,1,0,1,0,0,1,1,0,222
2177,2,0,1,3,1,0,0,5,23,1,1,1,1,0,0,0,1,0,1,1,0,222
2177,3,0,1,6,0,0,0,0,0,0,0,0,0,0,0,0,0,0,0,0,0,222
2178,1,0,2,6,1,0,0,5,23,1,1,1,1,0,0,1,0,0,0,0,0,222
2178,2,1,3,2,1,0,0,5,23,1,1,1,1,0,0,0,0,0,1,1,0,222
2178,3,0,1,6,0,0,0,0,0,0,0,0,0,0,0,0,0,0,0,0,0,222
2179,1,1,1,5,1,0,1,4,25,1,1,1,1,1,0,0,1,0,0,0,0,223
2179,2,0,1,5,1,0,1,4,25,1,1,1,1,0,0,1,0,0,0,0,1,223
2179,3,0,1,6,0,0,0,0,0,0,0,0,0,0,0,0,0,0,0,0,0,223
2180,1,0,3,3,1,0,1,4,25,1,1,1,1,0,0,0,0,0,0,0,0,223
2180,2,1,2,1,1,0,1,4,25,1,1,1,1,1,0,1,0,1,0,0,1,223
2180,3,0,1,6,0,0,0,0,0,0,0,0,0,0,0,0,0,0,0,0,0,223
2181,1,1,1,5,1,0,1,4,25,1,1,1,1,0,1,0,0,1,0,0,1,223
2181,2,0,1,3,1,0,1,4,25,1,1,1,1,1,0,0,1,1,0,0,1,223
2181,3,0,1,6,0,0,0,0,0,0,0,0,0,0,0,0,0,0,0,0,0,223
2182,1,1,3,4,1,0,1,4,25,1,1,1,1,0,0,1,0,1,0,0,1,223
2182,2,0,2,6,1,0,1,4,25,1,1,1,1,1,0,0,0,0,1,0,0,223
2182,3,0,1,6,0,0,0,0,0,0,0,0,0,0,0,0,0,0,0,0,0,223
2183,1,1,2,2,1,0,1,4,25,1,1,1,1,0,1,0,1,1,0,0,1,223
2183,2,0,3,2,1,0,1,4,25,1,1,1,1,0,1,0,0,0,0,0,0,223
2183,3,0,1,6,0,0,0,0,0,0,0,0,0,0,0,0,0,0,0,0,0,223
2184,1,0,3,4,1,0,1,4,25,1,1,1,1,1,0,0,1,0,1,1,0,223
2184,2,1,2,1,1,0,1,4,25,1,1,1,1,0,1,1,0,0,0,0,0,223
2184,3,0,1,6,0,0,0,0,0,0,0,0,0,0,0,0,0,0,0,0,0,223
2185,1,0,2,6,1,0,1,4,25,1,1,1,1,0,1,0,0,0,1,1,0,223
2185,2,1,3,4,1,0,1,4,25,1,1,1,1,0,1,0,1,1,0,1,0,223
2185,3,0,1,6,0,0,0,0,0,0,0,0,0,0,0,0,0,0,0,0,0,223
2186,1,1,1,1,1,0,1,4,25,1,1,1,1,1,0,1,0,0,1,1,0,223
2186,2,0,1,3,1,0,1,4,25,1,1,1,1,0,0,0,1,0,1,1,0,223
2186,3,0,1,6,0,0,0,0,0,0,0,0,0,0,0,0,0,0,0,0,0,223
2187,1,0,2,6,1,0,1,4,25,1,1,1,1,0,0,1,0,0,0,0,0,223
2187,2,1,3,2,1,0,1,4,25,1,1,1,1,0,0,0,0,0,1,1,0,223
2187,3,0,1,6,0,0,0,0,0,0,0,0,0,0,0,0,0,0,0,0,0,223
2188,1,0,2,3,1,0,1,4,22,0,1,1,1,1,0,0,1,1,0,0,1,224
2188,2,1,1,4,1,0,1,4,22,0,1,1,1,1,0,1,0,0,1,1,0,224
2188,3,0,1,6,0,0,0,0,0,0,0,0,0,0,0,0,0,0,0,0,0,224
2189,1,1,3,6,1,0,1,4,22,0,1,1,1,0,1,1,0,1,0,1,0,224
2189,2,0,1,5,1,0,1,4,22,0,1,1,1,0,0,1,0,1,0,0,0,224
2189,3,0,1,6,0,0,0,0,0,0,0,0,0,0,0,0,0,0,0,0,0,224
2190,1,1,2,3,1,0,1,4,22,0,1,1,1,0,0,0,1,1,0,1,0,224
2190,2,0,2,3,1,0,1,4,22,0,1,1,1,0,0,0,1,0,0,0,1,224
2190,3,0,1,6,0,0,0,0,0,0,0,0,0,0,0,0,0,0,0,0,0,224
2191,1,1,1,2,1,0,1,4,22,0,1,1,1,0,0,1,0,0,1,1,0,224
2191,2,0,2,5,1,0,1,4,22,0,1,1,1,0,1,0,0,1,0,0,1,224
2191,3,0,1,6,0,0,0,0,0,0,0,0,0,0,0,0,0,0,0,0,0,224
2192,1,1,2,5,1,0,1,4,22,0,1,1,1,1,0,0,0,0,1,0,0,224
2192,2,0,2,6,1,0,1,4,22,0,1,1,1,1,0,0,0,0,0,1,0,224
2192,3,0,1,6,0,0,0,0,0,0,0,0,0,0,0,0,0,0,0,0,0,224
2193,1,1,1,2,1,0,1,4,22,0,1,1,1,0,1,1,0,0,1,0,0,224
2193,2,0,3,1,1,0,1,4,22,0,1,1,1,1,0,1,0,0,1,0,0,224
2193,3,0,1,6,0,0,0,0,0,0,0,0,0,0,0,0,0,0,0,0,0,224
2194,1,1,3,1,1,0,1,4,22,0,1,1,1,0,1,0,0,0,0,0,0,224
2194,2,0,3,6,1,0,1,4,22,0,1,1,1,0,0,0,1,0,0,0,0,224
2194,3,0,1,6,0,0,0,0,0,0,0,0,0,0,0,0,0,0,0,0,0,224
2195,1,0,1,4,1,0,1,4,22,0,1,1,1,0,0,0,1,0,0,0,1,224
2195,2,1,3,4,1,0,1,4,22,0,1,1,1,0,1,0,1,0,1,0,1,224
2195,3,0,1,6,0,0,0,0,0,0,0,0,0,0,0,0,0,0,0,0,0,224
2196,1,0,3,1,1,0,1,4,22,0,1,1,1,1,0,0,0,0,0,0,1,224
2196,2,1,1,2,1,0,1,4,22,0,1,1,1,0,1,0,0,1,0,1,0,224
2196,3,0,1,6,0,0,0,0,0,0,0,0,0,0,0,0,0,0,0,0,0,224
2233,1,0,2,3,1,0,1,5,26,0,2,1,0,1,0,0,1,1,0,0,1,225
2233,2,0,1,4,1,0,1,5,26,0,2,1,0,1,0,1,0,0,1,1,0,225
2233,3,1,1,6,0,0,0,0,0,0,0,0,0,0,0,0,0,0,0,0,0,225
2234,1,0,3,6,1,0,1,5,26,0,2,1,0,0,1,1,0,1,0,1,0,225
2234,2,0,1,5,1,0,1,5,26,0,2,1,0,0,0,1,0,1,0,0,0,225
2234,3,1,1,6,0,0,0,0,0,0,0,0,0,0,0,0,0,0,0,0,0,225
2235,1,0,2,3,1,0,1,5,26,0,2,1,0,0,0,0,1,1,0,1,0,225
2235,2,0,2,3,1,0,1,5,26,0,2,1,0,0,0,0,1,0,0,0,1,225
2235,3,1,1,6,0,0,0,0,0,0,0,0,0,0,0,0,0,0,0,0,0,225
2236,1,0,1,2,1,0,1,5,26,0,2,1,0,0,0,1,0,0,1,1,0,225
2236,2,0,2,5,1,0,1,5,26,0,2,1,0,0,1,0,0,1,0,0,1,225
2236,3,1,1,6,0,0,0,0,0,0,0,0,0,0,0,0,0,0,0,0,0,225
2237,1,0,2,5,1,0,1,5,26,0,2,1,0,1,0,0,0,0,1,0,0,225
2237,2,0,2,6,1,0,1,5,26,0,2,1,0,1,0,0,0,0,0,1,0,225
2237,3,1,1,6,0,0,0,0,0,0,0,0,0,0,0,0,0,0,0,0,0,225
2238,1,0,1,2,1,0,1,5,26,0,2,1,0,0,1,1,0,0,1,0,0,225
2238,2,0,3,1,1,0,1,5,26,0,2,1,0,1,0,1,0,0,1,0,0,225
2238,3,1,1,6,0,0,0,0,0,0,0,0,0,0,0,0,0,0,0,0,0,225
2239,1,0,3,1,1,0,1,5,26,0,2,1,0,0,1,0,0,0,0,0,0,225
2239,2,0,3,6,1,0,1,5,26,0,2,1,0,0,0,0,1,0,0,0,0,225
2239,3,1,1,6,0,0,0,0,0,0,0,0,0,0,0,0,0,0,0,0,0,225
2240,1,0,1,4,1,0,1,5,26,0,2,1,0,0,0,0,1,0,0,0,1,225
2240,2,0,3,4,1,0,1,5,26,0,2,1,0,0,1,0,1,0,1,0,1,225
2240,3,1,1,6,0,0,0,0,0,0,0,0,0,0,0,0,0,0,0,0,0,225
2241,1,0,3,1,1,0,1,5,26,0,2,1,0,1,0,0,0,0,0,0,1,225
2241,2,0,1,2,1,0,1,5,26,0,2,1,0,0,1,0,0,1,0,1,0,225
2241,3,1,1,6,0,0,0,0,0,0,0,0,0,0,0,0,0,0,0,0,0,225
2242,1,0,1,5,1,1,0,1,31,1,3,2,1,1,0,0,1,0,0,0,0,226
2242,2,0,1,5,1,1,0,1,31,1,3,2,1,0,0,1,0,0,0,0,1,226
2242,3,1,1,6,0,0,0,0,0,0,0,0,0,0,0,0,0,0,0,0,0,226
2243,1,0,3,3,1,1,0,1,31,1,3,2,1,0,0,0,0,0,0,0,0,226
2243,2,0,2,1,1,1,0,1,31,1,3,2,1,1,0,1,0,1,0,0,1,226
2243,3,1,1,6,0,0,0,0,0,0,0,0,0,0,0,0,0,0,0,0,0,226
2244,1,0,1,5,1,1,0,1,31,1,3,2,1,0,1,0,0,1,0,0,1,226
2244,2,1,1,3,1,1,0,1,31,1,3,2,1,1,0,0,1,1,0,0,1,226
2244,3,0,1,6,0,0,0,0,0,0,0,0,0,0,0,0,0,0,0,0,0,226
2245,1,0,3,4,1,1,0,1,31,1,3,2,1,0,0,1,0,1,0,0,1,226
2245,2,0,2,6,1,1,0,1,31,1,3,2,1,1,0,0,0,0,1,0,0,226
2245,3,1,1,6,0,0,0,0,0,0,0,0,0,0,0,0,0,0,0,0,0,226
2246,1,0,2,2,1,1,0,1,31,1,3,2,1,0,1,0,1,1,0,0,1,226
2246,2,0,3,2,1,1,0,1,31,1,3,2,1,0,1,0,0,0,0,0,0,226
2246,3,1,1,6,0,0,0,0,0,0,0,0,0,0,0,0,0,0,0,0,0,226
2247,1,0,3,4,1,1,0,1,31,1,3,2,1,1,0,0,1,0,1,1,0,226
2247,2,0,2,1,1,1,0,1,31,1,3,2,1,0,1,1,0,0,0,0,0,226
2247,3,1,1,6,0,0,0,0,0,0,0,0,0,0,0,0,0,0,0,0,0,226
2248,1,0,2,6,1,1,0,1,31,1,3,2,1,0,1,0,0,0,1,1,0,226
2248,2,0,3,4,1,1,0,1,31,1,3,2,1,0,1,0,1,1,0,1,0,226
2248,3,1,1,6,0,0,0,0,0,0,0,0,0,0,0,0,0,0,0,0,0,226
2249,1,0,1,1,1,1,0,1,31,1,3,2,1,1,0,1,0,0,1,1,0,226
2249,2,1,1,3,1,1,0,1,31,1,3,2,1,0,0,0,1,0,1,1,0,226
2249,3,0,1,6,0,0,0,0,0,0,0,0,0,0,0,0,0,0,0,0,0,226
2250,1,0,2,6,1,1,0,1,31,1,3,2,1,0,0,1,0,0,0,0,0,226
2250,2,0,3,2,1,1,0,1,31,1,3,2,1,0,0,0,0,0,1,1,0,226
2250,3,1,1,6,0,0,0,0,0,0,0,0,0,0,0,0,0,0,0,0,0,226
2251,1,0,3,5,1,1,0,5,21,1,1,1,1,0,1,0,1,0,0,1,0,227
2251,2,0,2,5,1,1,0,5,21,1,1,1,1,1,0,0,1,0,1,1,0,227
2251,3,1,1,6,0,0,0,0,0,0,0,0,0,0,0,0,0,0,0,0,0,227
2252,1,0,1,3,1,1,0,5,21,1,1,1,1,0,1,1,0,0,0,0,1,227
2252,2,0,2,3,1,1,0,5,21,1,1,1,1,0,1,1,0,0,0,1,0,227
2252,3,1,1,6,0,0,0,0,0,0,0,0,0,0,0,0,0,0,0,0,0,227
2253,1,0,3,2,1,1,0,5,21,1,1,1,1,0,0,1,0,1,0,0,0,227
2253,2,0,1,4,1,1,0,5,21,1,1,1,1,0,1,0,1,0,0,1,0,227
2253,3,1,1,6,0,0,0,0,0,0,0,0,0,0,0,0,0,0,0,0,0,227
2254,1,0,2,4,1,1,0,5,21,1,1,1,1,1,0,1,0,1,0,0,0,227
2254,2,0,3,6,1,1,0,5,21,1,1,1,1,0,1,1,0,1,0,0,1,227
2254,3,1,1,6,0,0,0,0,0,0,0,0,0,0,0,0,0,0,0,0,0,227
2255,1,0,3,2,1,1,0,5,21,1,1,1,1,1,0,0,0,1,0,1,0,227
2255,2,0,3,1,1,1,0,5,21,1,1,1,1,0,0,0,0,0,1,0,1,227
2255,3,1,1,6,0,0,0,0,0,0,0,0,0,0,0,0,0,0,0,0,0,227
2256,1,0,2,1,1,1,0,5,21,1,1,1,1,0,1,0,0,0,1,0,1,227
2256,2,0,2,5,1,1,0,5,21,1,1,1,1,0,0,1,0,0,1,0,1,227
2256,3,1,1,6,0,0,0,0,0,0,0,0,0,0,0,0,0,0,0,0,0,227
2257,1,0,1,6,1,1,0,5,21,1,1,1,1,0,0,0,0,0,1,0,1,227
2257,2,0,1,4,1,1,0,5,21,1,1,1,1,0,0,0,0,0,0,0,0,227
2257,3,1,1,6,0,0,0,0,0,0,0,0,0,0,0,0,0,0,0,0,0,227
2258,1,0,2,1,1,1,0,5,21,1,1,1,1,0,0,0,1,0,1,0,0,227
2258,2,0,1,2,1,1,0,5,21,1,1,1,1,1,0,0,1,1,0,0,0,227
2258,3,1,1,6,0,0,0,0,0,0,0,0,0,0,0,0,0,0,0,0,0,227
2259,1,0,1,3,1,1,0,5,21,1,1,1,1,1,0,0,1,0,0,1,0,227
2259,2,0,3,6,1,1,0,5,21,1,1,1,1,1,0,0,0,1,0,0,0,227
2259,3,1,1,6,0,0,0,0,0,0,0,0,0,0,0,0,0,0,0,0,0,227
2260,1,0,3,5,1,0,1,5,26,1,1,1,1,0,1,0,1,0,0,1,0,228
2260,2,1,2,5,1,0,1,5,26,1,1,1,1,1,0,0,1,0,1,1,0,228
2260,3,0,1,6,0,0,0,0,0,0,0,0,0,0,0,0,0,0,0,0,0,228
2261,1,0,1,3,1,0,1,5,26,1,1,1,1,0,1,1,0,0,0,0,1,228
2261,2,1,2,3,1,0,1,5,26,1,1,1,1,0,1,1,0,0,0,1,0,228
2261,3,0,1,6,0,0,0,0,0,0,0,0,0,0,0,0,0,0,0,0,0,228
2262,1,1,3,2,1,0,1,5,26,1,1,1,1,0,0,1,0,1,0,0,0,228
2262,2,0,1,4,1,0,1,5,26,1,1,1,1,0,1,0,1,0,0,1,0,228
2262,3,0,1,6,0,0,0,0,0,0,0,0,0,0,0,0,0,0,0,0,0,228
2263,1,1,2,4,1,0,1,5,26,1,1,1,1,1,0,1,0,1,0,0,0,228
2263,2,0,3,6,1,0,1,5,26,1,1,1,1,0,1,1,0,1,0,0,1,228
2263,3,0,1,6,0,0,0,0,0,0,0,0,0,0,0,0,0,0,0,0,0,228
2264,1,0,3,2,1,0,1,5,26,1,1,1,1,1,0,0,0,1,0,1,0,228
2264,2,1,3,1,1,0,1,5,26,1,1,1,1,0,0,0,0,0,1,0,1,228
2264,3,0,1,6,0,0,0,0,0,0,0,0,0,0,0,0,0,0,0,0,0,228
2265,1,1,2,1,1,0,1,5,26,1,1,1,1,0,1,0,0,0,1,0,1,228
2265,2,0,2,5,1,0,1,5,26,1,1,1,1,0,0,1,0,0,1,0,1,228
2265,3,0,1,6,0,0,0,0,0,0,0,0,0,0,0,0,0,0,0,0,0,228
2266,1,0,1,6,1,0,1,5,26,1,1,1,1,0,0,0,0,0,1,0,1,228
2266,2,1,1,4,1,0,1,5,26,1,1,1,1,0,0,0,0,0,0,0,0,228
2266,3,0,1,6,0,0,0,0,0,0,0,0,0,0,0,0,0,0,0,0,0,228
2267,1,1,2,1,1,0,1,5,26,1,1,1,1,0,0,0,1,0,1,0,0,228
2267,2,0,1,2,1,0,1,5,26,1,1,1,1,1,0,0,1,1,0,0,0,228
2267,3,0,1,6,0,0,0,0,0,0,0,0,0,0,0,0,0,0,0,0,0,228
2268,1,1,1,3,1,0,1,5,26,1,1,1,1,1,0,0,1,0,0,1,0,228
2268,2,0,3,6,1,0,1,5,26,1,1,1,1,1,0,0,0,1,0,0,0,228
2268,3,0,1,6,0,0,0,0,0,0,0,0,0,0,0,0,0,0,0,0,0,228
2269,1,0,3,5,1,1,0,5,24,0,1,1,1,0,1,0,1,0,0,1,0,229
2269,2,1,2,5,1,1,0,5,24,0,1,1,1,1,0,0,1,0,1,1,0,229
2269,3,0,1,6,0,0,0,0,0,0,0,0,0,0,0,0,0,0,0,0,0,229
2270,1,0,1,3,1,1,0,5,24,0,1,1,1,0,1,1,0,0,0,0,1,229
2270,2,1,2,3,1,1,0,5,24,0,1,1,1,0,1,1,0,0,0,1,0,229
2270,3,0,1,6,0,0,0,0,0,0,0,0,0,0,0,0,0,0,0,0,0,229
2271,1,1,3,2,1,1,0,5,24,0,1,1,1,0,0,1,0,1,0,0,0,229
2271,2,0,1,4,1,1,0,5,24,0,1,1,1,0,1,0,1,0,0,1,0,229
2271,3,0,1,6,0,0,0,0,0,0,0,0,0,0,0,0,0,0,0,0,0,229
2272,1,1,2,4,1,1,0,5,24,0,1,1,1,1,0,1,0,1,0,0,0,229
2272,2,0,3,6,1,1,0,5,24,0,1,1,1,0,1,1,0,1,0,0,1,229
2272,3,0,1,6,0,0,0,0,0,0,0,0,0,0,0,0,0,0,0,0,0,229
2273,1,0,3,2,1,1,0,5,24,0,1,1,1,1,0,0,0,1,0,1,0,229
2273,2,1,3,1,1,1,0,5,24,0,1,1,1,0,0,0,0,0,1,0,1,229
2273,3,0,1,6,0,0,0,0,0,0,0,0,0,0,0,0,0,0,0,0,0,229
2274,1,1,2,1,1,1,0,5,24,0,1,1,1,0,1,0,0,0,1,0,1,229
2274,2,0,2,5,1,1,0,5,24,0,1,1,1,0,0,1,0,0,1,0,1,229
2274,3,0,1,6,0,0,0,0,0,0,0,0,0,0,0,0,0,0,0,0,0,229
2275,1,0,1,6,1,1,0,5,24,0,1,1,1,0,0,0,0,0,1,0,1,229
2275,2,1,1,4,1,1,0,5,24,0,1,1,1,0,0,0,0,0,0,0,0,229
2275,3,0,1,6,0,0,0,0,0,0,0,0,0,0,0,0,0,0,0,0,0,229
2276,1,1,2,1,1,1,0,5,24,0,1,1,1,0,0,0,1,0,1,0,0,229
2276,2,0,1,2,1,1,0,5,24,0,1,1,1,1,0,0,1,1,0,0,0,229
2276,3,0,1,6,0,0,0,0,0,0,0,0,0,0,0,0,0,0,0,0,0,229
2277,1,1,1,3,1,1,0,5,24,0,1,1,1,1,0,0,1,0,0,1,0,229
2277,2,0,3,6,1,1,0,5,24,0,1,1,1,1,0,0,0,1,0,0,0,229
2277,3,0,1,6,0,0,0,0,0,0,0,0,0,0,0,0,0,0,0,0,0,229
2278,1,0,2,5,1,0,1,5,21,1,1,1,1,1,0,1,0,0,0,0,1,230
2278,2,1,2,1,1,0,1,5,21,1,1,1,1,0,0,0,1,1,0,0,0,230
2278,3,0,1,6,0,0,0,0,0,0,0,0,0,0,0,0,0,0,0,0,0,230
2279,1,0,2,5,1,0,1,5,21,1,1,1,1,0,0,0,0,0,0,1,0,230
2279,2,1,1,3,1,0,1,5,21,1,1,1,1,0,1,1,0,0,1,0,0,230
2279,3,0,1,6,0,0,0,0,0,0,0,0,0,0,0,0,0,0,0,0,0,230
2280,1,1,1,3,1,0,1,5,21,1,1,1,1,1,0,0,0,1,0,0,0,230
2280,2,0,2,5,1,0,1,5,21,1,1,1,1,0,1,0,1,0,1,0,0,230
2280,3,0,1,6,0,0,0,0,0,0,0,0,0,0,0,0,0,0,0,0,0,230
2281,1,0,1,4,1,0,1,5,21,1,1,1,1,0,0,0,0,1,0,1,0,230
2281,2,1,3,2,1,0,1,5,21,1,1,1,1,1,0,1,0,0,0,1,0,230
2281,3,0,1,6,0,0,0,0,0,0,0,0,0,0,0,0,0,0,0,0,0,230
2282,1,1,1,4,1,0,1,5,21,1,1,1,1,0,1,0,1,1,0,0,0,230
2282,2,0,2,1,1,0,1,5,21,1,1,1,1,0,0,0,0,1,0,1,0,230
2282,3,0,1,6,0,0,0,0,0,0,0,0,0,0,0,0,0,0,0,0,0,230
2283,1,1,3,2,1,0,1,5,21,1,1,1,1,0,0,0,1,0,1,0,1,230
2283,2,0,3,6,1,0,1,5,21,1,1,1,1,0,0,1,0,1,0,1,0,230
2283,3,0,1,6,0,0,0,0,0,0,0,0,0,0,0,0,0,0,0,0,0,230
2284,1,1,3,6,1,0,1,5,21,1,1,1,1,0,1,0,1,0,1,0,0,230
2284,2,0,1,3,1,0,1,5,21,1,1,1,1,0,1,0,0,0,1,0,1,230
2284,3,0,1,6,0,0,0,0,0,0,0,0,0,0,0,0,0,0,0,0,0,230
2285,1,0,3,6,1,0,1,5,21,1,1,1,1,1,0,1,0,0,1,0,1,230
2285,2,1,3,2,1,0,1,5,21,1,1,1,1,1,0,0,1,0,0,0,1,230
2285,3,0,1,6,0,0,0,0,0,0,0,0,0,0,0,0,0,0,0,0,0,230
2286,1,1,2,1,1,0,1,5,21,1,1,1,1,0,1,1,0,0,0,1,0,230
2286,2,0,1,4,1,0,1,5,21,1,1,1,1,1,0,0,0,0,0,0,1,230
2286,3,0,1,6,0,0,0,0,0,0,0,0,0,0,0,0,0,0,0,0,0,230
2287,1,0,1,5,1,0,1,4,24,1,1,1,1,1,0,0,1,0,0,0,0,231
2287,2,1,1,5,1,0,1,4,24,1,1,1,1,0,0,1,0,0,0,0,1,231
2287,3,0,1,6,0,0,0,0,0,0,0,0,0,0,0,0,0,0,0,0,0,231
2288,1,0,3,3,1,0,1,4,24,1,1,1,1,0,0,0,0,0,0,0,0,231
2288,2,1,2,1,1,0,1,4,24,1,1,1,1,1,0,1,0,1,0,0,1,231
2288,3,0,1,6,0,0,0,0,0,0,0,0,0,0,0,0,0,0,0,0,0,231
2289,1,0,1,5,1,0,1,4,24,1,1,1,1,0,1,0,0,1,0,0,1,231
2289,2,1,1,3,1,0,1,4,24,1,1,1,1,1,0,0,1,1,0,0,1,231
2289,3,0,1,6,0,0,0,0,0,0,0,0,0,0,0,0,0,0,0,0,0,231
2290,1,1,3,4,1,0,1,4,24,1,1,1,1,0,0,1,0,1,0,0,1,231
2290,2,0,2,6,1,0,1,4,24,1,1,1,1,1,0,0,0,0,1,0,0,231
2290,3,0,1,6,0,0,0,0,0,0,0,0,0,0,0,0,0,0,0,0,0,231
2291,1,1,2,2,1,0,1,4,24,1,1,1,1,0,1,0,1,1,0,0,1,231
2291,2,0,3,2,1,0,1,4,24,1,1,1,1,0,1,0,0,0,0,0,0,231
2291,3,0,1,6,0,0,0,0,0,0,0,0,0,0,0,0,0,0,0,0,0,231
2292,1,0,3,4,1,0,1,4,24,1,1,1,1,1,0,0,1,0,1,1,0,231
2292,2,1,2,1,1,0,1,4,24,1,1,1,1,0,1,1,0,0,0,0,0,231
2292,3,0,1,6,0,0,0,0,0,0,0,0,0,0,0,0,0,0,0,0,0,231
2293,1,0,2,6,1,0,1,4,24,1,1,1,1,0,1,0,0,0,1,1,0,231
2293,2,1,3,4,1,0,1,4,24,1,1,1,1,0,1,0,1,1,0,1,0,231
2293,3,0,1,6,0,0,0,0,0,0,0,0,0,0,0,0,0,0,0,0,0,231
2294,1,1,1,1,1,0,1,4,24,1,1,1,1,1,0,1,0,0,1,1,0,231
2294,2,0,1,3,1,0,1,4,24,1,1,1,1,0,0,0,1,0,1,1,0,231
2294,3,0,1,6,0,0,0,0,0,0,0,0,0,0,0,0,0,0,0,0,0,231
2295,1,0,2,6,1,0,1,4,24,1,1,1,1,0,0,1,0,0,0,0,0,231
2295,2,1,3,2,1,0,1,4,24,1,1,1,1,0,0,0,0,0,1,1,0,231
2295,3,0,1,6,0,0,0,0,0,0,0,0,0,0,0,0,0,0,0,0,0,231
2314,1,0,2,5,1,0,0,5,28,0,2,1,1,1,0,1,0,0,0,0,1,232
2314,2,1,2,1,1,0,0,5,28,0,2,1,1,0,0,0,1,1,0,0,0,232
2314,3,0,1,6,0,0,0,0,0,0,0,0,0,0,0,0,0,0,0,0,0,232
2315,1,0,2,5,1,0,0,5,28,0,2,1,1,0,0,0,0,0,0,1,0,232
2315,2,1,1,3,1,0,0,5,28,0,2,1,1,0,1,1,0,0,1,0,0,232
2315,3,0,1,6,0,0,0,0,0,0,0,0,0,0,0,0,0,0,0,0,0,232
2316,1,0,1,3,1,0,0,5,28,0,2,1,1,1,0,0,0,1,0,0,0,232
2316,2,1,2,5,1,0,0,5,28,0,2,1,1,0,1,0,1,0,1,0,0,232
2316,3,0,1,6,0,0,0,0,0,0,0,0,0,0,0,0,0,0,0,0,0,232
2317,1,0,1,4,1,0,0,5,28,0,2,1,1,0,0,0,0,1,0,1,0,232
2317,2,1,3,2,1,0,0,5,28,0,2,1,1,1,0,1,0,0,0,1,0,232
2317,3,0,1,6,0,0,0,0,0,0,0,0,0,0,0,0,0,0,0,0,0,232
2318,1,1,1,4,1,0,0,5,28,0,2,1,1,0,1,0,1,1,0,0,0,232
2318,2,0,2,1,1,0,0,5,28,0,2,1,1,0,0,0,0,1,0,1,0,232
2318,3,0,1,6,0,0,0,0,0,0,0,0,0,0,0,0,0,0,0,0,0,232
2319,1,1,3,2,1,0,0,5,28,0,2,1,1,0,0,0,1,0,1,0,1,232
2319,2,0,3,6,1,0,0,5,28,0,2,1,1,0,0,1,0,1,0,1,0,232
2319,3,0,1,6,0,0,0,0,0,0,0,0,0,0,0,0,0,0,0,0,0,232
2320,1,0,3,6,1,0,0,5,28,0,2,1,1,0,1,0,1,0,1,0,0,232
2320,2,1,1,3,1,0,0,5,28,0,2,1,1,0,1,0,0,0,1,0,1,232
2320,3,0,1,6,0,0,0,0,0,0,0,0,0,0,0,0,0,0,0,0,0,232
2321,1,0,3,6,1,0,0,5,28,0,2,1,1,1,0,1,0,0,1,0,1,232
2321,2,1,3,2,1,0,0,5,28,0,2,1,1,1,0,0,1,0,0,0,1,232
2321,3,0,1,6,0,0,0,0,0,0,0,0,0,0,0,0,0,0,0,0,0,232
2322,1,1,2,1,1,0,0,5,28,0,2,1,1,0,1,1,0,0,0,1,0,232
2322,2,0,1,4,1,0,0,5,28,0,2,1,1,1,0,0,0,0,0,0,1,232
2322,3,0,1,6,0,0,0,0,0,0,0,0,0,0,0,0,0,0,0,0,0,232
2323,1,0,2,3,1,0,1,4,21,0,1,2,1,1,0,0,1,1,0,0,1,233
2323,2,0,1,4,1,0,1,4,21,0,1,2,1,1,0,1,0,0,1,1,0,233
2323,3,1,1,6,0,0,0,0,0,0,0,0,0,0,0,0,0,0,0,0,0,233
2324,1,0,3,6,1,0,1,4,21,0,1,2,1,0,1,1,0,1,0,1,0,233
2324,2,1,1,5,1,0,1,4,21,0,1,2,1,0,0,1,0,1,0,0,0,233
2324,3,0,1,6,0,0,0,0,0,0,0,0,0,0,0,0,0,0,0,0,0,233
2325,1,0,2,3,1,0,1,4,21,0,1,2,1,0,0,0,1,1,0,1,0,233
2325,2,0,2,3,1,0,1,4,21,0,1,2,1,0,0,0,1,0,0,0,1,233
2325,3,1,1,6,0,0,0,0,0,0,0,0,0,0,0,0,0,0,0,0,0,233
2326,1,0,1,2,1,0,1,4,21,0,1,2,1,0,0,1,0,0,1,1,0,233
2326,2,0,2,5,1,0,1,4,21,0,1,2,1,0,1,0,0,1,0,0,1,233
2326,3,1,1,6,0,0,0,0,0,0,0,0,0,0,0,0,0,0,0,0,0,233
2327,1,0,2,5,1,0,1,4,21,0,1,2,1,1,0,0,0,0,1,0,0,233
2327,2,0,2,6,1,0,1,4,21,0,1,2,1,1,0,0,0,0,0,1,0,233
2327,3,1,1,6,0,0,0,0,0,0,0,0,0,0,0,0,0,0,0,0,0,233
2328,1,0,1,2,1,0,1,4,21,0,1,2,1,0,1,1,0,0,1,0,0,233
2328,2,0,3,1,1,0,1,4,21,0,1,2,1,1,0,1,0,0,1,0,0,233
2328,3,1,1,6,0,0,0,0,0,0,0,0,0,0,0,0,0,0,0,0,0,233
2329,1,0,3,1,1,0,1,4,21,0,1,2,1,0,1,0,0,0,0,0,0,233
2329,2,0,3,6,1,0,1,4,21,0,1,2,1,0,0,0,1,0,0,0,0,233
2329,3,1,1,6,0,0,0,0,0,0,0,0,0,0,0,0,0,0,0,0,0,233
2330,1,0,1,4,1,0,1,4,21,0,1,2,1,0,0,0,1,0,0,0,1,233
2330,2,0,3,4,1,0,1,4,21,0,1,2,1,0,1,0,1,0,1,0,1,233
2330,3,1,1,6,0,0,0,0,0,0,0,0,0,0,0,0,0,0,0,0,0,233
2331,1,0,3,1,1,0,1,4,21,0,1,2,1,1,0,0,0,0,0,0,1,233
2331,2,0,1,2,1,0,1,4,21,0,1,2,1,0,1,0,0,1,0,1,0,233
2331,3,1,1,6,0,0,0,0,0,0,0,0,0,0,0,0,0,0,0,0,0,233
2332,1,0,2,5,1,0,0,5,25,0,1,1,0,1,0,1,0,0,0,0,1,234
2332,2,1,2,1,1,0,0,5,25,0,1,1,0,0,0,0,1,1,0,0,0,234
2332,3,0,1,6,0,0,0,0,0,0,0,0,0,0,0,0,0,0,0,0,0,234
2333,1,0,2,5,1,0,0,5,25,0,1,1,0,0,0,0,0,0,0,1,0,234
2333,2,1,1,3,1,0,0,5,25,0,1,1,0,0,1,1,0,0,1,0,0,234
2333,3,0,1,6,0,0,0,0,0,0,0,0,0,0,0,0,0,0,0,0,0,234
2334,1,0,1,3,1,0,0,5,25,0,1,1,0,1,0,0,0,1,0,0,0,234
2334,2,1,2,5,1,0,0,5,25,0,1,1,0,0,1,0,1,0,1,0,0,234
2334,3,0,1,6,0,0,0,0,0,0,0,0,0,0,0,0,0,0,0,0,0,234
2335,1,0,1,4,1,0,0,5,25,0,1,1,0,0,0,0,0,1,0,1,0,234
2335,2,1,3,2,1,0,0,5,25,0,1,1,0,1,0,1,0,0,0,1,0,234
2335,3,0,1,6,0,0,0,0,0,0,0,0,0,0,0,0,0,0,0,0,0,234
2336,1,0,1,4,1,0,0,5,25,0,1,1,0,0,1,0,1,1,0,0,0,234
2336,2,1,2,1,1,0,0,5,25,0,1,1,0,0,0,0,0,1,0,1,0,234
2336,3,0,1,6,0,0,0,0,0,0,0,0,0,0,0,0,0,0,0,0,0,234
2337,1,1,3,2,1,0,0,5,25,0,1,1,0,0,0,0,1,0,1,0,1,234
2337,2,0,3,6,1,0,0,5,25,0,1,1,0,0,0,1,0,1,0,1,0,234
2337,3,0,1,6,0,0,0,0,0,0,0,0,0,0,0,0,0,0,0,0,0,234
2338,1,1,3,6,1,0,0,5,25,0,1,1,0,0,1,0,1,0,1,0,0,234
2338,2,0,1,3,1,0,0,5,25,0,1,1,0,0,1,0,0,0,1,0,1,234
2338,3,0,1,6,0,0,0,0,0,0,0,0,0,0,0,0,0,0,0,0,0,234
2339,1,0,3,6,1,0,0,5,25,0,1,1,0,1,0,1,0,0,1,0,1,234
2339,2,1,3,2,1,0,0,5,25,0,1,1,0,1,0,0,1,0,0,0,1,234
2339,3,0,1,6,0,0,0,0,0,0,0,0,0,0,0,0,0,0,0,0,0,234
2340,1,1,2,1,1,0,0,5,25,0,1,1,0,0,1,1,0,0,0,1,0,234
2340,2,0,1,4,1,0,0,5,25,0,1,1,0,1,0,0,0,0,0,0,1,234
2340,3,0,1,6,0,0,0,0,0,0,0,0,0,0,0,0,0,0,0,0,0,234
2341,1,1,2,3,1,0,0,4,25,1,1,1,1,1,0,0,1,1,0,0,1,235
2341,2,0,1,4,1,0,0,4,25,1,1,1,1,1,0,1,0,0,1,1,0,235
2341,3,0,1,6,0,0,0,0,0,0,0,0,0,0,0,0,0,0,0,0,0,235
2342,1,0,3,6,1,0,0,4,25,1,1,1,1,0,1,1,0,1,0,1,0,235
2342,2,1,1,5,1,0,0,4,25,1,1,1,1,0,0,1,0,1,0,0,0,235
2342,3,0,1,6,0,0,0,0,0,0,0,0,0,0,0,0,0,0,0,0,0,235
2343,1,1,2,3,1,0,0,4,25,1,1,1,1,0,0,0,1,1,0,1,0,235
2343,2,0,2,3,1,0,0,4,25,1,1,1,1,0,0,0,1,0,0,0,1,235
2343,3,0,1,6,0,0,0,0,0,0,0,0,0,0,0,0,0,0,0,0,0,235
2344,1,1,1,2,1,0,0,4,25,1,1,1,1,0,0,1,0,0,1,1,0,235
2344,2,0,2,5,1,0,0,4,25,1,1,1,1,0,1,0,0,1,0,0,1,235
2344,3,0,1,6,0,0,0,0,0,0,0,0,0,0,0,0,0,0,0,0,0,235
2345,1,1,2,5,1,0,0,4,25,1,1,1,1,1,0,0,0,0,1,0,0,235
2345,2,0,2,6,1,0,0,4,25,1,1,1,1,1,0,0,0,0,0,1,0,235
2345,3,0,1,6,0,0,0,0,0,0,0,0,0,0,0,0,0,0,0,0,0,235
2346,1,0,1,2,1,0,0,4,25,1,1,1,1,0,1,1,0,0,1,0,0,235
2346,2,1,3,1,1,0,0,4,25,1,1,1,1,1,0,1,0,0,1,0,0,235
2346,3,0,1,6,0,0,0,0,0,0,0,0,0,0,0,0,0,0,0,0,0,235
2347,1,1,3,1,1,0,0,4,25,1,1,1,1,0,1,0,0,0,0,0,0,235
2347,2,0,3,6,1,0,0,4,25,1,1,1,1,0,0,0,1,0,0,0,0,235
2347,3,0,1,6,0,0,0,0,0,0,0,0,0,0,0,0,0,0,0,0,0,235
2348,1,0,1,4,1,0,0,4,25,1,1,1,1,0,0,0,1,0,0,0,1,235
2348,2,1,3,4,1,0,0,4,25,1,1,1,1,0,1,0,1,0,1,0,1,235
2348,3,0,1,6,0,0,0,0,0,0,0,0,0,0,0,0,0,0,0,0,0,235
2349,1,1,3,1,1,0,0,4,25,1,1,1,1,1,0,0,0,0,0,0,1,235
2349,2,0,1,2,1,0,0,4,25,1,1,1,1,0,1,0,0,1,0,1,0,235
2349,3,0,1,6,0,0,0,0,0,0,0,0,0,0,0,0,0,0,0,0,0,235
2350,1,1,1,5,1,0,1,5,29,0,1,1,1,1,0,0,1,0,0,0,0,236
2350,2,0,1,5,1,0,1,5,29,0,1,1,1,0,0,1,0,0,0,0,1,236
2350,3,0,1,6,0,0,0,0,0,0,0,0,0,0,0,0,0,0,0,0,0,236
2351,1,0,3,3,1,0,1,5,29,0,1,1,1,0,0,0,0,0,0,0,0,236
2351,2,1,2,1,1,0,1,5,29,0,1,1,1,1,0,1,0,1,0,0,1,236
2351,3,0,1,6,0,0,0,0,0,0,0,0,0,0,0,0,0,0,0,0,0,236
2352,1,0,1,5,1,0,1,5,29,0,1,1,1,0,1,0,0,1,0,0,1,236
2352,2,1,1,3,1,0,1,5,29,0,1,1,1,1,0,0,1,1,0,0,1,236
2352,3,0,1,6,0,0,0,0,0,0,0,0,0,0,0,0,0,0,0,0,0,236
2353,1,0,3,4,1,0,1,5,29,0,1,1,1,0,0,1,0,1,0,0,1,236
2353,2,1,2,6,1,0,1,5,29,0,1,1,1,1,0,0,0,0,1,0,0,236
2353,3,0,1,6,0,0,0,0,0,0,0,0,0,0,0,0,0,0,0,0,0,236
2354,1,0,2,2,1,0,1,5,29,0,1,1,1,0,1,0,1,1,0,0,1,236
2354,2,1,3,2,1,0,1,5,29,0,1,1,1,0,1,0,0,0,0,0,0,236
2354,3,0,1,6,0,0,0,0,0,0,0,0,0,0,0,0,0,0,0,0,0,236
2355,1,1,3,4,1,0,1,5,29,0,1,1,1,1,0,0,1,0,1,1,0,236
2355,2,0,2,1,1,0,1,5,29,0,1,1,1,0,1,1,0,0,0,0,0,236
2355,3,0,1,6,0,0,0,0,0,0,0,0,0,0,0,0,0,0,0,0,0,236
2356,1,0,2,6,1,0,1,5,29,0,1,1,1,0,1,0,0,0,1,1,0,236
2356,2,1,3,4,1,0,1,5,29,0,1,1,1,0,1,0,1,1,0,1,0,236
2356,3,0,1,6,0,0,0,0,0,0,0,0,0,0,0,0,0,0,0,0,0,236
2357,1,1,1,1,1,0,1,5,29,0,1,1,1,1,0,1,0,0,1,1,0,236
2357,2,0,1,3,1,0,1,5,29,0,1,1,1,0,0,0,1,0,1,1,0,236
2357,3,0,1,6,0,0,0,0,0,0,0,0,0,0,0,0,0,0,0,0,0,236
2358,1,0,2,6,1,0,1,5,29,0,1,1,1,0,0,1,0,0,0,0,0,236
2358,2,1,3,2,1,0,1,5,29,0,1,1,1,0,0,0,0,0,1,1,0,236
2358,3,0,1,6,0,0,0,0,0,0,0,0,0,0,0,0,0,0,0,0,0,236
2359,1,1,3,5,1,0,0,4,26,0,2,1,1,0,1,0,1,0,0,1,0,237
2359,2,0,2,5,1,0,0,4,26,0,2,1,1,1,0,0,1,0,1,1,0,237
2359,3,0,1,6,0,0,0,0,0,0,0,0,0,0,0,0,0,0,0,0,0,237
2360,1,0,1,3,1,0,0,4,26,0,2,1,1,0,1,1,0,0,0,0,1,237
2360,2,1,2,3,1,0,0,4,26,0,2,1,1,0,1,1,0,0,0,1,0,237
2360,3,0,1,6,0,0,0,0,0,0,0,0,0,0,0,0,0,0,0,0,0,237
2361,1,0,3,2,1,0,0,4,26,0,2,1,1,0,0,1,0,1,0,0,0,237
2361,2,1,1,4,1,0,0,4,26,0,2,1,1,0,1,0,1,0,0,1,0,237
2361,3,0,1,6,0,0,0,0,0,0,0,0,0,0,0,0,0,0,0,0,0,237
2362,1,0,2,4,1,0,0,4,26,0,2,1,1,1,0,1,0,1,0,0,0,237
2362,2,1,3,6,1,0,0,4,26,0,2,1,1,0,1,1,0,1,0,0,1,237
2362,3,0,1,6,0,0,0,0,0,0,0,0,0,0,0,0,0,0,0,0,0,237
2363,1,1,3,2,1,0,0,4,26,0,2,1,1,1,0,0,0,1,0,1,0,237
2363,2,0,3,1,1,0,0,4,26,0,2,1,1,0,0,0,0,0,1,0,1,237
2363,3,0,1,6,0,0,0,0,0,0,0,0,0,0,0,0,0,0,0,0,0,237
2364,1,1,2,1,1,0,0,4,26,0,2,1,1,0,1,0,0,0,1,0,1,237
2364,2,0,2,5,1,0,0,4,26,0,2,1,1,0,0,1,0,0,1,0,1,237
2364,3,0,1,6,0,0,0,0,0,0,0,0,0,0,0,0,0,0,0,0,0,237
2365,1,0,1,6,1,0,0,4,26,0,2,1,1,0,0,0,0,0,1,0,1,237
2365,2,1,1,4,1,0,0,4,26,0,2,1,1,0,0,0,0,0,0,0,0,237
2365,3,0,1,6,0,0,0,0,0,0,0,0,0,0,0,0,0,0,0,0,0,237
2366,1,0,2,1,1,0,0,4,26,0,2,1,1,0,0,0,1,0,1,0,0,237
2366,2,1,1,2,1,0,0,4,26,0,2,1,1,1,0,0,1,1,0,0,0,237
2366,3,0,1,6,0,0,0,0,0,0,0,0,0,0,0,0,0,0,0,0,0,237
2367,1,1,1,3,1,0,0,4,26,0,2,1,1,1,0,0,1,0,0,1,0,237
2367,2,0,3,6,1,0,0,4,26,0,2,1,1,1,0,0,0,1,0,0,0,237
2367,3,0,1,6,0,0,0,0,0,0,0,0,0,0,0,0,0,0,0,0,0,237
2368,1,0,3,5,1,0,1,5,22,1,1,1,1,0,1,0,1,0,0,1,0,238
2368,2,1,2,5,1,0,1,5,22,1,1,1,1,1,0,0,1,0,1,1,0,238
2368,3,0,1,6,0,0,0,0,0,0,0,0,0,0,0,0,0,0,0,0,0,238
2369,1,0,1,3,1,0,1,5,22,1,1,1,1,0,1,1,0,0,0,0,1,238
2369,2,1,2,3,1,0,1,5,22,1,1,1,1,0,1,1,0,0,0,1,0,238
2369,3,0,1,6,0,0,0,0,0,0,0,0,0,0,0,0,0,0,0,0,0,238
2370,1,0,3,2,1,0,1,5,22,1,1,1,1,0,0,1,0,1,0,0,0,238
2370,2,1,1,4,1,0,1,5,22,1,1,1,1,0,1,0,1,0,0,1,0,238
2370,3,0,1,6,0,0,0,0,0,0,0,0,0,0,0,0,0,0,0,0,0,238
2371,1,0,2,4,1,0,1,5,22,1,1,1,1,1,0,1,0,1,0,0,0,238
2371,2,1,3,6,1,0,1,5,22,1,1,1,1,0,1,1,0,1,0,0,1,238
2371,3,0,1,6,0,0,0,0,0,0,0,0,0,0,0,0,0,0,0,0,0,238
2372,1,1,3,2,1,0,1,5,22,1,1,1,1,1,0,0,0,1,0,1,0,238
2372,2,0,3,1,1,0,1,5,22,1,1,1,1,0,0,0,0,0,1,0,1,238
2372,3,0,1,6,0,0,0,0,0,0,0,0,0,0,0,0,0,0,0,0,0,238
2373,1,1,2,1,1,0,1,5,22,1,1,1,1,0,1,0,0,0,1,0,1,238
2373,2,0,2,5,1,0,1,5,22,1,1,1,1,0,0,1,0,0,1,0,1,238
2373,3,0,1,6,0,0,0,0,0,0,0,0,0,0,0,0,0,0,0,0,0,238
2374,1,0,1,6,1,0,1,5,22,1,1,1,1,0,0,0,0,0,1,0,1,238
2374,2,1,1,4,1,0,1,5,22,1,1,1,1,0,0,0,0,0,0,0,0,238
2374,3,0,1,6,0,0,0,0,0,0,0,0,0,0,0,0,0,0,0,0,0,238
2375,1,0,2,1,1,0,1,5,22,1,1,1,1,0,0,0,1,0,1,0,0,238
2375,2,1,1,2,1,0,1,5,22,1,1,1,1,1,0,0,1,1,0,0,0,238
2375,3,0,1,6,0,0,0,0,0,0,0,0,0,0,0,0,0,0,0,0,0,238
2376,1,1,1,3,1,0,1,5,22,1,1,1,1,1,0,0,1,0,0,1,0,238
2376,2,0,3,6,1,0,1,5,22,1,1,1,1,1,0,0,0,1,0,0,0,238
2376,3,0,1,6,0,0,0,0,0,0,0,0,0,0,0,0,0,0,0,0,0,238
2377,1,0,3,5,1,0,0,4,25,0,1,1,1,0,1,0,1,0,0,1,0,239
2377,2,1,2,5,1,0,0,4,25,0,1,1,1,1,0,0,1,0,1,1,0,239
2377,3,0,1,6,0,0,0,0,0,0,0,0,0,0,0,0,0,0,0,0,0,239
2378,1,0,1,3,1,0,0,4,25,0,1,1,1,0,1,1,0,0,0,0,1,239
2378,2,1,2,3,1,0,0,4,25,0,1,1,1,0,1,1,0,0,0,1,0,239
2378,3,0,1,6,0,0,0,0,0,0,0,0,0,0,0,0,0,0,0,0,0,239
2379,1,1,3,2,1,0,0,4,25,0,1,1,1,0,0,1,0,1,0,0,0,239
2379,2,0,1,4,1,0,0,4,25,0,1,1,1,0,1,0,1,0,0,1,0,239
2379,3,0,1,6,0,0,0,0,0,0,0,0,0,0,0,0,0,0,0,0,0,239
2380,1,1,2,4,1,0,0,4,25,0,1,1,1,1,0,1,0,1,0,0,0,239
2380,2,0,3,6,1,0,0,4,25,0,1,1,1,0,1,1,0,1,0,0,1,239
2380,3,0,1,6,0,0,0,0,0,0,0,0,0,0,0,0,0,0,0,0,0,239
2381,1,0,3,2,1,0,0,4,25,0,1,1,1,1,0,0,0,1,0,1,0,239
2381,2,1,3,1,1,0,0,4,25,0,1,1,1,0,0,0,0,0,1,0,1,239
2381,3,0,1,6,0,0,0,0,0,0,0,0,0,0,0,0,0,0,0,0,0,239
2382,1,1,2,1,1,0,0,4,25,0,1,1,1,0,1,0,0,0,1,0,1,239
2382,2,0,2,5,1,0,0,4,25,0,1,1,1,0,0,1,0,0,1,0,1,239
2382,3,0,1,6,0,0,0,0,0,0,0,0,0,0,0,0,0,0,0,0,0,239
2383,1,0,1,6,1,0,0,4,25,0,1,1,1,0,0,0,0,0,1,0,1,239
2383,2,1,1,4,1,0,0,4,25,0,1,1,1,0,0,0,0,0,0,0,0,239
2383,3,0,1,6,0,0,0,0,0,0,0,0,0,0,0,0,0,0,0,0,0,239
2384,1,1,2,1,1,0,0,4,25,0,1,1,1,0,0,0,1,0,1,0,0,239
2384,2,0,1,2,1,0,0,4,25,0,1,1,1,1,0,0,1,1,0,0,0,239
2384,3,0,1,6,0,0,0,0,0,0,0,0,0,0,0,0,0,0,0,0,0,239
2385,1,1,1,3,1,0,0,4,25,0,1,1,1,1,0,0,1,0,0,1,0,239
2385,2,0,3,6,1,0,0,4,25,0,1,1,1,1,0,0,0,1,0,0,0,239
2385,3,0,1,6,0,0,0,0,0,0,0,0,0,0,0,0,0,0,0,0,0,239
2386,1,0,2,5,1,1,1,5,20,0,2,1,1,1,0,1,0,0,0,0,1,240
2386,2,1,2,1,1,1,1,5,20,0,2,1,1,0,0,0,1,1,0,0,0,240
2386,3,0,1,6,0,0,0,0,0,0,0,0,0,0,0,0,0,0,0,0,0,240
2387,1,0,2,5,1,1,1,5,20,0,2,1,1,0,0,0,0,0,0,1,0,240
2387,2,1,1,3,1,1,1,5,20,0,2,1,1,0,1,1,0,0,1,0,0,240
2387,3,0,1,6,0,0,0,0,0,0,0,0,0,0,0,0,0,0,0,0,0,240
2388,1,0,1,3,1,1,1,5,20,0,2,1,1,1,0,0,0,1,0,0,0,240
2388,2,1,2,5,1,1,1,5,20,0,2,1,1,0,1,0,1,0,1,0,0,240
2388,3,0,1,6,0,0,0,0,0,0,0,0,0,0,0,0,0,0,0,0,0,240
2389,1,0,1,4,1,1,1,5,20,0,2,1,1,0,0,0,0,1,0,1,0,240
2389,2,1,3,2,1,1,1,5,20,0,2,1,1,1,0,1,0,0,0,1,0,240
2389,3,0,1,6,0,0,0,0,0,0,0,0,0,0,0,0,0,0,0,0,0,240
2390,1,1,1,4,1,1,1,5,20,0,2,1,1,0,1,0,1,1,0,0,0,240
2390,2,0,2,1,1,1,1,5,20,0,2,1,1,0,0,0,0,1,0,1,0,240
2390,3,0,1,6,0,0,0,0,0,0,0,0,0,0,0,0,0,0,0,0,0,240
2391,1,1,3,2,1,1,1,5,20,0,2,1,1,0,0,0,1,0,1,0,1,240
2391,2,0,3,6,1,1,1,5,20,0,2,1,1,0,0,1,0,1,0,1,0,240
2391,3,0,1,6,0,0,0,0,0,0,0,0,0,0,0,0,0,0,0,0,0,240
2392,1,0,3,6,1,1,1,5,20,0,2,1,1,0,1,0,1,0,1,0,0,240
2392,2,1,1,3,1,1,1,5,20,0,2,1,1,0,1,0,0,0,1,0,1,240
2392,3,0,1,6,0,0,0,0,0,0,0,0,0,0,0,0,0,0,0,0,0,240
2393,1,0,3,6,1,1,1,5,20,0,2,1,1,1,0,1,0,0,1,0,1,240
2393,2,1,3,2,1,1,1,5,20,0,2,1,1,1,0,0,1,0,0,0,1,240
2393,3,0,1,6,0,0,0,0,0,0,0,0,0,0,0,0,0,0,0,0,0,240
2394,1,1,2,1,1,1,1,5,20,0,2,1,1,0,1,1,0,0,0,1,0,240
2394,2,0,1,4,1,1,1,5,20,0,2,1,1,1,0,0,0,0,0,0,1,240
2394,3,0,1,6,0,0,0,0,0,0,0,0,0,0,0,0,0,0,0,0,0,240
2395,1,1,1,5,1,0,1,5,20,0,1,1,1,1,0,0,1,0,0,0,0,241
2395,2,0,1,5,1,0,1,5,20,0,1,1,1,0,0,1,0,0,0,0,1,241
2395,3,0,1,6,0,0,0,0,0,0,0,0,0,0,0,0,0,0,0,0,0,241
2396,1,1,3,3,1,0,1,5,20,0,1,1,1,0,0,0,0,0,0,0,0,241
2396,2,0,2,1,1,0,1,5,20,0,1,1,1,1,0,1,0,1,0,0,1,241
2396,3,0,1,6,0,0,0,0,0,0,0,0,0,0,0,0,0,0,0,0,0,241
2397,1,1,1,5,1,0,1,5,20,0,1,1,1,0,1,0,0,1,0,0,1,241
2397,2,0,1,3,1,0,1,5,20,0,1,1,1,1,0,0,1,1,0,0,1,241
2397,3,0,1,6,0,0,0,0,0,0,0,0,0,0,0,0,0,0,0,0,0,241
2398,1,0,3,4,1,0,1,5,20,0,1,1,1,0,0,1,0,1,0,0,1,241
2398,2,1,2,6,1,0,1,5,20,0,1,1,1,1,0,0,0,0,1,0,0,241
2398,3,0,1,6,0,0,0,0,0,0,0,0,0,0,0,0,0,0,0,0,0,241
2399,1,0,2,2,1,0,1,5,20,0,1,1,1,0,1,0,1,1,0,0,1,241
2399,2,1,3,2,1,0,1,5,20,0,1,1,1,0,1,0,0,0,0,0,0,241
2399,3,0,1,6,0,0,0,0,0,0,0,0,0,0,0,0,0,0,0,0,0,241
2400,1,0,3,4,1,0,1,5,20,0,1,1,1,1,0,0,1,0,1,1,0,241
2400,2,1,2,1,1,0,1,5,20,0,1,1,1,0,1,1,0,0,0,0,0,241
2400,3,0,1,6,0,0,0,0,0,0,0,0,0,0,0,0,0,0,0,0,0,241
2401,1,0,2,6,1,0,1,5,20,0,1,1,1,0,1,0,0,0,1,1,0,241
2401,2,1,3,4,1,0,1,5,20,0,1,1,1,0,1,0,1,1,0,1,0,241
2401,3,0,1,6,0,0,0,0,0,0,0,0,0,0,0,0,0,0,0,0,0,241
2402,1,1,1,1,1,0,1,5,20,0,1,1,1,1,0,1,0,0,1,1,0,241
2402,2,0,1,3,1,0,1,5,20,0,1,1,1,0,0,0,1,0,1,1,0,241
2402,3,0,1,6,0,0,0,0,0,0,0,0,0,0,0,0,0,0,0,0,0,241
2403,1,0,2,6,1,0,1,5,20,0,1,1,1,0,0,1,0,0,0,0,0,241
2403,2,1,3,2,1,0,1,5,20,0,1,1,1,0,0,0,0,0,1,1,0,241
2403,3,0,1,6,0,0,0,0,0,0,0,0,0,0,0,0,0,0,0,0,0,241
2404,1,1,3,5,1,0,1,2,35,1,3,1,1,0,1,0,1,0,0,1,0,242
2404,2,0,2,5,1,0,1,2,35,1,3,1,1,1,0,0,1,0,1,1,0,242
2404,3,0,1,6,0,0,0,0,0,0,0,0,0,0,0,0,0,0,0,0,0,242
2405,1,0,1,3,1,0,1,2,35,1,3,1,1,0,1,1,0,0,0,0,1,242
2405,2,1,2,3,1,0,1,2,35,1,3,1,1,0,1,1,0,0,0,1,0,242
2405,3,0,1,6,0,0,0,0,0,0,0,0,0,0,0,0,0,0,0,0,0,242
2406,1,0,3,2,1,0,1,2,35,1,3,1,1,0,0,1,0,1,0,0,0,242
2406,2,1,1,4,1,0,1,2,35,1,3,1,1,0,1,0,1,0,0,1,0,242
2406,3,0,1,6,0,0,0,0,0,0,0,0,0,0,0,0,0,0,0,0,0,242
2407,1,0,2,4,1,0,1,2,35,1,3,1,1,1,0,1,0,1,0,0,0,242
2407,2,1,3,6,1,0,1,2,35,1,3,1,1,0,1,1,0,1,0,0,1,242
2407,3,0,1,6,0,0,0,0,0,0,0,0,0,0,0,0,0,0,0,0,0,242
2408,1,0,3,2,1,0,1,2,35,1,3,1,1,1,0,0,0,1,0,1,0,242
2408,2,1,3,1,1,0,1,2,35,1,3,1,1,0,0,0,0,0,1,0,1,242
2408,3,0,1,6,0,0,0,0,0,0,0,0,0,0,0,0,0,0,0,0,0,242
2409,1,1,2,1,1,0,1,2,35,1,3,1,1,0,1,0,0,0,1,0,1,242
2409,2,0,2,5,1,0,1,2,35,1,3,1,1,0,0,1,0,0,1,0,1,242
2409,3,0,1,6,0,0,0,0,0,0,0,0,0,0,0,0,0,0,0,0,0,242
2410,1,0,1,6,1,0,1,2,35,1,3,1,1,0,0,0,0,0,1,0,1,242
2410,2,1,1,4,1,0,1,2,35,1,3,1,1,0,0,0,0,0,0,0,0,242
2410,3,0,1,6,0,0,0,0,0,0,0,0,0,0,0,0,0,0,0,0,0,242
2411,1,1,2,1,1,0,1,2,35,1,3,1,1,0,0,0,1,0,1,0,0,242
2411,2,0,1,2,1,0,1,2,35,1,3,1,1,1,0,0,1,1,0,0,0,242
2411,3,0,1,6,0,0,0,0,0,0,0,0,0,0,0,0,0,0,0,0,0,242
2412,1,0,1,3,1,0,1,2,35,1,3,1,1,1,0,0,1,0,0,1,0,242
2412,2,1,3,6,1,0,1,2,35,1,3,1,1,1,0,0,0,1,0,0,0,242
2412,3,0,1,6,0,0,0,0,0,0,0,0,0,0,0,0,0,0,0,0,0,242
2413,1,0,2,3,1,1,1,4,21,0,2,1,1,1,0,0,1,1,0,0,1,243
2413,2,0,1,4,1,1,1,4,21,0,2,1,1,1,0,1,0,0,1,1,0,243
2413,3,1,1,6,0,0,0,0,0,0,0,0,0,0,0,0,0,0,0,0,0,243
2414,1,0,3,6,1,1,1,4,21,0,2,1,1,0,1,1,0,1,0,1,0,243
2414,2,0,1,5,1,1,1,4,21,0,2,1,1,0,0,1,0,1,0,0,0,243
2414,3,1,1,6,0,0,0,0,0,0,0,0,0,0,0,0,0,0,0,0,0,243
2415,1,0,2,3,1,1,1,4,21,0,2,1,1,0,0,0,1,1,0,1,0,243
2415,2,0,2,3,1,1,1,4,21,0,2,1,1,0,0,0,1,0,0,0,1,243
2415,3,1,1,6,0,0,0,0,0,0,0,0,0,0,0,0,0,0,0,0,0,243
2416,1,0,1,2,1,1,1,4,21,0,2,1,1,0,0,1,0,0,1,1,0,243
2416,2,0,2,5,1,1,1,4,21,0,2,1,1,0,1,0,0,1,0,0,1,243
2416,3,1,1,6,0,0,0,0,0,0,0,0,0,0,0,0,0,0,0,0,0,243
2417,1,0,2,5,1,1,1,4,21,0,2,1,1,1,0,0,0,0,1,0,0,243
2417,2,0,2,6,1,1,1,4,21,0,2,1,1,1,0,0,0,0,0,1,0,243
2417,3,1,1,6,0,0,0,0,0,0,0,0,0,0,0,0,0,0,0,0,0,243
2418,1,0,1,2,1,1,1,4,21,0,2,1,1,0,1,1,0,0,1,0,0,243
2418,2,0,3,1,1,1,1,4,21,0,2,1,1,1,0,1,0,0,1,0,0,243
2418,3,1,1,6,0,0,0,0,0,0,0,0,0,0,0,0,0,0,0,0,0,243
2419,1,0,3,1,1,1,1,4,21,0,2,1,1,0,1,0,0,0,0,0,0,243
2419,2,0,3,6,1,1,1,4,21,0,2,1,1,0,0,0,1,0,0,0,0,243
2419,3,1,1,6,0,0,0,0,0,0,0,0,0,0,0,0,0,0,0,0,0,243
2420,1,0,1,4,1,1,1,4,21,0,2,1,1,0,0,0,1,0,0,0,1,243
2420,2,0,3,4,1,1,1,4,21,0,2,1,1,0,1,0,1,0,1,0,1,243
2420,3,1,1,6,0,0,0,0,0,0,0,0,0,0,0,0,0,0,0,0,0,243
2421,1,0,3,1,1,1,1,4,21,0,2,1,1,1,0,0,0,0,0,0,1,243
2421,2,0,1,2,1,1,1,4,21,0,2,1,1,0,1,0,0,1,0,1,0,243
2421,3,1,1,6,0,0,0,0,0,0,0,0,0,0,0,0,0,0,0,0,0,243
2440,1,0,3,5,1,0,1,5,25,0,2,1,1,0,1,0,1,0,0,1,0,244
2440,2,1,2,5,1,0,1,5,25,0,2,1,1,1,0,0,1,0,1,1,0,244
2440,3,0,1,6,0,0,0,0,0,0,0,0,0,0,0,0,0,0,0,0,0,244
2441,1,0,1,3,1,0,1,5,25,0,2,1,1,0,1,1,0,0,0,0,1,244
2441,2,1,2,3,1,0,1,5,25,0,2,1,1,0,1,1,0,0,0,1,0,244
2441,3,0,1,6,0,0,0,0,0,0,0,0,0,0,0,0,0,0,0,0,0,244
2442,1,0,3,2,1,0,1,5,25,0,2,1,1,0,0,1,0,1,0,0,0,244
2442,2,1,1,4,1,0,1,5,25,0,2,1,1,0,1,0,1,0,0,1,0,244
2442,3,0,1,6,0,0,0,0,0,0,0,0,0,0,0,0,0,0,0,0,0,244
2443,1,1,2,4,1,0,1,5,25,0,2,1,1,1,0,1,0,1,0,0,0,244
2443,2,0,3,6,1,0,1,5,25,0,2,1,1,0,1,1,0,1,0,0,1,244
2443,3,0,1,6,0,0,0,0,0,0,0,0,0,0,0,0,0,0,0,0,0,244
2444,1,1,3,2,1,0,1,5,25,0,2,1,1,1,0,0,0,1,0,1,0,244
2444,2,0,3,1,1,0,1,5,25,0,2,1,1,0,0,0,0,0,1,0,1,244
2444,3,0,1,6,0,0,0,0,0,0,0,0,0,0,0,0,0,0,0,0,0,244
2445,1,1,2,1,1,0,1,5,25,0,2,1,1,0,1,0,0,0,1,0,1,244
2445,2,0,2,5,1,0,1,5,25,0,2,1,1,0,0,1,0,0,1,0,1,244
2445,3,0,1,6,0,0,0,0,0,0,0,0,0,0,0,0,0,0,0,0,0,244
2446,1,0,1,6,1,0,1,5,25,0,2,1,1,0,0,0,0,0,1,0,1,244
2446,2,1,1,4,1,0,1,5,25,0,2,1,1,0,0,0,0,0,0,0,0,244
2446,3,0,1,6,0,0,0,0,0,0,0,0,0,0,0,0,0,0,0,0,0,244
2447,1,0,2,1,1,0,1,5,25,0,2,1,1,0,0,0,1,0,1,0,0,244
2447,2,1,1,2,1,0,1,5,25,0,2,1,1,1,0,0,1,1,0,0,0,244
2447,3,0,1,6,0,0,0,0,0,0,0,0,0,0,0,0,0,0,0,0,0,244
2448,1,1,1,3,1,0,1,5,25,0,2,1,1,1,0,0,1,0,0,1,0,244
2448,2,0,3,6,1,0,1,5,25,0,2,1,1,1,0,0,0,1,0,0,0,244
2448,3,0,1,6,0,0,0,0,0,0,0,0,0,0,0,0,0,0,0,0,0,244
2449,1,1,2,3,1,0,1,4,21,0,1,1,1,1,0,0,1,1,0,0,1,245
2449,2,0,1,4,1,0,1,4,21,0,1,1,1,1,0,1,0,0,1,1,0,245
2449,3,0,1,6,0,0,0,0,0,0,0,0,0,0,0,0,0,0,0,0,0,245
2450,1,1,3,6,1,0,1,4,21,0,1,1,1,0,1,1,0,1,0,1,0,245
2450,2,0,1,5,1,0,1,4,21,0,1,1,1,0,0,1,0,1,0,0,0,245
2450,3,0,1,6,0,0,0,0,0,0,0,0,0,0,0,0,0,0,0,0,0,245
2451,1,1,2,3,1,0,1,4,21,0,1,1,1,0,0,0,1,1,0,1,0,245
2451,2,0,2,3,1,0,1,4,21,0,1,1,1,0,0,0,1,0,0,0,1,245
2451,3,0,1,6,0,0,0,0,0,0,0,0,0,0,0,0,0,0,0,0,0,245
2452,1,0,1,2,1,0,1,4,21,0,1,1,1,0,0,1,0,0,1,1,0,245
2452,2,1,2,5,1,0,1,4,21,0,1,1,1,0,1,0,0,1,0,0,1,245
2452,3,0,1,6,0,0,0,0,0,0,0,0,0,0,0,0,0,0,0,0,0,245
2453,1,1,2,5,1,0,1,4,21,0,1,1,1,1,0,0,0,0,1,0,0,245
2453,2,0,2,6,1,0,1,4,21,0,1,1,1,1,0,0,0,0,0,1,0,245
2453,3,0,1,6,0,0,0,0,0,0,0,0,0,0,0,0,0,0,0,0,0,245
2454,1,1,1,2,1,0,1,4,21,0,1,1,1,0,1,1,0,0,1,0,0,245
2454,2,0,3,1,1,0,1,4,21,0,1,1,1,1,0,1,0,0,1,0,0,245
2454,3,0,1,6,0,0,0,0,0,0,0,0,0,0,0,0,0,0,0,0,0,245
2455,1,1,3,1,1,0,1,4,21,0,1,1,1,0,1,0,0,0,0,0,0,245
2455,2,0,3,6,1,0,1,4,21,0,1,1,1,0,0,0,1,0,0,0,0,245
2455,3,0,1,6,0,0,0,0,0,0,0,0,0,0,0,0,0,0,0,0,0,245
2456,1,0,1,4,1,0,1,4,21,0,1,1,1,0,0,0,1,0,0,0,1,245
2456,2,1,3,4,1,0,1,4,21,0,1,1,1,0,1,0,1,0,1,0,1,245
2456,3,0,1,6,0,0,0,0,0,0,0,0,0,0,0,0,0,0,0,0,0,245
2457,1,0,3,1,1,0,1,4,21,0,1,1,1,1,0,0,0,0,0,0,1,245
2457,2,1,1,2,1,0,1,4,21,0,1,1,1,0,1,0,0,1,0,1,0,245
2457,3,0,1,6,0,0,0,0,0,0,0,0,0,0,0,0,0,0,0,0,0,245
2458,1,1,2,3,1,0,0,4,23,1,1,1,1,1,0,0,1,1,0,0,1,246
2458,2,0,1,4,1,0,0,4,23,1,1,1,1,1,0,1,0,0,1,1,0,246
2458,3,0,1,6,0,0,0,0,0,0,0,0,0,0,0,0,0,0,0,0,0,246
2459,1,0,3,6,1,0,0,4,23,1,1,1,1,0,1,1,0,1,0,1,0,246
2459,2,1,1,5,1,0,0,4,23,1,1,1,1,0,0,1,0,1,0,0,0,246
2459,3,0,1,6,0,0,0,0,0,0,0,0,0,0,0,0,0,0,0,0,0,246
2460,1,1,2,3,1,0,0,4,23,1,1,1,1,0,0,0,1,1,0,1,0,246
2460,2,0,2,3,1,0,0,4,23,1,1,1,1,0,0,0,1,0,0,0,1,246
2460,3,0,1,6,0,0,0,0,0,0,0,0,0,0,0,0,0,0,0,0,0,246
2461,1,1,1,2,1,0,0,4,23,1,1,1,1,0,0,1,0,0,1,1,0,246
2461,2,0,2,5,1,0,0,4,23,1,1,1,1,0,1,0,0,1,0,0,1,246
2461,3,0,1,6,0,0,0,0,0,0,0,0,0,0,0,0,0,0,0,0,0,246
2462,1,1,2,5,1,0,0,4,23,1,1,1,1,1,0,0,0,0,1,0,0,246
2462,2,0,2,6,1,0,0,4,23,1,1,1,1,1,0,0,0,0,0,1,0,246
2462,3,0,1,6,0,0,0,0,0,0,0,0,0,0,0,0,0,0,0,0,0,246
2463,1,1,1,2,1,0,0,4,23,1,1,1,1,0,1,1,0,0,1,0,0,246
2463,2,0,3,1,1,0,0,4,23,1,1,1,1,1,0,1,0,0,1,0,0,246
2463,3,0,1,6,0,0,0,0,0,0,0,0,0,0,0,0,0,0,0,0,0,246
2464,1,1,3,1,1,0,0,4,23,1,1,1,1,0,1,0,0,0,0,0,0,246
2464,2,0,3,6,1,0,0,4,23,1,1,1,1,0,0,0,1,0,0,0,0,246
2464,3,0,1,6,0,0,0,0,0,0,0,0,0,0,0,0,0,0,0,0,0,246
2465,1,0,1,4,1,0,0,4,23,1,1,1,1,0,0,0,1,0,0,0,1,246
2465,2,1,3,4,1,0,0,4,23,1,1,1,1,0,1,0,1,0,1,0,1,246
2465,3,0,1,6,0,0,0,0,0,0,0,0,0,0,0,0,0,0,0,0,0,246
2466,1,1,3,1,1,0,0,4,23,1,1,1,1,1,0,0,0,0,0,0,1,246
2466,2,0,1,2,1,0,0,4,23,1,1,1,1,0,1,0,0,1,0,1,0,246
2466,3,0,1,6,0,0,0,0,0,0,0,0,0,0,0,0,0,0,0,0,0,246
2467,1,0,3,5,1,1,0,2,24,1,1,2,1,0,1,0,1,0,0,1,0,247
2467,2,0,2,5,1,1,0,2,24,1,1,2,1,1,0,0,1,0,1,1,0,247
2467,3,1,1,6,0,0,0,0,0,0,0,0,0,0,0,0,0,0,0,0,0,247
2468,1,0,1,3,1,1,0,2,24,1,1,2,1,0,1,1,0,0,0,0,1,247
2468,2,0,2,3,1,1,0,2,24,1,1,2,1,0,1,1,0,0,0,1,0,247
2468,3,1,1,6,0,0,0,0,0,0,0,0,0,0,0,0,0,0,0,0,0,247
2469,1,0,3,2,1,1,0,2,24,1,1,2,1,0,0,1,0,1,0,0,0,247
2469,2,0,1,4,1,1,0,2,24,1,1,2,1,0,1,0,1,0,0,1,0,247
2469,3,1,1,6,0,0,0,0,0,0,0,0,0,0,0,0,0,0,0,0,0,247
2470,1,0,2,4,1,1,0,2,24,1,1,2,1,1,0,1,0,1,0,0,0,247
2470,2,0,3,6,1,1,0,2,24,1,1,2,1,0,1,1,0,1,0,0,1,247
2470,3,1,1,6,0,0,0,0,0,0,0,0,0,0,0,0,0,0,0,0,0,247
2471,1,0,3,2,1,1,0,2,24,1,1,2,1,1,0,0,0,1,0,1,0,247
2471,2,0,3,1,1,1,0,2,24,1,1,2,1,0,0,0,0,0,1,0,1,247
2471,3,1,1,6,0,0,0,0,0,0,0,0,0,0,0,0,0,0,0,0,0,247
2472,1,0,2,1,1,1,0,2,24,1,1,2,1,0,1,0,0,0,1,0,1,247
2472,2,0,2,5,1,1,0,2,24,1,1,2,1,0,0,1,0,0,1,0,1,247
2472,3,1,1,6,0,0,0,0,0,0,0,0,0,0,0,0,0,0,0,0,0,247
2473,1,0,1,6,1,1,0,2,24,1,1,2,1,0,0,0,0,0,1,0,1,247
2473,2,0,1,4,1,1,0,2,24,1,1,2,1,0,0,0,0,0,0,0,0,247
2473,3,1,1,6,0,0,0,0,0,0,0,0,0,0,0,0,0,0,0,0,0,247
2474,1,0,2,1,1,1,0,2,24,1,1,2,1,0,0,0,1,0,1,0,0,247
2474,2,0,1,2,1,1,0,2,24,1,1,2,1,1,0,0,1,1,0,0,0,247
2474,3,1,1,6,0,0,0,0,0,0,0,0,0,0,0,0,0,0,0,0,0,247
2475,1,1,1,3,1,1,0,2,24,1,1,2,1,1,0,0,1,0,0,1,0,247
2475,2,0,3,6,1,1,0,2,24,1,1,2,1,1,0,0,0,1,0,0,0,247
2475,3,0,1,6,0,0,0,0,0,0,0,0,0,0,0,0,0,0,0,0,0,247
2476,1,0,2,3,1,0,1,5,21,1,1,1,0,1,0,0,1,1,0,0,1,248
2476,2,1,1,4,1,0,1,5,21,1,1,1,0,1,0,1,0,0,1,1,0,248
2476,3,0,1,6,0,0,0,0,0,0,0,0,0,0,0,0,0,0,0,0,0,248
2477,1,1,3,6,1,0,1,5,21,1,1,1,0,0,1,1,0,1,0,1,0,248
2477,2,0,1,5,1,0,1,5,21,1,1,1,0,0,0,1,0,1,0,0,0,248
2477,3,0,1,6,0,0,0,0,0,0,0,0,0,0,0,0,0,0,0,0,0,248
2478,1,1,2,3,1,0,1,5,21,1,1,1,0,0,0,0,1,1,0,1,0,248
2478,2,0,2,3,1,0,1,5,21,1,1,1,0,0,0,0,1,0,0,0,1,248
2478,3,0,1,6,0,0,0,0,0,0,0,0,0,0,0,0,0,0,0,0,0,248
2479,1,0,1,2,1,0,1,5,21,1,1,1,0,0,0,1,0,0,1,1,0,248
2479,2,1,2,5,1,0,1,5,21,1,1,1,0,0,1,0,0,1,0,0,1,248
2479,3,0,1,6,0,0,0,0,0,0,0,0,0,0,0,0,0,0,0,0,0,248
2480,1,1,2,5,1,0,1,5,21,1,1,1,0,1,0,0,0,0,1,0,0,248
2480,2,0,2,6,1,0,1,5,21,1,1,1,0,1,0,0,0,0,0,1,0,248
2480,3,0,1,6,0,0,0,0,0,0,0,0,0,0,0,0,0,0,0,0,0,248
2481,1,1,1,2,1,0,1,5,21,1,1,1,0,0,1,1,0,0,1,0,0,248
2481,2,0,3,1,1,0,1,5,21,1,1,1,0,1,0,1,0,0,1,0,0,248
2481,3,0,1,6,0,0,0,0,0,0,0,0,0,0,0,0,0,0,0,0,0,248
2482,1,1,3,1,1,0,1,5,21,1,1,1,0,0,1,0,0,0,0,0,0,248
2482,2,0,3,6,1,0,1,5,21,1,1,1,0,0,0,0,1,0,0,0,0,248
2482,3,0,1,6,0,0,0,0,0,0,0,0,0,0,0,0,0,0,0,0,0,248
2483,1,0,1,4,1,0,1,5,21,1,1,1,0,0,0,0,1,0,0,0,1,248
2483,2,1,3,4,1,0,1,5,21,1,1,1,0,0,1,0,1,0,1,0,1,248
2483,3,0,1,6,0,0,0,0,0,0,0,0,0,0,0,0,0,0,0,0,0,248
2484,1,0,3,1,1,0,1,5,21,1,1,1,0,1,0,0,0,0,0,0,1,248
2484,2,1,1,2,1,0,1,5,21,1,1,1,0,0,1,0,0,1,0,1,0,248
2484,3,0,1,6,0,0,0,0,0,0,0,0,0,0,0,0,0,0,0,0,0,248
2494,1,1,3,5,1,0,1,5,40,1,1,1,1,0,1,0,1,0,0,1,0,249
2494,2,0,2,5,1,0,1,5,40,1,1,1,1,1,0,0,1,0,1,1,0,249
2494,3,0,1,6,0,0,0,0,0,0,0,0,0,0,0,0,0,0,0,0,0,249
2495,1,0,1,3,1,0,1,5,40,1,1,1,1,0,1,1,0,0,0,0,1,249
2495,2,1,2,3,1,0,1,5,40,1,1,1,1,0,1,1,0,0,0,1,0,249
2495,3,0,1,6,0,0,0,0,0,0,0,0,0,0,0,0,0,0,0,0,0,249
2496,1,1,3,2,1,0,1,5,40,1,1,1,1,0,0,1,0,1,0,0,0,249
2496,2,0,1,4,1,0,1,5,40,1,1,1,1,0,1,0,1,0,0,1,0,249
2496,3,0,1,6,0,0,0,0,0,0,0,0,0,0,0,0,0,0,0,0,0,249
2497,1,0,2,4,1,0,1,5,40,1,1,1,1,1,0,1,0,1,0,0,0,249
2497,2,1,3,6,1,0,1,5,40,1,1,1,1,0,1,1,0,1,0,0,1,249
2497,3,0,1,6,0,0,0,0,0,0,0,0,0,0,0,0,0,0,0,0,0,249
2498,1,1,3,2,1,0,1,5,40,1,1,1,1,1,0,0,0,1,0,1,0,249
2498,2,0,3,1,1,0,1,5,40,1,1,1,1,0,0,0,0,0,1,0,1,249
2498,3,0,1,6,0,0,0,0,0,0,0,0,0,0,0,0,0,0,0,0,0,249
2499,1,1,2,1,1,0,1,5,40,1,1,1,1,0,1,0,0,0,1,0,1,249
2499,2,0,2,5,1,0,1,5,40,1,1,1,1,0,0,1,0,0,1,0,1,249
2499,3,0,1,6,0,0,0,0,0,0,0,0,0,0,0,0,0,0,0,0,0,249
2500,1,0,1,6,1,0,1,5,40,1,1,1,1,0,0,0,0,0,1,0,1,249
2500,2,1,1,4,1,0,1,5,40,1,1,1,1,0,0,0,0,0,0,0,0,249
2500,3,0,1,6,0,0,0,0,0,0,0,0,0,0,0,0,0,0,0,0,0,249
2501,1,1,2,1,1,0,1,5,40,1,1,1,1,0,0,0,1,0,1,0,0,249
2501,2,0,1,2,1,0,1,5,40,1,1,1,1,1,0,0,1,1,0,0,0,249
2501,3,0,1,6,0,0,0,0,0,0,0,0,0,0,0,0,0,0,0,0,0,249
2502,1,0,1,3,1,0,1,5,40,1,1,1,1,1,0,0,1,0,0,1,0,249
2502,2,1,3,6,1,0,1,5,40,1,1,1,1,1,0,0,0,1,0,0,0,249
2502,3,0,1,6,0,0,0,0,0,0,0,0,0,0,0,0,0,0,0,0,0,249
2512,1,0,2,5,1,1,1,4,28,0,2,1,1,1,0,1,0,0,0,0,1,250
2512,2,1,2,1,1,1,1,4,28,0,2,1,1,0,0,0,1,1,0,0,0,250
2512,3,0,1,6,0,0,0,0,0,0,0,0,0,0,0,0,0,0,0,0,0,250
2513,1,1,2,5,1,1,1,4,28,0,2,1,1,0,0,0,0,0,0,1,0,250
2513,2,0,1,3,1,1,1,4,28,0,2,1,1,0,1,1,0,0,1,0,0,250
2513,3,0,1,6,0,0,0,0,0,0,0,0,0,0,0,0,0,0,0,0,0,250
2514,1,0,1,3,1,1,1,4,28,0,2,1,1,1,0,0,0,1,0,0,0,250
2514,2,1,2,5,1,1,1,4,28,0,2,1,1,0,1,0,1,0,1,0,0,250
2514,3,0,1,6,0,0,0,0,0,0,0,0,0,0,0,0,0,0,0,0,0,250
2515,1,0,1,4,1,1,1,4,28,0,2,1,1,0,0,0,0,1,0,1,0,250
2515,2,1,3,2,1,1,1,4,28,0,2,1,1,1,0,1,0,0,0,1,0,250
2515,3,0,1,6,0,0,0,0,0,0,0,0,0,0,0,0,0,0,0,0,0,250
2516,1,0,1,4,1,1,1,4,28,0,2,1,1,0,1,0,1,1,0,0,0,250
2516,2,1,2,1,1,1,1,4,28,0,2,1,1,0,0,0,0,1,0,1,0,250
2516,3,0,1,6,0,0,0,0,0,0,0,0,0,0,0,0,0,0,0,0,0,250
2517,1,1,3,2,1,1,1,4,28,0,2,1,1,0,0,0,1,0,1,0,1,250
2517,2,0,3,6,1,1,1,4,28,0,2,1,1,0,0,1,0,1,0,1,0,250
2517,3,0,1,6,0,0,0,0,0,0,0,0,0,0,0,0,0,0,0,0,0,250
2518,1,0,3,6,1,1,1,4,28,0,2,1,1,0,1,0,1,0,1,0,0,250
2518,2,1,1,3,1,1,1,4,28,0,2,1,1,0,1,0,0,0,1,0,1,250
2518,3,0,1,6,0,0,0,0,0,0,0,0,0,0,0,0,0,0,0,0,0,250
2519,1,0,3,6,1,1,1,4,28,0,2,1,1,1,0,1,0,0,1,0,1,250
2519,2,1,3,2,1,1,1,4,28,0,2,1,1,1,0,0,1,0,0,0,1,250
2519,3,0,1,6,0,0,0,0,0,0,0,0,0,0,0,0,0,0,0,0,0,250
2520,1,1,2,1,1,1,1,4,28,0,2,1,1,0,1,1,0,0,0,1,0,250
2520,2,0,1,4,1,1,1,4,28,0,2,1,1,1,0,0,0,0,0,0,1,250
2520,3,0,1,6,0,0,0,0,0,0,0,0,0,0,0,0,0,0,0,0,0,250
2521,1,1,2,3,1,0,1,4,19,0,2,1,1,1,0,0,1,1,0,0,1,251
2521,2,0,1,4,1,0,1,4,19,0,2,1,1,1,0,1,0,0,1,1,0,251
2521,3,0,1,6,0,0,0,0,0,0,0,0,0,0,0,0,0,0,0,0,0,251
2522,1,0,3,6,1,0,1,4,19,0,2,1,1,0,1,1,0,1,0,1,0,251
2522,2,1,1,5,1,0,1,4,19,0,2,1,1,0,0,1,0,1,0,0,0,251
2522,3,0,1,6,0,0,0,0,0,0,0,0,0,0,0,0,0,0,0,0,0,251
2523,1,1,2,3,1,0,1,4,19,0,2,1,1,0,0,0,1,1,0,1,0,251
2523,2,0,2,3,1,0,1,4,19,0,2,1,1,0,0,0,1,0,0,0,1,251
2523,3,0,1,6,0,0,0,0,0,0,0,0,0,0,0,0,0,0,0,0,0,251
2524,1,0,1,2,1,0,1,4,19,0,2,1,1,0,0,1,0,0,1,1,0,251
2524,2,1,2,5,1,0,1,4,19,0,2,1,1,0,1,0,0,1,0,0,1,251
2524,3,0,1,6,0,0,0,0,0,0,0,0,0,0,0,0,0,0,0,0,0,251
2525,1,1,2,5,1,0,1,4,19,0,2,1,1,1,0,0,0,0,1,0,0,251
2525,2,0,2,6,1,0,1,4,19,0,2,1,1,1,0,0,0,0,0,1,0,251
2525,3,0,1,6,0,0,0,0,0,0,0,0,0,0,0,0,0,0,0,0,0,251
2526,1,0,1,2,1,0,1,4,19,0,2,1,1,0,1,1,0,0,1,0,0,251
2526,2,1,3,1,1,0,1,4,19,0,2,1,1,1,0,1,0,0,1,0,0,251
2526,3,0,1,6,0,0,0,0,0,0,0,0,0,0,0,0,0,0,0,0,0,251
2527,1,1,3,1,1,0,1,4,19,0,2,1,1,0,1,0,0,0,0,0,0,251
2527,2,0,3,6,1,0,1,4,19,0,2,1,1,0,0,0,1,0,0,0,0,251
2527,3,0,1,6,0,0,0,0,0,0,0,0,0,0,0,0,0,0,0,0,0,251
2528,1,0,1,4,1,0,1,4,19,0,2,1,1,0,0,0,1,0,0,0,1,251
2528,2,1,3,4,1,0,1,4,19,0,2,1,1,0,1,0,1,0,1,0,1,251
2528,3,0,1,6,0,0,0,0,0,0,0,0,0,0,0,0,0,0,0,0,0,251
2529,1,0,3,1,1,0,1,4,19,0,2,1,1,1,0,0,0,0,0,0,1,251
2529,2,1,1,2,1,0,1,4,19,0,2,1,1,0,1,0,0,1,0,1,0,251
2529,3,0,1,6,0,0,0,0,0,0,0,0,0,0,0,0,0,0,0,0,0,251
2530,1,1,2,3,1,0,0,5,28,1,2,1,1,1,0,0,1,1,0,0,1,252
2530,2,0,1,4,1,0,0,5,28,1,2,1,1,1,0,1,0,0,1,1,0,252
2530,3,0,1,6,0,0,0,0,0,0,0,0,0,0,0,0,0,0,0,0,0,252
2531,1,1,3,6,1,0,0,5,28,1,2,1,1,0,1,1,0,1,0,1,0,252
2531,2,0,1,5,1,0,0,5,28,1,2,1,1,0,0,1,0,1,0,0,0,252
2531,3,0,1,6,0,0,0,0,0,0,0,0,0,0,0,0,0,0,0,0,0,252
2532,1,1,2,3,1,0,0,5,28,1,2,1,1,0,0,0,1,1,0,1,0,252
2532,2,0,2,3,1,0,0,5,28,1,2,1,1,0,0,0,1,0,0,0,1,252
2532,3,0,1,6,0,0,0,0,0,0,0,0,0,0,0,0,0,0,0,0,0,252
2533,1,0,1,2,1,0,0,5,28,1,2,1,1,0,0,1,0,0,1,1,0,252
2533,2,1,2,5,1,0,0,5,28,1,2,1,1,0,1,0,0,1,0,0,1,252
2533,3,0,1,6,0,0,0,0,0,0,0,0,0,0,0,0,0,0,0,0,0,252
2534,1,1,2,5,1,0,0,5,28,1,2,1,1,1,0,0,0,0,1,0,0,252
2534,2,0,2,6,1,0,0,5,28,1,2,1,1,1,0,0,0,0,0,1,0,252
2534,3,0,1,6,0,0,0,0,0,0,0,0,0,0,0,0,0,0,0,0,0,252
2535,1,0,1,2,1,0,0,5,28,1,2,1,1,0,1,1,0,0,1,0,0,252
2535,2,1,3,1,1,0,0,5,28,1,2,1,1,1,0,1,0,0,1,0,0,252
2535,3,0,1,6,0,0,0,0,0,0,0,0,0,0,0,0,0,0,0,0,0,252
2536,1,1,3,1,1,0,0,5,28,1,2,1,1,0,1,0,0,0,0,0,0,252
2536,2,0,3,6,1,0,0,5,28,1,2,1,1,0,0,0,1,0,0,0,0,252
2536,3,0,1,6,0,0,0,0,0,0,0,0,0,0,0,0,0,0,0,0,0,252
2537,1,0,1,4,1,0,0,5,28,1,2,1,1,0,0,0,1,0,0,0,1,252
2537,2,1,3,4,1,0,0,5,28,1,2,1,1,0,1,0,1,0,1,0,1,252
2537,3,0,1,6,0,0,0,0,0,0,0,0,0,0,0,0,0,0,0,0,0,252
2538,1,1,3,1,1,0,0,5,28,1,2,1,1,1,0,0,0,0,0,0,1,252
2538,2,0,1,2,1,0,0,5,28,1,2,1,1,0,1,0,0,1,0,1,0,252
2538,3,0,1,6,0,0,0,0,0,0,0,0,0,0,0,0,0,0,0,0,0,252
2548,1,1,2,5,1,0,0,4,20,0,1,1,1,1,0,1,0,0,0,0,1,253
2548,2,0,2,1,1,0,0,4,20,0,1,1,1,0,0,0,1,1,0,0,0,253
2548,3,0,1,6,0,0,0,0,0,0,0,0,0,0,0,0,0,0,0,0,0,253
2549,1,0,2,5,1,0,0,4,20,0,1,1,1,0,0,0,0,0,0,1,0,253
2549,2,1,1,3,1,0,0,4,20,0,1,1,1,0,1,1,0,0,1,0,0,253
2549,3,0,1,6,0,0,0,0,0,0,0,0,0,0,0,0,0,0,0,0,0,253
2550,1,0,1,3,1,0,0,4,20,0,1,1,1,1,0,0,0,1,0,0,0,253
2550,2,1,2,5,1,0,0,4,20,0,1,1,1,0,1,0,1,0,1,0,0,253
2550,3,0,1,6,0,0,0,0,0,0,0,0,0,0,0,0,0,0,0,0,0,253
2551,1,0,1,4,1,0,0,4,20,0,1,1,1,0,0,0,0,1,0,1,0,253
2551,2,1,3,2,1,0,0,4,20,0,1,1,1,1,0,1,0,0,0,1,0,253
2551,3,0,1,6,0,0,0,0,0,0,0,0,0,0,0,0,0,0,0,0,0,253
2552,1,1,1,4,1,0,0,4,20,0,1,1,1,0,1,0,1,1,0,0,0,253
2552,2,0,2,1,1,0,0,4,20,0,1,1,1,0,0,0,0,1,0,1,0,253
2552,3,0,1,6,0,0,0,0,0,0,0,0,0,0,0,0,0,0,0,0,0,253
2553,1,1,3,2,1,0,0,4,20,0,1,1,1,0,0,0,1,0,1,0,1,253
2553,2,0,3,6,1,0,0,4,20,0,1,1,1,0,0,1,0,1,0,1,0,253
2553,3,0,1,6,0,0,0,0,0,0,0,0,0,0,0,0,0,0,0,0,0,253
2554,1,0,3,6,1,0,0,4,20,0,1,1,1,0,1,0,1,0,1,0,0,253
2554,2,1,1,3,1,0,0,4,20,0,1,1,1,0,1,0,0,0,1,0,1,253
2554,3,0,1,6,0,0,0,0,0,0,0,0,0,0,0,0,0,0,0,0,0,253
2555,1,0,3,6,1,0,0,4,20,0,1,1,1,1,0,1,0,0,1,0,1,253
2555,2,1,3,2,1,0,0,4,20,0,1,1,1,1,0,0,1,0,0,0,1,253
2555,3,0,1,6,0,0,0,0,0,0,0,0,0,0,0,0,0,0,0,0,0,253
2556,1,1,2,1,1,0,0,4,20,0,1,1,1,0,1,1,0,0,0,1,0,253
2556,2,0,1,4,1,0,0,4,20,0,1,1,1,1,0,0,0,0,0,0,1,253
2556,3,0,1,6,0,0,0,0,0,0,0,0,0,0,0,0,0,0,0,0,0,253
2557,1,0,2,3,1,0,0,5,27,0,2,1,1,1,0,0,1,1,0,0,1,254
2557,2,1,1,4,1,0,0,5,27,0,2,1,1,1,0,1,0,0,1,1,0,254
2557,3,0,1,6,0,0,0,0,0,0,0,0,0,0,0,0,0,0,0,0,0,254
2558,1,1,3,6,1,0,0,5,27,0,2,1,1,0,1,1,0,1,0,1,0,254
2558,2,0,1,5,1,0,0,5,27,0,2,1,1,0,0,1,0,1,0,0,0,254
2558,3,0,1,6,0,0,0,0,0,0,0,0,0,0,0,0,0,0,0,0,0,254
2559,1,1,2,3,1,0,0,5,27,0,2,1,1,0,0,0,1,1,0,1,0,254
2559,2,0,2,3,1,0,0,5,27,0,2,1,1,0,0,0,1,0,0,0,1,254
2559,3,0,1,6,0,0,0,0,0,0,0,0,0,0,0,0,0,0,0,0,0,254
2560,1,0,1,2,1,0,0,5,27,0,2,1,1,0,0,1,0,0,1,1,0,254
2560,2,1,2,5,1,0,0,5,27,0,2,1,1,0,1,0,0,1,0,0,1,254
2560,3,0,1,6,0,0,0,0,0,0,0,0,0,0,0,0,0,0,0,0,0,254
2561,1,1,2,5,1,0,0,5,27,0,2,1,1,1,0,0,0,0,1,0,0,254
2561,2,0,2,6,1,0,0,5,27,0,2,1,1,1,0,0,0,0,0,1,0,254
2561,3,0,1,6,0,0,0,0,0,0,0,0,0,0,0,0,0,0,0,0,0,254
2562,1,1,1,2,1,0,0,5,27,0,2,1,1,0,1,1,0,0,1,0,0,254
2562,2,0,3,1,1,0,0,5,27,0,2,1,1,1,0,1,0,0,1,0,0,254
2562,3,0,1,6,0,0,0,0,0,0,0,0,0,0,0,0,0,0,0,0,0,254
2563,1,1,3,1,1,0,0,5,27,0,2,1,1,0,1,0,0,0,0,0,0,254
2563,2,0,3,6,1,0,0,5,27,0,2,1,1,0,0,0,1,0,0,0,0,254
2563,3,0,1,6,0,0,0,0,0,0,0,0,0,0,0,0,0,0,0,0,0,254
2564,1,0,1,4,1,0,0,5,27,0,2,1,1,0,0,0,1,0,0,0,1,254
2564,2,1,3,4,1,0,0,5,27,0,2,1,1,0,1,0,1,0,1,0,1,254
2564,3,0,1,6,0,0,0,0,0,0,0,0,0,0,0,0,0,0,0,0,0,254
2565,1,1,3,1,1,0,0,5,27,0,2,1,1,1,0,0,0,0,0,0,1,254
2565,2,0,1,2,1,0,0,5,27,0,2,1,1,0,1,0,0,1,0,1,0,254
2565,3,0,1,6,0,0,0,0,0,0,0,0,0,0,0,0,0,0,0,0,0,254
2566,1,1,2,5,1,0,1,5,29,0,2,1,1,1,0,1,0,0,0,0,1,255
2566,2,0,2,1,1,0,1,5,29,0,2,1,1,0,0,0,1,1,0,0,0,255
2566,3,0,1,6,0,0,0,0,0,0,0,0,0,0,0,0,0,0,0,0,0,255
2567,1,1,2,5,1,0,1,5,29,0,2,1,1,0,0,0,0,0,0,1,0,255
2567,2,0,1,3,1,0,1,5,29,0,2,1,1,0,1,1,0,0,1,0,0,255
2567,3,0,1,6,0,0,0,0,0,0,0,0,0,0,0,0,0,0,0,0,0,255
2568,1,0,1,3,1,0,1,5,29,0,2,1,1,1,0,0,0,1,0,0,0,255
2568,2,1,2,5,1,0,1,5,29,0,2,1,1,0,1,0,1,0,1,0,0,255
2568,3,0,1,6,0,0,0,0,0,0,0,0,0,0,0,0,0,0,0,0,0,255
2569,1,0,1,4,1,0,1,5,29,0,2,1,1,0,0,0,0,1,0,1,0,255
2569,2,1,3,2,1,0,1,5,29,0,2,1,1,1,0,1,0,0,0,1,0,255
2569,3,0,1,6,0,0,0,0,0,0,0,0,0,0,0,0,0,0,0,0,0,255
2570,1,1,1,4,1,0,1,5,29,0,2,1,1,0,1,0,1,1,0,0,0,255
2570,2,0,2,1,1,0,1,5,29,0,2,1,1,0,0,0,0,1,0,1,0,255
2570,3,0,1,6,0,0,0,0,0,0,0,0,0,0,0,0,0,0,0,0,0,255
2571,1,1,3,2,1,0,1,5,29,0,2,1,1,0,0,0,1,0,1,0,1,255
2571,2,0,3,6,1,0,1,5,29,0,2,1,1,0,0,1,0,1,0,1,0,255
2571,3,0,1,6,0,0,0,0,0,0,0,0,0,0,0,0,0,0,0,0,0,255
2572,1,1,3,6,1,0,1,5,29,0,2,1,1,0,1,0,1,0,1,0,0,255
2572,2,0,1,3,1,0,1,5,29,0,2,1,1,0,1,0,0,0,1,0,1,255
2572,3,0,1,6,0,0,0,0,0,0,0,0,0,0,0,0,0,0,0,0,0,255
2573,1,0,3,6,1,0,1,5,29,0,2,1,1,1,0,1,0,0,1,0,1,255
2573,2,1,3,2,1,0,1,5,29,0,2,1,1,1,0,0,1,0,0,0,1,255
2573,3,0,1,6,0,0,0,0,0,0,0,0,0,0,0,0,0,0,0,0,0,255
2574,1,1,2,1,1,0,1,5,29,0,2,1,1,0,1,1,0,0,0,1,0,255
2574,2,0,1,4,1,0,1,5,29,0,2,1,1,1,0,0,0,0,0,0,1,255
2574,3,0,1,6,0,0,0,0,0,0,0,0,0,0,0,0,0,0,0,0,0,255
2575,1,0,3,5,1,0,1,4,24,0,1,1,1,0,1,0,1,0,0,1,0,256
2575,2,1,2,5,1,0,1,4,24,0,1,1,1,1,0,0,1,0,1,1,0,256
2575,3,0,1,6,0,0,0,0,0,0,0,0,0,0,0,0,0,0,0,0,0,256
2576,1,0,1,3,1,0,1,4,24,0,1,1,1,0,1,1,0,0,0,0,1,256
2576,2,1,2,3,1,0,1,4,24,0,1,1,1,0,1,1,0,0,0,1,0,256
2576,3,0,1,6,0,0,0,0,0,0,0,0,0,0,0,0,0,0,0,0,0,256
2577,1,0,3,2,1,0,1,4,24,0,1,1,1,0,0,1,0,1,0,0,0,256
2577,2,1,1,4,1,0,1,4,24,0,1,1,1,0,1,0,1,0,0,1,0,256
2577,3,0,1,6,0,0,0,0,0,0,0,0,0,0,0,0,0,0,0,0,0,256
2578,1,1,2,4,1,0,1,4,24,0,1,1,1,1,0,1,0,1,0,0,0,256
2578,2,0,3,6,1,0,1,4,24,0,1,1,1,0,1,1,0,1,0,0,1,256
2578,3,0,1,6,0,0,0,0,0,0,0,0,0,0,0,0,0,0,0,0,0,256
2579,1,1,3,2,1,0,1,4,24,0,1,1,1,1,0,0,0,1,0,1,0,256
2579,2,0,3,1,1,0,1,4,24,0,1,1,1,0,0,0,0,0,1,0,1,256
2579,3,0,1,6,0,0,0,0,0,0,0,0,0,0,0,0,0,0,0,0,0,256
2580,1,1,2,1,1,0,1,4,24,0,1,1,1,0,1,0,0,0,1,0,1,256
2580,2,0,2,5,1,0,1,4,24,0,1,1,1,0,0,1,0,0,1,0,1,256
2580,3,0,1,6,0,0,0,0,0,0,0,0,0,0,0,0,0,0,0,0,0,256
2581,1,0,1,6,1,0,1,4,24,0,1,1,1,0,0,0,0,0,1,0,1,256
2581,2,1,1,4,1,0,1,4,24,0,1,1,1,0,0,0,0,0,0,0,0,256
2581,3,0,1,6,0,0,0,0,0,0,0,0,0,0,0,0,0,0,0,0,0,256
2582,1,1,2,1,1,0,1,4,24,0,1,1,1,0,0,0,1,0,1,0,0,256
2582,2,0,1,2,1,0,1,4,24,0,1,1,1,1,0,0,1,1,0,0,0,256
2582,3,0,1,6,0,0,0,0,0,0,0,0,0,0,0,0,0,0,0,0,0,256
2583,1,1,1,3,1,0,1,4,24,0,1,1,1,1,0,0,1,0,0,1,0,256
2583,2,0,3,6,1,0,1,4,24,0,1,1,1,1,0,0,0,1,0,0,0,256
2583,3,0,1,6,0,0,0,0,0,0,0,0,0,0,0,0,0,0,0,0,0,256
2593,1,1,1,5,1,0,1,4,23,0,1,1,1,1,0,0,1,0,0,0,0,257
2593,2,0,1,5,1,0,1,4,23,0,1,1,1,0,0,1,0,0,0,0,1,257
2593,3,0,1,6,0,0,0,0,0,0,0,0,0,0,0,0,0,0,0,0,0,257
2594,1,0,3,3,1,0,1,4,23,0,1,1,1,0,0,0,0,0,0,0,0,257
2594,2,1,2,1,1,0,1,4,23,0,1,1,1,1,0,1,0,1,0,0,1,257
2594,3,0,1,6,0,0,0,0,0,0,0,0,0,0,0,0,0,0,0,0,0,257
2595,1,0,1,5,1,0,1,4,23,0,1,1,1,0,1,0,0,1,0,0,1,257
2595,2,1,1,3,1,0,1,4,23,0,1,1,1,1,0,0,1,1,0,0,1,257
2595,3,0,1,6,0,0,0,0,0,0,0,0,0,0,0,0,0,0,0,0,0,257
2596,1,1,3,4,1,0,1,4,23,0,1,1,1,0,0,1,0,1,0,0,1,257
2596,2,0,2,6,1,0,1,4,23,0,1,1,1,1,0,0,0,0,1,0,0,257
2596,3,0,1,6,0,0,0,0,0,0,0,0,0,0,0,0,0,0,0,0,0,257
2597,1,1,2,2,1,0,1,4,23,0,1,1,1,0,1,0,1,1,0,0,1,257
2597,2,0,3,2,1,0,1,4,23,0,1,1,1,0,1,0,0,0,0,0,0,257
2597,3,0,1,6,0,0,0,0,0,0,0,0,0,0,0,0,0,0,0,0,0,257
2598,1,1,3,4,1,0,1,4,23,0,1,1,1,1,0,0,1,0,1,1,0,257
2598,2,0,2,1,1,0,1,4,23,0,1,1,1,0,1,1,0,0,0,0,0,257
2598,3,0,1,6,0,0,0,0,0,0,0,0,0,0,0,0,0,0,0,0,0,257
2599,1,0,2,6,1,0,1,4,23,0,1,1,1,0,1,0,0,0,1,1,0,257
2599,2,1,3,4,1,0,1,4,23,0,1,1,1,0,1,0,1,1,0,1,0,257
2599,3,0,1,6,0,0,0,0,0,0,0,0,0,0,0,0,0,0,0,0,0,257
2600,1,0,1,1,1,0,1,4,23,0,1,1,1,1,0,1,0,0,1,1,0,257
2600,2,1,1,3,1,0,1,4,23,0,1,1,1,0,0,0,1,0,1,1,0,257
2600,3,0,1,6,0,0,0,0,0,0,0,0,0,0,0,0,0,0,0,0,0,257
2601,1,0,2,6,1,0,1,4,23,0,1,1,1,0,0,1,0,0,0,0,0,257
2601,2,1,3,2,1,0,1,4,23,0,1,1,1,0,0,0,0,0,1,1,0,257
2601,3,0,1,6,0,0,0,0,0,0,0,0,0,0,0,0,0,0,0,0,0,257
2602,1,1,2,3,1,0,1,4,23,0,2,1,1,1,0,0,1,1,0,0,1,258
2602,2,0,1,4,1,0,1,4,23,0,2,1,1,1,0,1,0,0,1,1,0,258
2602,3,0,1,6,0,0,0,0,0,0,0,0,0,0,0,0,0,0,0,0,0,258
2603,1,1,3,6,1,0,1,4,23,0,2,1,1,0,1,1,0,1,0,1,0,258
2603,2,0,1,5,1,0,1,4,23,0,2,1,1,0,0,1,0,1,0,0,0,258
2603,3,0,1,6,0,0,0,0,0,0,0,0,0,0,0,0,0,0,0,0,0,258
2604,1,1,2,3,1,0,1,4,23,0,2,1,1,0,0,0,1,1,0,1,0,258
2604,2,0,2,3,1,0,1,4,23,0,2,1,1,0,0,0,1,0,0,0,1,258
2604,3,0,1,6,0,0,0,0,0,0,0,0,0,0,0,0,0,0,0,0,0,258
2605,1,0,1,2,1,0,1,4,23,0,2,1,1,0,0,1,0,0,1,1,0,258
2605,2,1,2,5,1,0,1,4,23,0,2,1,1,0,1,0,0,1,0,0,1,258
2605,3,0,1,6,0,0,0,0,0,0,0,0,0,0,0,0,0,0,0,0,0,258
2606,1,1,2,5,1,0,1,4,23,0,2,1,1,1,0,0,0,0,1,0,0,258
2606,2,0,2,6,1,0,1,4,23,0,2,1,1,1,0,0,0,0,0,1,0,258
2606,3,0,1,6,0,0,0,0,0,0,0,0,0,0,0,0,0,0,0,0,0,258
2607,1,1,1,2,1,0,1,4,23,0,2,1,1,0,1,1,0,0,1,0,0,258
2607,2,0,3,1,1,0,1,4,23,0,2,1,1,1,0,1,0,0,1,0,0,258
2607,3,0,1,6,0,0,0,0,0,0,0,0,0,0,0,0,0,0,0,0,0,258
2608,1,1,3,1,1,0,1,4,23,0,2,1,1,0,1,0,0,0,0,0,0,258
2608,2,0,3,6,1,0,1,4,23,0,2,1,1,0,0,0,1,0,0,0,0,258
2608,3,0,1,6,0,0,0,0,0,0,0,0,0,0,0,0,0,0,0,0,0,258
2609,1,0,1,4,1,0,1,4,23,0,2,1,1,0,0,0,1,0,0,0,1,258
2609,2,1,3,4,1,0,1,4,23,0,2,1,1,0,1,0,1,0,1,0,1,258
2609,3,0,1,6,0,0,0,0,0,0,0,0,0,0,0,0,0,0,0,0,0,258
2610,1,0,3,1,1,0,1,4,23,0,2,1,1,1,0,0,0,0,0,0,1,258
2610,2,1,1,2,1,0,1,4,23,0,2,1,1,0,1,0,0,1,0,1,0,258
2610,3,0,1,6,0,0,0,0,0,0,0,0,0,0,0,0,0,0,0,0,0,258
2611,1,1,1,5,1,1,0,5,36,1,3,2,1,1,0,0,1,0,0,0,0,259
2611,2,0,1,5,1,1,0,5,36,1,3,2,1,0,0,1,0,0,0,0,1,259
2611,3,0,1,6,0,0,0,0,0,0,0,0,0,0,0,0,0,0,0,0,0,259
2612,1,0,3,3,1,1,0,5,36,1,3,2,1,0,0,0,0,0,0,0,0,259
2612,2,1,2,1,1,1,0,5,36,1,3,2,1,1,0,1,0,1,0,0,1,259
2612,3,0,1,6,0,0,0,0,0,0,0,0,0,0,0,0,0,0,0,0,0,259
2613,1,1,1,5,1,1,0,5,36,1,3,2,1,0,1,0,0,1,0,0,1,259
2613,2,0,1,3,1,1,0,5,36,1,3,2,1,1,0,0,1,1,0,0,1,259
2613,3,0,1,6,0,0,0,0,0,0,0,0,0,0,0,0,0,0,0,0,0,259
2614,1,1,3,4,1,1,0,5,36,1,3,2,1,0,0,1,0,1,0,0,1,259
2614,2,0,2,6,1,1,0,5,36,1,3,2,1,1,0,0,0,0,1,0,0,259
2614,3,0,1,6,0,0,0,0,0,0,0,0,0,0,0,0,0,0,0,0,0,259
2615,1,1,2,2,1,1,0,5,36,1,3,2,1,0,1,0,1,1,0,0,1,259
2615,2,0,3,2,1,1,0,5,36,1,3,2,1,0,1,0,0,0,0,0,0,259
2615,3,0,1,6,0,0,0,0,0,0,0,0,0,0,0,0,0,0,0,0,0,259
2616,1,0,3,4,1,1,0,5,36,1,3,2,1,1,0,0,1,0,1,1,0,259
2616,2,1,2,1,1,1,0,5,36,1,3,2,1,0,1,1,0,0,0,0,0,259
2616,3,0,1,6,0,0,0,0,0,0,0,0,0,0,0,0,0,0,0,0,0,259
2617,1,0,2,6,1,1,0,5,36,1,3,2,1,0,1,0,0,0,1,1,0,259
2617,2,1,3,4,1,1,0,5,36,1,3,2,1,0,1,0,1,1,0,1,0,259
2617,3,0,1,6,0,0,0,0,0,0,0,0,0,0,0,0,0,0,0,0,0,259
2618,1,1,1,1,1,1,0,5,36,1,3,2,1,1,0,1,0,0,1,1,0,259
2618,2,0,1,3,1,1,0,5,36,1,3,2,1,0,0,0,1,0,1,1,0,259
2618,3,0,1,6,0,0,0,0,0,0,0,0,0,0,0,0,0,0,0,0,0,259
2619,1,0,2,6,1,1,0,5,36,1,3,2,1,0,0,1,0,0,0,0,0,259
2619,2,1,3,2,1,1,0,5,36,1,3,2,1,0,0,0,0,0,1,1,0,259
2619,3,0,1,6,0,0,0,0,0,0,0,0,0,0,0,0,0,0,0,0,0,259
2620,1,1,1,5,1,0,1,5,25,1,2,1,1,1,0,0,1,0,0,0,0,260
2620,2,0,1,5,1,0,1,5,25,1,2,1,1,0,0,1,0,0,0,0,1,260
2620,3,0,1,6,0,0,0,0,0,0,0,0,0,0,0,0,0,0,0,0,0,260
2621,1,0,3,3,1,0,1,5,25,1,2,1,1,0,0,0,0,0,0,0,0,260
2621,2,1,2,1,1,0,1,5,25,1,2,1,1,1,0,1,0,1,0,0,1,260
2621,3,0,1,6,0,0,0,0,0,0,0,0,0,0,0,0,0,0,0,0,0,260
2622,1,0,1,5,1,0,1,5,25,1,2,1,1,0,1,0,0,1,0,0,1,260
2622,2,1,1,3,1,0,1,5,25,1,2,1,1,1,0,0,1,1,0,0,1,260
2622,3,0,1,6,0,0,0,0,0,0,0,0,0,0,0,0,0,0,0,0,0,260
2623,1,1,3,4,1,0,1,5,25,1,2,1,1,0,0,1,0,1,0,0,1,260
2623,2,0,2,6,1,0,1,5,25,1,2,1,1,1,0,0,0,0,1,0,0,260
2623,3,0,1,6,0,0,0,0,0,0,0,0,0,0,0,0,0,0,0,0,0,260
2624,1,1,2,2,1,0,1,5,25,1,2,1,1,0,1,0,1,1,0,0,1,260
2624,2,0,3,2,1,0,1,5,25,1,2,1,1,0,1,0,0,0,0,0,0,260
2624,3,0,1,6,0,0,0,0,0,0,0,0,0,0,0,0,0,0,0,0,0,260
2625,1,1,3,4,1,0,1,5,25,1,2,1,1,1,0,0,1,0,1,1,0,260
2625,2,0,2,1,1,0,1,5,25,1,2,1,1,0,1,1,0,0,0,0,0,260
2625,3,0,1,6,0,0,0,0,0,0,0,0,0,0,0,0,0,0,0,0,0,260
2626,1,0,2,6,1,0,1,5,25,1,2,1,1,0,1,0,0,0,1,1,0,260
2626,2,1,3,4,1,0,1,5,25,1,2,1,1,0,1,0,1,1,0,1,0,260
2626,3,0,1,6,0,0,0,0,0,0,0,0,0,0,0,0,0,0,0,0,0,260
2627,1,0,1,1,1,0,1,5,25,1,2,1,1,1,0,1,0,0,1,1,0,260
2627,2,1,1,3,1,0,1,5,25,1,2,1,1,0,0,0,1,0,1,1,0,260
2627,3,0,1,6,0,0,0,0,0,0,0,0,0,0,0,0,0,0,0,0,0,260
2628,1,0,2,6,1,0,1,5,25,1,2,1,1,0,0,1,0,0,0,0,0,260
2628,2,1,3,2,1,0,1,5,25,1,2,1,1,0,0,0,0,0,1,1,0,260
2628,3,0,1,6,0,0,0,0,0,0,0,0,0,0,0,0,0,0,0,0,0,260
2629,1,1,2,3,1,1,0,4,27,0,1,2,1,1,0,0,1,1,0,0,1,261
2629,2,0,1,4,1,1,0,4,27,0,1,2,1,1,0,1,0,0,1,1,0,261
2629,3,0,1,6,0,0,0,0,0,0,0,0,0,0,0,0,0,0,0,0,0,261
2630,1,1,3,6,1,1,0,4,27,0,1,2,1,0,1,1,0,1,0,1,0,261
2630,2,0,1,5,1,1,0,4,27,0,1,2,1,0,0,1,0,1,0,0,0,261
2630,3,0,1,6,0,0,0,0,0,0,0,0,0,0,0,0,0,0,0,0,0,261
2631,1,1,2,3,1,1,0,4,27,0,1,2,1,0,0,0,1,1,0,1,0,261
2631,2,0,2,3,1,1,0,4,27,0,1,2,1,0,0,0,1,0,0,0,1,261
2631,3,0,1,6,0,0,0,0,0,0,0,0,0,0,0,0,0,0,0,0,0,261
2632,1,0,1,2,1,1,0,4,27,0,1,2,1,0,0,1,0,0,1,1,0,261
2632,2,1,2,5,1,1,0,4,27,0,1,2,1,0,1,0,0,1,0,0,1,261
2632,3,0,1,6,0,0,0,0,0,0,0,0,0,0,0,0,0,0,0,0,0,261
2633,1,1,2,5,1,1,0,4,27,0,1,2,1,1,0,0,0,0,1,0,0,261
2633,2,0,2,6,1,1,0,4,27,0,1,2,1,1,0,0,0,0,0,1,0,261
2633,3,0,1,6,0,0,0,0,0,0,0,0,0,0,0,0,0,0,0,0,0,261
2634,1,1,1,2,1,1,0,4,27,0,1,2,1,0,1,1,0,0,1,0,0,261
2634,2,0,3,1,1,1,0,4,27,0,1,2,1,1,0,1,0,0,1,0,0,261
2634,3,0,1,6,0,0,0,0,0,0,0,0,0,0,0,0,0,0,0,0,0,261
2635,1,1,3,1,1,1,0,4,27,0,1,2,1,0,1,0,0,0,0,0,0,261
2635,2,0,3,6,1,1,0,4,27,0,1,2,1,0,0,0,1,0,0,0,0,261
2635,3,0,1,6,0,0,0,0,0,0,0,0,0,0,0,0,0,0,0,0,0,261
2636,1,0,1,4,1,1,0,4,27,0,1,2,1,0,0,0,1,0,0,0,1,261
2636,2,1,3,4,1,1,0,4,27,0,1,2,1,0,1,0,1,0,1,0,1,261
2636,3,0,1,6,0,0,0,0,0,0,0,0,0,0,0,0,0,0,0,0,0,261
2637,1,0,3,1,1,1,0,4,27,0,1,2,1,1,0,0,0,0,0,0,1,261
2637,2,1,1,2,1,1,0,4,27,0,1,2,1,0,1,0,0,1,0,1,0,261
2637,3,0,1,6,0,0,0,0,0,0,0,0,0,0,0,0,0,0,0,0,0,261
2638,1,0,3,5,1,0,1,4,47,1,1,1,1,0,1,0,1,0,0,1,0,262
2638,2,1,2,5,1,0,1,4,47,1,1,1,1,1,0,0,1,0,1,1,0,262
2638,3,0,1,6,0,0,0,0,0,0,0,0,0,0,0,0,0,0,0,0,0,262
2639,1,0,1,3,1,0,1,4,47,1,1,1,1,0,1,1,0,0,0,0,1,262
2639,2,1,2,3,1,0,1,4,47,1,1,1,1,0,1,1,0,0,0,1,0,262
2639,3,0,1,6,0,0,0,0,0,0,0,0,0,0,0,0,0,0,0,0,0,262
2640,1,1,3,2,1,0,1,4,47,1,1,1,1,0,0,1,0,1,0,0,0,262
2640,2,0,1,4,1,0,1,4,47,1,1,1,1,0,1,0,1,0,0,1,0,262
2640,3,0,1,6,0,0,0,0,0,0,0,0,0,0,0,0,0,0,0,0,0,262
2641,1,0,2,4,1,0,1,4,47,1,1,1,1,1,0,1,0,1,0,0,0,262
2641,2,1,3,6,1,0,1,4,47,1,1,1,1,0,1,1,0,1,0,0,1,262
2641,3,0,1,6,0,0,0,0,0,0,0,0,0,0,0,0,0,0,0,0,0,262
2642,1,0,3,2,1,0,1,4,47,1,1,1,1,1,0,0,0,1,0,1,0,262
2642,2,1,3,1,1,0,1,4,47,1,1,1,1,0,0,0,0,0,1,0,1,262
2642,3,0,1,6,0,0,0,0,0,0,0,0,0,0,0,0,0,0,0,0,0,262
2643,1,1,2,1,1,0,1,4,47,1,1,1,1,0,1,0,0,0,1,0,1,262
2643,2,0,2,5,1,0,1,4,47,1,1,1,1,0,0,1,0,0,1,0,1,262
2643,3,0,1,6,0,0,0,0,0,0,0,0,0,0,0,0,0,0,0,0,0,262
2644,1,1,1,6,1,0,1,4,47,1,1,1,1,0,0,0,0,0,1,0,1,262
2644,2,0,1,4,1,0,1,4,47,1,1,1,1,0,0,0,0,0,0,0,0,262
2644,3,0,1,6,0,0,0,0,0,0,0,0,0,0,0,0,0,0,0,0,0,262
2645,1,1,2,1,1,0,1,4,47,1,1,1,1,0,0,0,1,0,1,0,0,262
2645,2,0,1,2,1,0,1,4,47,1,1,1,1,1,0,0,1,1,0,0,0,262
2645,3,0,1,6,0,0,0,0,0,0,0,0,0,0,0,0,0,0,0,0,0,262
2646,1,0,1,3,1,0,1,4,47,1,1,1,1,1,0,0,1,0,0,1,0,262
2646,2,1,3,6,1,0,1,4,47,1,1,1,1,1,0,0,0,1,0,0,0,262
2646,3,0,1,6,0,0,0,0,0,0,0,0,0,0,0,0,0,0,0,0,0,262
2647,1,1,2,5,1,0,1,5,22,1,2,1,1,1,0,1,0,0,0,0,1,263
2647,2,0,2,1,1,0,1,5,22,1,2,1,1,0,0,0,1,1,0,0,0,263
2647,3,0,1,6,0,0,0,0,0,0,0,0,0,0,0,0,0,0,0,0,0,263
2648,1,0,2,5,1,0,1,5,22,1,2,1,1,0,0,0,0,0,0,1,0,263
2648,2,1,1,3,1,0,1,5,22,1,2,1,1,0,1,1,0,0,1,0,0,263
2648,3,0,1,6,0,0,0,0,0,0,0,0,0,0,0,0,0,0,0,0,0,263
2649,1,0,1,3,1,0,1,5,22,1,2,1,1,1,0,0,0,1,0,0,0,263
2649,2,1,2,5,1,0,1,5,22,1,2,1,1,0,1,0,1,0,1,0,0,263
2649,3,0,1,6,0,0,0,0,0,0,0,0,0,0,0,0,0,0,0,0,0,263
2650,1,0,1,4,1,0,1,5,22,1,2,1,1,0,0,0,0,1,0,1,0,263
2650,2,1,3,2,1,0,1,5,22,1,2,1,1,1,0,1,0,0,0,1,0,263
2650,3,0,1,6,0,0,0,0,0,0,0,0,0,0,0,0,0,0,0,0,0,263
2651,1,1,1,4,1,0,1,5,22,1,2,1,1,0,1,0,1,1,0,0,0,263
2651,2,0,2,1,1,0,1,5,22,1,2,1,1,0,0,0,0,1,0,1,0,263
2651,3,0,1,6,0,0,0,0,0,0,0,0,0,0,0,0,0,0,0,0,0,263
2652,1,1,3,2,1,0,1,5,22,1,2,1,1,0,0,0,1,0,1,0,1,263
2652,2,0,3,6,1,0,1,5,22,1,2,1,1,0,0,1,0,1,0,1,0,263
2652,3,0,1,6,0,0,0,0,0,0,0,0,0,0,0,0,0,0,0,0,0,263
2653,1,1,3,6,1,0,1,5,22,1,2,1,1,0,1,0,1,0,1,0,0,263
2653,2,0,1,3,1,0,1,5,22,1,2,1,1,0,1,0,0,0,1,0,1,263
2653,3,0,1,6,0,0,0,0,0,0,0,0,0,0,0,0,0,0,0,0,0,263
2654,1,0,3,6,1,0,1,5,22,1,2,1,1,1,0,1,0,0,1,0,1,263
2654,2,1,3,2,1,0,1,5,22,1,2,1,1,1,0,0,1,0,0,0,1,263
2654,3,0,1,6,0,0,0,0,0,0,0,0,0,0,0,0,0,0,0,0,0,263
2655,1,1,2,1,1,0,1,5,22,1,2,1,1,0,1,1,0,0,0,1,0,263
2655,2,0,1,4,1,0,1,5,22,1,2,1,1,1,0,0,0,0,0,0,1,263
2655,3,0,1,6,0,0,0,0,0,0,0,0,0,0,0,0,0,0,0,0,0,263
2665,1,0,3,5,1,0,0,5,31,0,2,1,1,0,1,0,1,0,0,1,0,264
2665,2,1,2,5,1,0,0,5,31,0,2,1,1,1,0,0,1,0,1,1,0,264
2665,3,0,1,6,0,0,0,0,0,0,0,0,0,0,0,0,0,0,0,0,0,264
2666,1,0,1,3,1,0,0,5,31,0,2,1,1,0,1,1,0,0,0,0,1,264
2666,2,1,2,3,1,0,0,5,31,0,2,1,1,0,1,1,0,0,0,1,0,264
2666,3,0,1,6,0,0,0,0,0,0,0,0,0,0,0,0,0,0,0,0,0,264
2667,1,0,3,2,1,0,0,5,31,0,2,1,1,0,0,1,0,1,0,0,0,264
2667,2,1,1,4,1,0,0,5,31,0,2,1,1,0,1,0,1,0,0,1,0,264
2667,3,0,1,6,0,0,0,0,0,0,0,0,0,0,0,0,0,0,0,0,0,264
2668,1,1,2,4,1,0,0,5,31,0,2,1,1,1,0,1,0,1,0,0,0,264
2668,2,0,3,6,1,0,0,5,31,0,2,1,1,0,1,1,0,1,0,0,1,264
2668,3,0,1,6,0,0,0,0,0,0,0,0,0,0,0,0,0,0,0,0,0,264
2669,1,1,3,2,1,0,0,5,31,0,2,1,1,1,0,0,0,1,0,1,0,264
2669,2,0,3,1,1,0,0,5,31,0,2,1,1,0,0,0,0,0,1,0,1,264
2669,3,0,1,6,0,0,0,0,0,0,0,0,0,0,0,0,0,0,0,0,0,264
2670,1,1,2,1,1,0,0,5,31,0,2,1,1,0,1,0,0,0,1,0,1,264
2670,2,0,2,5,1,0,0,5,31,0,2,1,1,0,0,1,0,0,1,0,1,264
2670,3,0,1,6,0,0,0,0,0,0,0,0,0,0,0,0,0,0,0,0,0,264
2671,1,0,1,6,1,0,0,5,31,0,2,1,1,0,0,0,0,0,1,0,1,264
2671,2,1,1,4,1,0,0,5,31,0,2,1,1,0,0,0,0,0,0,0,0,264
2671,3,0,1,6,0,0,0,0,0,0,0,0,0,0,0,0,0,0,0,0,0,264
2672,1,0,2,1,1,0,0,5,31,0,2,1,1,0,0,0,1,0,1,0,0,264
2672,2,1,1,2,1,0,0,5,31,0,2,1,1,1,0,0,1,1,0,0,0,264
2672,3,0,1,6,0,0,0,0,0,0,0,0,0,0,0,0,0,0,0,0,0,264
2673,1,1,1,3,1,0,0,5,31,0,2,1,1,1,0,0,1,0,0,1,0,264
2673,2,0,3,6,1,0,0,5,31,0,2,1,1,1,0,0,0,1,0,0,0,264
2673,3,0,1,6,0,0,0,0,0,0,0,0,0,0,0,0,0,0,0,0,0,264
2674,1,1,3,5,1,0,1,4,29,1,1,1,1,0,1,0,1,0,0,1,0,265
2674,2,0,2,5,1,0,1,4,29,1,1,1,1,1,0,0,1,0,1,1,0,265
2674,3,0,1,6,0,0,0,0,0,0,0,0,0,0,0,0,0,0,0,0,0,265
2675,1,0,1,3,1,0,1,4,29,1,1,1,1,0,1,1,0,0,0,0,1,265
2675,2,1,2,3,1,0,1,4,29,1,1,1,1,0,1,1,0,0,0,1,0,265
2675,3,0,1,6,0,0,0,0,0,0,0,0,0,0,0,0,0,0,0,0,0,265
2676,1,0,3,2,1,0,1,4,29,1,1,1,1,0,0,1,0,1,0,0,0,265
2676,2,1,1,4,1,0,1,4,29,1,1,1,1,0,1,0,1,0,0,1,0,265
2676,3,0,1,6,0,0,0,0,0,0,0,0,0,0,0,0,0,0,0,0,0,265
2677,1,0,2,4,1,0,1,4,29,1,1,1,1,1,0,1,0,1,0,0,0,265
2677,2,1,3,6,1,0,1,4,29,1,1,1,1,0,1,1,0,1,0,0,1,265
2677,3,0,1,6,0,0,0,0,0,0,0,0,0,0,0,0,0,0,0,0,0,265
2678,1,1,3,2,1,0,1,4,29,1,1,1,1,1,0,0,0,1,0,1,0,265
2678,2,0,3,1,1,0,1,4,29,1,1,1,1,0,0,0,0,0,1,0,1,265
2678,3,0,1,6,0,0,0,0,0,0,0,0,0,0,0,0,0,0,0,0,0,265
2679,1,1,2,1,1,0,1,4,29,1,1,1,1,0,1,0,0,0,1,0,1,265
2679,2,0,2,5,1,0,1,4,29,1,1,1,1,0,0,1,0,0,1,0,1,265
2679,3,0,1,6,0,0,0,0,0,0,0,0,0,0,0,0,0,0,0,0,0,265
2680,1,0,1,6,1,0,1,4,29,1,1,1,1,0,0,0,0,0,1,0,1,265
2680,2,1,1,4,1,0,1,4,29,1,1,1,1,0,0,0,0,0,0,0,0,265
2680,3,0,1,6,0,0,0,0,0,0,0,0,0,0,0,0,0,0,0,0,0,265
2681,1,0,2,1,1,0,1,4,29,1,1,1,1,0,0,0,1,0,1,0,0,265
2681,2,1,1,2,1,0,1,4,29,1,1,1,1,1,0,0,1,1,0,0,0,265
2681,3,0,1,6,0,0,0,0,0,0,0,0,0,0,0,0,0,0,0,0,0,265
2682,1,0,1,3,1,0,1,4,29,1,1,1,1,1,0,0,1,0,0,1,0,265
2682,2,1,3,6,1,0,1,4,29,1,1,1,1,1,0,0,0,1,0,0,0,265
2682,3,0,1,6,0,0,0,0,0,0,0,0,0,0,0,0,0,0,0,0,0,265
2683,1,1,1,5,1,0,0,4,25,0,1,1,1,1,0,0,1,0,0,0,0,266
2683,2,0,1,5,1,0,0,4,25,0,1,1,1,0,0,1,0,0,0,0,1,266
2683,3,0,1,6,0,0,0,0,0,0,0,0,0,0,0,0,0,0,0,0,0,266
2684,1,1,3,3,1,0,0,4,25,0,1,1,1,0,0,0,0,0,0,0,0,266
2684,2,0,2,1,1,0,0,4,25,0,1,1,1,1,0,1,0,1,0,0,1,266
2684,3,0,1,6,0,0,0,0,0,0,0,0,0,0,0,0,0,0,0,0,0,266
2685,1,0,1,5,1,0,0,4,25,0,1,1,1,0,1,0,0,1,0,0,1,266
2685,2,1,1,3,1,0,0,4,25,0,1,1,1,1,0,0,1,1,0,0,1,266
2685,3,0,1,6,0,0,0,0,0,0,0,0,0,0,0,0,0,0,0,0,0,266
2686,1,1,3,4,1,0,0,4,25,0,1,1,1,0,0,1,0,1,0,0,1,266
2686,2,0,2,6,1,0,0,4,25,0,1,1,1,1,0,0,0,0,1,0,0,266
2686,3,0,1,6,0,0,0,0,0,0,0,0,0,0,0,0,0,0,0,0,0,266
2687,1,1,2,2,1,0,0,4,25,0,1,1,1,0,1,0,1,1,0,0,1,266
2687,2,0,3,2,1,0,0,4,25,0,1,1,1,0,1,0,0,0,0,0,0,266
2687,3,0,1,6,0,0,0,0,0,0,0,0,0,0,0,0,0,0,0,0,0,266
2688,1,0,3,4,1,0,0,4,25,0,1,1,1,1,0,0,1,0,1,1,0,266
2688,2,1,2,1,1,0,0,4,25,0,1,1,1,0,1,1,0,0,0,0,0,266
2688,3,0,1,6,0,0,0,0,0,0,0,0,0,0,0,0,0,0,0,0,0,266
2689,1,0,2,6,1,0,0,4,25,0,1,1,1,0,1,0,0,0,1,1,0,266
2689,2,1,3,4,1,0,0,4,25,0,1,1,1,0,1,0,1,1,0,1,0,266
2689,3,0,1,6,0,0,0,0,0,0,0,0,0,0,0,0,0,0,0,0,0,266
2690,1,1,1,1,1,0,0,4,25,0,1,1,1,1,0,1,0,0,1,1,0,266
2690,2,0,1,3,1,0,0,4,25,0,1,1,1,0,0,0,1,0,1,1,0,266
2690,3,0,1,6,0,0,0,0,0,0,0,0,0,0,0,0,0,0,0,0,0,266
2691,1,0,2,6,1,0,0,4,25,0,1,1,1,0,0,1,0,0,0,0,0,266
2691,2,1,3,2,1,0,0,4,25,0,1,1,1,0,0,0,0,0,1,1,0,266
2691,3,0,1,6,0,0,0,0,0,0,0,0,0,0,0,0,0,0,0,0,0,266
2692,1,1,1,5,1,0,1,5,23,1,1,1,1,1,0,0,1,0,0,0,0,267
2692,2,0,1,5,1,0,1,5,23,1,1,1,1,0,0,1,0,0,0,0,1,267
2692,3,0,1,6,0,0,0,0,0,0,0,0,0,0,0,0,0,0,0,0,0,267
2693,1,1,3,3,1,0,1,5,23,1,1,1,1,0,0,0,0,0,0,0,0,267
2693,2,0,2,1,1,0,1,5,23,1,1,1,1,1,0,1,0,1,0,0,1,267
2693,3,0,1,6,0,0,0,0,0,0,0,0,0,0,0,0,0,0,0,0,0,267
2694,1,1,1,5,1,0,1,5,23,1,1,1,1,0,1,0,0,1,0,0,1,267
2694,2,0,1,3,1,0,1,5,23,1,1,1,1,1,0,0,1,1,0,0,1,267
2694,3,0,1,6,0,0,0,0,0,0,0,0,0,0,0,0,0,0,0,0,0,267
2695,1,0,3,4,1,0,1,5,23,1,1,1,1,0,0,1,0,1,0,0,1,267
2695,2,1,2,6,1,0,1,5,23,1,1,1,1,1,0,0,0,0,1,0,0,267
2695,3,0,1,6,0,0,0,0,0,0,0,0,0,0,0,0,0,0,0,0,0,267
2696,1,0,2,2,1,0,1,5,23,1,1,1,1,0,1,0,1,1,0,0,1,267
2696,2,0,3,2,1,0,1,5,23,1,1,1,1,0,1,0,0,0,0,0,0,267
2696,3,1,1,6,0,0,0,0,0,0,0,0,0,0,0,0,0,0,0,0,0,267
2697,1,1,3,4,1,0,1,5,23,1,1,1,1,1,0,0,1,0,1,1,0,267
2697,2,0,2,1,1,0,1,5,23,1,1,1,1,0,1,1,0,0,0,0,0,267
2697,3,0,1,6,0,0,0,0,0,0,0,0,0,0,0,0,0,0,0,0,0,267
2698,1,0,2,6,1,0,1,5,23,1,1,1,1,0,1,0,0,0,1,1,0,267
2698,2,1,3,4,1,0,1,5,23,1,1,1,1,0,1,0,1,1,0,1,0,267
2698,3,0,1,6,0,0,0,0,0,0,0,0,0,0,0,0,0,0,0,0,0,267
2699,1,0,1,1,1,0,1,5,23,1,1,1,1,1,0,1,0,0,1,1,0,267
2699,2,1,1,3,1,0,1,5,23,1,1,1,1,0,0,0,1,0,1,1,0,267
2699,3,0,1,6,0,0,0,0,0,0,0,0,0,0,0,0,0,0,0,0,0,267
2700,1,0,2,6,1,0,1,5,23,1,1,1,1,0,0,1,0,0,0,0,0,267
2700,2,0,3,2,1,0,1,5,23,1,1,1,1,0,0,0,0,0,1,1,0,267
2700,3,1,1,6,0,0,0,0,0,0,0,0,0,0,0,0,0,0,0,0,0,267
2701,1,1,3,5,1,0,1,4,20,1,1,1,1,0,1,0,1,0,0,1,0,268
2701,2,0,2,5,1,0,1,4,20,1,1,1,1,1,0,0,1,0,1,1,0,268
2701,3,0,1,6,0,0,0,0,0,0,0,0,0,0,0,0,0,0,0,0,0,268
2702,1,0,1,3,1,0,1,4,20,1,1,1,1,0,1,1,0,0,0,0,1,268
2702,2,1,2,3,1,0,1,4,20,1,1,1,1,0,1,1,0,0,0,1,0,268
2702,3,0,1,6,0,0,0,0,0,0,0,0,0,0,0,0,0,0,0,0,0,268
2703,1,1,3,2,1,0,1,4,20,1,1,1,1,0,0,1,0,1,0,0,0,268
2703,2,0,1,4,1,0,1,4,20,1,1,1,1,0,1,0,1,0,0,1,0,268
2703,3,0,1,6,0,0,0,0,0,0,0,0,0,0,0,0,0,0,0,0,0,268
2704,1,1,2,4,1,0,1,4,20,1,1,1,1,1,0,1,0,1,0,0,0,268
2704,2,0,3,6,1,0,1,4,20,1,1,1,1,0,1,1,0,1,0,0,1,268
2704,3,0,1,6,0,0,0,0,0,0,0,0,0,0,0,0,0,0,0,0,0,268
2705,1,1,3,2,1,0,1,4,20,1,1,1,1,1,0,0,0,1,0,1,0,268
2705,2,0,3,1,1,0,1,4,20,1,1,1,1,0,0,0,0,0,1,0,1,268
2705,3,0,1,6,0,0,0,0,0,0,0,0,0,0,0,0,0,0,0,0,0,268
2706,1,1,2,1,1,0,1,4,20,1,1,1,1,0,1,0,0,0,1,0,1,268
2706,2,0,2,5,1,0,1,4,20,1,1,1,1,0,0,1,0,0,1,0,1,268
2706,3,0,1,6,0,0,0,0,0,0,0,0,0,0,0,0,0,0,0,0,0,268
2707,1,0,1,6,1,0,1,4,20,1,1,1,1,0,0,0,0,0,1,0,1,268
2707,2,1,1,4,1,0,1,4,20,1,1,1,1,0,0,0,0,0,0,0,0,268
2707,3,0,1,6,0,0,0,0,0,0,0,0,0,0,0,0,0,0,0,0,0,268
2708,1,0,2,1,1,0,1,4,20,1,1,1,1,0,0,0,1,0,1,0,0,268
2708,2,1,1,2,1,0,1,4,20,1,1,1,1,1,0,0,1,1,0,0,0,268
2708,3,0,1,6,0,0,0,0,0,0,0,0,0,0,0,0,0,0,0,0,0,268
2709,1,1,1,3,1,0,1,4,20,1,1,1,1,1,0,0,1,0,0,1,0,268
2709,2,0,3,6,1,0,1,4,20,1,1,1,1,1,0,0,0,1,0,0,0,268
2709,3,0,1,6,0,0,0,0,0,0,0,0,0,0,0,0,0,0,0,0,0,268
2710,1,0,3,5,1,0,1,5,24,0,1,1,1,0,1,0,1,0,0,1,0,269
2710,2,1,2,5,1,0,1,5,24,0,1,1,1,1,0,0,1,0,1,1,0,269
2710,3,0,1,6,0,0,0,0,0,0,0,0,0,0,0,0,0,0,0,0,0,269
2711,1,0,1,3,1,0,1,5,24,0,1,1,1,0,1,1,0,0,0,0,1,269
2711,2,1,2,3,1,0,1,5,24,0,1,1,1,0,1,1,0,0,0,1,0,269
2711,3,0,1,6,0,0,0,0,0,0,0,0,0,0,0,0,0,0,0,0,0,269
2712,1,0,3,2,1,0,1,5,24,0,1,1,1,0,0,1,0,1,0,0,0,269
2712,2,1,1,4,1,0,1,5,24,0,1,1,1,0,1,0,1,0,0,1,0,269
2712,3,0,1,6,0,0,0,0,0,0,0,0,0,0,0,0,0,0,0,0,0,269
2713,1,0,2,4,1,0,1,5,24,0,1,1,1,1,0,1,0,1,0,0,0,269
2713,2,0,3,6,1,0,1,5,24,0,1,1,1,0,1,1,0,1,0,0,1,269
2713,3,1,1,6,0,0,0,0,0,0,0,0,0,0,0,0,0,0,0,0,0,269
2714,1,0,3,2,1,0,1,5,24,0,1,1,1,1,0,0,0,1,0,1,0,269
2714,2,1,3,1,1,0,1,5,24,0,1,1,1,0,0,0,0,0,1,0,1,269
2714,3,0,1,6,0,0,0,0,0,0,0,0,0,0,0,0,0,0,0,0,0,269
2715,1,1,2,1,1,0,1,5,24,0,1,1,1,0,1,0,0,0,1,0,1,269
2715,2,0,2,5,1,0,1,5,24,0,1,1,1,0,0,1,0,0,1,0,1,269
2715,3,0,1,6,0,0,0,0,0,0,0,0,0,0,0,0,0,0,0,0,0,269
2716,1,0,1,6,1,0,1,5,24,0,1,1,1,0,0,0,0,0,1,0,1,269
2716,2,0,1,4,1,0,1,5,24,0,1,1,1,0,0,0,0,0,0,0,0,269
2716,3,1,1,6,0,0,0,0,0,0,0,0,0,0,0,0,0,0,0,0,0,269
2717,1,1,2,1,1,0,1,5,24,0,1,1,1,0,0,0,1,0,1,0,0,269
2717,2,0,1,2,1,0,1,5,24,0,1,1,1,1,0,0,1,1,0,0,0,269
2717,3,0,1,6,0,0,0,0,0,0,0,0,0,0,0,0,0,0,0,0,0,269
2718,1,1,1,3,1,0,1,5,24,0,1,1,1,1,0,0,1,0,0,1,0,269
2718,2,0,3,6,1,0,1,5,24,0,1,1,1,1,0,0,0,1,0,0,0,269
2718,3,0,1,6,0,0,0,0,0,0,0,0,0,0,0,0,0,0,0,0,0,269
2719,1,0,1,5,1,1,1,5,21,0,1,1,1,1,0,0,1,0,0,0,0,270
2719,2,1,1,5,1,1,1,5,21,0,1,1,1,0,0,1,0,0,0,0,1,270
2719,3,0,1,6,0,0,0,0,0,0,0,0,0,0,0,0,0,0,0,0,0,270
2720,1,0,3,3,1,1,1,5,21,0,1,1,1,0,0,0,0,0,0,0,0,270
2720,2,0,2,1,1,1,1,5,21,0,1,1,1,1,0,1,0,1,0,0,1,270
2720,3,1,1,6,0,0,0,0,0,0,0,0,0,0,0,0,0,0,0,0,0,270
2721,1,1,1,5,1,1,1,5,21,0,1,1,1,0,1,0,0,1,0,0,1,270
2721,2,0,1,3,1,1,1,5,21,0,1,1,1,1,0,0,1,1,0,0,1,270
2721,3,0,1,6,0,0,0,0,0,0,0,0,0,0,0,0,0,0,0,0,0,270
2722,1,0,3,4,1,1,1,5,21,0,1,1,1,0,0,1,0,1,0,0,1,270
2722,2,0,2,6,1,1,1,5,21,0,1,1,1,1,0,0,0,0,1,0,0,270
2722,3,1,1,6,0,0,0,0,0,0,0,0,0,0,0,0,0,0,0,0,0,270
2723,1,0,2,2,1,1,1,5,21,0,1,1,1,0,1,0,1,1,0,0,1,270
2723,2,1,3,2,1,1,1,5,21,0,1,1,1,0,1,0,0,0,0,0,0,270
2723,3,0,1,6,0,0,0,0,0,0,0,0,0,0,0,0,0,0,0,0,0,270
2724,1,0,3,4,1,1,1,5,21,0,1,1,1,1,0,0,1,0,1,1,0,270
2724,2,0,2,1,1,1,1,5,21,0,1,1,1,0,1,1,0,0,0,0,0,270
2724,3,1,1,6,0,0,0,0,0,0,0,0,0,0,0,0,0,0,0,0,0,270
2725,1,0,2,6,1,1,1,5,21,0,1,1,1,0,1,0,0,0,1,1,0,270
2725,2,0,3,4,1,1,1,5,21,0,1,1,1,0,1,0,1,1,0,1,0,270
2725,3,1,1,6,0,0,0,0,0,0,0,0,0,0,0,0,0,0,0,0,0,270
2726,1,0,1,1,1,1,1,5,21,0,1,1,1,1,0,1,0,0,1,1,0,270
2726,2,0,1,3,1,1,1,5,21,0,1,1,1,0,0,0,1,0,1,1,0,270
2726,3,1,1,6,0,0,0,0,0,0,0,0,0,0,0,0,0,0,0,0,0,270
2727,1,0,2,6,1,1,1,5,21,0,1,1,1,0,0,1,0,0,0,0,0,270
2727,2,1,3,2,1,1,1,5,21,0,1,1,1,0,0,0,0,0,1,1,0,270
2727,3,0,1,6,0,0,0,0,0,0,0,0,0,0,0,0,0,0,0,0,0,270
2728,1,1,3,5,1,0,1,5,22,1,1,1,0,0,1,0,1,0,0,1,0,271
2728,2,0,2,5,1,0,1,5,22,1,1,1,0,1,0,0,1,0,1,1,0,271
2728,3,0,1,6,0,0,0,0,0,0,0,0,0,0,0,0,0,0,0,0,0,271
2729,1,0,1,3,1,0,1,5,22,1,1,1,0,0,1,1,0,0,0,0,1,271
2729,2,1,2,3,1,0,1,5,22,1,1,1,0,0,1,1,0,0,0,1,0,271
2729,3,0,1,6,0,0,0,0,0,0,0,0,0,0,0,0,0,0,0,0,0,271
2730,1,1,3,2,1,0,1,5,22,1,1,1,0,0,0,1,0,1,0,0,0,271
2730,2,0,1,4,1,0,1,5,22,1,1,1,0,0,1,0,1,0,0,1,0,271
2730,3,0,1,6,0,0,0,0,0,0,0,0,0,0,0,0,0,0,0,0,0,271
2731,1,1,2,4,1,0,1,5,22,1,1,1,0,1,0,1,0,1,0,0,0,271
2731,2,0,3,6,1,0,1,5,22,1,1,1,0,0,1,1,0,1,0,0,1,271
2731,3,0,1,6,0,0,0,0,0,0,0,0,0,0,0,0,0,0,0,0,0,271
2732,1,1,3,2,1,0,1,5,22,1,1,1,0,1,0,0,0,1,0,1,0,271
2732,2,0,3,1,1,0,1,5,22,1,1,1,0,0,0,0,0,0,1,0,1,271
2732,3,0,1,6,0,0,0,0,0,0,0,0,0,0,0,0,0,0,0,0,0,271
2733,1,1,2,1,1,0,1,5,22,1,1,1,0,0,1,0,0,0,1,0,1,271
2733,2,0,2,5,1,0,1,5,22,1,1,1,0,0,0,1,0,0,1,0,1,271
2733,3,0,1,6,0,0,0,0,0,0,0,0,0,0,0,0,0,0,0,0,0,271
2734,1,0,1,6,1,0,1,5,22,1,1,1,0,0,0,0,0,0,1,0,1,271
2734,2,1,1,4,1,0,1,5,22,1,1,1,0,0,0,0,0,0,0,0,0,271
2734,3,0,1,6,0,0,0,0,0,0,0,0,0,0,0,0,0,0,0,0,0,271
2735,1,0,2,1,1,0,1,5,22,1,1,1,0,0,0,0,1,0,1,0,0,271
2735,2,1,1,2,1,0,1,5,22,1,1,1,0,1,0,0,1,1,0,0,0,271
2735,3,0,1,6,0,0,0,0,0,0,0,0,0,0,0,0,0,0,0,0,0,271
2736,1,0,1,3,1,0,1,5,22,1,1,1,0,1,0,0,1,0,0,1,0,271
2736,2,1,3,6,1,0,1,5,22,1,1,1,0,1,0,0,0,1,0,0,0,271
2736,3,0,1,6,0,0,0,0,0,0,0,0,0,0,0,0,0,0,0,0,0,271
2737,1,1,3,5,1,1,1,3,27,0,2,1,1,0,1,0,1,0,0,1,0,272
2737,2,0,2,5,1,1,1,3,27,0,2,1,1,1,0,0,1,0,1,1,0,272
2737,3,0,1,6,0,0,0,0,0,0,0,0,0,0,0,0,0,0,0,0,0,272
2738,1,0,1,3,1,1,1,3,27,0,2,1,1,0,1,1,0,0,0,0,1,272
2738,2,1,2,3,1,1,1,3,27,0,2,1,1,0,1,1,0,0,0,1,0,272
2738,3,0,1,6,0,0,0,0,0,0,0,0,0,0,0,0,0,0,0,0,0,272
2739,1,1,3,2,1,1,1,3,27,0,2,1,1,0,0,1,0,1,0,0,0,272
2739,2,0,1,4,1,1,1,3,27,0,2,1,1,0,1,0,1,0,0,1,0,272
2739,3,0,1,6,0,0,0,0,0,0,0,0,0,0,0,0,0,0,0,0,0,272
2740,1,0,2,4,1,1,1,3,27,0,2,1,1,1,0,1,0,1,0,0,0,272
2740,2,1,3,6,1,1,1,3,27,0,2,1,1,0,1,1,0,1,0,0,1,272
2740,3,0,1,6,0,0,0,0,0,0,0,0,0,0,0,0,0,0,0,0,0,272
2741,1,1,3,2,1,1,1,3,27,0,2,1,1,1,0,0,0,1,0,1,0,272
2741,2,0,3,1,1,1,1,3,27,0,2,1,1,0,0,0,0,0,1,0,1,272
2741,3,0,1,6,0,0,0,0,0,0,0,0,0,0,0,0,0,0,0,0,0,272
2742,1,1,2,1,1,1,1,3,27,0,2,1,1,0,1,0,0,0,1,0,1,272
2742,2,0,2,5,1,1,1,3,27,0,2,1,1,0,0,1,0,0,1,0,1,272
2742,3,0,1,6,0,0,0,0,0,0,0,0,0,0,0,0,0,0,0,0,0,272
2743,1,0,1,6,1,1,1,3,27,0,2,1,1,0,0,0,0,0,1,0,1,272
2743,2,1,1,4,1,1,1,3,27,0,2,1,1,0,0,0,0,0,0,0,0,272
2743,3,0,1,6,0,0,0,0,0,0,0,0,0,0,0,0,0,0,0,0,0,272
2744,1,1,2,1,1,1,1,3,27,0,2,1,1,0,0,0,1,0,1,0,0,272
2744,2,0,1,2,1,1,1,3,27,0,2,1,1,1,0,0,1,1,0,0,0,272
2744,3,0,1,6,0,0,0,0,0,0,0,0,0,0,0,0,0,0,0,0,0,272
2745,1,0,1,3,1,1,1,3,27,0,2,1,1,1,0,0,1,0,0,1,0,272
2745,2,1,3,6,1,1,1,3,27,0,2,1,1,1,0,0,0,1,0,0,0,272
2745,3,0,1,6,0,0,0,0,0,0,0,0,0,0,0,0,0,0,0,0,0,272
2746,1,1,1,5,1,0,0,5,23,0,2,1,1,1,0,0,1,0,0,0,0,273
2746,2,0,1,5,1,0,0,5,23,0,2,1,1,0,0,1,0,0,0,0,1,273
2746,3,0,1,6,0,0,0,0,0,0,0,0,0,0,0,0,0,0,0,0,0,273
2747,1,0,3,3,1,0,0,5,23,0,2,1,1,0,0,0,0,0,0,0,0,273
2747,2,1,2,1,1,0,0,5,23,0,2,1,1,1,0,1,0,1,0,0,1,273
2747,3,0,1,6,0,0,0,0,0,0,0,0,0,0,0,0,0,0,0,0,0,273
2748,1,1,1,5,1,0,0,5,23,0,2,1,1,0,1,0,0,1,0,0,1,273
2748,2,0,1,3,1,0,0,5,23,0,2,1,1,1,0,0,1,1,0,0,1,273
2748,3,0,1,6,0,0,0,0,0,0,0,0,0,0,0,0,0,0,0,0,0,273
2749,1,1,3,4,1,0,0,5,23,0,2,1,1,0,0,1,0,1,0,0,1,273
2749,2,0,2,6,1,0,0,5,23,0,2,1,1,1,0,0,0,0,1,0,0,273
2749,3,0,1,6,0,0,0,0,0,0,0,0,0,0,0,0,0,0,0,0,0,273
2750,1,1,2,2,1,0,0,5,23,0,2,1,1,0,1,0,1,1,0,0,1,273
2750,2,0,3,2,1,0,0,5,23,0,2,1,1,0,1,0,0,0,0,0,0,273
2750,3,0,1,6,0,0,0,0,0,0,0,0,0,0,0,0,0,0,0,0,0,273
2751,1,1,3,4,1,0,0,5,23,0,2,1,1,1,0,0,1,0,1,1,0,273
2751,2,0,2,1,1,0,0,5,23,0,2,1,1,0,1,1,0,0,0,0,0,273
2751,3,0,1,6,0,0,0,0,0,0,0,0,0,0,0,0,0,0,0,0,0,273
2752,1,0,2,6,1,0,0,5,23,0,2,1,1,0,1,0,0,0,1,1,0,273
2752,2,1,3,4,1,0,0,5,23,0,2,1,1,0,1,0,1,1,0,1,0,273
2752,3,0,1,6,0,0,0,0,0,0,0,0,0,0,0,0,0,0,0,0,0,273
2753,1,1,1,1,1,0,0,5,23,0,2,1,1,1,0,1,0,0,1,1,0,273
2753,2,0,1,3,1,0,0,5,23,0,2,1,1,0,0,0,1,0,1,1,0,273
2753,3,0,1,6,0,0,0,0,0,0,0,0,0,0,0,0,0,0,0,0,0,273
2754,1,0,2,6,1,0,0,5,23,0,2,1,1,0,0,1,0,0,0,0,0,273
2754,2,1,3,2,1,0,0,5,23,0,2,1,1,0,0,0,0,0,1,1,0,273
2754,3,0,1,6,0,0,0,0,0,0,0,0,0,0,0,0,0,0,0,0,0,273
2755,1,0,2,3,1,0,1,5,22,1,2,1,0,1,0,0,1,1,0,0,1,274
2755,2,0,1,4,1,0,1,5,22,1,2,1,0,1,0,1,0,0,1,1,0,274
2755,3,1,1,6,0,0,0,0,0,0,0,0,0,0,0,0,0,0,0,0,0,274
2756,1,0,3,6,1,0,1,5,22,1,2,1,0,0,1,1,0,1,0,1,0,274
2756,2,0,1,5,1,0,1,5,22,1,2,1,0,0,0,1,0,1,0,0,0,274
2756,3,1,1,6,0,0,0,0,0,0,0,0,0,0,0,0,0,0,0,0,0,274
2757,1,0,2,3,1,0,1,5,22,1,2,1,0,0,0,0,1,1,0,1,0,274
2757,2,0,2,3,1,0,1,5,22,1,2,1,0,0,0,0,1,0,0,0,1,274
2757,3,1,1,6,0,0,0,0,0,0,0,0,0,0,0,0,0,0,0,0,0,274
2758,1,0,1,2,1,0,1,5,22,1,2,1,0,0,0,1,0,0,1,1,0,274
2758,2,0,2,5,1,0,1,5,22,1,2,1,0,0,1,0,0,1,0,0,1,274
2758,3,1,1,6,0,0,0,0,0,0,0,0,0,0,0,0,0,0,0,0,0,274
2759,1,0,2,5,1,0,1,5,22,1,2,1,0,1,0,0,0,0,1,0,0,274
2759,2,0,2,6,1,0,1,5,22,1,2,1,0,1,0,0,0,0,0,1,0,274
2759,3,1,1,6,0,0,0,0,0,0,0,0,0,0,0,0,0,0,0,0,0,274
2760,1,0,1,2,1,0,1,5,22,1,2,1,0,0,1,1,0,0,1,0,0,274
2760,2,0,3,1,1,0,1,5,22,1,2,1,0,1,0,1,0,0,1,0,0,274
2760,3,1,1,6,0,0,0,0,0,0,0,0,0,0,0,0,0,0,0,0,0,274
2761,1,0,3,1,1,0,1,5,22,1,2,1,0,0,1,0,0,0,0,0,0,274
2761,2,0,3,6,1,0,1,5,22,1,2,1,0,0,0,0,1,0,0,0,0,274
2761,3,1,1,6,0,0,0,0,0,0,0,0,0,0,0,0,0,0,0,0,0,274
2762,1,0,1,4,1,0,1,5,22,1,2,1,0,0,0,0,1,0,0,0,1,274
2762,2,0,3,4,1,0,1,5,22,1,2,1,0,0,1,0,1,0,1,0,1,274
2762,3,1,1,6,0,0,0,0,0,0,0,0,0,0,0,0,0,0,0,0,0,274
2763,1,0,3,1,1,0,1,5,22,1,2,1,0,1,0,0,0,0,0,0,1,274
2763,2,0,1,2,1,0,1,5,22,1,2,1,0,0,1,0,0,1,0,1,0,274
2763,3,1,1,6,0,0,0,0,0,0,0,0,0,0,0,0,0,0,0,0,0,274
2764,1,0,2,5,1,0,0,5,29,0,2,2,1,1,0,1,0,0,0,0,1,275
2764,2,1,2,1,1,0,0,5,29,0,2,2,1,0,0,0,1,1,0,0,0,275
2764,3,0,1,6,0,0,0,0,0,0,0,0,0,0,0,0,0,0,0,0,0,275
2765,1,0,2,5,1,0,0,5,29,0,2,2,1,0,0,0,0,0,0,1,0,275
2765,2,1,1,3,1,0,0,5,29,0,2,2,1,0,1,1,0,0,1,0,0,275
2765,3,0,1,6,0,0,0,0,0,0,0,0,0,0,0,0,0,0,0,0,0,275
2766,1,0,1,3,1,0,0,5,29,0,2,2,1,1,0,0,0,1,0,0,0,275
2766,2,1,2,5,1,0,0,5,29,0,2,2,1,0,1,0,1,0,1,0,0,275
2766,3,0,1,6,0,0,0,0,0,0,0,0,0,0,0,0,0,0,0,0,0,275
2767,1,0,1,4,1,0,0,5,29,0,2,2,1,0,0,0,0,1,0,1,0,275
2767,2,1,3,2,1,0,0,5,29,0,2,2,1,1,0,1,0,0,0,1,0,275
2767,3,0,1,6,0,0,0,0,0,0,0,0,0,0,0,0,0,0,0,0,0,275
2768,1,1,1,4,1,0,0,5,29,0,2,2,1,0,1,0,1,1,0,0,0,275
2768,2,0,2,1,1,0,0,5,29,0,2,2,1,0,0,0,0,1,0,1,0,275
2768,3,0,1,6,0,0,0,0,0,0,0,0,0,0,0,0,0,0,0,0,0,275
2769,1,1,3,2,1,0,0,5,29,0,2,2,1,0,0,0,1,0,1,0,1,275
2769,2,0,3,6,1,0,0,5,29,0,2,2,1,0,0,1,0,1,0,1,0,275
2769,3,0,1,6,0,0,0,0,0,0,0,0,0,0,0,0,0,0,0,0,0,275
2770,1,0,3,6,1,0,0,5,29,0,2,2,1,0,1,0,1,0,1,0,0,275
2770,2,1,1,3,1,0,0,5,29,0,2,2,1,0,1,0,0,0,1,0,1,275
2770,3,0,1,6,0,0,0,0,0,0,0,0,0,0,0,0,0,0,0,0,0,275
2771,1,0,3,6,1,0,0,5,29,0,2,2,1,1,0,1,0,0,1,0,1,275
2771,2,1,3,2,1,0,0,5,29,0,2,2,1,1,0,0,1,0,0,0,1,275
2771,3,0,1,6,0,0,0,0,0,0,0,0,0,0,0,0,0,0,0,0,0,275
2772,1,1,2,1,1,0,0,5,29,0,2,2,1,0,1,1,0,0,0,1,0,275
2772,2,0,1,4,1,0,0,5,29,0,2,2,1,1,0,0,0,0,0,0,1,275
2772,3,0,1,6,0,0,0,0,0,0,0,0,0,0,0,0,0,0,0,0,0,275
2773,1,1,3,5,1,0,0,4,25,0,1,1,1,0,1,0,1,0,0,1,0,276
2773,2,0,2,5,1,0,0,4,25,0,1,1,1,1,0,0,1,0,1,1,0,276
2773,3,0,1,6,0,0,0,0,0,0,0,0,0,0,0,0,0,0,0,0,0,276
2774,1,0,1,3,1,0,0,4,25,0,1,1,1,0,1,1,0,0,0,0,1,276
2774,2,1,2,3,1,0,0,4,25,0,1,1,1,0,1,1,0,0,0,1,0,276
2774,3,0,1,6,0,0,0,0,0,0,0,0,0,0,0,0,0,0,0,0,0,276
2775,1,0,3,2,1,0,0,4,25,0,1,1,1,0,0,1,0,1,0,0,0,276
2775,2,1,1,4,1,0,0,4,25,0,1,1,1,0,1,0,1,0,0,1,0,276
2775,3,0,1,6,0,0,0,0,0,0,0,0,0,0,0,0,0,0,0,0,0,276
2776,1,0,2,4,1,0,0,4,25,0,1,1,1,1,0,1,0,1,0,0,0,276
2776,2,1,3,6,1,0,0,4,25,0,1,1,1,0,1,1,0,1,0,0,1,276
2776,3,0,1,6,0,0,0,0,0,0,0,0,0,0,0,0,0,0,0,0,0,276
2777,1,1,3,2,1,0,0,4,25,0,1,1,1,1,0,0,0,1,0,1,0,276
2777,2,0,3,1,1,0,0,4,25,0,1,1,1,0,0,0,0,0,1,0,1,276
2777,3,0,1,6,0,0,0,0,0,0,0,0,0,0,0,0,0,0,0,0,0,276
2778,1,1,2,1,1,0,0,4,25,0,1,1,1,0,1,0,0,0,1,0,1,276
2778,2,0,2,5,1,0,0,4,25,0,1,1,1,0,0,1,0,0,1,0,1,276
2778,3,0,1,6,0,0,0,0,0,0,0,0,0,0,0,0,0,0,0,0,0,276
2779,1,0,1,6,1,0,0,4,25,0,1,1,1,0,0,0,0,0,1,0,1,276
2779,2,1,1,4,1,0,0,4,25,0,1,1,1,0,0,0,0,0,0,0,0,276
2779,3,0,1,6,0,0,0,0,0,0,0,0,0,0,0,0,0,0,0,0,0,276
2780,1,0,2,1,1,0,0,4,25,0,1,1,1,0,0,0,1,0,1,0,0,276
2780,2,1,1,2,1,0,0,4,25,0,1,1,1,1,0,0,1,1,0,0,0,276
2780,3,0,1,6,0,0,0,0,0,0,0,0,0,0,0,0,0,0,0,0,0,276
2781,1,1,1,3,1,0,0,4,25,0,1,1,1,1,0,0,1,0,0,1,0,276
2781,2,0,3,6,1,0,0,4,25,0,1,1,1,1,0,0,0,1,0,0,0,276
2781,3,0,1,6,0,0,0,0,0,0,0,0,0,0,0,0,0,0,0,0,0,276
2782,1,1,3,5,1,0,0,3,24,0,2,2,1,0,1,0,1,0,0,1,0,277
2782,2,0,2,5,1,0,0,3,24,0,2,2,1,1,0,0,1,0,1,1,0,277
2782,3,0,1,6,0,0,0,0,0,0,0,0,0,0,0,0,0,0,0,0,0,277
2783,1,0,1,3,1,0,0,3,24,0,2,2,1,0,1,1,0,0,0,0,1,277
2783,2,1,2,3,1,0,0,3,24,0,2,2,1,0,1,1,0,0,0,1,0,277
2783,3,0,1,6,0,0,0,0,0,0,0,0,0,0,0,0,0,0,0,0,0,277
2784,1,0,3,2,1,0,0,3,24,0,2,2,1,0,0,1,0,1,0,0,0,277
2784,2,1,1,4,1,0,0,3,24,0,2,2,1,0,1,0,1,0,0,1,0,277
2784,3,0,1,6,0,0,0,0,0,0,0,0,0,0,0,0,0,0,0,0,0,277
2785,1,0,2,4,1,0,0,3,24,0,2,2,1,1,0,1,0,1,0,0,0,277
2785,2,1,3,6,1,0,0,3,24,0,2,2,1,0,1,1,0,1,0,0,1,277
2785,3,0,1,6,0,0,0,0,0,0,0,0,0,0,0,0,0,0,0,0,0,277
2786,1,1,3,2,1,0,0,3,24,0,2,2,1,1,0,0,0,1,0,1,0,277
2786,2,0,3,1,1,0,0,3,24,0,2,2,1,0,0,0,0,0,1,0,1,277
2786,3,0,1,6,0,0,0,0,0,0,0,0,0,0,0,0,0,0,0,0,0,277
2787,1,1,2,1,1,0,0,3,24,0,2,2,1,0,1,0,0,0,1,0,1,277
2787,2,0,2,5,1,0,0,3,24,0,2,2,1,0,0,1,0,0,1,0,1,277
2787,3,0,1,6,0,0,0,0,0,0,0,0,0,0,0,0,0,0,0,0,0,277
2788,1,0,1,6,1,0,0,3,24,0,2,2,1,0,0,0,0,0,1,0,1,277
2788,2,1,1,4,1,0,0,3,24,0,2,2,1,0,0,0,0,0,0,0,0,277
2788,3,0,1,6,0,0,0,0,0,0,0,0,0,0,0,0,0,0,0,0,0,277
2789,1,0,2,1,1,0,0,3,24,0,2,2,1,0,0,0,1,0,1,0,0,277
2789,2,1,1,2,1,0,0,3,24,0,2,2,1,1,0,0,1,1,0,0,0,277
2789,3,0,1,6,0,0,0,0,0,0,0,0,0,0,0,0,0,0,0,0,0,277
2790,1,1,1,3,1,0,0,3,24,0,2,2,1,1,0,0,1,0,0,1,0,277
2790,2,0,3,6,1,0,0,3,24,0,2,2,1,1,0,0,0,1,0,0,0,277
2790,3,0,1,6,0,0,0,0,0,0,0,0,0,0,0,0,0,0,0,0,0,277
2791,1,1,2,5,1,0,0,2,29,1,1,2,1,1,0,1,0,0,0,0,1,278
2791,2,0,2,1,1,0,0,2,29,1,1,2,1,0,0,0,1,1,0,0,0,278
2791,3,0,1,6,0,0,0,0,0,0,0,0,0,0,0,0,0,0,0,0,0,278
2792,1,0,2,5,1,0,0,2,29,1,1,2,1,0,0,0,0,0,0,1,0,278
2792,2,1,1,3,1,0,0,2,29,1,1,2,1,0,1,1,0,0,1,0,0,278
2792,3,0,1,6,0,0,0,0,0,0,0,0,0,0,0,0,0,0,0,0,0,278
2793,1,1,1,3,1,0,0,2,29,1,1,2,1,1,0,0,0,1,0,0,0,278
2793,2,0,2,5,1,0,0,2,29,1,1,2,1,0,1,0,1,0,1,0,0,278
2793,3,0,1,6,0,0,0,0,0,0,0,0,0,0,0,0,0,0,0,0,0,278
2794,1,0,1,4,1,0,0,2,29,1,1,2,1,0,0,0,0,1,0,1,0,278
2794,2,1,3,2,1,0,0,2,29,1,1,2,1,1,0,1,0,0,0,1,0,278
2794,3,0,1,6,0,0,0,0,0,0,0,0,0,0,0,0,0,0,0,0,0,278
2795,1,1,1,4,1,0,0,2,29,1,1,2,1,0,1,0,1,1,0,0,0,278
2795,2,0,2,1,1,0,0,2,29,1,1,2,1,0,0,0,0,1,0,1,0,278
2795,3,0,1,6,0,0,0,0,0,0,0,0,0,0,0,0,0,0,0,0,0,278
2796,1,1,3,2,1,0,0,2,29,1,1,2,1,0,0,0,1,0,1,0,1,278
2796,2,0,3,6,1,0,0,2,29,1,1,2,1,0,0,1,0,1,0,1,0,278
2796,3,0,1,6,0,0,0,0,0,0,0,0,0,0,0,0,0,0,0,0,0,278
2797,1,1,3,6,1,0,0,2,29,1,1,2,1,0,1,0,1,0,1,0,0,278
2797,2,0,1,3,1,0,0,2,29,1,1,2,1,0,1,0,0,0,1,0,1,278
2797,3,0,1,6,0,0,0,0,0,0,0,0,0,0,0,0,0,0,0,0,0,278
2798,1,0,3,6,1,0,0,2,29,1,1,2,1,1,0,1,0,0,1,0,1,278
2798,2,1,3,2,1,0,0,2,29,1,1,2,1,1,0,0,1,0,0,0,1,278
2798,3,0,1,6,0,0,0,0,0,0,0,0,0,0,0,0,0,0,0,0,0,278
2799,1,1,2,1,1,0,0,2,29,1,1,2,1,0,1,1,0,0,0,1,0,278
2799,2,0,1,4,1,0,0,2,29,1,1,2,1,1,0,0,0,0,0,0,1,278
2799,3,0,1,6,0,0,0,0,0,0,0,0,0,0,0,0,0,0,0,0,0,278
2800,1,0,3,5,1,0,0,4,24,1,1,1,1,0,1,0,1,0,0,1,0,279
2800,2,1,2,5,1,0,0,4,24,1,1,1,1,1,0,0,1,0,1,1,0,279
2800,3,0,1,6,0,0,0,0,0,0,0,0,0,0,0,0,0,0,0,0,0,279
2801,1,1,1,3,1,0,0,4,24,1,1,1,1,0,1,1,0,0,0,0,1,279
2801,2,0,2,3,1,0,0,4,24,1,1,1,1,0,1,1,0,0,0,1,0,279
2801,3,0,1,6,0,0,0,0,0,0,0,0,0,0,0,0,0,0,0,0,0,279
2802,1,1,3,2,1,0,0,4,24,1,1,1,1,0,0,1,0,1,0,0,0,279
2802,2,0,1,4,1,0,0,4,24,1,1,1,1,0,1,0,1,0,0,1,0,279
2802,3,0,1,6,0,0,0,0,0,0,0,0,0,0,0,0,0,0,0,0,0,279
2803,1,1,2,4,1,0,0,4,24,1,1,1,1,1,0,1,0,1,0,0,0,279
2803,2,0,3,6,1,0,0,4,24,1,1,1,1,0,1,1,0,1,0,0,1,279
2803,3,0,1,6,0,0,0,0,0,0,0,0,0,0,0,0,0,0,0,0,0,279
2804,1,0,3,2,1,0,0,4,24,1,1,1,1,1,0,0,0,1,0,1,0,279
2804,2,1,3,1,1,0,0,4,24,1,1,1,1,0,0,0,0,0,1,0,1,279
2804,3,0,1,6,0,0,0,0,0,0,0,0,0,0,0,0,0,0,0,0,0,279
2805,1,1,2,1,1,0,0,4,24,1,1,1,1,0,1,0,0,0,1,0,1,279
2805,2,0,2,5,1,0,0,4,24,1,1,1,1,0,0,1,0,0,1,0,1,279
2805,3,0,1,6,0,0,0,0,0,0,0,0,0,0,0,0,0,0,0,0,0,279
2806,1,0,1,6,1,0,0,4,24,1,1,1,1,0,0,0,0,0,1,0,1,279
2806,2,1,1,4,1,0,0,4,24,1,1,1,1,0,0,0,0,0,0,0,0,279
2806,3,0,1,6,0,0,0,0,0,0,0,0,0,0,0,0,0,0,0,0,0,279
2807,1,1,2,1,1,0,0,4,24,1,1,1,1,0,0,0,1,0,1,0,0,279
2807,2,0,1,2,1,0,0,4,24,1,1,1,1,1,0,0,1,1,0,0,0,279
2807,3,0,1,6,0,0,0,0,0,0,0,0,0,0,0,0,0,0,0,0,0,279
2808,1,1,1,3,1,0,0,4,24,1,1,1,1,1,0,0,1,0,0,1,0,279
2808,2,0,3,6,1,0,0,4,24,1,1,1,1,1,0,0,0,1,0,0,0,279
2808,3,0,1,6,0,0,0,0,0,0,0,0,0,0,0,0,0,0,0,0,0,279
2809,1,0,3,5,1,0,0,5,35,0,2,2,1,0,1,0,1,0,0,1,0,280
2809,2,1,2,5,1,0,0,5,35,0,2,2,1,1,0,0,1,0,1,1,0,280
2809,3,0,1,6,0,0,0,0,0,0,0,0,0,0,0,0,0,0,0,0,0,280
2810,1,0,1,3,1,0,0,5,35,0,2,2,1,0,1,1,0,0,0,0,1,280
2810,2,1,2,3,1,0,0,5,35,0,2,2,1,0,1,1,0,0,0,1,0,280
2810,3,0,1,6,0,0,0,0,0,0,0,0,0,0,0,0,0,0,0,0,0,280
2811,1,1,3,2,1,0,0,5,35,0,2,2,1,0,0,1,0,1,0,0,0,280
2811,2,0,1,4,1,0,0,5,35,0,2,2,1,0,1,0,1,0,0,1,0,280
2811,3,0,1,6,0,0,0,0,0,0,0,0,0,0,0,0,0,0,0,0,0,280
2812,1,1,2,4,1,0,0,5,35,0,2,2,1,1,0,1,0,1,0,0,0,280
2812,2,0,3,6,1,0,0,5,35,0,2,2,1,0,1,1,0,1,0,0,1,280
2812,3,0,1,6,0,0,0,0,0,0,0,0,0,0,0,0,0,0,0,0,0,280
2813,1,1,3,2,1,0,0,5,35,0,2,2,1,1,0,0,0,1,0,1,0,280
2813,2,0,3,1,1,0,0,5,35,0,2,2,1,0,0,0,0,0,1,0,1,280
2813,3,0,1,6,0,0,0,0,0,0,0,0,0,0,0,0,0,0,0,0,0,280
2814,1,1,2,1,1,0,0,5,35,0,2,2,1,0,1,0,0,0,1,0,1,280
2814,2,0,2,5,1,0,0,5,35,0,2,2,1,0,0,1,0,0,1,0,1,280
2814,3,0,1,6,0,0,0,0,0,0,0,0,0,0,0,0,0,0,0,0,0,280
2815,1,0,1,6,1,0,0,5,35,0,2,2,1,0,0,0,0,0,1,0,1,280
2815,2,1,1,4,1,0,0,5,35,0,2,2,1,0,0,0,0,0,0,0,0,280
2815,3,0,1,6,0,0,0,0,0,0,0,0,0,0,0,0,0,0,0,0,0,280
2816,1,0,2,1,1,0,0,5,35,0,2,2,1,0,0,0,1,0,1,0,0,280
2816,2,1,1,2,1,0,0,5,35,0,2,2,1,1,0,0,1,1,0,0,0,280
2816,3,0,1,6,0,0,0,0,0,0,0,0,0,0,0,0,0,0,0,0,0,280
2817,1,1,1,3,1,0,0,5,35,0,2,2,1,1,0,0,1,0,0,1,0,280
2817,2,0,3,6,1,0,0,5,35,0,2,2,1,1,0,0,0,1,0,0,0,280
2817,3,0,1,6,0,0,0,0,0,0,0,0,0,0,0,0,0,0,0,0,0,280
2818,1,0,3,5,1,0,0,5,28,1,3,1,0,0,1,0,1,0,0,1,0,281
2818,2,1,2,5,1,0,0,5,28,1,3,1,0,1,0,0,1,0,1,1,0,281
2818,3,0,1,6,0,0,0,0,0,0,0,0,0,0,0,0,0,0,0,0,0,281
2819,1,0,1,3,1,0,0,5,28,1,3,1,0,0,1,1,0,0,0,0,1,281
2819,2,1,2,3,1,0,0,5,28,1,3,1,0,0,1,1,0,0,0,1,0,281
2819,3,0,1,6,0,0,0,0,0,0,0,0,0,0,0,0,0,0,0,0,0,281
2820,1,1,3,2,1,0,0,5,28,1,3,1,0,0,0,1,0,1,0,0,0,281
2820,2,0,1,4,1,0,0,5,28,1,3,1,0,0,1,0,1,0,0,1,0,281
2820,3,0,1,6,0,0,0,0,0,0,0,0,0,0,0,0,0,0,0,0,0,281
2821,1,1,2,4,1,0,0,5,28,1,3,1,0,1,0,1,0,1,0,0,0,281
2821,2,0,3,6,1,0,0,5,28,1,3,1,0,0,1,1,0,1,0,0,1,281
2821,3,0,1,6,0,0,0,0,0,0,0,0,0,0,0,0,0,0,0,0,0,281
2822,1,1,3,2,1,0,0,5,28,1,3,1,0,1,0,0,0,1,0,1,0,281
2822,2,0,3,1,1,0,0,5,28,1,3,1,0,0,0,0,0,0,1,0,1,281
2822,3,0,1,6,0,0,0,0,0,0,0,0,0,0,0,0,0,0,0,0,0,281
2823,1,1,2,1,1,0,0,5,28,1,3,1,0,0,1,0,0,0,1,0,1,281
2823,2,0,2,5,1,0,0,5,28,1,3,1,0,0,0,1,0,0,1,0,1,281
2823,3,0,1,6,0,0,0,0,0,0,0,0,0,0,0,0,0,0,0,0,0,281
2824,1,0,1,6,1,0,0,5,28,1,3,1,0,0,0,0,0,0,1,0,1,281
2824,2,1,1,4,1,0,0,5,28,1,3,1,0,0,0,0,0,0,0,0,0,281
2824,3,0,1,6,0,0,0,0,0,0,0,0,0,0,0,0,0,0,0,0,0,281
2825,1,0,2,1,1,0,0,5,28,1,3,1,0,0,0,0,1,0,1,0,0,281
2825,2,1,1,2,1,0,0,5,28,1,3,1,0,1,0,0,1,1,0,0,0,281
2825,3,0,1,6,0,0,0,0,0,0,0,0,0,0,0,0,0,0,0,0,0,281
2826,1,1,1,3,1,0,0,5,28,1,3,1,0,1,0,0,1,0,0,1,0,281
2826,2,0,3,6,1,0,0,5,28,1,3,1,0,1,0,0,0,1,0,0,0,281
2826,3,0,1,6,0,0,0,0,0,0,0,0,0,0,0,0,0,0,0,0,0,281
2827,1,1,2,5,1,0,1,4,23,0,1,1,1,1,0,1,0,0,0,0,1,282
2827,2,0,2,1,1,0,1,4,23,0,1,1,1,0,0,0,1,1,0,0,0,282
2827,3,0,1,6,0,0,0,0,0,0,0,0,0,0,0,0,0,0,0,0,0,282
2828,1,1,2,5,1,0,1,4,23,0,1,1,1,0,0,0,0,0,0,1,0,282
2828,2,0,1,3,1,0,1,4,23,0,1,1,1,0,1,1,0,0,1,0,0,282
2828,3,0,1,6,0,0,0,0,0,0,0,0,0,0,0,0,0,0,0,0,0,282
2829,1,1,1,3,1,0,1,4,23,0,1,1,1,1,0,0,0,1,0,0,0,282
2829,2,0,2,5,1,0,1,4,23,0,1,1,1,0,1,0,1,0,1,0,0,282
2829,3,0,1,6,0,0,0,0,0,0,0,0,0,0,0,0,0,0,0,0,0,282
2830,1,0,1,4,1,0,1,4,23,0,1,1,1,0,0,0,0,1,0,1,0,282
2830,2,1,3,2,1,0,1,4,23,0,1,1,1,1,0,1,0,0,0,1,0,282
2830,3,0,1,6,0,0,0,0,0,0,0,0,0,0,0,0,0,0,0,0,0,282
2831,1,0,1,4,1,0,1,4,23,0,1,1,1,0,1,0,1,1,0,0,0,282
2831,2,1,2,1,1,0,1,4,23,0,1,1,1,0,0,0,0,1,0,1,0,282
2831,3,0,1,6,0,0,0,0,0,0,0,0,0,0,0,0,0,0,0,0,0,282
2832,1,0,3,2,1,0,1,4,23,0,1,1,1,0,0,0,1,0,1,0,1,282
2832,2,1,3,6,1,0,1,4,23,0,1,1,1,0,0,1,0,1,0,1,0,282
2832,3,0,1,6,0,0,0,0,0,0,0,0,0,0,0,0,0,0,0,0,0,282
2833,1,0,3,6,1,0,1,4,23,0,1,1,1,0,1,0,1,0,1,0,0,282
2833,2,1,1,3,1,0,1,4,23,0,1,1,1,0,1,0,0,0,1,0,1,282
2833,3,0,1,6,0,0,0,0,0,0,0,0,0,0,0,0,0,0,0,0,0,282
2834,1,0,3,6,1,0,1,4,23,0,1,1,1,1,0,1,0,0,1,0,1,282
2834,2,1,3,2,1,0,1,4,23,0,1,1,1,1,0,0,1,0,0,0,1,282
2834,3,0,1,6,0,0,0,0,0,0,0,0,0,0,0,0,0,0,0,0,0,282
2835,1,0,2,1,1,0,1,4,23,0,1,1,1,0,1,1,0,0,0,1,0,282
2835,2,1,1,4,1,0,1,4,23,0,1,1,1,1,0,0,0,0,0,0,1,282
2835,3,0,1,6,0,0,0,0,0,0,0,0,0,0,0,0,0,0,0,0,0,282
2845,1,0,2,5,1,0,1,5,24,0,1,1,1,1,0,1,0,0,0,0,1,283
2845,2,1,2,1,1,0,1,5,24,0,1,1,1,0,0,0,1,1,0,0,0,283
2845,3,0,1,6,0,0,0,0,0,0,0,0,0,0,0,0,0,0,0,0,0,283
2846,1,0,2,5,1,0,1,5,24,0,1,1,1,0,0,0,0,0,0,1,0,283
2846,2,1,1,3,1,0,1,5,24,0,1,1,1,0,1,1,0,0,1,0,0,283
2846,3,0,1,6,0,0,0,0,0,0,0,0,0,0,0,0,0,0,0,0,0,283
2847,1,1,1,3,1,0,1,5,24,0,1,1,1,1,0,0,0,1,0,0,0,283
2847,2,0,2,5,1,0,1,5,24,0,1,1,1,0,1,0,1,0,1,0,0,283
2847,3,0,1,6,0,0,0,0,0,0,0,0,0,0,0,0,0,0,0,0,0,283
2848,1,0,1,4,1,0,1,5,24,0,1,1,1,0,0,0,0,1,0,1,0,283
2848,2,1,3,2,1,0,1,5,24,0,1,1,1,1,0,1,0,0,0,1,0,283
2848,3,0,1,6,0,0,0,0,0,0,0,0,0,0,0,0,0,0,0,0,0,283
2849,1,0,1,4,1,0,1,5,24,0,1,1,1,0,1,0,1,1,0,0,0,283
2849,2,1,2,1,1,0,1,5,24,0,1,1,1,0,0,0,0,1,0,1,0,283
2849,3,0,1,6,0,0,0,0,0,0,0,0,0,0,0,0,0,0,0,0,0,283
2850,1,1,3,2,1,0,1,5,24,0,1,1,1,0,0,0,1,0,1,0,1,283
2850,2,0,3,6,1,0,1,5,24,0,1,1,1,0,0,1,0,1,0,1,0,283
2850,3,0,1,6,0,0,0,0,0,0,0,0,0,0,0,0,0,0,0,0,0,283
2851,1,0,3,6,1,0,1,5,24,0,1,1,1,0,1,0,1,0,1,0,0,283
2851,2,1,1,3,1,0,1,5,24,0,1,1,1,0,1,0,0,0,1,0,1,283
2851,3,0,1,6,0,0,0,0,0,0,0,0,0,0,0,0,0,0,0,0,0,283
2852,1,0,3,6,1,0,1,5,24,0,1,1,1,1,0,1,0,0,1,0,1,283
2852,2,1,3,2,1,0,1,5,24,0,1,1,1,1,0,0,1,0,0,0,1,283
2852,3,0,1,6,0,0,0,0,0,0,0,0,0,0,0,0,0,0,0,0,0,283
2853,1,1,2,1,1,0,1,5,24,0,1,1,1,0,1,1,0,0,0,1,0,283
2853,2,0,1,4,1,0,1,5,24,0,1,1,1,1,0,0,0,0,0,0,1,283
2853,3,0,1,6,0,0,0,0,0,0,0,0,0,0,0,0,0,0,0,0,0,283
2854,1,1,3,5,1,0,0,4,22,0,1,1,1,0,1,0,1,0,0,1,0,284
2854,2,0,2,5,1,0,0,4,22,0,1,1,1,1,0,0,1,0,1,1,0,284
2854,3,0,1,6,0,0,0,0,0,0,0,0,0,0,0,0,0,0,0,0,0,284
2855,1,0,1,3,1,0,0,4,22,0,1,1,1,0,1,1,0,0,0,0,1,284
2855,2,1,2,3,1,0,0,4,22,0,1,1,1,0,1,1,0,0,0,1,0,284
2855,3,0,1,6,0,0,0,0,0,0,0,0,0,0,0,0,0,0,0,0,0,284
2856,1,1,3,2,1,0,0,4,22,0,1,1,1,0,0,1,0,1,0,0,0,284
2856,2,0,1,4,1,0,0,4,22,0,1,1,1,0,1,0,1,0,0,1,0,284
2856,3,0,1,6,0,0,0,0,0,0,0,0,0,0,0,0,0,0,0,0,0,284
2857,1,0,2,4,1,0,0,4,22,0,1,1,1,1,0,1,0,1,0,0,0,284
2857,2,1,3,6,1,0,0,4,22,0,1,1,1,0,1,1,0,1,0,0,1,284
2857,3,0,1,6,0,0,0,0,0,0,0,0,0,0,0,0,0,0,0,0,0,284
2858,1,0,3,2,1,0,0,4,22,0,1,1,1,1,0,0,0,1,0,1,0,284
2858,2,1,3,1,1,0,0,4,22,0,1,1,1,0,0,0,0,0,1,0,1,284
2858,3,0,1,6,0,0,0,0,0,0,0,0,0,0,0,0,0,0,0,0,0,284
2859,1,1,2,1,1,0,0,4,22,0,1,1,1,0,1,0,0,0,1,0,1,284
2859,2,0,2,5,1,0,0,4,22,0,1,1,1,0,0,1,0,0,1,0,1,284
2859,3,0,1,6,0,0,0,0,0,0,0,0,0,0,0,0,0,0,0,0,0,284
2860,1,0,1,6,1,0,0,4,22,0,1,1,1,0,0,0,0,0,1,0,1,284
2860,2,1,1,4,1,0,0,4,22,0,1,1,1,0,0,0,0,0,0,0,0,284
2860,3,0,1,6,0,0,0,0,0,0,0,0,0,0,0,0,0,0,0,0,0,284
2861,1,1,2,1,1,0,0,4,22,0,1,1,1,0,0,0,1,0,1,0,0,284
2861,2,0,1,2,1,0,0,4,22,0,1,1,1,1,0,0,1,1,0,0,0,284
2861,3,0,1,6,0,0,0,0,0,0,0,0,0,0,0,0,0,0,0,0,0,284
2862,1,1,1,3,1,0,0,4,22,0,1,1,1,1,0,0,1,0,0,1,0,284
2862,2,0,3,6,1,0,0,4,22,0,1,1,1,1,0,0,0,1,0,0,0,284
2862,3,0,1,6,0,0,0,0,0,0,0,0,0,0,0,0,0,0,0,0,0,284
2863,1,0,2,3,1,0,1,5,43,1,2,2,1,1,0,0,1,1,0,0,1,285
2863,2,1,1,4,1,0,1,5,43,1,2,2,1,1,0,1,0,0,1,1,0,285
2863,3,0,1,6,0,0,0,0,0,0,0,0,0,0,0,0,0,0,0,0,0,285
2864,1,0,3,6,1,0,1,5,43,1,2,2,1,0,1,1,0,1,0,1,0,285
2864,2,0,1,5,1,0,1,5,43,1,2,2,1,0,0,1,0,1,0,0,0,285
2864,3,1,1,6,0,0,0,0,0,0,0,0,0,0,0,0,0,0,0,0,0,285
2865,1,0,2,3,1,0,1,5,43,1,2,2,1,0,0,0,1,1,0,1,0,285
2865,2,0,2,3,1,0,1,5,43,1,2,2,1,0,0,0,1,0,0,0,1,285
2865,3,1,1,6,0,0,0,0,0,0,0,0,0,0,0,0,0,0,0,0,0,285
2866,1,0,1,2,1,0,1,5,43,1,2,2,1,0,0,1,0,0,1,1,0,285
2866,2,0,2,5,1,0,1,5,43,1,2,2,1,0,1,0,0,1,0,0,1,285
2866,3,1,1,6,0,0,0,0,0,0,0,0,0,0,0,0,0,0,0,0,0,285
2867,1,0,2,5,1,0,1,5,43,1,2,2,1,1,0,0,0,0,1,0,0,285
2867,2,0,2,6,1,0,1,5,43,1,2,2,1,1,0,0,0,0,0,1,0,285
2867,3,1,1,6,0,0,0,0,0,0,0,0,0,0,0,0,0,0,0,0,0,285
2868,1,0,1,2,1,0,1,5,43,1,2,2,1,0,1,1,0,0,1,0,0,285
2868,2,0,3,1,1,0,1,5,43,1,2,2,1,1,0,1,0,0,1,0,0,285
2868,3,1,1,6,0,0,0,0,0,0,0,0,0,0,0,0,0,0,0,0,0,285
2869,1,0,3,1,1,0,1,5,43,1,2,2,1,0,1,0,0,0,0,0,0,285
2869,2,0,3,6,1,0,1,5,43,1,2,2,1,0,0,0,1,0,0,0,0,285
2869,3,1,1,6,0,0,0,0,0,0,0,0,0,0,0,0,0,0,0,0,0,285
2870,1,1,1,4,1,0,1,5,43,1,2,2,1,0,0,0,1,0,0,0,1,285
2870,2,0,3,4,1,0,1,5,43,1,2,2,1,0,1,0,1,0,1,0,1,285
2870,3,0,1,6,0,0,0,0,0,0,0,0,0,0,0,0,0,0,0,0,0,285
2871,1,0,3,1,1,0,1,5,43,1,2,2,1,1,0,0,0,0,0,0,1,285
2871,2,0,1,2,1,0,1,5,43,1,2,2,1,0,1,0,0,1,0,1,0,285
2871,3,1,1,6,0,0,0,0,0,0,0,0,0,0,0,0,0,0,0,0,0,285
2872,1,1,2,3,1,0,1,5,25,1,1,1,1,1,0,0,1,1,0,0,1,286
2872,2,0,1,4,1,0,1,5,25,1,1,1,1,1,0,1,0,0,1,1,0,286
2872,3,0,1,6,0,0,0,0,0,0,0,0,0,0,0,0,0,0,0,0,0,286
2873,1,1,3,6,1,0,1,5,25,1,1,1,1,0,1,1,0,1,0,1,0,286
2873,2,0,1,5,1,0,1,5,25,1,1,1,1,0,0,1,0,1,0,0,0,286
2873,3,0,1,6,0,0,0,0,0,0,0,0,0,0,0,0,0,0,0,0,0,286
2874,1,1,2,3,1,0,1,5,25,1,1,1,1,0,0,0,1,1,0,1,0,286
2874,2,0,2,3,1,0,1,5,25,1,1,1,1,0,0,0,1,0,0,0,1,286
2874,3,0,1,6,0,0,0,0,0,0,0,0,0,0,0,0,0,0,0,0,0,286
2875,1,0,1,2,1,0,1,5,25,1,1,1,1,0,0,1,0,0,1,1,0,286
2875,2,1,2,5,1,0,1,5,25,1,1,1,1,0,1,0,0,1,0,0,1,286
2875,3,0,1,6,0,0,0,0,0,0,0,0,0,0,0,0,0,0,0,0,0,286
2876,1,1,2,5,1,0,1,5,25,1,1,1,1,1,0,0,0,0,1,0,0,286
2876,2,0,2,6,1,0,1,5,25,1,1,1,1,1,0,0,0,0,0,1,0,286
2876,3,0,1,6,0,0,0,0,0,0,0,0,0,0,0,0,0,0,0,0,0,286
2877,1,0,1,2,1,0,1,5,25,1,1,1,1,0,1,1,0,0,1,0,0,286
2877,2,1,3,1,1,0,1,5,25,1,1,1,1,1,0,1,0,0,1,0,0,286
2877,3,0,1,6,0,0,0,0,0,0,0,0,0,0,0,0,0,0,0,0,0,286
2878,1,1,3,1,1,0,1,5,25,1,1,1,1,0,1,0,0,0,0,0,0,286
2878,2,0,3,6,1,0,1,5,25,1,1,1,1,0,0,0,1,0,0,0,0,286
2878,3,0,1,6,0,0,0,0,0,0,0,0,0,0,0,0,0,0,0,0,0,286
2879,1,0,1,4,1,0,1,5,25,1,1,1,1,0,0,0,1,0,0,0,1,286
2879,2,1,3,4,1,0,1,5,25,1,1,1,1,0,1,0,1,0,1,0,1,286
2879,3,0,1,6,0,0,0,0,0,0,0,0,0,0,0,0,0,0,0,0,0,286
2880,1,1,3,1,1,0,1,5,25,1,1,1,1,1,0,0,0,0,0,0,1,286
2880,2,0,1,2,1,0,1,5,25,1,1,1,1,0,1,0,0,1,0,1,0,286
2880,3,0,1,6,0,0,0,0,0,0,0,0,0,0,0,0,0,0,0,0,0,286
2881,1,1,2,3,1,0,1,5,27,0,2,1,1,1,0,0,1,1,0,0,1,287
2881,2,0,1,4,1,0,1,5,27,0,2,1,1,1,0,1,0,0,1,1,0,287
2881,3,0,1,6,0,0,0,0,0,0,0,0,0,0,0,0,0,0,0,0,0,287
2882,1,0,3,6,1,0,1,5,27,0,2,1,1,0,1,1,0,1,0,1,0,287
2882,2,0,1,5,1,0,1,5,27,0,2,1,1,0,0,1,0,1,0,0,0,287
2882,3,1,1,6,0,0,0,0,0,0,0,0,0,0,0,0,0,0,0,0,0,287
2883,1,1,2,3,1,0,1,5,27,0,2,1,1,0,0,0,1,1,0,1,0,287
2883,2,0,2,3,1,0,1,5,27,0,2,1,1,0,0,0,1,0,0,0,1,287
2883,3,0,1,6,0,0,0,0,0,0,0,0,0,0,0,0,0,0,0,0,0,287
2884,1,1,1,2,1,0,1,5,27,0,2,1,1,0,0,1,0,0,1,1,0,287
2884,2,0,2,5,1,0,1,5,27,0,2,1,1,0,1,0,0,1,0,0,1,287
2884,3,0,1,6,0,0,0,0,0,0,0,0,0,0,0,0,0,0,0,0,0,287
2885,1,1,2,5,1,0,1,5,27,0,2,1,1,1,0,0,0,0,1,0,0,287
2885,2,0,2,6,1,0,1,5,27,0,2,1,1,1,0,0,0,0,0,1,0,287
2885,3,0,1,6,0,0,0,0,0,0,0,0,0,0,0,0,0,0,0,0,0,287
2886,1,1,1,2,1,0,1,5,27,0,2,1,1,0,1,1,0,0,1,0,0,287
2886,2,0,3,1,1,0,1,5,27,0,2,1,1,1,0,1,0,0,1,0,0,287
2886,3,0,1,6,0,0,0,0,0,0,0,0,0,0,0,0,0,0,0,0,0,287
2887,1,1,3,1,1,0,1,5,27,0,2,1,1,0,1,0,0,0,0,0,0,287
2887,2,0,3,6,1,0,1,5,27,0,2,1,1,0,0,0,1,0,0,0,0,287
2887,3,0,1,6,0,0,0,0,0,0,0,0,0,0,0,0,0,0,0,0,0,287
2888,1,0,1,4,1,0,1,5,27,0,2,1,1,0,0,0,1,0,0,0,1,287
2888,2,1,3,4,1,0,1,5,27,0,2,1,1,0,1,0,1,0,1,0,1,287
2888,3,0,1,6,0,0,0,0,0,0,0,0,0,0,0,0,0,0,0,0,0,287
2889,1,1,3,1,1,0,1,5,27,0,2,1,1,1,0,0,0,0,0,0,1,287
2889,2,0,1,2,1,0,1,5,27,0,2,1,1,0,1,0,0,1,0,1,0,287
2889,3,0,1,6,0,0,0,0,0,0,0,0,0,0,0,0,0,0,0,0,0,287
2890,1,1,2,5,1,0,0,4,27,0,1,1,1,1,0,1,0,0,0,0,1,288
2890,2,0,2,1,1,0,0,4,27,0,1,1,1,0,0,0,1,1,0,0,0,288
2890,3,0,1,6,0,0,0,0,0,0,0,0,0,0,0,0,0,0,0,0,0,288
2891,1,0,2,5,1,0,0,4,27,0,1,1,1,0,0,0,0,0,0,1,0,288
2891,2,1,1,3,1,0,0,4,27,0,1,1,1,0,1,1,0,0,1,0,0,288
2891,3,0,1,6,0,0,0,0,0,0,0,0,0,0,0,0,0,0,0,0,0,288
2892,1,0,1,3,1,0,0,4,27,0,1,1,1,1,0,0,0,1,0,0,0,288
2892,2,1,2,5,1,0,0,4,27,0,1,1,1,0,1,0,1,0,1,0,0,288
2892,3,0,1,6,0,0,0,0,0,0,0,0,0,0,0,0,0,0,0,0,0,288
2893,1,0,1,4,1,0,0,4,27,0,1,1,1,0,0,0,0,1,0,1,0,288
2893,2,1,3,2,1,0,0,4,27,0,1,1,1,1,0,1,0,0,0,1,0,288
2893,3,0,1,6,0,0,0,0,0,0,0,0,0,0,0,0,0,0,0,0,0,288
2894,1,1,1,4,1,0,0,4,27,0,1,1,1,0,1,0,1,1,0,0,0,288
2894,2,0,2,1,1,0,0,4,27,0,1,1,1,0,0,0,0,1,0,1,0,288
2894,3,0,1,6,0,0,0,0,0,0,0,0,0,0,0,0,0,0,0,0,0,288
2895,1,1,3,2,1,0,0,4,27,0,1,1,1,0,0,0,1,0,1,0,1,288
2895,2,0,3,6,1,0,0,4,27,0,1,1,1,0,0,1,0,1,0,1,0,288
2895,3,0,1,6,0,0,0,0,0,0,0,0,0,0,0,0,0,0,0,0,0,288
2896,1,1,3,6,1,0,0,4,27,0,1,1,1,0,1,0,1,0,1,0,0,288
2896,2,0,1,3,1,0,0,4,27,0,1,1,1,0,1,0,0,0,1,0,1,288
2896,3,0,1,6,0,0,0,0,0,0,0,0,0,0,0,0,0,0,0,0,0,288
2897,1,0,3,6,1,0,0,4,27,0,1,1,1,1,0,1,0,0,1,0,1,288
2897,2,1,3,2,1,0,0,4,27,0,1,1,1,1,0,0,1,0,0,0,1,288
2897,3,0,1,6,0,0,0,0,0,0,0,0,0,0,0,0,0,0,0,0,0,288
2898,1,1,2,1,1,0,0,4,27,0,1,1,1,0,1,1,0,0,0,1,0,288
2898,2,0,1,4,1,0,0,4,27,0,1,1,1,1,0,0,0,0,0,0,1,288
2898,3,0,1,6,0,0,0,0,0,0,0,0,0,0,0,0,0,0,0,0,0,288
2899,1,1,2,3,1,0,0,5,25,0,1,1,1,1,0,0,1,1,0,0,1,289
2899,2,0,1,4,1,0,0,5,25,0,1,1,1,1,0,1,0,0,1,1,0,289
2899,3,0,1,6,0,0,0,0,0,0,0,0,0,0,0,0,0,0,0,0,0,289
2900,1,1,3,6,1,0,0,5,25,0,1,1,1,0,1,1,0,1,0,1,0,289
2900,2,0,1,5,1,0,0,5,25,0,1,1,1,0,0,1,0,1,0,0,0,289
2900,3,0,1,6,0,0,0,0,0,0,0,0,0,0,0,0,0,0,0,0,0,289
2901,1,1,2,3,1,0,0,5,25,0,1,1,1,0,0,0,1,1,0,1,0,289
2901,2,0,2,3,1,0,0,5,25,0,1,1,1,0,0,0,1,0,0,0,1,289
2901,3,0,1,6,0,0,0,0,0,0,0,0,0,0,0,0,0,0,0,0,0,289
2902,1,0,1,2,1,0,0,5,25,0,1,1,1,0,0,1,0,0,1,1,0,289
2902,2,1,2,5,1,0,0,5,25,0,1,1,1,0,1,0,0,1,0,0,1,289
2902,3,0,1,6,0,0,0,0,0,0,0,0,0,0,0,0,0,0,0,0,0,289
2903,1,1,2,5,1,0,0,5,25,0,1,1,1,1,0,0,0,0,1,0,0,289
2903,2,0,2,6,1,0,0,5,25,0,1,1,1,1,0,0,0,0,0,1,0,289
2903,3,0,1,6,0,0,0,0,0,0,0,0,0,0,0,0,0,0,0,0,0,289
2904,1,0,1,2,1,0,0,5,25,0,1,1,1,0,1,1,0,0,1,0,0,289
2904,2,1,3,1,1,0,0,5,25,0,1,1,1,1,0,1,0,0,1,0,0,289
2904,3,0,1,6,0,0,0,0,0,0,0,0,0,0,0,0,0,0,0,0,0,289
2905,1,1,3,1,1,0,0,5,25,0,1,1,1,0,1,0,0,0,0,0,0,289
2905,2,0,3,6,1,0,0,5,25,0,1,1,1,0,0,0,1,0,0,0,0,289
2905,3,0,1,6,0,0,0,0,0,0,0,0,0,0,0,0,0,0,0,0,0,289
2906,1,0,1,4,1,0,0,5,25,0,1,1,1,0,0,0,1,0,0,0,1,289
2906,2,1,3,4,1,0,0,5,25,0,1,1,1,0,1,0,1,0,1,0,1,289
2906,3,0,1,6,0,0,0,0,0,0,0,0,0,0,0,0,0,0,0,0,0,289
2907,1,1,3,1,1,0,0,5,25,0,1,1,1,1,0,0,0,0,0,0,1,289
2907,2,0,1,2,1,0,0,5,25,0,1,1,1,0,1,0,0,1,0,1,0,289
2907,3,0,1,6,0,0,0,0,0,0,0,0,0,0,0,0,0,0,0,0,0,289
2908,1,0,3,5,1,0,1,4,20,0,1,1,1,0,1,0,1,0,0,1,0,290
2908,2,1,2,5,1,0,1,4,20,0,1,1,1,1,0,0,1,0,1,1,0,290
2908,3,0,1,6,0,0,0,0,0,0,0,0,0,0,0,0,0,0,0,0,0,290
2909,1,0,1,3,1,0,1,4,20,0,1,1,1,0,1,1,0,0,0,0,1,290
2909,2,1,2,3,1,0,1,4,20,0,1,1,1,0,1,1,0,0,0,1,0,290
2909,3,0,1,6,0,0,0,0,0,0,0,0,0,0,0,0,0,0,0,0,0,290
2910,1,1,3,2,1,0,1,4,20,0,1,1,1,0,0,1,0,1,0,0,0,290
2910,2,0,1,4,1,0,1,4,20,0,1,1,1,0,1,0,1,0,0,1,0,290
2910,3,0,1,6,0,0,0,0,0,0,0,0,0,0,0,0,0,0,0,0,0,290
2911,1,1,2,4,1,0,1,4,20,0,1,1,1,1,0,1,0,1,0,0,0,290
2911,2,0,3,6,1,0,1,4,20,0,1,1,1,0,1,1,0,1,0,0,1,290
2911,3,0,1,6,0,0,0,0,0,0,0,0,0,0,0,0,0,0,0,0,0,290
2912,1,1,3,2,1,0,1,4,20,0,1,1,1,1,0,0,0,1,0,1,0,290
2912,2,0,3,1,1,0,1,4,20,0,1,1,1,0,0,0,0,0,1,0,1,290
2912,3,0,1,6,0,0,0,0,0,0,0,0,0,0,0,0,0,0,0,0,0,290
2913,1,1,2,1,1,0,1,4,20,0,1,1,1,0,1,0,0,0,1,0,1,290
2913,2,0,2,5,1,0,1,4,20,0,1,1,1,0,0,1,0,0,1,0,1,290
2913,3,0,1,6,0,0,0,0,0,0,0,0,0,0,0,0,0,0,0,0,0,290
2914,1,0,1,6,1,0,1,4,20,0,1,1,1,0,0,0,0,0,1,0,1,290
2914,2,1,1,4,1,0,1,4,20,0,1,1,1,0,0,0,0,0,0,0,0,290
2914,3,0,1,6,0,0,0,0,0,0,0,0,0,0,0,0,0,0,0,0,0,290
2915,1,1,2,1,1,0,1,4,20,0,1,1,1,0,0,0,1,0,1,0,0,290
2915,2,0,1,2,1,0,1,4,20,0,1,1,1,1,0,0,1,1,0,0,0,290
2915,3,0,1,6,0,0,0,0,0,0,0,0,0,0,0,0,0,0,0,0,0,290
2916,1,1,1,3,1,0,1,4,20,0,1,1,1,1,0,0,1,0,0,1,0,290
2916,2,0,3,6,1,0,1,4,20,0,1,1,1,1,0,0,0,1,0,0,0,290
2916,3,0,1,6,0,0,0,0,0,0,0,0,0,0,0,0,0,0,0,0,0,290
2917,1,0,2,3,1,0,0,5,20,1,1,1,1,1,0,0,1,1,0,0,1,291
2917,2,0,1,4,1,0,0,5,20,1,1,1,1,1,0,1,0,0,1,1,0,291
2917,3,1,1,6,0,0,0,0,0,0,0,0,0,0,0,0,0,0,0,0,0,291
2918,1,0,3,6,1,0,0,5,20,1,1,1,1,0,1,1,0,1,0,1,0,291
2918,2,0,1,5,1,0,0,5,20,1,1,1,1,0,0,1,0,1,0,0,0,291
2918,3,1,1,6,0,0,0,0,0,0,0,0,0,0,0,0,0,0,0,0,0,291
2919,1,0,2,3,1,0,0,5,20,1,1,1,1,0,0,0,1,1,0,1,0,291
2919,2,0,2,3,1,0,0,5,20,1,1,1,1,0,0,0,1,0,0,0,1,291
2919,3,1,1,6,0,0,0,0,0,0,0,0,0,0,0,0,0,0,0,0,0,291
2920,1,1,1,2,1,0,0,5,20,1,1,1,1,0,0,1,0,0,1,1,0,291
2920,2,0,2,5,1,0,0,5,20,1,1,1,1,0,1,0,0,1,0,0,1,291
2920,3,0,1,6,0,0,0,0,0,0,0,0,0,0,0,0,0,0,0,0,0,291
2921,1,0,2,5,1,0,0,5,20,1,1,1,1,1,0,0,0,0,1,0,0,291
2921,2,0,2,6,1,0,0,5,20,1,1,1,1,1,0,0,0,0,0,1,0,291
2921,3,1,1,6,0,0,0,0,0,0,0,0,0,0,0,0,0,0,0,0,0,291
2922,1,0,1,2,1,0,0,5,20,1,1,1,1,0,1,1,0,0,1,0,0,291
2922,2,1,3,1,1,0,0,5,20,1,1,1,1,1,0,1,0,0,1,0,0,291
2922,3,0,1,6,0,0,0,0,0,0,0,0,0,0,0,0,0,0,0,0,0,291
2923,1,0,3,1,1,0,0,5,20,1,1,1,1,0,1,0,0,0,0,0,0,291
2923,2,0,3,6,1,0,0,5,20,1,1,1,1,0,0,0,1,0,0,0,0,291
2923,3,1,1,6,0,0,0,0,0,0,0,0,0,0,0,0,0,0,0,0,0,291
2924,1,0,1,4,1,0,0,5,20,1,1,1,1,0,0,0,1,0,0,0,1,291
2924,2,1,3,4,1,0,0,5,20,1,1,1,1,0,1,0,1,0,1,0,1,291
2924,3,0,1,6,0,0,0,0,0,0,0,0,0,0,0,0,0,0,0,0,0,291
2925,1,0,3,1,1,0,0,5,20,1,1,1,1,1,0,0,0,0,0,0,1,291
2925,2,0,1,2,1,0,0,5,20,1,1,1,1,0,1,0,0,1,0,1,0,291
2925,3,1,1,6,0,0,0,0,0,0,0,0,0,0,0,0,0,0,0,0,0,291
2926,1,1,2,3,1,0,1,4,27,1,1,1,1,1,0,0,1,1,0,0,1,292
2926,2,0,1,4,1,0,1,4,27,1,1,1,1,1,0,1,0,0,1,1,0,292
2926,3,0,1,6,0,0,0,0,0,0,0,0,0,0,0,0,0,0,0,0,0,292
2927,1,1,3,6,1,0,1,4,27,1,1,1,1,0,1,1,0,1,0,1,0,292
2927,2,0,1,5,1,0,1,4,27,1,1,1,1,0,0,1,0,1,0,0,0,292
2927,3,0,1,6,0,0,0,0,0,0,0,0,0,0,0,0,0,0,0,0,0,292
2928,1,1,2,3,1,0,1,4,27,1,1,1,1,0,0,0,1,1,0,1,0,292
2928,2,0,2,3,1,0,1,4,27,1,1,1,1,0,0,0,1,0,0,0,1,292
2928,3,0,1,6,0,0,0,0,0,0,0,0,0,0,0,0,0,0,0,0,0,292
2929,1,0,1,2,1,0,1,4,27,1,1,1,1,0,0,1,0,0,1,1,0,292
2929,2,1,2,5,1,0,1,4,27,1,1,1,1,0,1,0,0,1,0,0,1,292
2929,3,0,1,6,0,0,0,0,0,0,0,0,0,0,0,0,0,0,0,0,0,292
2930,1,0,2,5,1,0,1,4,27,1,1,1,1,1,0,0,0,0,1,0,0,292
2930,2,1,2,6,1,0,1,4,27,1,1,1,1,1,0,0,0,0,0,1,0,292
2930,3,0,1,6,0,0,0,0,0,0,0,0,0,0,0,0,0,0,0,0,0,292
2931,1,0,1,2,1,0,1,4,27,1,1,1,1,0,1,1,0,0,1,0,0,292
2931,2,1,3,1,1,0,1,4,27,1,1,1,1,1,0,1,0,0,1,0,0,292
2931,3,0,1,6,0,0,0,0,0,0,0,0,0,0,0,0,0,0,0,0,0,292
2932,1,1,3,1,1,0,1,4,27,1,1,1,1,0,1,0,0,0,0,0,0,292
2932,2,0,3,6,1,0,1,4,27,1,1,1,1,0,0,0,1,0,0,0,0,292
2932,3,0,1,6,0,0,0,0,0,0,0,0,0,0,0,0,0,0,0,0,0,292
2933,1,0,1,4,1,0,1,4,27,1,1,1,1,0,0,0,1,0,0,0,1,292
2933,2,1,3,4,1,0,1,4,27,1,1,1,1,0,1,0,1,0,1,0,1,292
2933,3,0,1,6,0,0,0,0,0,0,0,0,0,0,0,0,0,0,0,0,0,292
2934,1,1,3,1,1,0,1,4,27,1,1,1,1,1,0,0,0,0,0,0,1,292
2934,2,0,1,2,1,0,1,4,27,1,1,1,1,0,1,0,0,1,0,1,0,292
2934,3,0,1,6,0,0,0,0,0,0,0,0,0,0,0,0,0,0,0,0,0,292
2935,1,1,3,5,1,0,1,5,31,0,1,1,1,0,1,0,1,0,0,1,0,293
2935,2,0,2,5,1,0,1,5,31,0,1,1,1,1,0,0,1,0,1,1,0,293
2935,3,0,1,6,0,0,0,0,0,0,0,0,0,0,0,0,0,0,0,0,0,293
2936,1,0,1,3,1,0,1,5,31,0,1,1,1,0,1,1,0,0,0,0,1,293
2936,2,1,2,3,1,0,1,5,31,0,1,1,1,0,1,1,0,0,0,1,0,293
2936,3,0,1,6,0,0,0,0,0,0,0,0,0,0,0,0,0,0,0,0,0,293
2937,1,0,3,2,1,0,1,5,31,0,1,1,1,0,0,1,0,1,0,0,0,293
2937,2,1,1,4,1,0,1,5,31,0,1,1,1,0,1,0,1,0,0,1,0,293
2937,3,0,1,6,0,0,0,0,0,0,0,0,0,0,0,0,0,0,0,0,0,293
2938,1,1,2,4,1,0,1,5,31,0,1,1,1,1,0,1,0,1,0,0,0,293
2938,2,0,3,6,1,0,1,5,31,0,1,1,1,0,1,1,0,1,0,0,1,293
2938,3,0,1,6,0,0,0,0,0,0,0,0,0,0,0,0,0,0,0,0,0,293
2939,1,0,3,2,1,0,1,5,31,0,1,1,1,1,0,0,0,1,0,1,0,293
2939,2,1,3,1,1,0,1,5,31,0,1,1,1,0,0,0,0,0,1,0,1,293
2939,3,0,1,6,0,0,0,0,0,0,0,0,0,0,0,0,0,0,0,0,0,293
2940,1,1,2,1,1,0,1,5,31,0,1,1,1,0,1,0,0,0,1,0,1,293
2940,2,0,2,5,1,0,1,5,31,0,1,1,1,0,0,1,0,0,1,0,1,293
2940,3,0,1,6,0,0,0,0,0,0,0,0,0,0,0,0,0,0,0,0,0,293
2941,1,0,1,6,1,0,1,5,31,0,1,1,1,0,0,0,0,0,1,0,1,293
2941,2,1,1,4,1,0,1,5,31,0,1,1,1,0,0,0,0,0,0,0,0,293
2941,3,0,1,6,0,0,0,0,0,0,0,0,0,0,0,0,0,0,0,0,0,293
2942,1,1,2,1,1,0,1,5,31,0,1,1,1,0,0,0,1,0,1,0,0,293
2942,2,0,1,2,1,0,1,5,31,0,1,1,1,1,0,0,1,1,0,0,0,293
2942,3,0,1,6,0,0,0,0,0,0,0,0,0,0,0,0,0,0,0,0,0,293
2943,1,1,1,3,1,0,1,5,31,0,1,1,1,1,0,0,1,0,0,1,0,293
2943,2,0,3,6,1,0,1,5,31,0,1,1,1,1,0,0,0,1,0,0,0,293
2943,3,0,1,6,0,0,0,0,0,0,0,0,0,0,0,0,0,0,0,0,0,293
2944,1,0,3,5,1,0,1,5,31,0,1,1,1,0,1,0,1,0,0,1,0,294
2944,2,1,2,5,1,0,1,5,31,0,1,1,1,1,0,0,1,0,1,1,0,294
2944,3,0,1,6,0,0,0,0,0,0,0,0,0,0,0,0,0,0,0,0,0,294
2945,1,0,1,3,1,0,1,5,31,0,1,1,1,0,1,1,0,0,0,0,1,294
2945,2,1,2,3,1,0,1,5,31,0,1,1,1,0,1,1,0,0,0,1,0,294
2945,3,0,1,6,0,0,0,0,0,0,0,0,0,0,0,0,0,0,0,0,0,294
2946,1,1,3,2,1,0,1,5,31,0,1,1,1,0,0,1,0,1,0,0,0,294
2946,2,0,1,4,1,0,1,5,31,0,1,1,1,0,1,0,1,0,0,1,0,294
2946,3,0,1,6,0,0,0,0,0,0,0,0,0,0,0,0,0,0,0,0,0,294
2947,1,1,2,4,1,0,1,5,31,0,1,1,1,1,0,1,0,1,0,0,0,294
2947,2,0,3,6,1,0,1,5,31,0,1,1,1,0,1,1,0,1,0,0,1,294
2947,3,0,1,6,0,0,0,0,0,0,0,0,0,0,0,0,0,0,0,0,0,294
2948,1,0,3,2,1,0,1,5,31,0,1,1,1,1,0,0,0,1,0,1,0,294
2948,2,1,3,1,1,0,1,5,31,0,1,1,1,0,0,0,0,0,1,0,1,294
2948,3,0,1,6,0,0,0,0,0,0,0,0,0,0,0,0,0,0,0,0,0,294
2949,1,1,2,1,1,0,1,5,31,0,1,1,1,0,1,0,0,0,1,0,1,294
2949,2,0,2,5,1,0,1,5,31,0,1,1,1,0,0,1,0,0,1,0,1,294
2949,3,0,1,6,0,0,0,0,0,0,0,0,0,0,0,0,0,0,0,0,0,294
2950,1,0,1,6,1,0,1,5,31,0,1,1,1,0,0,0,0,0,1,0,1,294
2950,2,1,1,4,1,0,1,5,31,0,1,1,1,0,0,0,0,0,0,0,0,294
2950,3,0,1,6,0,0,0,0,0,0,0,0,0,0,0,0,0,0,0,0,0,294
2951,1,1,2,1,1,0,1,5,31,0,1,1,1,0,0,0,1,0,1,0,0,294
2951,2,0,1,2,1,0,1,5,31,0,1,1,1,1,0,0,1,1,0,0,0,294
2951,3,0,1,6,0,0,0,0,0,0,0,0,0,0,0,0,0,0,0,0,0,294
2952,1,1,1,3,1,0,1,5,31,0,1,1,1,1,0,0,1,0,0,1,0,294
2952,2,0,3,6,1,0,1,5,31,0,1,1,1,1,0,0,0,1,0,0,0,294
2952,3,0,1,6,0,0,0,0,0,0,0,0,0,0,0,0,0,0,0,0,0,294
2953,1,1,1,5,1,0,0,4,23,0,1,1,1,1,0,0,1,0,0,0,0,295
2953,2,0,1,5,1,0,0,4,23,0,1,1,1,0,0,1,0,0,0,0,1,295
2953,3,0,1,6,0,0,0,0,0,0,0,0,0,0,0,0,0,0,0,0,0,295
2954,1,1,3,3,1,0,0,4,23,0,1,1,1,0,0,0,0,0,0,0,0,295
2954,2,0,2,1,1,0,0,4,23,0,1,1,1,1,0,1,0,1,0,0,1,295
2954,3,0,1,6,0,0,0,0,0,0,0,0,0,0,0,0,0,0,0,0,0,295
2955,1,1,1,5,1,0,0,4,23,0,1,1,1,0,1,0,0,1,0,0,1,295
2955,2,0,1,3,1,0,0,4,23,0,1,1,1,1,0,0,1,1,0,0,1,295
2955,3,0,1,6,0,0,0,0,0,0,0,0,0,0,0,0,0,0,0,0,0,295
2956,1,1,3,4,1,0,0,4,23,0,1,1,1,0,0,1,0,1,0,0,1,295
2956,2,0,2,6,1,0,0,4,23,0,1,1,1,1,0,0,0,0,1,0,0,295
2956,3,0,1,6,0,0,0,0,0,0,0,0,0,0,0,0,0,0,0,0,0,295
2957,1,0,2,2,1,0,0,4,23,0,1,1,1,0,1,0,1,1,0,0,1,295
2957,2,1,3,2,1,0,0,4,23,0,1,1,1,0,1,0,0,0,0,0,0,295
2957,3,0,1,6,0,0,0,0,0,0,0,0,0,0,0,0,0,0,0,0,0,295
2958,1,0,3,4,1,0,0,4,23,0,1,1,1,1,0,0,1,0,1,1,0,295
2958,2,1,2,1,1,0,0,4,23,0,1,1,1,0,1,1,0,0,0,0,0,295
2958,3,0,1,6,0,0,0,0,0,0,0,0,0,0,0,0,0,0,0,0,0,295
2959,1,0,2,6,1,0,0,4,23,0,1,1,1,0,1,0,0,0,1,1,0,295
2959,2,1,3,4,1,0,0,4,23,0,1,1,1,0,1,0,1,1,0,1,0,295
2959,3,0,1,6,0,0,0,0,0,0,0,0,0,0,0,0,0,0,0,0,0,295
2960,1,1,1,1,1,0,0,4,23,0,1,1,1,1,0,1,0,0,1,1,0,295
2960,2,0,1,3,1,0,0,4,23,0,1,1,1,0,0,0,1,0,1,1,0,295
2960,3,0,1,6,0,0,0,0,0,0,0,0,0,0,0,0,0,0,0,0,0,295
2961,1,0,2,6,1,0,0,4,23,0,1,1,1,0,0,1,0,0,0,0,0,295
2961,2,1,3,2,1,0,0,4,23,0,1,1,1,0,0,0,0,0,1,1,0,295
2961,3,0,1,6,0,0,0,0,0,0,0,0,0,0,0,0,0,0,0,0,0,295
2962,1,1,1,5,1,0,0,4,21,0,1,1,1,1,0,0,1,0,0,0,0,296
2962,2,0,1,5,1,0,0,4,21,0,1,1,1,0,0,1,0,0,0,0,1,296
2962,3,0,1,6,0,0,0,0,0,0,0,0,0,0,0,0,0,0,0,0,0,296
2963,1,1,3,3,1,0,0,4,21,0,1,1,1,0,0,0,0,0,0,0,0,296
2963,2,0,2,1,1,0,0,4,21,0,1,1,1,1,0,1,0,1,0,0,1,296
2963,3,0,1,6,0,0,0,0,0,0,0,0,0,0,0,0,0,0,0,0,0,296
2964,1,1,1,5,1,0,0,4,21,0,1,1,1,0,1,0,0,1,0,0,1,296
2964,2,0,1,3,1,0,0,4,21,0,1,1,1,1,0,0,1,1,0,0,1,296
2964,3,0,1,6,0,0,0,0,0,0,0,0,0,0,0,0,0,0,0,0,0,296
2965,1,0,3,4,1,0,0,4,21,0,1,1,1,0,0,1,0,1,0,0,1,296
2965,2,1,2,6,1,0,0,4,21,0,1,1,1,1,0,0,0,0,1,0,0,296
2965,3,0,1,6,0,0,0,0,0,0,0,0,0,0,0,0,0,0,0,0,0,296
2966,1,0,2,2,1,0,0,4,21,0,1,1,1,0,1,0,1,1,0,0,1,296
2966,2,1,3,2,1,0,0,4,21,0,1,1,1,0,1,0,0,0,0,0,0,296
2966,3,0,1,6,0,0,0,0,0,0,0,0,0,0,0,0,0,0,0,0,0,296
2967,1,1,3,4,1,0,0,4,21,0,1,1,1,1,0,0,1,0,1,1,0,296
2967,2,0,2,1,1,0,0,4,21,0,1,1,1,0,1,1,0,0,0,0,0,296
2967,3,0,1,6,0,0,0,0,0,0,0,0,0,0,0,0,0,0,0,0,0,296
2968,1,1,2,6,1,0,0,4,21,0,1,1,1,0,1,0,0,0,1,1,0,296
2968,2,0,3,4,1,0,0,4,21,0,1,1,1,0,1,0,1,1,0,1,0,296
2968,3,0,1,6,0,0,0,0,0,0,0,0,0,0,0,0,0,0,0,0,0,296
2969,1,1,1,1,1,0,0,4,21,0,1,1,1,1,0,1,0,0,1,1,0,296
2969,2,0,1,3,1,0,0,4,21,0,1,1,1,0,0,0,1,0,1,1,0,296
2969,3,0,1,6,0,0,0,0,0,0,0,0,0,0,0,0,0,0,0,0,0,296
2970,1,0,2,6,1,0,0,4,21,0,1,1,1,0,0,1,0,0,0,0,0,296
2970,2,1,3,2,1,0,0,4,21,0,1,1,1,0,0,0,0,0,1,1,0,296
2970,3,0,1,6,0,0,0,0,0,0,0,0,0,0,0,0,0,0,0,0,0,296
2980,1,1,2,3,1,0,1,2,47,0,3,1,1,1,0,0,1,1,0,0,1,297
2980,2,0,1,4,1,0,1,2,47,0,3,1,1,1,0,1,0,0,1,1,0,297
2980,3,0,1,6,0,0,0,0,0,0,0,0,0,0,0,0,0,0,0,0,0,297
2981,1,1,3,6,1,0,1,2,47,0,3,1,1,0,1,1,0,1,0,1,0,297
2981,2,0,1,5,1,0,1,2,47,0,3,1,1,0,0,1,0,1,0,0,0,297
2981,3,0,1,6,0,0,0,0,0,0,0,0,0,0,0,0,0,0,0,0,0,297
2982,1,1,2,3,1,0,1,2,47,0,3,1,1,0,0,0,1,1,0,1,0,297
2982,2,0,2,3,1,0,1,2,47,0,3,1,1,0,0,0,1,0,0,0,1,297
2982,3,0,1,6,0,0,0,0,0,0,0,0,0,0,0,0,0,0,0,0,0,297
2983,1,1,1,2,1,0,1,2,47,0,3,1,1,0,0,1,0,0,1,1,0,297
2983,2,0,2,5,1,0,1,2,47,0,3,1,1,0,1,0,0,1,0,0,1,297
2983,3,0,1,6,0,0,0,0,0,0,0,0,0,0,0,0,0,0,0,0,0,297
2984,1,1,2,5,1,0,1,2,47,0,3,1,1,1,0,0,0,0,1,0,0,297
2984,2,0,2,6,1,0,1,2,47,0,3,1,1,1,0,0,0,0,0,1,0,297
2984,3,0,1,6,0,0,0,0,0,0,0,0,0,0,0,0,0,0,0,0,0,297
2985,1,0,1,2,1,0,1,2,47,0,3,1,1,0,1,1,0,0,1,0,0,297
2985,2,1,3,1,1,0,1,2,47,0,3,1,1,1,0,1,0,0,1,0,0,297
2985,3,0,1,6,0,0,0,0,0,0,0,0,0,0,0,0,0,0,0,0,0,297
2986,1,1,3,1,1,0,1,2,47,0,3,1,1,0,1,0,0,0,0,0,0,297
2986,2,0,3,6,1,0,1,2,47,0,3,1,1,0,0,0,1,0,0,0,0,297
2986,3,0,1,6,0,0,0,0,0,0,0,0,0,0,0,0,0,0,0,0,0,297
2987,1,1,1,4,1,0,1,2,47,0,3,1,1,0,0,0,1,0,0,0,1,297
2987,2,0,3,4,1,0,1,2,47,0,3,1,1,0,1,0,1,0,1,0,1,297
2987,3,0,1,6,0,0,0,0,0,0,0,0,0,0,0,0,0,0,0,0,0,297
2988,1,1,3,1,1,0,1,2,47,0,3,1,1,1,0,0,0,0,0,0,1,297
2988,2,0,1,2,1,0,1,2,47,0,3,1,1,0,1,0,0,1,0,1,0,297
2988,3,0,1,6,0,0,0,0,0,0,0,0,0,0,0,0,0,0,0,0,0,297
2989,1,1,3,5,1,0,1,2,27,0,2,1,1,0,1,0,1,0,0,1,0,298
2989,2,0,2,5,1,0,1,2,27,0,2,1,1,1,0,0,1,0,1,1,0,298
2989,3,0,1,6,0,0,0,0,0,0,0,0,0,0,0,0,0,0,0,0,0,298
2990,1,0,1,3,1,0,1,2,27,0,2,1,1,0,1,1,0,0,0,0,1,298
2990,2,1,2,3,1,0,1,2,27,0,2,1,1,0,1,1,0,0,0,1,0,298
2990,3,0,1,6,0,0,0,0,0,0,0,0,0,0,0,0,0,0,0,0,0,298
2991,1,0,3,2,1,0,1,2,27,0,2,1,1,0,0,1,0,1,0,0,0,298
2991,2,1,1,4,1,0,1,2,27,0,2,1,1,0,1,0,1,0,0,1,0,298
2991,3,0,1,6,0,0,0,0,0,0,0,0,0,0,0,0,0,0,0,0,0,298
2992,1,1,2,4,1,0,1,2,27,0,2,1,1,1,0,1,0,1,0,0,0,298
2992,2,0,3,6,1,0,1,2,27,0,2,1,1,0,1,1,0,1,0,0,1,298
2992,3,0,1,6,0,0,0,0,0,0,0,0,0,0,0,0,0,0,0,0,0,298
2993,1,1,3,2,1,0,1,2,27,0,2,1,1,1,0,0,0,1,0,1,0,298
2993,2,0,3,1,1,0,1,2,27,0,2,1,1,0,0,0,0,0,1,0,1,298
2993,3,0,1,6,0,0,0,0,0,0,0,0,0,0,0,0,0,0,0,0,0,298
2994,1,1,2,1,1,0,1,2,27,0,2,1,1,0,1,0,0,0,1,0,1,298
2994,2,0,2,5,1,0,1,2,27,0,2,1,1,0,0,1,0,0,1,0,1,298
2994,3,0,1,6,0,0,0,0,0,0,0,0,0,0,0,0,0,0,0,0,0,298
2995,1,0,1,6,1,0,1,2,27,0,2,1,1,0,0,0,0,0,1,0,1,298
2995,2,1,1,4,1,0,1,2,27,0,2,1,1,0,0,0,0,0,0,0,0,298
2995,3,0,1,6,0,0,0,0,0,0,0,0,0,0,0,0,0,0,0,0,0,298
2996,1,0,2,1,1,0,1,2,27,0,2,1,1,0,0,0,1,0,1,0,0,298
2996,2,1,1,2,1,0,1,2,27,0,2,1,1,1,0,0,1,1,0,0,0,298
2996,3,0,1,6,0,0,0,0,0,0,0,0,0,0,0,0,0,0,0,0,0,298
2997,1,1,1,3,1,0,1,2,27,0,2,1,1,1,0,0,1,0,0,1,0,298
2997,2,0,3,6,1,0,1,2,27,0,2,1,1,1,0,0,0,1,0,0,0,298
2997,3,0,1,6,0,0,0,0,0,0,0,0,0,0,0,0,0,0,0,0,0,298
3007,1,1,2,5,1,0,0,5,25,0,2,1,1,1,0,1,0,0,0,0,1,299
3007,2,0,2,1,1,0,0,5,25,0,2,1,1,0,0,0,1,1,0,0,0,299
3007,3,0,1,6,0,0,0,0,0,0,0,0,0,0,0,0,0,0,0,0,0,299
3008,1,0,2,5,1,0,0,5,25,0,2,1,1,0,0,0,0,0,0,1,0,299
3008,2,1,1,3,1,0,0,5,25,0,2,1,1,0,1,1,0,0,1,0,0,299
3008,3,0,1,6,0,0,0,0,0,0,0,0,0,0,0,0,0,0,0,0,0,299
3009,1,0,1,3,1,0,0,5,25,0,2,1,1,1,0,0,0,1,0,0,0,299
3009,2,1,2,5,1,0,0,5,25,0,2,1,1,0,1,0,1,0,1,0,0,299
3009,3,0,1,6,0,0,0,0,0,0,0,0,0,0,0,0,0,0,0,0,0,299
3010,1,0,1,4,1,0,0,5,25,0,2,1,1,0,0,0,0,1,0,1,0,299
3010,2,0,3,2,1,0,0,5,25,0,2,1,1,1,0,1,0,0,0,1,0,299
3010,3,1,1,6,0,0,0,0,0,0,0,0,0,0,0,0,0,0,0,0,0,299
3011,1,1,1,4,1,0,0,5,25,0,2,1,1,0,1,0,1,1,0,0,0,299
3011,2,0,2,1,1,0,0,5,25,0,2,1,1,0,0,0,0,1,0,1,0,299
3011,3,0,1,6,0,0,0,0,0,0,0,0,0,0,0,0,0,0,0,0,0,299
3012,1,0,3,2,1,0,0,5,25,0,2,1,1,0,0,0,1,0,1,0,1,299
3012,2,1,3,6,1,0,0,5,25,0,2,1,1,0,0,1,0,1,0,1,0,299
3012,3,0,1,6,0,0,0,0,0,0,0,0,0,0,0,0,0,0,0,0,0,299
3013,1,1,3,6,1,0,0,5,25,0,2,1,1,0,1,0,1,0,1,0,0,299
3013,2,0,1,3,1,0,0,5,25,0,2,1,1,0,1,0,0,0,1,0,1,299
3013,3,0,1,6,0,0,0,0,0,0,0,0,0,0,0,0,0,0,0,0,0,299
3014,1,1,3,6,1,0,0,5,25,0,2,1,1,1,0,1,0,0,1,0,1,299
3014,2,0,3,2,1,0,0,5,25,0,2,1,1,1,0,0,1,0,0,0,1,299
3014,3,0,1,6,0,0,0,0,0,0,0,0,0,0,0,0,0,0,0,0,0,299
3015,1,1,2,1,1,0,0,5,25,0,2,1,1,0,1,1,0,0,0,1,0,299
3015,2,0,1,4,1,0,0,5,25,0,2,1,1,1,0,0,0,0,0,0,1,299
3015,3,0,1,6,0,0,0,0,0,0,0,0,0,0,0,0,0,0,0,0,0,299
3016,1,1,2,5,1,0,1,4,29,0,2,1,1,1,0,1,0,0,0,0,1,300
3016,2,0,2,1,1,0,1,4,29,0,2,1,1,0,0,0,1,1,0,0,0,300
3016,3,0,1,6,0,0,0,0,0,0,0,0,0,0,0,0,0,0,0,0,0,300
3017,1,1,2,5,1,0,1,4,29,0,2,1,1,0,0,0,0,0,0,1,0,300
3017,2,0,1,3,1,0,1,4,29,0,2,1,1,0,1,1,0,0,1,0,0,300
3017,3,0,1,6,0,0,0,0,0,0,0,0,0,0,0,0,0,0,0,0,0,300
3018,1,1,1,3,1,0,1,4,29,0,2,1,1,1,0,0,0,1,0,0,0,300
3018,2,0,2,5,1,0,1,4,29,0,2,1,1,0,1,0,1,0,1,0,0,300
3018,3,0,1,6,0,0,0,0,0,0,0,0,0,0,0,0,0,0,0,0,0,300
3019,1,0,1,4,1,0,1,4,29,0,2,1,1,0,0,0,0,1,0,1,0,300
3019,2,1,3,2,1,0,1,4,29,0,2,1,1,1,0,1,0,0,0,1,0,300
3019,3,0,1,6,0,0,0,0,0,0,0,0,0,0,0,0,0,0,0,0,0,300
3020,1,0,1,4,1,0,1,4,29,0,2,1,1,0,1,0,1,1,0,0,0,300
3020,2,0,2,1,1,0,1,4,29,0,2,1,1,0,0,0,0,1,0,1,0,300
3020,3,1,1,6,0,0,0,0,0,0,0,0,0,0,0,0,0,0,0,0,0,300
3021,1,0,3,2,1,0,1,4,29,0,2,1,1,0,0,0,1,0,1,0,1,300
3021,2,1,3,6,1,0,1,4,29,0,2,1,1,0,0,1,0,1,0,1,0,300
3021,3,0,1,6,0,0,0,0,0,0,0,0,0,0,0,0,0,0,0,0,0,300
3022,1,0,3,6,1,0,1,4,29,0,2,1,1,0,1,0,1,0,1,0,0,300
3022,2,0,1,3,1,0,1,4,29,0,2,1,1,0,1,0,0,0,1,0,1,300
3022,3,1,1,6,0,0,0,0,0,0,0,0,0,0,0,0,0,0,0,0,0,300
3023,1,0,3,6,1,0,1,4,29,0,2,1,1,1,0,1,0,0,1,0,1,300
3023,2,1,3,2,1,0,1,4,29,0,2,1,1,1,0,0,1,0,0,0,1,300
3023,3,0,1,6,0,0,0,0,0,0,0,0,0,0,0,0,0,0,0,0,0,300
3024,1,0,2,1,1,0,1,4,29,0,2,1,1,0,1,1,0,0,0,1,0,300
3024,2,1,1,4,1,0,1,4,29,0,2,1,1,1,0,0,0,0,0,0,1,300
3024,3,0,1,6,0,0,0,0,0,0,0,0,0,0,0,0,0,0,0,0,0,300
3025,1,1,3,5,1,0,1,3,33,0,1,1,1,0,1,0,1,0,0,1,0,301
3025,2,0,2,5,1,0,1,3,33,0,1,1,1,1,0,0,1,0,1,1,0,301
3025,3,0,1,6,0,0,0,0,0,0,0,0,0,0,0,0,0,0,0,0,0,301
3026,1,0,1,3,1,0,1,3,33,0,1,1,1,0,1,1,0,0,0,0,1,301
3026,2,1,2,3,1,0,1,3,33,0,1,1,1,0,1,1,0,0,0,1,0,301
3026,3,0,1,6,0,0,0,0,0,0,0,0,0,0,0,0,0,0,0,0,0,301
3027,1,1,3,2,1,0,1,3,33,0,1,1,1,0,0,1,0,1,0,0,0,301
3027,2,0,1,4,1,0,1,3,33,0,1,1,1,0,1,0,1,0,0,1,0,301
3027,3,0,1,6,0,0,0,0,0,0,0,0,0,0,0,0,0,0,0,0,0,301
3028,1,1,2,4,1,0,1,3,33,0,1,1,1,1,0,1,0,1,0,0,0,301
3028,2,0,3,6,1,0,1,3,33,0,1,1,1,0,1,1,0,1,0,0,1,301
3028,3,0,1,6,0,0,0,0,0,0,0,0,0,0,0,0,0,0,0,0,0,301
3029,1,1,3,2,1,0,1,3,33,0,1,1,1,1,0,0,0,1,0,1,0,301
3029,2,0,3,1,1,0,1,3,33,0,1,1,1,0,0,0,0,0,1,0,1,301
3029,3,0,1,6,0,0,0,0,0,0,0,0,0,0,0,0,0,0,0,0,0,301
3030,1,1,2,1,1,0,1,3,33,0,1,1,1,0,1,0,0,0,1,0,1,301
3030,2,0,2,5,1,0,1,3,33,0,1,1,1,0,0,1,0,0,1,0,1,301
3030,3,0,1,6,0,0,0,0,0,0,0,0,0,0,0,0,0,0,0,0,0,301
3031,1,0,1,6,1,0,1,3,33,0,1,1,1,0,0,0,0,0,1,0,1,301
3031,2,1,1,4,1,0,1,3,33,0,1,1,1,0,0,0,0,0,0,0,0,301
3031,3,0,1,6,0,0,0,0,0,0,0,0,0,0,0,0,0,0,0,0,0,301
3032,1,1,2,1,1,0,1,3,33,0,1,1,1,0,0,0,1,0,1,0,0,301
3032,2,0,1,2,1,0,1,3,33,0,1,1,1,1,0,0,1,1,0,0,0,301
3032,3,0,1,6,0,0,0,0,0,0,0,0,0,0,0,0,0,0,0,0,0,301
3033,1,1,1,3,1,0,1,3,33,0,1,1,1,1,0,0,1,0,0,1,0,301
3033,2,0,3,6,1,0,1,3,33,0,1,1,1,1,0,0,0,1,0,0,0,301
3033,3,0,1,6,0,0,0,0,0,0,0,0,0,0,0,0,0,0,0,0,0,301
3034,1,0,3,5,1,0,1,5,25,1,1,1,1,0,1,0,1,0,0,1,0,302
3034,2,1,2,5,1,0,1,5,25,1,1,1,1,1,0,0,1,0,1,1,0,302
3034,3,0,1,6,0,0,0,0,0,0,0,0,0,0,0,0,0,0,0,0,0,302
3035,1,0,1,3,1,0,1,5,25,1,1,1,1,0,1,1,0,0,0,0,1,302
3035,2,1,2,3,1,0,1,5,25,1,1,1,1,0,1,1,0,0,0,1,0,302
3035,3,0,1,6,0,0,0,0,0,0,0,0,0,0,0,0,0,0,0,0,0,302
3036,1,1,3,2,1,0,1,5,25,1,1,1,1,0,0,1,0,1,0,0,0,302
3036,2,0,1,4,1,0,1,5,25,1,1,1,1,0,1,0,1,0,0,1,0,302
3036,3,0,1,6,0,0,0,0,0,0,0,0,0,0,0,0,0,0,0,0,0,302
3037,1,1,2,4,1,0,1,5,25,1,1,1,1,1,0,1,0,1,0,0,0,302
3037,2,0,3,6,1,0,1,5,25,1,1,1,1,0,1,1,0,1,0,0,1,302
3037,3,0,1,6,0,0,0,0,0,0,0,0,0,0,0,0,0,0,0,0,0,302
3038,1,0,3,2,1,0,1,5,25,1,1,1,1,1,0,0,0,1,0,1,0,302
3038,2,1,3,1,1,0,1,5,25,1,1,1,1,0,0,0,0,0,1,0,1,302
3038,3,0,1,6,0,0,0,0,0,0,0,0,0,0,0,0,0,0,0,0,0,302
3039,1,1,2,1,1,0,1,5,25,1,1,1,1,0,1,0,0,0,1,0,1,302
3039,2,0,2,5,1,0,1,5,25,1,1,1,1,0,0,1,0,0,1,0,1,302
3039,3,0,1,6,0,0,0,0,0,0,0,0,0,0,0,0,0,0,0,0,0,302
3040,1,0,1,6,1,0,1,5,25,1,1,1,1,0,0,0,0,0,1,0,1,302
3040,2,1,1,4,1,0,1,5,25,1,1,1,1,0,0,0,0,0,0,0,0,302
3040,3,0,1,6,0,0,0,0,0,0,0,0,0,0,0,0,0,0,0,0,0,302
3041,1,1,2,1,1,0,1,5,25,1,1,1,1,0,0,0,1,0,1,0,0,302
3041,2,0,1,2,1,0,1,5,25,1,1,1,1,1,0,0,1,1,0,0,0,302
3041,3,0,1,6,0,0,0,0,0,0,0,0,0,0,0,0,0,0,0,0,0,302
3042,1,1,1,3,1,0,1,5,25,1,1,1,1,1,0,0,1,0,0,1,0,302
3042,2,0,3,6,1,0,1,5,25,1,1,1,1,1,0,0,0,1,0,0,0,302
3042,3,0,1,6,0,0,0,0,0,0,0,0,0,0,0,0,0,0,0,0,0,302
3043,1,1,2,3,1,0,0,5,22,0,1,1,1,1,0,0,1,1,0,0,1,303
3043,2,0,1,4,1,0,0,5,22,0,1,1,1,1,0,1,0,0,1,1,0,303
3043,3,0,1,6,0,0,0,0,0,0,0,0,0,0,0,0,0,0,0,0,0,303
3044,1,0,3,6,1,0,0,5,22,0,1,1,1,0,1,1,0,1,0,1,0,303
3044,2,1,1,5,1,0,0,5,22,0,1,1,1,0,0,1,0,1,0,0,0,303
3044,3,0,1,6,0,0,0,0,0,0,0,0,0,0,0,0,0,0,0,0,0,303
3045,1,1,2,3,1,0,0,5,22,0,1,1,1,0,0,0,1,1,0,1,0,303
3045,2,0,2,3,1,0,0,5,22,0,1,1,1,0,0,0,1,0,0,0,1,303
3045,3,0,1,6,0,0,0,0,0,0,0,0,0,0,0,0,0,0,0,0,0,303
3046,1,0,1,2,1,0,0,5,22,0,1,1,1,0,0,1,0,0,1,1,0,303
3046,2,1,2,5,1,0,0,5,22,0,1,1,1,0,1,0,0,1,0,0,1,303
3046,3,0,1,6,0,0,0,0,0,0,0,0,0,0,0,0,0,0,0,0,0,303
3047,1,1,2,5,1,0,0,5,22,0,1,1,1,1,0,0,0,0,1,0,0,303
3047,2,0,2,6,1,0,0,5,22,0,1,1,1,1,0,0,0,0,0,1,0,303
3047,3,0,1,6,0,0,0,0,0,0,0,0,0,0,0,0,0,0,0,0,0,303
3048,1,1,1,2,1,0,0,5,22,0,1,1,1,0,1,1,0,0,1,0,0,303
3048,2,0,3,1,1,0,0,5,22,0,1,1,1,1,0,1,0,0,1,0,0,303
3048,3,0,1,6,0,0,0,0,0,0,0,0,0,0,0,0,0,0,0,0,0,303
3049,1,1,3,1,1,0,0,5,22,0,1,1,1,0,1,0,0,0,0,0,0,303
3049,2,0,3,6,1,0,0,5,22,0,1,1,1,0,0,0,1,0,0,0,0,303
3049,3,0,1,6,0,0,0,0,0,0,0,0,0,0,0,0,0,0,0,0,0,303
3050,1,0,1,4,1,0,0,5,22,0,1,1,1,0,0,0,1,0,0,0,1,303
3050,2,1,3,4,1,0,0,5,22,0,1,1,1,0,1,0,1,0,1,0,1,303
3050,3,0,1,6,0,0,0,0,0,0,0,0,0,0,0,0,0,0,0,0,0,303
3051,1,0,3,1,1,0,0,5,22,0,1,1,1,1,0,0,0,0,0,0,1,303
3051,2,1,1,2,1,0,0,5,22,0,1,1,1,0,1,0,0,1,0,1,0,303
3051,3,0,1,6,0,0,0,0,0,0,0,0,0,0,0,0,0,0,0,0,0,303
3070,1,0,2,3,1,0,1,4,26,0,1,1,1,1,0,0,1,1,0,0,1,304
3070,2,1,1,4,1,0,1,4,26,0,1,1,1,1,0,1,0,0,1,1,0,304
3070,3,0,1,6,0,0,0,0,0,0,0,0,0,0,0,0,0,0,0,0,0,304
3071,1,0,3,6,1,0,1,4,26,0,1,1,1,0,1,1,0,1,0,1,0,304
3071,2,1,1,5,1,0,1,4,26,0,1,1,1,0,0,1,0,1,0,0,0,304
3071,3,0,1,6,0,0,0,0,0,0,0,0,0,0,0,0,0,0,0,0,0,304
3072,1,1,2,3,1,0,1,4,26,0,1,1,1,0,0,0,1,1,0,1,0,304
3072,2,0,2,3,1,0,1,4,26,0,1,1,1,0,0,0,1,0,0,0,1,304
3072,3,0,1,6,0,0,0,0,0,0,0,0,0,0,0,0,0,0,0,0,0,304
3073,1,0,1,2,1,0,1,4,26,0,1,1,1,0,0,1,0,0,1,1,0,304
3073,2,1,2,5,1,0,1,4,26,0,1,1,1,0,1,0,0,1,0,0,1,304
3073,3,0,1,6,0,0,0,0,0,0,0,0,0,0,0,0,0,0,0,0,0,304
3074,1,0,2,5,1,0,1,4,26,0,1,1,1,1,0,0,0,0,1,0,0,304
3074,2,1,2,6,1,0,1,4,26,0,1,1,1,1,0,0,0,0,0,1,0,304
3074,3,0,1,6,0,0,0,0,0,0,0,0,0,0,0,0,0,0,0,0,0,304
3075,1,0,1,2,1,0,1,4,26,0,1,1,1,0,1,1,0,0,1,0,0,304
3075,2,1,3,1,1,0,1,4,26,0,1,1,1,1,0,1,0,0,1,0,0,304
3075,3,0,1,6,0,0,0,0,0,0,0,0,0,0,0,0,0,0,0,0,0,304
3076,1,1,3,1,1,0,1,4,26,0,1,1,1,0,1,0,0,0,0,0,0,304
3076,2,0,3,6,1,0,1,4,26,0,1,1,1,0,0,0,1,0,0,0,0,304
3076,3,0,1,6,0,0,0,0,0,0,0,0,0,0,0,0,0,0,0,0,0,304
3077,1,0,1,4,1,0,1,4,26,0,1,1,1,0,0,0,1,0,0,0,1,304
3077,2,1,3,4,1,0,1,4,26,0,1,1,1,0,1,0,1,0,1,0,1,304
3077,3,0,1,6,0,0,0,0,0,0,0,0,0,0,0,0,0,0,0,0,0,304
3078,1,0,3,1,1,0,1,4,26,0,1,1,1,1,0,0,0,0,0,0,1,304
3078,2,1,1,2,1,0,1,4,26,0,1,1,1,0,1,0,0,1,0,1,0,304
3078,3,0,1,6,0,0,0,0,0,0,0,0,0,0,0,0,0,0,0,0,0,304
3079,1,0,3,5,1,0,0,5,27,0,2,1,0,0,1,0,1,0,0,1,0,305
3079,2,1,2,5,1,0,0,5,27,0,2,1,0,1,0,0,1,0,1,1,0,305
3079,3,0,1,6,0,0,0,0,0,0,0,0,0,0,0,0,0,0,0,0,0,305
3080,1,0,1,3,1,0,0,5,27,0,2,1,0,0,1,1,0,0,0,0,1,305
3080,2,1,2,3,1,0,0,5,27,0,2,1,0,0,1,1,0,0,0,1,0,305
3080,3,0,1,6,0,0,0,0,0,0,0,0,0,0,0,0,0,0,0,0,0,305
3081,1,1,3,2,1,0,0,5,27,0,2,1,0,0,0,1,0,1,0,0,0,305
3081,2,0,1,4,1,0,0,5,27,0,2,1,0,0,1,0,1,0,0,1,0,305
3081,3,0,1,6,0,0,0,0,0,0,0,0,0,0,0,0,0,0,0,0,0,305
3082,1,1,2,4,1,0,0,5,27,0,2,1,0,1,0,1,0,1,0,0,0,305
3082,2,0,3,6,1,0,0,5,27,0,2,1,0,0,1,1,0,1,0,0,1,305
3082,3,0,1,6,0,0,0,0,0,0,0,0,0,0,0,0,0,0,0,0,0,305
3083,1,0,3,2,1,0,0,5,27,0,2,1,0,1,0,0,0,1,0,1,0,305
3083,2,1,3,1,1,0,0,5,27,0,2,1,0,0,0,0,0,0,1,0,1,305
3083,3,0,1,6,0,0,0,0,0,0,0,0,0,0,0,0,0,0,0,0,0,305
3084,1,1,2,1,1,0,0,5,27,0,2,1,0,0,1,0,0,0,1,0,1,305
3084,2,0,2,5,1,0,0,5,27,0,2,1,0,0,0,1,0,0,1,0,1,305
3084,3,0,1,6,0,0,0,0,0,0,0,0,0,0,0,0,0,0,0,0,0,305
3085,1,0,1,6,1,0,0,5,27,0,2,1,0,0,0,0,0,0,1,0,1,305
3085,2,1,1,4,1,0,0,5,27,0,2,1,0,0,0,0,0,0,0,0,0,305
3085,3,0,1,6,0,0,0,0,0,0,0,0,0,0,0,0,0,0,0,0,0,305
3086,1,1,2,1,1,0,0,5,27,0,2,1,0,0,0,0,1,0,1,0,0,305
3086,2,0,1,2,1,0,0,5,27,0,2,1,0,1,0,0,1,1,0,0,0,305
3086,3,0,1,6,0,0,0,0,0,0,0,0,0,0,0,0,0,0,0,0,0,305
3087,1,0,1,3,1,0,0,5,27,0,2,1,0,1,0,0,1,0,0,1,0,305
3087,2,1,3,6,1,0,0,5,27,0,2,1,0,1,0,0,0,1,0,0,0,305
3087,3,0,1,6,0,0,0,0,0,0,0,0,0,0,0,0,0,0,0,0,0,305
3088,1,1,2,5,1,0,1,5,23,0,2,2,1,1,0,1,0,0,0,0,1,306
3088,2,0,2,1,1,0,1,5,23,0,2,2,1,0,0,0,1,1,0,0,0,306
3088,3,0,1,6,0,0,0,0,0,0,0,0,0,0,0,0,0,0,0,0,0,306
3089,1,0,2,5,1,0,1,5,23,0,2,2,1,0,0,0,0,0,0,1,0,306
3089,2,1,1,3,1,0,1,5,23,0,2,2,1,0,1,1,0,0,1,0,0,306
3089,3,0,1,6,0,0,0,0,0,0,0,0,0,0,0,0,0,0,0,0,0,306
3090,1,0,1,3,1,0,1,5,23,0,2,2,1,1,0,0,0,1,0,0,0,306
3090,2,1,2,5,1,0,1,5,23,0,2,2,1,0,1,0,1,0,1,0,0,306
3090,3,0,1,6,0,0,0,0,0,0,0,0,0,0,0,0,0,0,0,0,0,306
3091,1,0,1,4,1,0,1,5,23,0,2,2,1,0,0,0,0,1,0,1,0,306
3091,2,1,3,2,1,0,1,5,23,0,2,2,1,1,0,1,0,0,0,1,0,306
3091,3,0,1,6,0,0,0,0,0,0,0,0,0,0,0,0,0,0,0,0,0,306
3092,1,1,1,4,1,0,1,5,23,0,2,2,1,0,1,0,1,1,0,0,0,306
3092,2,0,2,1,1,0,1,5,23,0,2,2,1,0,0,0,0,1,0,1,0,306
3092,3,0,1,6,0,0,0,0,0,0,0,0,0,0,0,0,0,0,0,0,0,306
3093,1,1,3,2,1,0,1,5,23,0,2,2,1,0,0,0,1,0,1,0,1,306
3093,2,0,3,6,1,0,1,5,23,0,2,2,1,0,0,1,0,1,0,1,0,306
3093,3,0,1,6,0,0,0,0,0,0,0,0,0,0,0,0,0,0,0,0,0,306
3094,1,0,3,6,1,0,1,5,23,0,2,2,1,0,1,0,1,0,1,0,0,306
3094,2,1,1,3,1,0,1,5,23,0,2,2,1,0,1,0,0,0,1,0,1,306
3094,3,0,1,6,0,0,0,0,0,0,0,0,0,0,0,0,0,0,0,0,0,306
3095,1,0,3,6,1,0,1,5,23,0,2,2,1,1,0,1,0,0,1,0,1,306
3095,2,1,3,2,1,0,1,5,23,0,2,2,1,1,0,0,1,0,0,0,1,306
3095,3,0,1,6,0,0,0,0,0,0,0,0,0,0,0,0,0,0,0,0,0,306
3096,1,1,2,1,1,0,1,5,23,0,2,2,1,0,1,1,0,0,0,1,0,306
3096,2,0,1,4,1,0,1,5,23,0,2,2,1,1,0,0,0,0,0,0,1,306
3096,3,0,1,6,0,0,0,0,0,0,0,0,0,0,0,0,0,0,0,0,0,306
3097,1,1,2,3,1,0,0,5,22,1,1,1,1,1,0,0,1,1,0,0,1,307
3097,2,0,1,4,1,0,0,5,22,1,1,1,1,1,0,1,0,0,1,1,0,307
3097,3,0,1,6,0,0,0,0,0,0,0,0,0,0,0,0,0,0,0,0,0,307
3098,1,1,3,6,1,0,0,5,22,1,1,1,1,0,1,1,0,1,0,1,0,307
3098,2,0,1,5,1,0,0,5,22,1,1,1,1,0,0,1,0,1,0,0,0,307
3098,3,0,1,6,0,0,0,0,0,0,0,0,0,0,0,0,0,0,0,0,0,307
3099,1,1,2,3,1,0,0,5,22,1,1,1,1,0,0,0,1,1,0,1,0,307
3099,2,0,2,3,1,0,0,5,22,1,1,1,1,0,0,0,1,0,0,0,1,307
3099,3,0,1,6,0,0,0,0,0,0,0,0,0,0,0,0,0,0,0,0,0,307
3100,1,0,1,2,1,0,0,5,22,1,1,1,1,0,0,1,0,0,1,1,0,307
3100,2,1,2,5,1,0,0,5,22,1,1,1,1,0,1,0,0,1,0,0,1,307
3100,3,0,1,6,0,0,0,0,0,0,0,0,0,0,0,0,0,0,0,0,0,307
3101,1,1,2,5,1,0,0,5,22,1,1,1,1,1,0,0,0,0,1,0,0,307
3101,2,0,2,6,1,0,0,5,22,1,1,1,1,1,0,0,0,0,0,1,0,307
3101,3,0,1,6,0,0,0,0,0,0,0,0,0,0,0,0,0,0,0,0,0,307
3102,1,1,1,2,1,0,0,5,22,1,1,1,1,0,1,1,0,0,1,0,0,307
3102,2,0,3,1,1,0,0,5,22,1,1,1,1,1,0,1,0,0,1,0,0,307
3102,3,0,1,6,0,0,0,0,0,0,0,0,0,0,0,0,0,0,0,0,0,307
3103,1,1,3,1,1,0,0,5,22,1,1,1,1,0,1,0,0,0,0,0,0,307
3103,2,0,3,6,1,0,0,5,22,1,1,1,1,0,0,0,1,0,0,0,0,307
3103,3,0,1,6,0,0,0,0,0,0,0,0,0,0,0,0,0,0,0,0,0,307
3104,1,0,1,4,1,0,0,5,22,1,1,1,1,0,0,0,1,0,0,0,1,307
3104,2,1,3,4,1,0,0,5,22,1,1,1,1,0,1,0,1,0,1,0,1,307
3104,3,0,1,6,0,0,0,0,0,0,0,0,0,0,0,0,0,0,0,0,0,307
3105,1,0,3,1,1,0,0,5,22,1,1,1,1,1,0,0,0,0,0,0,1,307
3105,2,1,1,2,1,0,0,5,22,1,1,1,1,0,1,0,0,1,0,1,0,307
3105,3,0,1,6,0,0,0,0,0,0,0,0,0,0,0,0,0,0,0,0,0,307
3106,1,1,1,5,1,0,0,5,21,0,1,1,1,1,0,0,1,0,0,0,0,308
3106,2,0,1,5,1,0,0,5,21,0,1,1,1,0,0,1,0,0,0,0,1,308
3106,3,0,1,6,0,0,0,0,0,0,0,0,0,0,0,0,0,0,0,0,0,308
3107,1,0,3,3,1,0,0,5,21,0,1,1,1,0,0,0,0,0,0,0,0,308
3107,2,0,2,1,1,0,0,5,21,0,1,1,1,1,0,1,0,1,0,0,1,308
3107,3,1,1,6,0,0,0,0,0,0,0,0,0,0,0,0,0,0,0,0,0,308
3108,1,1,1,5,1,0,0,5,21,0,1,1,1,0,1,0,0,1,0,0,1,308
3108,2,0,1,3,1,0,0,5,21,0,1,1,1,1,0,0,1,1,0,0,1,308
3108,3,0,1,6,0,0,0,0,0,0,0,0,0,0,0,0,0,0,0,0,0,308
3109,1,0,3,4,1,0,0,5,21,0,1,1,1,0,0,1,0,1,0,0,1,308
3109,2,1,2,6,1,0,0,5,21,0,1,1,1,1,0,0,0,0,1,0,0,308
3109,3,0,1,6,0,0,0,0,0,0,0,0,0,0,0,0,0,0,0,0,0,308
3110,1,0,2,2,1,0,0,5,21,0,1,1,1,0,1,0,1,1,0,0,1,308
3110,2,0,3,2,1,0,0,5,21,0,1,1,1,0,1,0,0,0,0,0,0,308
3110,3,1,1,6,0,0,0,0,0,0,0,0,0,0,0,0,0,0,0,0,0,308
3111,1,1,3,4,1,0,0,5,21,0,1,1,1,1,0,0,1,0,1,1,0,308
3111,2,0,2,1,1,0,0,5,21,0,1,1,1,0,1,1,0,0,0,0,0,308
3111,3,0,1,6,0,0,0,0,0,0,0,0,0,0,0,0,0,0,0,0,0,308
3112,1,0,2,6,1,0,0,5,21,0,1,1,1,0,1,0,0,0,1,1,0,308
3112,2,1,3,4,1,0,0,5,21,0,1,1,1,0,1,0,1,1,0,1,0,308
3112,3,0,1,6,0,0,0,0,0,0,0,0,0,0,0,0,0,0,0,0,0,308
3113,1,0,1,1,1,0,0,5,21,0,1,1,1,1,0,1,0,0,1,1,0,308
3113,2,0,1,3,1,0,0,5,21,0,1,1,1,0,0,0,1,0,1,1,0,308
3113,3,1,1,6,0,0,0,0,0,0,0,0,0,0,0,0,0,0,0,0,0,308
3114,1,1,2,6,1,0,0,5,21,0,1,1,1,0,0,1,0,0,0,0,0,308
3114,2,0,3,2,1,0,0,5,21,0,1,1,1,0,0,0,0,0,1,1,0,308
3114,3,0,1,6,0,0,0,0,0,0,0,0,0,0,0,0,0,0,0,0,0,308
3115,1,0,2,3,1,0,0,5,22,0,1,1,0,1,0,0,1,1,0,0,1,309
3115,2,1,1,4,1,0,0,5,22,0,1,1,0,1,0,1,0,0,1,1,0,309
3115,3,0,1,6,0,0,0,0,0,0,0,0,0,0,0,0,0,0,0,0,0,309
3116,1,0,3,6,1,0,0,5,22,0,1,1,0,0,1,1,0,1,0,1,0,309
3116,2,0,1,5,1,0,0,5,22,0,1,1,0,0,0,1,0,1,0,0,0,309
3116,3,1,1,6,0,0,0,0,0,0,0,0,0,0,0,0,0,0,0,0,0,309
3117,1,1,2,3,1,0,0,5,22,0,1,1,0,0,0,0,1,1,0,1,0,309
3117,2,0,2,3,1,0,0,5,22,0,1,1,0,0,0,0,1,0,0,0,1,309
3117,3,0,1,6,0,0,0,0,0,0,0,0,0,0,0,0,0,0,0,0,0,309
3118,1,0,1,2,1,0,0,5,22,0,1,1,0,0,0,1,0,0,1,1,0,309
3118,2,1,2,5,1,0,0,5,22,0,1,1,0,0,1,0,0,1,0,0,1,309
3118,3,0,1,6,0,0,0,0,0,0,0,0,0,0,0,0,0,0,0,0,0,309
3119,1,1,2,5,1,0,0,5,22,0,1,1,0,1,0,0,0,0,1,0,0,309
3119,2,0,2,6,1,0,0,5,22,0,1,1,0,1,0,0,0,0,0,1,0,309
3119,3,0,1,6,0,0,0,0,0,0,0,0,0,0,0,0,0,0,0,0,0,309
3120,1,1,1,2,1,0,0,5,22,0,1,1,0,0,1,1,0,0,1,0,0,309
3120,2,0,3,1,1,0,0,5,22,0,1,1,0,1,0,1,0,0,1,0,0,309
3120,3,0,1,6,0,0,0,0,0,0,0,0,0,0,0,0,0,0,0,0,0,309
3121,1,1,3,1,1,0,0,5,22,0,1,1,0,0,1,0,0,0,0,0,0,309
3121,2,0,3,6,1,0,0,5,22,0,1,1,0,0,0,0,1,0,0,0,0,309
3121,3,0,1,6,0,0,0,0,0,0,0,0,0,0,0,0,0,0,0,0,0,309
3122,1,0,1,4,1,0,0,5,22,0,1,1,0,0,0,0,1,0,0,0,1,309
3122,2,1,3,4,1,0,0,5,22,0,1,1,0,0,1,0,1,0,1,0,1,309
3122,3,0,1,6,0,0,0,0,0,0,0,0,0,0,0,0,0,0,0,0,0,309
3123,1,0,3,1,1,0,0,5,22,0,1,1,0,1,0,0,0,0,0,0,1,309
3123,2,1,1,2,1,0,0,5,22,0,1,1,0,0,1,0,0,1,0,1,0,309
3123,3,0,1,6,0,0,0,0,0,0,0,0,0,0,0,0,0,0,0,0,0,309
3124,1,0,3,5,1,0,1,4,23,0,1,1,1,0,1,0,1,0,0,1,0,310
3124,2,1,2,5,1,0,1,4,23,0,1,1,1,1,0,0,1,0,1,1,0,310
3124,3,0,1,6,0,0,0,0,0,0,0,0,0,0,0,0,0,0,0,0,0,310
3125,1,0,1,3,1,0,1,4,23,0,1,1,1,0,1,1,0,0,0,0,1,310
3125,2,1,2,3,1,0,1,4,23,0,1,1,1,0,1,1,0,0,0,1,0,310
3125,3,0,1,6,0,0,0,0,0,0,0,0,0,0,0,0,0,0,0,0,0,310
3126,1,0,3,2,1,0,1,4,23,0,1,1,1,0,0,1,0,1,0,0,0,310
3126,2,1,1,4,1,0,1,4,23,0,1,1,1,0,1,0,1,0,0,1,0,310
3126,3,0,1,6,0,0,0,0,0,0,0,0,0,0,0,0,0,0,0,0,0,310
3127,1,1,2,4,1,0,1,4,23,0,1,1,1,1,0,1,0,1,0,0,0,310
3127,2,0,3,6,1,0,1,4,23,0,1,1,1,0,1,1,0,1,0,0,1,310
3127,3,0,1,6,0,0,0,0,0,0,0,0,0,0,0,0,0,0,0,0,0,310
3128,1,0,3,2,1,0,1,4,23,0,1,1,1,1,0,0,0,1,0,1,0,310
3128,2,1,3,1,1,0,1,4,23,0,1,1,1,0,0,0,0,0,1,0,1,310
3128,3,0,1,6,0,0,0,0,0,0,0,0,0,0,0,0,0,0,0,0,0,310
3129,1,1,2,1,1,0,1,4,23,0,1,1,1,0,1,0,0,0,1,0,1,310
3129,2,0,2,5,1,0,1,4,23,0,1,1,1,0,0,1,0,0,1,0,1,310
3129,3,0,1,6,0,0,0,0,0,0,0,0,0,0,0,0,0,0,0,0,0,310
3130,1,0,1,6,1,0,1,4,23,0,1,1,1,0,0,0,0,0,1,0,1,310
3130,2,1,1,4,1,0,1,4,23,0,1,1,1,0,0,0,0,0,0,0,0,310
3130,3,0,1,6,0,0,0,0,0,0,0,0,0,0,0,0,0,0,0,0,0,310
3131,1,1,2,1,1,0,1,4,23,0,1,1,1,0,0,0,1,0,1,0,0,310
3131,2,0,1,2,1,0,1,4,23,0,1,1,1,1,0,0,1,1,0,0,0,310
3131,3,0,1,6,0,0,0,0,0,0,0,0,0,0,0,0,0,0,0,0,0,310
3132,1,1,1,3,1,0,1,4,23,0,1,1,1,1,0,0,1,0,0,1,0,310
3132,2,0,3,6,1,0,1,4,23,0,1,1,1,1,0,0,0,1,0,0,0,310
3132,3,0,1,6,0,0,0,0,0,0,0,0,0,0,0,0,0,0,0,0,0,310
3142,1,1,3,5,1,0,0,5,20,1,1,2,1,0,1,0,1,0,0,1,0,311
3142,2,0,2,5,1,0,0,5,20,1,1,2,1,1,0,0,1,0,1,1,0,311
3142,3,0,1,6,0,0,0,0,0,0,0,0,0,0,0,0,0,0,0,0,0,311
3143,1,1,1,3,1,0,0,5,20,1,1,2,1,0,1,1,0,0,0,0,1,311
3143,2,0,2,3,1,0,0,5,20,1,1,2,1,0,1,1,0,0,0,1,0,311
3143,3,0,1,6,0,0,0,0,0,0,0,0,0,0,0,0,0,0,0,0,0,311
3144,1,0,3,2,1,0,0,5,20,1,1,2,1,0,0,1,0,1,0,0,0,311
3144,2,1,1,4,1,0,0,5,20,1,1,2,1,0,1,0,1,0,0,1,0,311
3144,3,0,1,6,0,0,0,0,0,0,0,0,0,0,0,0,0,0,0,0,0,311
3145,1,0,2,4,1,0,0,5,20,1,1,2,1,1,0,1,0,1,0,0,0,311
3145,2,1,3,6,1,0,0,5,20,1,1,2,1,0,1,1,0,1,0,0,1,311
3145,3,0,1,6,0,0,0,0,0,0,0,0,0,0,0,0,0,0,0,0,0,311
3146,1,1,3,2,1,0,0,5,20,1,1,2,1,1,0,0,0,1,0,1,0,311
3146,2,0,3,1,1,0,0,5,20,1,1,2,1,0,0,0,0,0,1,0,1,311
3146,3,0,1,6,0,0,0,0,0,0,0,0,0,0,0,0,0,0,0,0,0,311
3147,1,1,2,1,1,0,0,5,20,1,1,2,1,0,1,0,0,0,1,0,1,311
3147,2,0,2,5,1,0,0,5,20,1,1,2,1,0,0,1,0,0,1,0,1,311
3147,3,0,1,6,0,0,0,0,0,0,0,0,0,0,0,0,0,0,0,0,0,311
3148,1,0,1,6,1,0,0,5,20,1,1,2,1,0,0,0,0,0,1,0,1,311
3148,2,1,1,4,1,0,0,5,20,1,1,2,1,0,0,0,0,0,0,0,0,311
3148,3,0,1,6,0,0,0,0,0,0,0,0,0,0,0,0,0,0,0,0,0,311
3149,1,0,2,1,1,0,0,5,20,1,1,2,1,0,0,0,1,0,1,0,0,311
3149,2,1,1,2,1,0,0,5,20,1,1,2,1,1,0,0,1,1,0,0,0,311
3149,3,0,1,6,0,0,0,0,0,0,0,0,0,0,0,0,0,0,0,0,0,311
3150,1,1,1,3,1,0,0,5,20,1,1,2,1,1,0,0,1,0,0,1,0,311
3150,2,0,3,6,1,0,0,5,20,1,1,2,1,1,0,0,0,1,0,0,0,311
3150,3,0,1,6,0,0,0,0,0,0,0,0,0,0,0,0,0,0,0,0,0,311
3151,1,0,1,5,1,0,1,5,23,1,1,1,1,1,0,0,1,0,0,0,0,312
3151,2,1,1,5,1,0,1,5,23,1,1,1,1,0,0,1,0,0,0,0,1,312
3151,3,0,1,6,0,0,0,0,0,0,0,0,0,0,0,0,0,0,0,0,0,312
3152,1,0,3,3,1,0,1,5,23,1,1,1,1,0,0,0,0,0,0,0,0,312
3152,2,1,2,1,1,0,1,5,23,1,1,1,1,1,0,1,0,1,0,0,1,312
3152,3,0,1,6,0,0,0,0,0,0,0,0,0,0,0,0,0,0,0,0,0,312
3153,1,0,1,5,1,0,1,5,23,1,1,1,1,0,1,0,0,1,0,0,1,312
3153,2,1,1,3,1,0,1,5,23,1,1,1,1,1,0,0,1,1,0,0,1,312
3153,3,0,1,6,0,0,0,0,0,0,0,0,0,0,0,0,0,0,0,0,0,312
3154,1,1,3,4,1,0,1,5,23,1,1,1,1,0,0,1,0,1,0,0,1,312
3154,2,0,2,6,1,0,1,5,23,1,1,1,1,1,0,0,0,0,1,0,0,312
3154,3,0,1,6,0,0,0,0,0,0,0,0,0,0,0,0,0,0,0,0,0,312
3155,1,1,2,2,1,0,1,5,23,1,1,1,1,0,1,0,1,1,0,0,1,312
3155,2,0,3,2,1,0,1,5,23,1,1,1,1,0,1,0,0,0,0,0,0,312
3155,3,0,1,6,0,0,0,0,0,0,0,0,0,0,0,0,0,0,0,0,0,312
3156,1,0,3,4,1,0,1,5,23,1,1,1,1,1,0,0,1,0,1,1,0,312
3156,2,1,2,1,1,0,1,5,23,1,1,1,1,0,1,1,0,0,0,0,0,312
3156,3,0,1,6,0,0,0,0,0,0,0,0,0,0,0,0,0,0,0,0,0,312
3157,1,1,2,6,1,0,1,5,23,1,1,1,1,0,1,0,0,0,1,1,0,312
3157,2,0,3,4,1,0,1,5,23,1,1,1,1,0,1,0,1,1,0,1,0,312
3157,3,0,1,6,0,0,0,0,0,0,0,0,0,0,0,0,0,0,0,0,0,312
3158,1,1,1,1,1,0,1,5,23,1,1,1,1,1,0,1,0,0,1,1,0,312
3158,2,0,1,3,1,0,1,5,23,1,1,1,1,0,0,0,1,0,1,1,0,312
3158,3,0,1,6,0,0,0,0,0,0,0,0,0,0,0,0,0,0,0,0,0,312
3159,1,0,2,6,1,0,1,5,23,1,1,1,1,0,0,1,0,0,0,0,0,312
3159,2,1,3,2,1,0,1,5,23,1,1,1,1,0,0,0,0,0,1,1,0,312
3159,3,0,1,6,0,0,0,0,0,0,0,0,0,0,0,0,0,0,0,0,0,312
3160,1,0,2,5,1,0,1,3,22,1,2,1,1,1,0,1,0,0,0,0,1,313
3160,2,1,2,1,1,0,1,3,22,1,2,1,1,0,0,0,1,1,0,0,0,313
3160,3,0,1,6,0,0,0,0,0,0,0,0,0,0,0,0,0,0,0,0,0,313
3161,1,0,2,5,1,0,1,3,22,1,2,1,1,0,0,0,0,0,0,1,0,313
3161,2,1,1,3,1,0,1,3,22,1,2,1,1,0,1,1,0,0,1,0,0,313
3161,3,0,1,6,0,0,0,0,0,0,0,0,0,0,0,0,0,0,0,0,0,313
3162,1,1,1,3,1,0,1,3,22,1,2,1,1,1,0,0,0,1,0,0,0,313
3162,2,0,2,5,1,0,1,3,22,1,2,1,1,0,1,0,1,0,1,0,0,313
3162,3,0,1,6,0,0,0,0,0,0,0,0,0,0,0,0,0,0,0,0,0,313
3163,1,0,1,4,1,0,1,3,22,1,2,1,1,0,0,0,0,1,0,1,0,313
3163,2,1,3,2,1,0,1,3,22,1,2,1,1,1,0,1,0,0,0,1,0,313
3163,3,0,1,6,0,0,0,0,0,0,0,0,0,0,0,0,0,0,0,0,0,313
3164,1,0,1,4,1,0,1,3,22,1,2,1,1,0,1,0,1,1,0,0,0,313
3164,2,1,2,1,1,0,1,3,22,1,2,1,1,0,0,0,0,1,0,1,0,313
3164,3,0,1,6,0,0,0,0,0,0,0,0,0,0,0,0,0,0,0,0,0,313
3165,1,1,3,2,1,0,1,3,22,1,2,1,1,0,0,0,1,0,1,0,1,313
3165,2,0,3,6,1,0,1,3,22,1,2,1,1,0,0,1,0,1,0,1,0,313
3165,3,0,1,6,0,0,0,0,0,0,0,0,0,0,0,0,0,0,0,0,0,313
3166,1,0,3,6,1,0,1,3,22,1,2,1,1,0,1,0,1,0,1,0,0,313
3166,2,1,1,3,1,0,1,3,22,1,2,1,1,0,1,0,0,0,1,0,1,313
3166,3,0,1,6,0,0,0,0,0,0,0,0,0,0,0,0,0,0,0,0,0,313
3167,1,0,3,6,1,0,1,3,22,1,2,1,1,1,0,1,0,0,1,0,1,313
3167,2,1,3,2,1,0,1,3,22,1,2,1,1,1,0,0,1,0,0,0,1,313
3167,3,0,1,6,0,0,0,0,0,0,0,0,0,0,0,0,0,0,0,0,0,313
3168,1,1,2,1,1,0,1,3,22,1,2,1,1,0,1,1,0,0,0,1,0,313
3168,2,0,1,4,1,0,1,3,22,1,2,1,1,1,0,0,0,0,0,0,1,313
3168,3,0,1,6,0,0,0,0,0,0,0,0,0,0,0,0,0,0,0,0,0,313
3169,1,1,1,5,1,0,1,5,24,1,2,1,1,1,0,0,1,0,0,0,0,314
3169,2,0,1,5,1,0,1,5,24,1,2,1,1,0,0,1,0,0,0,0,1,314
3169,3,0,1,6,0,0,0,0,0,0,0,0,0,0,0,0,0,0,0,0,0,314
3170,1,0,3,3,1,0,1,5,24,1,2,1,1,0,0,0,0,0,0,0,0,314
3170,2,1,2,1,1,0,1,5,24,1,2,1,1,1,0,1,0,1,0,0,1,314
3170,3,0,1,6,0,0,0,0,0,0,0,0,0,0,0,0,0,0,0,0,0,314
3171,1,1,1,5,1,0,1,5,24,1,2,1,1,0,1,0,0,1,0,0,1,314
3171,2,0,1,3,1,0,1,5,24,1,2,1,1,1,0,0,1,1,0,0,1,314
3171,3,0,1,6,0,0,0,0,0,0,0,0,0,0,0,0,0,0,0,0,0,314
3172,1,1,3,4,1,0,1,5,24,1,2,1,1,0,0,1,0,1,0,0,1,314
3172,2,0,2,6,1,0,1,5,24,1,2,1,1,1,0,0,0,0,1,0,0,314
3172,3,0,1,6,0,0,0,0,0,0,0,0,0,0,0,0,0,0,0,0,0,314
3173,1,1,2,2,1,0,1,5,24,1,2,1,1,0,1,0,1,1,0,0,1,314
3173,2,0,3,2,1,0,1,5,24,1,2,1,1,0,1,0,0,0,0,0,0,314
3173,3,0,1,6,0,0,0,0,0,0,0,0,0,0,0,0,0,0,0,0,0,314
3174,1,1,3,4,1,0,1,5,24,1,2,1,1,1,0,0,1,0,1,1,0,314
3174,2,0,2,1,1,0,1,5,24,1,2,1,1,0,1,1,0,0,0,0,0,314
3174,3,0,1,6,0,0,0,0,0,0,0,0,0,0,0,0,0,0,0,0,0,314
3175,1,0,2,6,1,0,1,5,24,1,2,1,1,0,1,0,0,0,1,1,0,314
3175,2,1,3,4,1,0,1,5,24,1,2,1,1,0,1,0,1,1,0,1,0,314
3175,3,0,1,6,0,0,0,0,0,0,0,0,0,0,0,0,0,0,0,0,0,314
3176,1,1,1,1,1,0,1,5,24,1,2,1,1,1,0,1,0,0,1,1,0,314
3176,2,0,1,3,1,0,1,5,24,1,2,1,1,0,0,0,1,0,1,1,0,314
3176,3,0,1,6,0,0,0,0,0,0,0,0,0,0,0,0,0,0,0,0,0,314
3177,1,0,2,6,1,0,1,5,24,1,2,1,1,0,0,1,0,0,0,0,0,314
3177,2,1,3,2,1,0,1,5,24,1,2,1,1,0,0,0,0,0,1,1,0,314
3177,3,0,1,6,0,0,0,0,0,0,0,0,0,0,0,0,0,0,0,0,0,314
3178,1,1,3,5,1,0,1,5,21,1,1,2,1,0,1,0,1,0,0,1,0,315
3178,2,0,2,5,1,0,1,5,21,1,1,2,1,1,0,0,1,0,1,1,0,315
3178,3,0,1,6,0,0,0,0,0,0,0,0,0,0,0,0,0,0,0,0,0,315
3179,1,0,1,3,1,0,1,5,21,1,1,2,1,0,1,1,0,0,0,0,1,315
3179,2,1,2,3,1,0,1,5,21,1,1,2,1,0,1,1,0,0,0,1,0,315
3179,3,0,1,6,0,0,0,0,0,0,0,0,0,0,0,0,0,0,0,0,0,315
3180,1,0,3,2,1,0,1,5,21,1,1,2,1,0,0,1,0,1,0,0,0,315
3180,2,1,1,4,1,0,1,5,21,1,1,2,1,0,1,0,1,0,0,1,0,315
3180,3,0,1,6,0,0,0,0,0,0,0,0,0,0,0,0,0,0,0,0,0,315
3181,1,1,2,4,1,0,1,5,21,1,1,2,1,1,0,1,0,1,0,0,0,315
3181,2,0,3,6,1,0,1,5,21,1,1,2,1,0,1,1,0,1,0,0,1,315
3181,3,0,1,6,0,0,0,0,0,0,0,0,0,0,0,0,0,0,0,0,0,315
3182,1,1,3,2,1,0,1,5,21,1,1,2,1,1,0,0,0,1,0,1,0,315
3182,2,0,3,1,1,0,1,5,21,1,1,2,1,0,0,0,0,0,1,0,1,315
3182,3,0,1,6,0,0,0,0,0,0,0,0,0,0,0,0,0,0,0,0,0,315
3183,1,1,2,1,1,0,1,5,21,1,1,2,1,0,1,0,0,0,1,0,1,315
3183,2,0,2,5,1,0,1,5,21,1,1,2,1,0,0,1,0,0,1,0,1,315
3183,3,0,1,6,0,0,0,0,0,0,0,0,0,0,0,0,0,0,0,0,0,315
3184,1,0,1,6,1,0,1,5,21,1,1,2,1,0,0,0,0,0,1,0,1,315
3184,2,1,1,4,1,0,1,5,21,1,1,2,1,0,0,0,0,0,0,0,0,315
3184,3,0,1,6,0,0,0,0,0,0,0,0,0,0,0,0,0,0,0,0,0,315
3185,1,0,2,1,1,0,1,5,21,1,1,2,1,0,0,0,1,0,1,0,0,315
3185,2,1,1,2,1,0,1,5,21,1,1,2,1,1,0,0,1,1,0,0,0,315
3185,3,0,1,6,0,0,0,0,0,0,0,0,0,0,0,0,0,0,0,0,0,315
3186,1,1,1,3,1,0,1,5,21,1,1,2,1,1,0,0,1,0,0,1,0,315
3186,2,0,3,6,1,0,1,5,21,1,1,2,1,1,0,0,0,1,0,0,0,315
3186,3,0,1,6,0,0,0,0,0,0,0,0,0,0,0,0,0,0,0,0,0,315
3205,1,1,2,3,1,0,0,5,23,0,2,1,1,1,0,0,1,1,0,0,1,316
3205,2,0,1,4,1,0,0,5,23,0,2,1,1,1,0,1,0,0,1,1,0,316
3205,3,0,1,6,0,0,0,0,0,0,0,0,0,0,0,0,0,0,0,0,0,316
3206,1,0,3,6,1,0,0,5,23,0,2,1,1,0,1,1,0,1,0,1,0,316
3206,2,1,1,5,1,0,0,5,23,0,2,1,1,0,0,1,0,1,0,0,0,316
3206,3,0,1,6,0,0,0,0,0,0,0,0,0,0,0,0,0,0,0,0,0,316
3207,1,0,2,3,1,0,0,5,23,0,2,1,1,0,0,0,1,1,0,1,0,316
3207,2,1,2,3,1,0,0,5,23,0,2,1,1,0,0,0,1,0,0,0,1,316
3207,3,0,1,6,0,0,0,0,0,0,0,0,0,0,0,0,0,0,0,0,0,316
3208,1,0,1,2,1,0,0,5,23,0,2,1,1,0,0,1,0,0,1,1,0,316
3208,2,1,2,5,1,0,0,5,23,0,2,1,1,0,1,0,0,1,0,0,1,316
3208,3,0,1,6,0,0,0,0,0,0,0,0,0,0,0,0,0,0,0,0,0,316
3209,1,1,2,5,1,0,0,5,23,0,2,1,1,1,0,0,0,0,1,0,0,316
3209,2,0,2,6,1,0,0,5,23,0,2,1,1,1,0,0,0,0,0,1,0,316
3209,3,0,1,6,0,0,0,0,0,0,0,0,0,0,0,0,0,0,0,0,0,316
3210,1,0,1,2,1,0,0,5,23,0,2,1,1,0,1,1,0,0,1,0,0,316
3210,2,1,3,1,1,0,0,5,23,0,2,1,1,1,0,1,0,0,1,0,0,316
3210,3,0,1,6,0,0,0,0,0,0,0,0,0,0,0,0,0,0,0,0,0,316
3211,1,1,3,1,1,0,0,5,23,0,2,1,1,0,1,0,0,0,0,0,0,316
3211,2,0,3,6,1,0,0,5,23,0,2,1,1,0,0,0,1,0,0,0,0,316
3211,3,0,1,6,0,0,0,0,0,0,0,0,0,0,0,0,0,0,0,0,0,316
3212,1,0,1,4,1,0,0,5,23,0,2,1,1,0,0,0,1,0,0,0,1,316
3212,2,1,3,4,1,0,0,5,23,0,2,1,1,0,1,0,1,0,1,0,1,316
3212,3,0,1,6,0,0,0,0,0,0,0,0,0,0,0,0,0,0,0,0,0,316
3213,1,1,3,1,1,0,0,5,23,0,2,1,1,1,0,0,0,0,0,0,1,316
3213,2,0,1,2,1,0,0,5,23,0,2,1,1,0,1,0,0,1,0,1,0,316
3213,3,0,1,6,0,0,0,0,0,0,0,0,0,0,0,0,0,0,0,0,0,316
3214,1,1,1,5,1,0,1,5,20,0,1,1,1,1,0,0,1,0,0,0,0,317
3214,2,0,1,5,1,0,1,5,20,0,1,1,1,0,0,1,0,0,0,0,1,317
3214,3,0,1,6,0,0,0,0,0,0,0,0,0,0,0,0,0,0,0,0,0,317
3215,1,0,3,3,1,0,1,5,20,0,1,1,1,0,0,0,0,0,0,0,0,317
3215,2,1,2,1,1,0,1,5,20,0,1,1,1,1,0,1,0,1,0,0,1,317
3215,3,0,1,6,0,0,0,0,0,0,0,0,0,0,0,0,0,0,0,0,0,317
3216,1,0,1,5,1,0,1,5,20,0,1,1,1,0,1,0,0,1,0,0,1,317
3216,2,1,1,3,1,0,1,5,20,0,1,1,1,1,0,0,1,1,0,0,1,317
3216,3,0,1,6,0,0,0,0,0,0,0,0,0,0,0,0,0,0,0,0,0,317
3217,1,1,3,4,1,0,1,5,20,0,1,1,1,0,0,1,0,1,0,0,1,317
3217,2,0,2,6,1,0,1,5,20,0,1,1,1,1,0,0,0,0,1,0,0,317
3217,3,0,1,6,0,0,0,0,0,0,0,0,0,0,0,0,0,0,0,0,0,317
3218,1,0,2,2,1,0,1,5,20,0,1,1,1,0,1,0,1,1,0,0,1,317
3218,2,1,3,2,1,0,1,5,20,0,1,1,1,0,1,0,0,0,0,0,0,317
3218,3,0,1,6,0,0,0,0,0,0,0,0,0,0,0,0,0,0,0,0,0,317
3219,1,1,3,4,1,0,1,5,20,0,1,1,1,1,0,0,1,0,1,1,0,317
3219,2,0,2,1,1,0,1,5,20,0,1,1,1,0,1,1,0,0,0,0,0,317
3219,3,0,1,6,0,0,0,0,0,0,0,0,0,0,0,0,0,0,0,0,0,317
3220,1,0,2,6,1,0,1,5,20,0,1,1,1,0,1,0,0,0,1,1,0,317
3220,2,1,3,4,1,0,1,5,20,0,1,1,1,0,1,0,1,1,0,1,0,317
3220,3,0,1,6,0,0,0,0,0,0,0,0,0,0,0,0,0,0,0,0,0,317
3221,1,1,1,1,1,0,1,5,20,0,1,1,1,1,0,1,0,0,1,1,0,317
3221,2,0,1,3,1,0,1,5,20,0,1,1,1,0,0,0,1,0,1,1,0,317
3221,3,0,1,6,0,0,0,0,0,0,0,0,0,0,0,0,0,0,0,0,0,317
3222,1,0,2,6,1,0,1,5,20,0,1,1,1,0,0,1,0,0,0,0,0,317
3222,2,1,3,2,1,0,1,5,20,0,1,1,1,0,0,0,0,0,1,1,0,317
3222,3,0,1,6,0,0,0,0,0,0,0,0,0,0,0,0,0,0,0,0,0,317
3223,1,0,2,3,1,0,0,4,26,0,2,1,1,1,0,0,1,1,0,0,1,318
3223,2,1,1,4,1,0,0,4,26,0,2,1,1,1,0,1,0,0,1,1,0,318
3223,3,0,1,6,0,0,0,0,0,0,0,0,0,0,0,0,0,0,0,0,0,318
3224,1,0,3,6,1,0,0,4,26,0,2,1,1,0,1,1,0,1,0,1,0,318
3224,2,1,1,5,1,0,0,4,26,0,2,1,1,0,0,1,0,1,0,0,0,318
3224,3,0,1,6,0,0,0,0,0,0,0,0,0,0,0,0,0,0,0,0,0,318
3225,1,1,2,3,1,0,0,4,26,0,2,1,1,0,0,0,1,1,0,1,0,318
3225,2,0,2,3,1,0,0,4,26,0,2,1,1,0,0,0,1,0,0,0,1,318
3225,3,0,1,6,0,0,0,0,0,0,0,0,0,0,0,0,0,0,0,0,0,318
3226,1,1,1,2,1,0,0,4,26,0,2,1,1,0,0,1,0,0,1,1,0,318
3226,2,0,2,5,1,0,0,4,26,0,2,1,1,0,1,0,0,1,0,0,1,318
3226,3,0,1,6,0,0,0,0,0,0,0,0,0,0,0,0,0,0,0,0,0,318
3227,1,1,2,5,1,0,0,4,26,0,2,1,1,1,0,0,0,0,1,0,0,318
3227,2,0,2,6,1,0,0,4,26,0,2,1,1,1,0,0,0,0,0,1,0,318
3227,3,0,1,6,0,0,0,0,0,0,0,0,0,0,0,0,0,0,0,0,0,318
3228,1,0,1,2,1,0,0,4,26,0,2,1,1,0,1,1,0,0,1,0,0,318
3228,2,1,3,1,1,0,0,4,26,0,2,1,1,1,0,1,0,0,1,0,0,318
3228,3,0,1,6,0,0,0,0,0,0,0,0,0,0,0,0,0,0,0,0,0,318
3229,1,1,3,1,1,0,0,4,26,0,2,1,1,0,1,0,0,0,0,0,0,318
3229,2,0,3,6,1,0,0,4,26,0,2,1,1,0,0,0,1,0,0,0,0,318
3229,3,0,1,6,0,0,0,0,0,0,0,0,0,0,0,0,0,0,0,0,0,318
3230,1,0,1,4,1,0,0,4,26,0,2,1,1,0,0,0,1,0,0,0,1,318
3230,2,1,3,4,1,0,0,4,26,0,2,1,1,0,1,0,1,0,1,0,1,318
3230,3,0,1,6,0,0,0,0,0,0,0,0,0,0,0,0,0,0,0,0,0,318
3231,1,0,3,1,1,0,0,4,26,0,2,1,1,1,0,0,0,0,0,0,1,318
3231,2,1,1,2,1,0,0,4,26,0,2,1,1,0,1,0,0,1,0,1,0,318
3231,3,0,1,6,0,0,0,0,0,0,0,0,0,0,0,0,0,0,0,0,0,318
3232,1,1,3,5,1,1,0,5,27,0,1,1,1,0,1,0,1,0,0,1,0,319
3232,2,0,2,5,1,1,0,5,27,0,1,1,1,1,0,0,1,0,1,1,0,319
3232,3,0,1,6,0,0,0,0,0,0,0,0,0,0,0,0,0,0,0,0,0,319
3233,1,0,1,3,1,1,0,5,27,0,1,1,1,0,1,1,0,0,0,0,1,319
3233,2,1,2,3,1,1,0,5,27,0,1,1,1,0,1,1,0,0,0,1,0,319
3233,3,0,1,6,0,0,0,0,0,0,0,0,0,0,0,0,0,0,0,0,0,319
3234,1,1,3,2,1,1,0,5,27,0,1,1,1,0,0,1,0,1,0,0,0,319
3234,2,0,1,4,1,1,0,5,27,0,1,1,1,0,1,0,1,0,0,1,0,319
3234,3,0,1,6,0,0,0,0,0,0,0,0,0,0,0,0,0,0,0,0,0,319
3235,1,1,2,4,1,1,0,5,27,0,1,1,1,1,0,1,0,1,0,0,0,319
3235,2,0,3,6,1,1,0,5,27,0,1,1,1,0,1,1,0,1,0,0,1,319
3235,3,0,1,6,0,0,0,0,0,0,0,0,0,0,0,0,0,0,0,0,0,319
3236,1,0,3,2,1,1,0,5,27,0,1,1,1,1,0,0,0,1,0,1,0,319
3236,2,1,3,1,1,1,0,5,27,0,1,1,1,0,0,0,0,0,1,0,1,319
3236,3,0,1,6,0,0,0,0,0,0,0,0,0,0,0,0,0,0,0,0,0,319
3237,1,1,2,1,1,1,0,5,27,0,1,1,1,0,1,0,0,0,1,0,1,319
3237,2,0,2,5,1,1,0,5,27,0,1,1,1,0,0,1,0,0,1,0,1,319
3237,3,0,1,6,0,0,0,0,0,0,0,0,0,0,0,0,0,0,0,0,0,319
3238,1,0,1,6,1,1,0,5,27,0,1,1,1,0,0,0,0,0,1,0,1,319
3238,2,1,1,4,1,1,0,5,27,0,1,1,1,0,0,0,0,0,0,0,0,319
3238,3,0,1,6,0,0,0,0,0,0,0,0,0,0,0,0,0,0,0,0,0,319
3239,1,0,2,1,1,1,0,5,27,0,1,1,1,0,0,0,1,0,1,0,0,319
3239,2,1,1,2,1,1,0,5,27,0,1,1,1,1,0,0,1,1,0,0,0,319
3239,3,0,1,6,0,0,0,0,0,0,0,0,0,0,0,0,0,0,0,0,0,319
3240,1,1,1,3,1,1,0,5,27,0,1,1,1,1,0,0,1,0,0,1,0,319
3240,2,0,3,6,1,1,0,5,27,0,1,1,1,1,0,0,0,1,0,0,0,319
3240,3,0,1,6,0,0,0,0,0,0,0,0,0,0,0,0,0,0,0,0,0,319
3241,1,0,3,5,1,0,0,5,41,1,1,1,0,0,1,0,1,0,0,1,0,320
3241,2,0,2,5,1,0,0,5,41,1,1,1,0,1,0,0,1,0,1,1,0,320
3241,3,1,1,6,0,0,0,0,0,0,0,0,0,0,0,0,0,0,0,0,0,320
3242,1,0,1,3,1,0,0,5,41,1,1,1,0,0,1,1,0,0,0,0,1,320
3242,2,0,2,3,1,0,0,5,41,1,1,1,0,0,1,1,0,0,0,1,0,320
3242,3,1,1,6,0,0,0,0,0,0,0,0,0,0,0,0,0,0,0,0,0,320
3243,1,1,3,2,1,0,0,5,41,1,1,1,0,0,0,1,0,1,0,0,0,320
3243,2,0,1,4,1,0,0,5,41,1,1,1,0,0,1,0,1,0,0,1,0,320
3243,3,0,1,6,0,0,0,0,0,0,0,0,0,0,0,0,0,0,0,0,0,320
3244,1,0,2,4,1,0,0,5,41,1,1,1,0,1,0,1,0,1,0,0,0,320
3244,2,0,3,6,1,0,0,5,41,1,1,1,0,0,1,1,0,1,0,0,1,320
3244,3,1,1,6,0,0,0,0,0,0,0,0,0,0,0,0,0,0,0,0,0,320
3245,1,0,3,2,1,0,0,5,41,1,1,1,0,1,0,0,0,1,0,1,0,320
3245,2,0,3,1,1,0,0,5,41,1,1,1,0,0,0,0,0,0,1,0,1,320
3245,3,1,1,6,0,0,0,0,0,0,0,0,0,0,0,0,0,0,0,0,0,320
3246,1,0,2,1,1,0,0,5,41,1,1,1,0,0,1,0,0,0,1,0,1,320
3246,2,0,2,5,1,0,0,5,41,1,1,1,0,0,0,1,0,0,1,0,1,320
3246,3,1,1,6,0,0,0,0,0,0,0,0,0,0,0,0,0,0,0,0,0,320
3247,1,0,1,6,1,0,0,5,41,1,1,1,0,0,0,0,0,0,1,0,1,320
3247,2,1,1,4,1,0,0,5,41,1,1,1,0,0,0,0,0,0,0,0,0,320
3247,3,0,1,6,0,0,0,0,0,0,0,0,0,0,0,0,0,0,0,0,0,320
3248,1,1,2,1,1,0,0,5,41,1,1,1,0,0,0,0,1,0,1,0,0,320
3248,2,0,1,2,1,0,0,5,41,1,1,1,0,1,0,0,1,1,0,0,0,320
3248,3,0,1,6,0,0,0,0,0,0,0,0,0,0,0,0,0,0,0,0,0,320
3249,1,0,1,3,1,0,0,5,41,1,1,1,0,1,0,0,1,0,0,1,0,320
3249,2,0,3,6,1,0,0,5,41,1,1,1,0,1,0,0,0,1,0,0,0,320
3249,3,1,1,6,0,0,0,0,0,0,0,0,0,0,0,0,0,0,0,0,0,320
3250,1,0,1,5,1,1,0,4,47,0,3,2,1,1,0,0,1,0,0,0,0,321
3250,2,0,1,5,1,1,0,4,47,0,3,2,1,0,0,1,0,0,0,0,1,321
3250,3,1,1,6,0,0,0,0,0,0,0,0,0,0,0,0,0,0,0,0,0,321
3251,1,0,3,3,1,1,0,4,47,0,3,2,1,0,0,0,0,0,0,0,0,321
3251,2,0,2,1,1,1,0,4,47,0,3,2,1,1,0,1,0,1,0,0,1,321
3251,3,1,1,6,0,0,0,0,0,0,0,0,0,0,0,0,0,0,0,0,0,321
3252,1,0,1,5,1,1,0,4,47,0,3,2,1,0,1,0,0,1,0,0,1,321
3252,2,0,1,3,1,1,0,4,47,0,3,2,1,1,0,0,1,1,0,0,1,321
3252,3,1,1,6,0,0,0,0,0,0,0,0,0,0,0,0,0,0,0,0,0,321
3253,1,0,3,4,1,1,0,4,47,0,3,2,1,0,0,1,0,1,0,0,1,321
3253,2,0,2,6,1,1,0,4,47,0,3,2,1,1,0,0,0,0,1,0,0,321
3253,3,1,1,6,0,0,0,0,0,0,0,0,0,0,0,0,0,0,0,0,0,321
3254,1,0,2,2,1,1,0,4,47,0,3,2,1,0,1,0,1,1,0,0,1,321
3254,2,0,3,2,1,1,0,4,47,0,3,2,1,0,1,0,0,0,0,0,0,321
3254,3,1,1,6,0,0,0,0,0,0,0,0,0,0,0,0,0,0,0,0,0,321
3255,1,0,3,4,1,1,0,4,47,0,3,2,1,1,0,0,1,0,1,1,0,321
3255,2,0,2,1,1,1,0,4,47,0,3,2,1,0,1,1,0,0,0,0,0,321
3255,3,1,1,6,0,0,0,0,0,0,0,0,0,0,0,0,0,0,0,0,0,321
3256,1,0,2,6,1,1,0,4,47,0,3,2,1,0,1,0,0,0,1,1,0,321
3256,2,0,3,4,1,1,0,4,47,0,3,2,1,0,1,0,1,1,0,1,0,321
3256,3,1,1,6,0,0,0,0,0,0,0,0,0,0,0,0,0,0,0,0,0,321
3257,1,0,1,1,1,1,0,4,47,0,3,2,1,1,0,1,0,0,1,1,0,321
3257,2,0,1,3,1,1,0,4,47,0,3,2,1,0,0,0,1,0,1,1,0,321
3257,3,1,1,6,0,0,0,0,0,0,0,0,0,0,0,0,0,0,0,0,0,321
3258,1,0,2,6,1,1,0,4,47,0,3,2,1,0,0,1,0,0,0,0,0,321
3258,2,0,3,2,1,1,0,4,47,0,3,2,1,0,0,0,0,0,1,1,0,321
3258,3,1,1,6,0,0,0,0,0,0,0,0,0,0,0,0,0,0,0,0,0,321
3259,1,1,2,3,1,0,0,5,52,0,2,1,1,1,0,0,1,1,0,0,1,322
3259,2,0,1,4,1,0,0,5,52,0,2,1,1,1,0,1,0,0,1,1,0,322
3259,3,0,1,6,0,0,0,0,0,0,0,0,0,0,0,0,0,0,0,0,0,322
3260,1,0,3,6,1,0,0,5,52,0,2,1,1,0,1,1,0,1,0,1,0,322
3260,2,1,1,5,1,0,0,5,52,0,2,1,1,0,0,1,0,1,0,0,0,322
3260,3,0,1,6,0,0,0,0,0,0,0,0,0,0,0,0,0,0,0,0,0,322
3261,1,1,2,3,1,0,0,5,52,0,2,1,1,0,0,0,1,1,0,1,0,322
3261,2,0,2,3,1,0,0,5,52,0,2,1,1,0,0,0,1,0,0,0,1,322
3261,3,0,1,6,0,0,0,0,0,0,0,0,0,0,0,0,0,0,0,0,0,322
3262,1,1,1,2,1,0,0,5,52,0,2,1,1,0,0,1,0,0,1,1,0,322
3262,2,0,2,5,1,0,0,5,52,0,2,1,1,0,1,0,0,1,0,0,1,322
3262,3,0,1,6,0,0,0,0,0,0,0,0,0,0,0,0,0,0,0,0,0,322
3263,1,1,2,5,1,0,0,5,52,0,2,1,1,1,0,0,0,0,1,0,0,322
3263,2,0,2,6,1,0,0,5,52,0,2,1,1,1,0,0,0,0,0,1,0,322
3263,3,0,1,6,0,0,0,0,0,0,0,0,0,0,0,0,0,0,0,0,0,322
3264,1,0,1,2,1,0,0,5,52,0,2,1,1,0,1,1,0,0,1,0,0,322
3264,2,1,3,1,1,0,0,5,52,0,2,1,1,1,0,1,0,0,1,0,0,322
3264,3,0,1,6,0,0,0,0,0,0,0,0,0,0,0,0,0,0,0,0,0,322
3265,1,1,3,1,1,0,0,5,52,0,2,1,1,0,1,0,0,0,0,0,0,322
3265,2,0,3,6,1,0,0,5,52,0,2,1,1,0,0,0,1,0,0,0,0,322
3265,3,0,1,6,0,0,0,0,0,0,0,0,0,0,0,0,0,0,0,0,0,322
3266,1,0,1,4,1,0,0,5,52,0,2,1,1,0,0,0,1,0,0,0,1,322
3266,2,1,3,4,1,0,0,5,52,0,2,1,1,0,1,0,1,0,1,0,1,322
3266,3,0,1,6,0,0,0,0,0,0,0,0,0,0,0,0,0,0,0,0,0,322
3267,1,1,3,1,1,0,0,5,52,0,2,1,1,1,0,0,0,0,0,0,1,322
3267,2,0,1,2,1,0,0,5,52,0,2,1,1,0,1,0,0,1,0,1,0,322
3267,3,0,1,6,0,0,0,0,0,0,0,0,0,0,0,0,0,0,0,0,0,322
3268,1,0,3,5,1,0,1,5,22,1,2,1,1,0,1,0,1,0,0,1,0,323
3268,2,1,2,5,1,0,1,5,22,1,2,1,1,1,0,0,1,0,1,1,0,323
3268,3,0,1,6,0,0,0,0,0,0,0,0,0,0,0,0,0,0,0,0,0,323
3269,1,0,1,3,1,0,1,5,22,1,2,1,1,0,1,1,0,0,0,0,1,323
3269,2,1,2,3,1,0,1,5,22,1,2,1,1,0,1,1,0,0,0,1,0,323
3269,3,0,1,6,0,0,0,0,0,0,0,0,0,0,0,0,0,0,0,0,0,323
3270,1,0,3,2,1,0,1,5,22,1,2,1,1,0,0,1,0,1,0,0,0,323
3270,2,1,1,4,1,0,1,5,22,1,2,1,1,0,1,0,1,0,0,1,0,323
3270,3,0,1,6,0,0,0,0,0,0,0,0,0,0,0,0,0,0,0,0,0,323
3271,1,1,2,4,1,0,1,5,22,1,2,1,1,1,0,1,0,1,0,0,0,323
3271,2,0,3,6,1,0,1,5,22,1,2,1,1,0,1,1,0,1,0,0,1,323
3271,3,0,1,6,0,0,0,0,0,0,0,0,0,0,0,0,0,0,0,0,0,323
3272,1,1,3,2,1,0,1,5,22,1,2,1,1,1,0,0,0,1,0,1,0,323
3272,2,0,3,1,1,0,1,5,22,1,2,1,1,0,0,0,0,0,1,0,1,323
3272,3,0,1,6,0,0,0,0,0,0,0,0,0,0,0,0,0,0,0,0,0,323
3273,1,1,2,1,1,0,1,5,22,1,2,1,1,0,1,0,0,0,1,0,1,323
3273,2,0,2,5,1,0,1,5,22,1,2,1,1,0,0,1,0,0,1,0,1,323
3273,3,0,1,6,0,0,0,0,0,0,0,0,0,0,0,0,0,0,0,0,0,323
3274,1,0,1,6,1,0,1,5,22,1,2,1,1,0,0,0,0,0,1,0,1,323
3274,2,0,1,4,1,0,1,5,22,1,2,1,1,0,0,0,0,0,0,0,0,323
3274,3,1,1,6,0,0,0,0,0,0,0,0,0,0,0,0,0,0,0,0,0,323
3275,1,0,2,1,1,0,1,5,22,1,2,1,1,0,0,0,1,0,1,0,0,323
3275,2,1,1,2,1,0,1,5,22,1,2,1,1,1,0,0,1,1,0,0,0,323
3275,3,0,1,6,0,0,0,0,0,0,0,0,0,0,0,0,0,0,0,0,0,323
3276,1,1,1,3,1,0,1,5,22,1,2,1,1,1,0,0,1,0,0,1,0,323
3276,2,0,3,6,1,0,1,5,22,1,2,1,1,1,0,0,0,1,0,0,0,323
3276,3,0,1,6,0,0,0,0,0,0,0,0,0,0,0,0,0,0,0,0,0,323
3277,1,1,1,5,1,0,1,4,28,1,3,1,0,1,0,0,1,0,0,0,0,324
3277,2,0,1,5,1,0,1,4,28,1,3,1,0,0,0,1,0,0,0,0,1,324
3277,3,0,1,6,0,0,0,0,0,0,0,0,0,0,0,0,0,0,0,0,0,324
3278,1,0,3,3,1,0,1,4,28,1,3,1,0,0,0,0,0,0,0,0,0,324
3278,2,1,2,1,1,0,1,4,28,1,3,1,0,1,0,1,0,1,0,0,1,324
3278,3,0,1,6,0,0,0,0,0,0,0,0,0,0,0,0,0,0,0,0,0,324
3279,1,0,1,5,1,0,1,4,28,1,3,1,0,0,1,0,0,1,0,0,1,324
3279,2,1,1,3,1,0,1,4,28,1,3,1,0,1,0,0,1,1,0,0,1,324
3279,3,0,1,6,0,0,0,0,0,0,0,0,0,0,0,0,0,0,0,0,0,324
3280,1,0,3,4,1,0,1,4,28,1,3,1,0,0,0,1,0,1,0,0,1,324
3280,2,0,2,6,1,0,1,4,28,1,3,1,0,1,0,0,0,0,1,0,0,324
3280,3,1,1,6,0,0,0,0,0,0,0,0,0,0,0,0,0,0,0,0,0,324
3281,1,0,2,2,1,0,1,4,28,1,3,1,0,0,1,0,1,1,0,0,1,324
3281,2,0,3,2,1,0,1,4,28,1,3,1,0,0,1,0,0,0,0,0,0,324
3281,3,1,1,6,0,0,0,0,0,0,0,0,0,0,0,0,0,0,0,0,0,324
3282,1,1,3,4,1,0,1,4,28,1,3,1,0,1,0,0,1,0,1,1,0,324
3282,2,0,2,1,1,0,1,4,28,1,3,1,0,0,1,1,0,0,0,0,0,324
3282,3,0,1,6,0,0,0,0,0,0,0,0,0,0,0,0,0,0,0,0,0,324
3283,1,0,2,6,1,0,1,4,28,1,3,1,0,0,1,0,0,0,1,1,0,324
3283,2,0,3,4,1,0,1,4,28,1,3,1,0,0,1,0,1,1,0,1,0,324
3283,3,1,1,6,0,0,0,0,0,0,0,0,0,0,0,0,0,0,0,0,0,324
3284,1,1,1,1,1,0,1,4,28,1,3,1,0,1,0,1,0,0,1,1,0,324
3284,2,0,1,3,1,0,1,4,28,1,3,1,0,0,0,0,1,0,1,1,0,324
3284,3,0,1,6,0,0,0,0,0,0,0,0,0,0,0,0,0,0,0,0,0,324
3285,1,0,2,6,1,0,1,4,28,1,3,1,0,0,0,1,0,0,0,0,0,324
3285,2,1,3,2,1,0,1,4,28,1,3,1,0,0,0,0,0,0,1,1,0,324
3285,3,0,1,6,0,0,0,0,0,0,0,0,0,0,0,0,0,0,0,0,0,324
3286,1,1,1,5,1,1,0,5,21,1,2,1,1,1,0,0,1,0,0,0,0,325
3286,2,0,1,5,1,1,0,5,21,1,2,1,1,0,0,1,0,0,0,0,1,325
3286,3,0,1,6,0,0,0,0,0,0,0,0,0,0,0,0,0,0,0,0,0,325
3287,1,0,3,3,1,1,0,5,21,1,2,1,1,0,0,0,0,0,0,0,0,325
3287,2,1,2,1,1,1,0,5,21,1,2,1,1,1,0,1,0,1,0,0,1,325
3287,3,0,1,6,0,0,0,0,0,0,0,0,0,0,0,0,0,0,0,0,0,325
3288,1,0,1,5,1,1,0,5,21,1,2,1,1,0,1,0,0,1,0,0,1,325
3288,2,1,1,3,1,1,0,5,21,1,2,1,1,1,0,0,1,1,0,0,1,325
3288,3,0,1,6,0,0,0,0,0,0,0,0,0,0,0,0,0,0,0,0,0,325
3289,1,0,3,4,1,1,0,5,21,1,2,1,1,0,0,1,0,1,0,0,1,325
3289,2,1,2,6,1,1,0,5,21,1,2,1,1,1,0,0,0,0,1,0,0,325
3289,3,0,1,6,0,0,0,0,0,0,0,0,0,0,0,0,0,0,0,0,0,325
3290,1,1,2,2,1,1,0,5,21,1,2,1,1,0,1,0,1,1,0,0,1,325
3290,2,0,3,2,1,1,0,5,21,1,2,1,1,0,1,0,0,0,0,0,0,325
3290,3,0,1,6,0,0,0,0,0,0,0,0,0,0,0,0,0,0,0,0,0,325
3291,1,1,3,4,1,1,0,5,21,1,2,1,1,1,0,0,1,0,1,1,0,325
3291,2,0,2,1,1,1,0,5,21,1,2,1,1,0,1,1,0,0,0,0,0,325
3291,3,0,1,6,0,0,0,0,0,0,0,0,0,0,0,0,0,0,0,0,0,325
3292,1,0,2,6,1,1,0,5,21,1,2,1,1,0,1,0,0,0,1,1,0,325
3292,2,1,3,4,1,1,0,5,21,1,2,1,1,0,1,0,1,1,0,1,0,325
3292,3,0,1,6,0,0,0,0,0,0,0,0,0,0,0,0,0,0,0,0,0,325
3293,1,1,1,1,1,1,0,5,21,1,2,1,1,1,0,1,0,0,1,1,0,325
3293,2,0,1,3,1,1,0,5,21,1,2,1,1,0,0,0,1,0,1,1,0,325
3293,3,0,1,6,0,0,0,0,0,0,0,0,0,0,0,0,0,0,0,0,0,325
3294,1,0,2,6,1,1,0,5,21,1,2,1,1,0,0,1,0,0,0,0,0,325
3294,2,1,3,2,1,1,0,5,21,1,2,1,1,0,0,0,0,0,1,1,0,325
3294,3,0,1,6,0,0,0,0,0,0,0,0,0,0,0,0,0,0,0,0,0,325
3295,1,0,3,5,1,0,0,4,27,0,1,1,1,0,1,0,1,0,0,1,0,326
3295,2,1,2,5,1,0,0,4,27,0,1,1,1,1,0,0,1,0,1,1,0,326
3295,3,0,1,6,0,0,0,0,0,0,0,0,0,0,0,0,0,0,0,0,0,326
3296,1,0,1,3,1,0,0,4,27,0,1,1,1,0,1,1,0,0,0,0,1,326
3296,2,1,2,3,1,0,0,4,27,0,1,1,1,0,1,1,0,0,0,1,0,326
3296,3,0,1,6,0,0,0,0,0,0,0,0,0,0,0,0,0,0,0,0,0,326
3297,1,1,3,2,1,0,0,4,27,0,1,1,1,0,0,1,0,1,0,0,0,326
3297,2,0,1,4,1,0,0,4,27,0,1,1,1,0,1,0,1,0,0,1,0,326
3297,3,0,1,6,0,0,0,0,0,0,0,0,0,0,0,0,0,0,0,0,0,326
3298,1,1,2,4,1,0,0,4,27,0,1,1,1,1,0,1,0,1,0,0,0,326
3298,2,0,3,6,1,0,0,4,27,0,1,1,1,0,1,1,0,1,0,0,1,326
3298,3,0,1,6,0,0,0,0,0,0,0,0,0,0,0,0,0,0,0,0,0,326
3299,1,1,3,2,1,0,0,4,27,0,1,1,1,1,0,0,0,1,0,1,0,326
3299,2,0,3,1,1,0,0,4,27,0,1,1,1,0,0,0,0,0,1,0,1,326
3299,3,0,1,6,0,0,0,0,0,0,0,0,0,0,0,0,0,0,0,0,0,326
3300,1,1,2,1,1,0,0,4,27,0,1,1,1,0,1,0,0,0,1,0,1,326
3300,2,0,2,5,1,0,0,4,27,0,1,1,1,0,0,1,0,0,1,0,1,326
3300,3,0,1,6,0,0,0,0,0,0,0,0,0,0,0,0,0,0,0,0,0,326
3301,1,0,1,6,1,0,0,4,27,0,1,1,1,0,0,0,0,0,1,0,1,326
3301,2,1,1,4,1,0,0,4,27,0,1,1,1,0,0,0,0,0,0,0,0,326
3301,3,0,1,6,0,0,0,0,0,0,0,0,0,0,0,0,0,0,0,0,0,326
3302,1,1,2,1,1,0,0,4,27,0,1,1,1,0,0,0,1,0,1,0,0,326
3302,2,0,1,2,1,0,0,4,27,0,1,1,1,1,0,0,1,1,0,0,0,326
3302,3,0,1,6,0,0,0,0,0,0,0,0,0,0,0,0,0,0,0,0,0,326
3303,1,1,1,3,1,0,0,4,27,0,1,1,1,1,0,0,1,0,0,1,0,326
3303,2,0,3,6,1,0,0,4,27,0,1,1,1,1,0,0,0,1,0,0,0,326
3303,3,0,1,6,0,0,0,0,0,0,0,0,0,0,0,0,0,0,0,0,0,326
3313,1,1,2,3,1,0,1,4,25,1,3,1,1,1,0,0,1,1,0,0,1,327
3313,2,0,1,4,1,0,1,4,25,1,3,1,1,1,0,1,0,0,1,1,0,327
3313,3,0,1,6,0,0,0,0,0,0,0,0,0,0,0,0,0,0,0,0,0,327
3314,1,1,3,6,1,0,1,4,25,1,3,1,1,0,1,1,0,1,0,1,0,327
3314,2,0,1,5,1,0,1,4,25,1,3,1,1,0,0,1,0,1,0,0,0,327
3314,3,0,1,6,0,0,0,0,0,0,0,0,0,0,0,0,0,0,0,0,0,327
3315,1,1,2,3,1,0,1,4,25,1,3,1,1,0,0,0,1,1,0,1,0,327
3315,2,0,2,3,1,0,1,4,25,1,3,1,1,0,0,0,1,0,0,0,1,327
3315,3,0,1,6,0,0,0,0,0,0,0,0,0,0,0,0,0,0,0,0,0,327
3316,1,0,1,2,1,0,1,4,25,1,3,1,1,0,0,1,0,0,1,1,0,327
3316,2,1,2,5,1,0,1,4,25,1,3,1,1,0,1,0,0,1,0,0,1,327
3316,3,0,1,6,0,0,0,0,0,0,0,0,0,0,0,0,0,0,0,0,0,327
3317,1,1,2,5,1,0,1,4,25,1,3,1,1,1,0,0,0,0,1,0,0,327
3317,2,0,2,6,1,0,1,4,25,1,3,1,1,1,0,0,0,0,0,1,0,327
3317,3,0,1,6,0,0,0,0,0,0,0,0,0,0,0,0,0,0,0,0,0,327
3318,1,0,1,2,1,0,1,4,25,1,3,1,1,0,1,1,0,0,1,0,0,327
3318,2,1,3,1,1,0,1,4,25,1,3,1,1,1,0,1,0,0,1,0,0,327
3318,3,0,1,6,0,0,0,0,0,0,0,0,0,0,0,0,0,0,0,0,0,327
3319,1,1,3,1,1,0,1,4,25,1,3,1,1,0,1,0,0,0,0,0,0,327
3319,2,0,3,6,1,0,1,4,25,1,3,1,1,0,0,0,1,0,0,0,0,327
3319,3,0,1,6,0,0,0,0,0,0,0,0,0,0,0,0,0,0,0,0,0,327
3320,1,0,1,4,1,0,1,4,25,1,3,1,1,0,0,0,1,0,0,0,1,327
3320,2,1,3,4,1,0,1,4,25,1,3,1,1,0,1,0,1,0,1,0,1,327
3320,3,0,1,6,0,0,0,0,0,0,0,0,0,0,0,0,0,0,0,0,0,327
3321,1,1,3,1,1,0,1,4,25,1,3,1,1,1,0,0,0,0,0,0,1,327
3321,2,0,1,2,1,0,1,4,25,1,3,1,1,0,1,0,0,1,0,1,0,327
3321,3,0,1,6,0,0,0,0,0,0,0,0,0,0,0,0,0,0,0,0,0,327
3322,1,1,1,5,1,0,0,5,26,1,3,1,1,1,0,0,1,0,0,0,0,328
3322,2,0,1,5,1,0,0,5,26,1,3,1,1,0,0,1,0,0,0,0,1,328
3322,3,0,1,6,0,0,0,0,0,0,0,0,0,0,0,0,0,0,0,0,0,328
3323,1,0,3,3,1,0,0,5,26,1,3,1,1,0,0,0,0,0,0,0,0,328
3323,2,1,2,1,1,0,0,5,26,1,3,1,1,1,0,1,0,1,0,0,1,328
3323,3,0,1,6,0,0,0,0,0,0,0,0,0,0,0,0,0,0,0,0,0,328
3324,1,1,1,5,1,0,0,5,26,1,3,1,1,0,1,0,0,1,0,0,1,328
3324,2,0,1,3,1,0,0,5,26,1,3,1,1,1,0,0,1,1,0,0,1,328
3324,3,0,1,6,0,0,0,0,0,0,0,0,0,0,0,0,0,0,0,0,0,328
3325,1,0,3,4,1,0,0,5,26,1,3,1,1,0,0,1,0,1,0,0,1,328
3325,2,1,2,6,1,0,0,5,26,1,3,1,1,1,0,0,0,0,1,0,0,328
3325,3,0,1,6,0,0,0,0,0,0,0,0,0,0,0,0,0,0,0,0,0,328
3326,1,1,2,2,1,0,0,5,26,1,3,1,1,0,1,0,1,1,0,0,1,328
3326,2,0,3,2,1,0,0,5,26,1,3,1,1,0,1,0,0,0,0,0,0,328
3326,3,0,1,6,0,0,0,0,0,0,0,0,0,0,0,0,0,0,0,0,0,328
3327,1,1,3,4,1,0,0,5,26,1,3,1,1,1,0,0,1,0,1,1,0,328
3327,2,0,2,1,1,0,0,5,26,1,3,1,1,0,1,1,0,0,0,0,0,328
3327,3,0,1,6,0,0,0,0,0,0,0,0,0,0,0,0,0,0,0,0,0,328
3328,1,0,2,6,1,0,0,5,26,1,3,1,1,0,1,0,0,0,1,1,0,328
3328,2,1,3,4,1,0,0,5,26,1,3,1,1,0,1,0,1,1,0,1,0,328
3328,3,0,1,6,0,0,0,0,0,0,0,0,0,0,0,0,0,0,0,0,0,328
3329,1,1,1,1,1,0,0,5,26,1,3,1,1,1,0,1,0,0,1,1,0,328
3329,2,0,1,3,1,0,0,5,26,1,3,1,1,0,0,0,1,0,1,1,0,328
3329,3,0,1,6,0,0,0,0,0,0,0,0,0,0,0,0,0,0,0,0,0,328
3330,1,0,2,6,1,0,0,5,26,1,3,1,1,0,0,1,0,0,0,0,0,328
3330,2,1,3,2,1,0,0,5,26,1,3,1,1,0,0,0,0,0,1,1,0,328
3330,3,0,1,6,0,0,0,0,0,0,0,0,0,0,0,0,0,0,0,0,0,328
3331,1,1,1,5,1,0,1,3,43,0,2,2,1,1,0,0,1,0,0,0,0,329
3331,2,0,1,5,1,0,1,3,43,0,2,2,1,0,0,1,0,0,0,0,1,329
3331,3,0,1,6,0,0,0,0,0,0,0,0,0,0,0,0,0,0,0,0,0,329
3332,1,0,3,3,1,0,1,3,43,0,2,2,1,0,0,0,0,0,0,0,0,329
3332,2,1,2,1,1,0,1,3,43,0,2,2,1,1,0,1,0,1,0,0,1,329
3332,3,0,1,6,0,0,0,0,0,0,0,0,0,0,0,0,0,0,0,0,0,329
3333,1,0,1,5,1,0,1,3,43,0,2,2,1,0,1,0,0,1,0,0,1,329
3333,2,1,1,3,1,0,1,3,43,0,2,2,1,1,0,0,1,1,0,0,1,329
3333,3,0,1,6,0,0,0,0,0,0,0,0,0,0,0,0,0,0,0,0,0,329
3334,1,1,3,4,1,0,1,3,43,0,2,2,1,0,0,1,0,1,0,0,1,329
3334,2,0,2,6,1,0,1,3,43,0,2,2,1,1,0,0,0,0,1,0,0,329
3334,3,0,1,6,0,0,0,0,0,0,0,0,0,0,0,0,0,0,0,0,0,329
3335,1,1,2,2,1,0,1,3,43,0,2,2,1,0,1,0,1,1,0,0,1,329
3335,2,0,3,2,1,0,1,3,43,0,2,2,1,0,1,0,0,0,0,0,0,329
3335,3,0,1,6,0,0,0,0,0,0,0,0,0,0,0,0,0,0,0,0,0,329
3336,1,1,3,4,1,0,1,3,43,0,2,2,1,1,0,0,1,0,1,1,0,329
3336,2,0,2,1,1,0,1,3,43,0,2,2,1,0,1,1,0,0,0,0,0,329
3336,3,0,1,6,0,0,0,0,0,0,0,0,0,0,0,0,0,0,0,0,0,329
3337,1,0,2,6,1,0,1,3,43,0,2,2,1,0,1,0,0,0,1,1,0,329
3337,2,1,3,4,1,0,1,3,43,0,2,2,1,0,1,0,1,1,0,1,0,329
3337,3,0,1,6,0,0,0,0,0,0,0,0,0,0,0,0,0,0,0,0,0,329
3338,1,1,1,1,1,0,1,3,43,0,2,2,1,1,0,1,0,0,1,1,0,329
3338,2,0,1,3,1,0,1,3,43,0,2,2,1,0,0,0,1,0,1,1,0,329
3338,3,0,1,6,0,0,0,0,0,0,0,0,0,0,0,0,0,0,0,0,0,329
3339,1,0,2,6,1,0,1,3,43,0,2,2,1,0,0,1,0,0,0,0,0,329
3339,2,1,3,2,1,0,1,3,43,0,2,2,1,0,0,0,0,0,1,1,0,329
3339,3,0,1,6,0,0,0,0,0,0,0,0,0,0,0,0,0,0,0,0,0,329
3340,1,1,3,5,1,0,0,4,25,0,2,2,1,0,1,0,1,0,0,1,0,330
3340,2,0,2,5,1,0,0,4,25,0,2,2,1,1,0,0,1,0,1,1,0,330
3340,3,0,1,6,0,0,0,0,0,0,0,0,0,0,0,0,0,0,0,0,0,330
3341,1,0,1,3,1,0,0,4,25,0,2,2,1,0,1,1,0,0,0,0,1,330
3341,2,1,2,3,1,0,0,4,25,0,2,2,1,0,1,1,0,0,0,1,0,330
3341,3,0,1,6,0,0,0,0,0,0,0,0,0,0,0,0,0,0,0,0,0,330
3342,1,0,3,2,1,0,0,4,25,0,2,2,1,0,0,1,0,1,0,0,0,330
3342,2,1,1,4,1,0,0,4,25,0,2,2,1,0,1,0,1,0,0,1,0,330
3342,3,0,1,6,0,0,0,0,0,0,0,0,0,0,0,0,0,0,0,0,0,330
3343,1,0,2,4,1,0,0,4,25,0,2,2,1,1,0,1,0,1,0,0,0,330
3343,2,1,3,6,1,0,0,4,25,0,2,2,1,0,1,1,0,1,0,0,1,330
3343,3,0,1,6,0,0,0,0,0,0,0,0,0,0,0,0,0,0,0,0,0,330
3344,1,1,3,2,1,0,0,4,25,0,2,2,1,1,0,0,0,1,0,1,0,330
3344,2,0,3,1,1,0,0,4,25,0,2,2,1,0,0,0,0,0,1,0,1,330
3344,3,0,1,6,0,0,0,0,0,0,0,0,0,0,0,0,0,0,0,0,0,330
3345,1,1,2,1,1,0,0,4,25,0,2,2,1,0,1,0,0,0,1,0,1,330
3345,2,0,2,5,1,0,0,4,25,0,2,2,1,0,0,1,0,0,1,0,1,330
3345,3,0,1,6,0,0,0,0,0,0,0,0,0,0,0,0,0,0,0,0,0,330
3346,1,0,1,6,1,0,0,4,25,0,2,2,1,0,0,0,0,0,1,0,1,330
3346,2,1,1,4,1,0,0,4,25,0,2,2,1,0,0,0,0,0,0,0,0,330
3346,3,0,1,6,0,0,0,0,0,0,0,0,0,0,0,0,0,0,0,0,0,330
3347,1,1,2,1,1,0,0,4,25,0,2,2,1,0,0,0,1,0,1,0,0,330
3347,2,0,1,2,1,0,0,4,25,0,2,2,1,1,0,0,1,1,0,0,0,330
3347,3,0,1,6,0,0,0,0,0,0,0,0,0,0,0,0,0,0,0,0,0,330
3348,1,1,1,3,1,0,0,4,25,0,2,2,1,1,0,0,1,0,0,1,0,330
3348,2,0,3,6,1,0,0,4,25,0,2,2,1,1,0,0,0,1,0,0,0,330
3348,3,0,1,6,0,0,0,0,0,0,0,0,0,0,0,0,0,0,0,0,0,330
3349,1,0,2,5,1,0,0,4,25,0,2,1,1,1,0,1,0,0,0,0,1,331
3349,2,1,2,1,1,0,0,4,25,0,2,1,1,0,0,0,1,1,0,0,0,331
3349,3,0,1,6,0,0,0,0,0,0,0,0,0,0,0,0,0,0,0,0,0,331
3350,1,0,2,5,1,0,0,4,25,0,2,1,1,0,0,0,0,0,0,1,0,331
3350,2,1,1,3,1,0,0,4,25,0,2,1,1,0,1,1,0,0,1,0,0,331
3350,3,0,1,6,0,0,0,0,0,0,0,0,0,0,0,0,0,0,0,0,0,331
3351,1,0,1,3,1,0,0,4,25,0,2,1,1,1,0,0,0,1,0,0,0,331
3351,2,1,2,5,1,0,0,4,25,0,2,1,1,0,1,0,1,0,1,0,0,331
3351,3,0,1,6,0,0,0,0,0,0,0,0,0,0,0,0,0,0,0,0,0,331
3352,1,0,1,4,1,0,0,4,25,0,2,1,1,0,0,0,0,1,0,1,0,331
3352,2,1,3,2,1,0,0,4,25,0,2,1,1,1,0,1,0,0,0,1,0,331
3352,3,0,1,6,0,0,0,0,0,0,0,0,0,0,0,0,0,0,0,0,0,331
3353,1,0,1,4,1,0,0,4,25,0,2,1,1,0,1,0,1,1,0,0,0,331
3353,2,1,2,1,1,0,0,4,25,0,2,1,1,0,0,0,0,1,0,1,0,331
3353,3,0,1,6,0,0,0,0,0,0,0,0,0,0,0,0,0,0,0,0,0,331
3354,1,1,3,2,1,0,0,4,25,0,2,1,1,0,0,0,1,0,1,0,1,331
3354,2,0,3,6,1,0,0,4,25,0,2,1,1,0,0,1,0,1,0,1,0,331
3354,3,0,1,6,0,0,0,0,0,0,0,0,0,0,0,0,0,0,0,0,0,331
3355,1,0,3,6,1,0,0,4,25,0,2,1,1,0,1,0,1,0,1,0,0,331
3355,2,1,1,3,1,0,0,4,25,0,2,1,1,0,1,0,0,0,1,0,1,331
3355,3,0,1,6,0,0,0,0,0,0,0,0,0,0,0,0,0,0,0,0,0,331
3356,1,0,3,6,1,0,0,4,25,0,2,1,1,1,0,1,0,0,1,0,1,331
3356,2,1,3,2,1,0,0,4,25,0,2,1,1,1,0,0,1,0,0,0,1,331
3356,3,0,1,6,0,0,0,0,0,0,0,0,0,0,0,0,0,0,0,0,0,331
3357,1,1,2,1,1,0,0,4,25,0,2,1,1,0,1,1,0,0,0,1,0,331
3357,2,0,1,4,1,0,0,4,25,0,2,1,1,1,0,0,0,0,0,0,1,331
3357,3,0,1,6,0,0,0,0,0,0,0,0,0,0,0,0,0,0,0,0,0,331
3358,1,1,2,3,1,0,1,2,38,1,2,1,1,1,0,0,1,1,0,0,1,332
3358,2,0,1,4,1,0,1,2,38,1,2,1,1,1,0,1,0,0,1,1,0,332
3358,3,0,1,6,0,0,0,0,0,0,0,0,0,0,0,0,0,0,0,0,0,332
3359,1,1,3,6,1,0,1,2,38,1,2,1,1,0,1,1,0,1,0,1,0,332
3359,2,0,1,5,1,0,1,2,38,1,2,1,1,0,0,1,0,1,0,0,0,332
3359,3,0,1,6,0,0,0,0,0,0,0,0,0,0,0,0,0,0,0,0,0,332
3360,1,0,2,3,1,0,1,2,38,1,2,1,1,0,0,0,1,1,0,1,0,332
3360,2,1,2,3,1,0,1,2,38,1,2,1,1,0,0,0,1,0,0,0,1,332
3360,3,0,1,6,0,0,0,0,0,0,0,0,0,0,0,0,0,0,0,0,0,332
3361,1,0,1,2,1,0,1,2,38,1,2,1,1,0,0,1,0,0,1,1,0,332
3361,2,1,2,5,1,0,1,2,38,1,2,1,1,0,1,0,0,1,0,0,1,332
3361,3,0,1,6,0,0,0,0,0,0,0,0,0,0,0,0,0,0,0,0,0,332
3362,1,1,2,5,1,0,1,2,38,1,2,1,1,1,0,0,0,0,1,0,0,332
3362,2,0,2,6,1,0,1,2,38,1,2,1,1,1,0,0,0,0,0,1,0,332
3362,3,0,1,6,0,0,0,0,0,0,0,0,0,0,0,0,0,0,0,0,0,332
3363,1,1,1,2,1,0,1,2,38,1,2,1,1,0,1,1,0,0,1,0,0,332
3363,2,0,3,1,1,0,1,2,38,1,2,1,1,1,0,1,0,0,1,0,0,332
3363,3,0,1,6,0,0,0,0,0,0,0,0,0,0,0,0,0,0,0,0,0,332
3364,1,1,3,1,1,0,1,2,38,1,2,1,1,0,1,0,0,0,0,0,0,332
3364,2,0,3,6,1,0,1,2,38,1,2,1,1,0,0,0,1,0,0,0,0,332
3364,3,0,1,6,0,0,0,0,0,0,0,0,0,0,0,0,0,0,0,0,0,332
3365,1,0,1,4,1,0,1,2,38,1,2,1,1,0,0,0,1,0,0,0,1,332
3365,2,1,3,4,1,0,1,2,38,1,2,1,1,0,1,0,1,0,1,0,1,332
3365,3,0,1,6,0,0,0,0,0,0,0,0,0,0,0,0,0,0,0,0,0,332
3366,1,1,3,1,1,0,1,2,38,1,2,1,1,1,0,0,0,0,0,0,1,332
3366,2,0,1,2,1,0,1,2,38,1,2,1,1,0,1,0,0,1,0,1,0,332
3366,3,0,1,6,0,0,0,0,0,0,0,0,0,0,0,0,0,0,0,0,0,332
3367,1,0,2,5,1,0,1,5,24,1,2,1,0,1,0,1,0,0,0,0,1,333
3367,2,1,2,1,1,0,1,5,24,1,2,1,0,0,0,0,1,1,0,0,0,333
3367,3,0,1,6,0,0,0,0,0,0,0,0,0,0,0,0,0,0,0,0,0,333
3368,1,0,2,5,1,0,1,5,24,1,2,1,0,0,0,0,0,0,0,1,0,333
3368,2,1,1,3,1,0,1,5,24,1,2,1,0,0,1,1,0,0,1,0,0,333
3368,3,0,1,6,0,0,0,0,0,0,0,0,0,0,0,0,0,0,0,0,0,333
3369,1,0,1,3,1,0,1,5,24,1,2,1,0,1,0,0,0,1,0,0,0,333
3369,2,1,2,5,1,0,1,5,24,1,2,1,0,0,1,0,1,0,1,0,0,333
3369,3,0,1,6,0,0,0,0,0,0,0,0,0,0,0,0,0,0,0,0,0,333
3370,1,0,1,4,1,0,1,5,24,1,2,1,0,0,0,0,0,1,0,1,0,333
3370,2,1,3,2,1,0,1,5,24,1,2,1,0,1,0,1,0,0,0,1,0,333
3370,3,0,1,6,0,0,0,0,0,0,0,0,0,0,0,0,0,0,0,0,0,333
3371,1,0,1,4,1,0,1,5,24,1,2,1,0,0,1,0,1,1,0,0,0,333
3371,2,1,2,1,1,0,1,5,24,1,2,1,0,0,0,0,0,1,0,1,0,333
3371,3,0,1,6,0,0,0,0,0,0,0,0,0,0,0,0,0,0,0,0,0,333
3372,1,1,3,2,1,0,1,5,24,1,2,1,0,0,0,0,1,0,1,0,1,333
3372,2,0,3,6,1,0,1,5,24,1,2,1,0,0,0,1,0,1,0,1,0,333
3372,3,0,1,6,0,0,0,0,0,0,0,0,0,0,0,0,0,0,0,0,0,333
3373,1,1,3,6,1,0,1,5,24,1,2,1,0,0,1,0,1,0,1,0,0,333
3373,2,0,1,3,1,0,1,5,24,1,2,1,0,0,1,0,0,0,1,0,1,333
3373,3,0,1,6,0,0,0,0,0,0,0,0,0,0,0,0,0,0,0,0,0,333
3374,1,0,3,6,1,0,1,5,24,1,2,1,0,1,0,1,0,0,1,0,1,333
3374,2,1,3,2,1,0,1,5,24,1,2,1,0,1,0,0,1,0,0,0,1,333
3374,3,0,1,6,0,0,0,0,0,0,0,0,0,0,0,0,0,0,0,0,0,333
3375,1,1,2,1,1,0,1,5,24,1,2,1,0,0,1,1,0,0,0,1,0,333
3375,2,0,1,4,1,0,1,5,24,1,2,1,0,1,0,0,0,0,0,0,1,333
3375,3,0,1,6,0,0,0,0,0,0,0,0,0,0,0,0,0,0,0,0,0,333
3376,1,1,2,3,1,0,1,4,41,1,2,2,1,1,0,0,1,1,0,0,1,334
3376,2,0,1,4,1,0,1,4,41,1,2,2,1,1,0,1,0,0,1,1,0,334
3376,3,0,1,6,0,0,0,0,0,0,0,0,0,0,0,0,0,0,0,0,0,334
3377,1,1,3,6,1,0,1,4,41,1,2,2,1,0,1,1,0,1,0,1,0,334
3377,2,0,1,5,1,0,1,4,41,1,2,2,1,0,0,1,0,1,0,0,0,334
3377,3,0,1,6,0,0,0,0,0,0,0,0,0,0,0,0,0,0,0,0,0,334
3378,1,1,2,3,1,0,1,4,41,1,2,2,1,0,0,0,1,1,0,1,0,334
3378,2,0,2,3,1,0,1,4,41,1,2,2,1,0,0,0,1,0,0,0,1,334
3378,3,0,1,6,0,0,0,0,0,0,0,0,0,0,0,0,0,0,0,0,0,334
3379,1,0,1,2,1,0,1,4,41,1,2,2,1,0,0,1,0,0,1,1,0,334
3379,2,1,2,5,1,0,1,4,41,1,2,2,1,0,1,0,0,1,0,0,1,334
3379,3,0,1,6,0,0,0,0,0,0,0,0,0,0,0,0,0,0,0,0,0,334
3380,1,1,2,5,1,0,1,4,41,1,2,2,1,1,0,0,0,0,1,0,0,334
3380,2,0,2,6,1,0,1,4,41,1,2,2,1,1,0,0,0,0,0,1,0,334
3380,3,0,1,6,0,0,0,0,0,0,0,0,0,0,0,0,0,0,0,0,0,334
3381,1,1,1,2,1,0,1,4,41,1,2,2,1,0,1,1,0,0,1,0,0,334
3381,2,0,3,1,1,0,1,4,41,1,2,2,1,1,0,1,0,0,1,0,0,334
3381,3,0,1,6,0,0,0,0,0,0,0,0,0,0,0,0,0,0,0,0,0,334
3382,1,1,3,1,1,0,1,4,41,1,2,2,1,0,1,0,0,0,0,0,0,334
3382,2,0,3,6,1,0,1,4,41,1,2,2,1,0,0,0,1,0,0,0,0,334
3382,3,0,1,6,0,0,0,0,0,0,0,0,0,0,0,0,0,0,0,0,0,334
3383,1,0,1,4,1,0,1,4,41,1,2,2,1,0,0,0,1,0,0,0,1,334
3383,2,1,3,4,1,0,1,4,41,1,2,2,1,0,1,0,1,0,1,0,1,334
3383,3,0,1,6,0,0,0,0,0,0,0,0,0,0,0,0,0,0,0,0,0,334
3384,1,0,3,1,1,0,1,4,41,1,2,2,1,1,0,0,0,0,0,0,1,334
3384,2,1,1,2,1,0,1,4,41,1,2,2,1,0,1,0,0,1,0,1,0,334
3384,3,0,1,6,0,0,0,0,0,0,0,0,0,0,0,0,0,0,0,0,0,334
3385,1,1,3,5,1,0,1,3,24,0,1,1,1,0,1,0,1,0,0,1,0,335
3385,2,0,2,5,1,0,1,3,24,0,1,1,1,1,0,0,1,0,1,1,0,335
3385,3,0,1,6,0,0,0,0,0,0,0,0,0,0,0,0,0,0,0,0,0,335
3386,1,0,1,3,1,0,1,3,24,0,1,1,1,0,1,1,0,0,0,0,1,335
3386,2,1,2,3,1,0,1,3,24,0,1,1,1,0,1,1,0,0,0,1,0,335
3386,3,0,1,6,0,0,0,0,0,0,0,0,0,0,0,0,0,0,0,0,0,335
3387,1,0,3,2,1,0,1,3,24,0,1,1,1,0,0,1,0,1,0,0,0,335
3387,2,1,1,4,1,0,1,3,24,0,1,1,1,0,1,0,1,0,0,1,0,335
3387,3,0,1,6,0,0,0,0,0,0,0,0,0,0,0,0,0,0,0,0,0,335
3388,1,0,2,4,1,0,1,3,24,0,1,1,1,1,0,1,0,1,0,0,0,335
3388,2,1,3,6,1,0,1,3,24,0,1,1,1,0,1,1,0,1,0,0,1,335
3388,3,0,1,6,0,0,0,0,0,0,0,0,0,0,0,0,0,0,0,0,0,335
3389,1,1,3,2,1,0,1,3,24,0,1,1,1,1,0,0,0,1,0,1,0,335
3389,2,0,3,1,1,0,1,3,24,0,1,1,1,0,0,0,0,0,1,0,1,335
3389,3,0,1,6,0,0,0,0,0,0,0,0,0,0,0,0,0,0,0,0,0,335
3390,1,1,2,1,1,0,1,3,24,0,1,1,1,0,1,0,0,0,1,0,1,335
3390,2,0,2,5,1,0,1,3,24,0,1,1,1,0,0,1,0,0,1,0,1,335
3390,3,0,1,6,0,0,0,0,0,0,0,0,0,0,0,0,0,0,0,0,0,335
3391,1,0,1,6,1,0,1,3,24,0,1,1,1,0,0,0,0,0,1,0,1,335
3391,2,1,1,4,1,0,1,3,24,0,1,1,1,0,0,0,0,0,0,0,0,335
3391,3,0,1,6,0,0,0,0,0,0,0,0,0,0,0,0,0,0,0,0,0,335
3392,1,0,2,1,1,0,1,3,24,0,1,1,1,0,0,0,1,0,1,0,0,335
3392,2,1,1,2,1,0,1,3,24,0,1,1,1,1,0,0,1,1,0,0,0,335
3392,3,0,1,6,0,0,0,0,0,0,0,0,0,0,0,0,0,0,0,0,0,335
3393,1,1,1,3,1,0,1,3,24,0,1,1,1,1,0,0,1,0,0,1,0,335
3393,2,0,3,6,1,0,1,3,24,0,1,1,1,1,0,0,0,1,0,0,0,335
3393,3,0,1,6,0,0,0,0,0,0,0,0,0,0,0,0,0,0,0,0,0,335
3394,1,0,2,3,1,0,1,5,28,0,3,1,1,1,0,0,1,1,0,0,1,336
3394,2,0,1,4,1,0,1,5,28,0,3,1,1,1,0,1,0,0,1,1,0,336
3394,3,1,1,6,0,0,0,0,0,0,0,0,0,0,0,0,0,0,0,0,0,336
3395,1,0,3,6,1,0,1,5,28,0,3,1,1,0,1,1,0,1,0,1,0,336
3395,2,0,1,5,1,0,1,5,28,0,3,1,1,0,0,1,0,1,0,0,0,336
3395,3,1,1,6,0,0,0,0,0,0,0,0,0,0,0,0,0,0,0,0,0,336
3396,1,0,2,3,1,0,1,5,28,0,3,1,1,0,0,0,1,1,0,1,0,336
3396,2,0,2,3,1,0,1,5,28,0,3,1,1,0,0,0,1,0,0,0,1,336
3396,3,1,1,6,0,0,0,0,0,0,0,0,0,0,0,0,0,0,0,0,0,336
3397,1,0,1,2,1,0,1,5,28,0,3,1,1,0,0,1,0,0,1,1,0,336
3397,2,0,2,5,1,0,1,5,28,0,3,1,1,0,1,0,0,1,0,0,1,336
3397,3,1,1,6,0,0,0,0,0,0,0,0,0,0,0,0,0,0,0,0,0,336
3398,1,0,2,5,1,0,1,5,28,0,3,1,1,1,0,0,0,0,1,0,0,336
3398,2,0,2,6,1,0,1,5,28,0,3,1,1,1,0,0,0,0,0,1,0,336
3398,3,1,1,6,0,0,0,0,0,0,0,0,0,0,0,0,0,0,0,0,0,336
3399,1,0,1,2,1,0,1,5,28,0,3,1,1,0,1,1,0,0,1,0,0,336
3399,2,0,3,1,1,0,1,5,28,0,3,1,1,1,0,1,0,0,1,0,0,336
3399,3,1,1,6,0,0,0,0,0,0,0,0,0,0,0,0,0,0,0,0,0,336
3400,1,0,3,1,1,0,1,5,28,0,3,1,1,0,1,0,0,0,0,0,0,336
3400,2,0,3,6,1,0,1,5,28,0,3,1,1,0,0,0,1,0,0,0,0,336
3400,3,1,1,6,0,0,0,0,0,0,0,0,0,0,0,0,0,0,0,0,0,336
3401,1,0,1,4,1,0,1,5,28,0,3,1,1,0,0,0,1,0,0,0,1,336
3401,2,0,3,4,1,0,1,5,28,0,3,1,1,0,1,0,1,0,1,0,1,336
3401,3,1,1,6,0,0,0,0,0,0,0,0,0,0,0,0,0,0,0,0,0,336
3402,1,0,3,1,1,0,1,5,28,0,3,1,1,1,0,0,0,0,0,0,1,336
3402,2,0,1,2,1,0,1,5,28,0,3,1,1,0,1,0,0,1,0,1,0,336
3402,3,1,1,6,0,0,0,0,0,0,0,0,0,0,0,0,0,0,0,0,0,336
3403,1,1,2,3,1,0,1,3,23,0,2,1,1,1,0,0,1,1,0,0,1,337
3403,2,0,1,4,1,0,1,3,23,0,2,1,1,1,0,1,0,0,1,1,0,337
3403,3,0,1,6,0,0,0,0,0,0,0,0,0,0,0,0,0,0,0,0,0,337
3404,1,1,3,6,1,0,1,3,23,0,2,1,1,0,1,1,0,1,0,1,0,337
3404,2,0,1,5,1,0,1,3,23,0,2,1,1,0,0,1,0,1,0,0,0,337
3404,3,0,1,6,0,0,0,0,0,0,0,0,0,0,0,0,0,0,0,0,0,337
3405,1,0,2,3,1,0,1,3,23,0,2,1,1,0,0,0,1,1,0,1,0,337
3405,2,1,2,3,1,0,1,3,23,0,2,1,1,0,0,0,1,0,0,0,1,337
3405,3,0,1,6,0,0,0,0,0,0,0,0,0,0,0,0,0,0,0,0,0,337
3406,1,0,1,2,1,0,1,3,23,0,2,1,1,0,0,1,0,0,1,1,0,337
3406,2,1,2,5,1,0,1,3,23,0,2,1,1,0,1,0,0,1,0,0,1,337
3406,3,0,1,6,0,0,0,0,0,0,0,0,0,0,0,0,0,0,0,0,0,337
3407,1,1,2,5,1,0,1,3,23,0,2,1,1,1,0,0,0,0,1,0,0,337
3407,2,0,2,6,1,0,1,3,23,0,2,1,1,1,0,0,0,0,0,1,0,337
3407,3,0,1,6,0,0,0,0,0,0,0,0,0,0,0,0,0,0,0,0,0,337
3408,1,0,1,2,1,0,1,3,23,0,2,1,1,0,1,1,0,0,1,0,0,337
3408,2,1,3,1,1,0,1,3,23,0,2,1,1,1,0,1,0,0,1,0,0,337
3408,3,0,1,6,0,0,0,0,0,0,0,0,0,0,0,0,0,0,0,0,0,337
3409,1,1,3,1,1,0,1,3,23,0,2,1,1,0,1,0,0,0,0,0,0,337
3409,2,0,3,6,1,0,1,3,23,0,2,1,1,0,0,0,1,0,0,0,0,337
3409,3,0,1,6,0,0,0,0,0,0,0,0,0,0,0,0,0,0,0,0,0,337
3410,1,0,1,4,1,0,1,3,23,0,2,1,1,0,0,0,1,0,0,0,1,337
3410,2,1,3,4,1,0,1,3,23,0,2,1,1,0,1,0,1,0,1,0,1,337
3410,3,0,1,6,0,0,0,0,0,0,0,0,0,0,0,0,0,0,0,0,0,337
3411,1,1,3,1,1,0,1,3,23,0,2,1,1,1,0,0,0,0,0,0,1,337
3411,2,0,1,2,1,0,1,3,23,0,2,1,1,0,1,0,0,1,0,1,0,337
3411,3,0,1,6,0,0,0,0,0,0,0,0,0,0,0,0,0,0,0,0,0,337
3412,1,0,2,5,1,1,1,3,19,0,2,2,1,1,0,1,0,0,0,0,1,338
3412,2,1,2,1,1,1,1,3,19,0,2,2,1,0,0,0,1,1,0,0,0,338
3412,3,0,1,6,0,0,0,0,0,0,0,0,0,0,0,0,0,0,0,0,0,338
3413,1,0,2,5,1,1,1,3,19,0,2,2,1,0,0,0,0,0,0,1,0,338
3413,2,1,1,3,1,1,1,3,19,0,2,2,1,0,1,1,0,0,1,0,0,338
3413,3,0,1,6,0,0,0,0,0,0,0,0,0,0,0,0,0,0,0,0,0,338
3414,1,0,1,3,1,1,1,3,19,0,2,2,1,1,0,0,0,1,0,0,0,338
3414,2,1,2,5,1,1,1,3,19,0,2,2,1,0,1,0,1,0,1,0,0,338
3414,3,0,1,6,0,0,0,0,0,0,0,0,0,0,0,0,0,0,0,0,0,338
3415,1,0,1,4,1,1,1,3,19,0,2,2,1,0,0,0,0,1,0,1,0,338
3415,2,1,3,2,1,1,1,3,19,0,2,2,1,1,0,1,0,0,0,1,0,338
3415,3,0,1,6,0,0,0,0,0,0,0,0,0,0,0,0,0,0,0,0,0,338
3416,1,0,1,4,1,1,1,3,19,0,2,2,1,0,1,0,1,1,0,0,0,338
3416,2,1,2,1,1,1,1,3,19,0,2,2,1,0,0,0,0,1,0,1,0,338
3416,3,0,1,6,0,0,0,0,0,0,0,0,0,0,0,0,0,0,0,0,0,338
3417,1,1,3,2,1,1,1,3,19,0,2,2,1,0,0,0,1,0,1,0,1,338
3417,2,0,3,6,1,1,1,3,19,0,2,2,1,0,0,1,0,1,0,1,0,338
3417,3,0,1,6,0,0,0,0,0,0,0,0,0,0,0,0,0,0,0,0,0,338
3418,1,0,3,6,1,1,1,3,19,0,2,2,1,0,1,0,1,0,1,0,0,338
3418,2,1,1,3,1,1,1,3,19,0,2,2,1,0,1,0,0,0,1,0,1,338
3418,3,0,1,6,0,0,0,0,0,0,0,0,0,0,0,0,0,0,0,0,0,338
3419,1,0,3,6,1,1,1,3,19,0,2,2,1,1,0,1,0,0,1,0,1,338
3419,2,1,3,2,1,1,1,3,19,0,2,2,1,1,0,0,1,0,0,0,1,338
3419,3,0,1,6,0,0,0,0,0,0,0,0,0,0,0,0,0,0,0,0,0,338
3420,1,1,2,1,1,1,1,3,19,0,2,2,1,0,1,1,0,0,0,1,0,338
3420,2,0,1,4,1,1,1,3,19,0,2,2,1,1,0,0,0,0,0,0,1,338
3420,3,0,1,6,0,0,0,0,0,0,0,0,0,0,0,0,0,0,0,0,0,338
3421,1,0,3,5,1,1,1,2,30,1,3,2,1,0,1,0,1,0,0,1,0,339
3421,2,1,2,5,1,1,1,2,30,1,3,2,1,1,0,0,1,0,1,1,0,339
3421,3,0,1,6,0,0,0,0,0,0,0,0,0,0,0,0,0,0,0,0,0,339
3422,1,0,1,3,1,1,1,2,30,1,3,2,1,0,1,1,0,0,0,0,1,339
3422,2,0,2,3,1,1,1,2,30,1,3,2,1,0,1,1,0,0,0,1,0,339
3422,3,1,1,6,0,0,0,0,0,0,0,0,0,0,0,0,0,0,0,0,0,339
3423,1,1,3,2,1,1,1,2,30,1,3,2,1,0,0,1,0,1,0,0,0,339
3423,2,0,1,4,1,1,1,2,30,1,3,2,1,0,1,0,1,0,0,1,0,339
3423,3,0,1,6,0,0,0,0,0,0,0,0,0,0,0,0,0,0,0,0,0,339
3424,1,1,2,4,1,1,1,2,30,1,3,2,1,1,0,1,0,1,0,0,0,339
3424,2,0,3,6,1,1,1,2,30,1,3,2,1,0,1,1,0,1,0,0,1,339
3424,3,0,1,6,0,0,0,0,0,0,0,0,0,0,0,0,0,0,0,0,0,339
3425,1,1,3,2,1,1,1,2,30,1,3,2,1,1,0,0,0,1,0,1,0,339
3425,2,0,3,1,1,1,1,2,30,1,3,2,1,0,0,0,0,0,1,0,1,339
3425,3,0,1,6,0,0,0,0,0,0,0,0,0,0,0,0,0,0,0,0,0,339
3426,1,0,2,1,1,1,1,2,30,1,3,2,1,0,1,0,0,0,1,0,1,339
3426,2,1,2,5,1,1,1,2,30,1,3,2,1,0,0,1,0,0,1,0,1,339
3426,3,0,1,6,0,0,0,0,0,0,0,0,0,0,0,0,0,0,0,0,0,339
3427,1,0,1,6,1,1,1,2,30,1,3,2,1,0,0,0,0,0,1,0,1,339
3427,2,1,1,4,1,1,1,2,30,1,3,2,1,0,0,0,0,0,0,0,0,339
3427,3,0,1,6,0,0,0,0,0,0,0,0,0,0,0,0,0,0,0,0,0,339
3428,1,0,2,1,1,1,1,2,30,1,3,2,1,0,0,0,1,0,1,0,0,339
3428,2,1,1,2,1,1,1,2,30,1,3,2,1,1,0,0,1,1,0,0,0,339
3428,3,0,1,6,0,0,0,0,0,0,0,0,0,0,0,0,0,0,0,0,0,339
3429,1,0,1,3,1,1,1,2,30,1,3,2,1,1,0,0,1,0,0,1,0,339
3429,2,1,3,6,1,1,1,2,30,1,3,2,1,1,0,0,0,1,0,0,0,339
3429,3,0,1,6,0,0,0,0,0,0,0,0,0,0,0,0,0,0,0,0,0,339
3430,1,0,2,5,1,1,0,5,20,1,1,1,1,1,0,1,0,0,0,0,1,340
3430,2,1,2,1,1,1,0,5,20,1,1,1,1,0,0,0,1,1,0,0,0,340
3430,3,0,1,6,0,0,0,0,0,0,0,0,0,0,0,0,0,0,0,0,0,340
3431,1,0,2,5,1,1,0,5,20,1,1,1,1,0,0,0,0,0,0,1,0,340
3431,2,1,1,3,1,1,0,5,20,1,1,1,1,0,1,1,0,0,1,0,0,340
3431,3,0,1,6,0,0,0,0,0,0,0,0,0,0,0,0,0,0,0,0,0,340
3432,1,0,1,3,1,1,0,5,20,1,1,1,1,1,0,0,0,1,0,0,0,340
3432,2,1,2,5,1,1,0,5,20,1,1,1,1,0,1,0,1,0,1,0,0,340
3432,3,0,1,6,0,0,0,0,0,0,0,0,0,0,0,0,0,0,0,0,0,340
3433,1,0,1,4,1,1,0,5,20,1,1,1,1,0,0,0,0,1,0,1,0,340
3433,2,1,3,2,1,1,0,5,20,1,1,1,1,1,0,1,0,0,0,1,0,340
3433,3,0,1,6,0,0,0,0,0,0,0,0,0,0,0,0,0,0,0,0,0,340
3434,1,1,1,4,1,1,0,5,20,1,1,1,1,0,1,0,1,1,0,0,0,340
3434,2,0,2,1,1,1,0,5,20,1,1,1,1,0,0,0,0,1,0,1,0,340
3434,3,0,1,6,0,0,0,0,0,0,0,0,0,0,0,0,0,0,0,0,0,340
3435,1,1,3,2,1,1,0,5,20,1,1,1,1,0,0,0,1,0,1,0,1,340
3435,2,0,3,6,1,1,0,5,20,1,1,1,1,0,0,1,0,1,0,1,0,340
3435,3,0,1,6,0,0,0,0,0,0,0,0,0,0,0,0,0,0,0,0,0,340
3436,1,0,3,6,1,1,0,5,20,1,1,1,1,0,1,0,1,0,1,0,0,340
3436,2,1,1,3,1,1,0,5,20,1,1,1,1,0,1,0,0,0,1,0,1,340
3436,3,0,1,6,0,0,0,0,0,0,0,0,0,0,0,0,0,0,0,0,0,340
3437,1,0,3,6,1,1,0,5,20,1,1,1,1,1,0,1,0,0,1,0,1,340
3437,2,1,3,2,1,1,0,5,20,1,1,1,1,1,0,0,1,0,0,0,1,340
3437,3,0,1,6,0,0,0,0,0,0,0,0,0,0,0,0,0,0,0,0,0,340
3438,1,1,2,1,1,1,0,5,20,1,1,1,1,0,1,1,0,0,0,1,0,340
3438,2,0,1,4,1,1,0,5,20,1,1,1,1,1,0,0,0,0,0,0,1,340
3438,3,0,1,6,0,0,0,0,0,0,0,0,0,0,0,0,0,0,0,0,0,340
3439,1,0,3,5,1,0,1,5,23,0,1,1,1,0,1,0,1,0,0,1,0,341
3439,2,1,2,5,1,0,1,5,23,0,1,1,1,1,0,0,1,0,1,1,0,341
3439,3,0,1,6,0,0,0,0,0,0,0,0,0,0,0,0,0,0,0,0,0,341
3440,1,0,1,3,1,0,1,5,23,0,1,1,1,0,1,1,0,0,0,0,1,341
3440,2,0,2,3,1,0,1,5,23,0,1,1,1,0,1,1,0,0,0,1,0,341
3440,3,1,1,6,0,0,0,0,0,0,0,0,0,0,0,0,0,0,0,0,0,341
3441,1,0,3,2,1,0,1,5,23,0,1,1,1,0,0,1,0,1,0,0,0,341
3441,2,1,1,4,1,0,1,5,23,0,1,1,1,0,1,0,1,0,0,1,0,341
3441,3,0,1,6,0,0,0,0,0,0,0,0,0,0,0,0,0,0,0,0,0,341
3442,1,1,2,4,1,0,1,5,23,0,1,1,1,1,0,1,0,1,0,0,0,341
3442,2,0,3,6,1,0,1,5,23,0,1,1,1,0,1,1,0,1,0,0,1,341
3442,3,0,1,6,0,0,0,0,0,0,0,0,0,0,0,0,0,0,0,0,0,341
3443,1,1,3,2,1,0,1,5,23,0,1,1,1,1,0,0,0,1,0,1,0,341
3443,2,0,3,1,1,0,1,5,23,0,1,1,1,0,0,0,0,0,1,0,1,341
3443,3,0,1,6,0,0,0,0,0,0,0,0,0,0,0,0,0,0,0,0,0,341
3444,1,1,2,1,1,0,1,5,23,0,1,1,1,0,1,0,0,0,1,0,1,341
3444,2,0,2,5,1,0,1,5,23,0,1,1,1,0,0,1,0,0,1,0,1,341
3444,3,0,1,6,0,0,0,0,0,0,0,0,0,0,0,0,0,0,0,0,0,341
3445,1,0,1,6,1,0,1,5,23,0,1,1,1,0,0,0,0,0,1,0,1,341
3445,2,1,1,4,1,0,1,5,23,0,1,1,1,0,0,0,0,0,0,0,0,341
3445,3,0,1,6,0,0,0,0,0,0,0,0,0,0,0,0,0,0,0,0,0,341
3446,1,1,2,1,1,0,1,5,23,0,1,1,1,0,0,0,1,0,1,0,0,341
3446,2,0,1,2,1,0,1,5,23,0,1,1,1,1,0,0,1,1,0,0,0,341
3446,3,0,1,6,0,0,0,0,0,0,0,0,0,0,0,0,0,0,0,0,0,341
3447,1,1,1,3,1,0,1,5,23,0,1,1,1,1,0,0,1,0,0,1,0,341
3447,2,0,3,6,1,0,1,5,23,0,1,1,1,1,0,0,0,1,0,0,0,341
3447,3,0,1,6,0,0,0,0,0,0,0,0,0,0,0,0,0,0,0,0,0,341
3448,1,0,1,5,1,1,0,4,26,1,2,1,1,1,0,0,1,0,0,0,0,342
3448,2,0,1,5,1,1,0,4,26,1,2,1,1,0,0,1,0,0,0,0,1,342
3448,3,1,1,6,0,0,0,0,0,0,0,0,0,0,0,0,0,0,0,0,0,342
3449,1,0,3,3,1,1,0,4,26,1,2,1,1,0,0,0,0,0,0,0,0,342
3449,2,1,2,1,1,1,0,4,26,1,2,1,1,1,0,1,0,1,0,0,1,342
3449,3,0,1,6,0,0,0,0,0,0,0,0,0,0,0,0,0,0,0,0,0,342
3450,1,0,1,5,1,1,0,4,26,1,2,1,1,0,1,0,0,1,0,0,1,342
3450,2,0,1,3,1,1,0,4,26,1,2,1,1,1,0,0,1,1,0,0,1,342
3450,3,1,1,6,0,0,0,0,0,0,0,0,0,0,0,0,0,0,0,0,0,342
3451,1,0,3,4,1,1,0,4,26,1,2,1,1,0,0,1,0,1,0,0,1,342
3451,2,0,2,6,1,1,0,4,26,1,2,1,1,1,0,0,0,0,1,0,0,342
3451,3,1,1,6,0,0,0,0,0,0,0,0,0,0,0,0,0,0,0,0,0,342
3452,1,1,2,2,1,1,0,4,26,1,2,1,1,0,1,0,1,1,0,0,1,342
3452,2,0,3,2,1,1,0,4,26,1,2,1,1,0,1,0,0,0,0,0,0,342
3452,3,0,1,6,0,0,0,0,0,0,0,0,0,0,0,0,0,0,0,0,0,342
3453,1,0,3,4,1,1,0,4,26,1,2,1,1,1,0,0,1,0,1,1,0,342
3453,2,0,2,1,1,1,0,4,26,1,2,1,1,0,1,1,0,0,0,0,0,342
3453,3,1,1,6,0,0,0,0,0,0,0,0,0,0,0,0,0,0,0,0,0,342
3454,1,0,2,6,1,1,0,4,26,1,2,1,1,0,1,0,0,0,1,1,0,342
3454,2,0,3,4,1,1,0,4,26,1,2,1,1,0,1,0,1,1,0,1,0,342
3454,3,1,1,6,0,0,0,0,0,0,0,0,0,0,0,0,0,0,0,0,0,342
3455,1,0,1,1,1,1,0,4,26,1,2,1,1,1,0,1,0,0,1,1,0,342
3455,2,0,1,3,1,1,0,4,26,1,2,1,1,0,0,0,1,0,1,1,0,342
3455,3,1,1,6,0,0,0,0,0,0,0,0,0,0,0,0,0,0,0,0,0,342
3456,1,0,2,6,1,1,0,4,26,1,2,1,1,0,0,1,0,0,0,0,0,342
3456,2,0,3,2,1,1,0,4,26,1,2,1,1,0,0,0,0,0,1,1,0,342
3456,3,1,1,6,0,0,0,0,0,0,0,0,0,0,0,0,0,0,0,0,0,342
3457,1,1,3,5,1,0,0,5,24,0,1,1,1,0,1,0,1,0,0,1,0,343
3457,2,0,2,5,1,0,0,5,24,0,1,1,1,1,0,0,1,0,1,1,0,343
3457,3,0,1,6,0,0,0,0,0,0,0,0,0,0,0,0,0,0,0,0,0,343
3458,1,0,1,3,1,0,0,5,24,0,1,1,1,0,1,1,0,0,0,0,1,343
3458,2,1,2,3,1,0,0,5,24,0,1,1,1,0,1,1,0,0,0,1,0,343
3458,3,0,1,6,0,0,0,0,0,0,0,0,0,0,0,0,0,0,0,0,0,343
3459,1,1,3,2,1,0,0,5,24,0,1,1,1,0,0,1,0,1,0,0,0,343
3459,2,0,1,4,1,0,0,5,24,0,1,1,1,0,1,0,1,0,0,1,0,343
3459,3,0,1,6,0,0,0,0,0,0,0,0,0,0,0,0,0,0,0,0,0,343
3460,1,1,2,4,1,0,0,5,24,0,1,1,1,1,0,1,0,1,0,0,0,343
3460,2,0,3,6,1,0,0,5,24,0,1,1,1,0,1,1,0,1,0,0,1,343
3460,3,0,1,6,0,0,0,0,0,0,0,0,0,0,0,0,0,0,0,0,0,343
3461,1,1,3,2,1,0,0,5,24,0,1,1,1,1,0,0,0,1,0,1,0,343
3461,2,0,3,1,1,0,0,5,24,0,1,1,1,0,0,0,0,0,1,0,1,343
3461,3,0,1,6,0,0,0,0,0,0,0,0,0,0,0,0,0,0,0,0,0,343
3462,1,1,2,1,1,0,0,5,24,0,1,1,1,0,1,0,0,0,1,0,1,343
3462,2,0,2,5,1,0,0,5,24,0,1,1,1,0,0,1,0,0,1,0,1,343
3462,3,0,1,6,0,0,0,0,0,0,0,0,0,0,0,0,0,0,0,0,0,343
3463,1,0,1,6,1,0,0,5,24,0,1,1,1,0,0,0,0,0,1,0,1,343
3463,2,1,1,4,1,0,0,5,24,0,1,1,1,0,0,0,0,0,0,0,0,343
3463,3,0,1,6,0,0,0,0,0,0,0,0,0,0,0,0,0,0,0,0,0,343
3464,1,0,2,1,1,0,0,5,24,0,1,1,1,0,0,0,1,0,1,0,0,343
3464,2,1,1,2,1,0,0,5,24,0,1,1,1,1,0,0,1,1,0,0,0,343
3464,3,0,1,6,0,0,0,0,0,0,0,0,0,0,0,0,0,0,0,0,0,343
3465,1,1,1,3,1,0,0,5,24,0,1,1,1,1,0,0,1,0,0,1,0,343
3465,2,0,3,6,1,0,0,5,24,0,1,1,1,1,0,0,0,1,0,0,0,343
3465,3,0,1,6,0,0,0,0,0,0,0,0,0,0,0,0,0,0,0,0,0,343
3466,1,1,1,5,1,1,1,5,28,0,1,1,1,1,0,0,1,0,0,0,0,344
3466,2,0,1,5,1,1,1,5,28,0,1,1,1,0,0,1,0,0,0,0,1,344
3466,3,0,1,6,0,0,0,0,0,0,0,0,0,0,0,0,0,0,0,0,0,344
3467,1,0,3,3,1,1,1,5,28,0,1,1,1,0,0,0,0,0,0,0,0,344
3467,2,1,2,1,1,1,1,5,28,0,1,1,1,1,0,1,0,1,0,0,1,344
3467,3,0,1,6,0,0,0,0,0,0,0,0,0,0,0,0,0,0,0,0,0,344
3468,1,0,1,5,1,1,1,5,28,0,1,1,1,0,1,0,0,1,0,0,1,344
3468,2,0,1,3,1,1,1,5,28,0,1,1,1,1,0,0,1,1,0,0,1,344
3468,3,1,1,6,0,0,0,0,0,0,0,0,0,0,0,0,0,0,0,0,0,344
3469,1,0,3,4,1,1,1,5,28,0,1,1,1,0,0,1,0,1,0,0,1,344
3469,2,0,2,6,1,1,1,5,28,0,1,1,1,1,0,0,0,0,1,0,0,344
3469,3,1,1,6,0,0,0,0,0,0,0,0,0,0,0,0,0,0,0,0,0,344
3470,1,0,2,2,1,1,1,5,28,0,1,1,1,0,1,0,1,1,0,0,1,344
3470,2,0,3,2,1,1,1,5,28,0,1,1,1,0,1,0,0,0,0,0,0,344
3470,3,1,1,6,0,0,0,0,0,0,0,0,0,0,0,0,0,0,0,0,0,344
3471,1,1,3,4,1,1,1,5,28,0,1,1,1,1,0,0,1,0,1,1,0,344
3471,2,0,2,1,1,1,1,5,28,0,1,1,1,0,1,1,0,0,0,0,0,344
3471,3,0,1,6,0,0,0,0,0,0,0,0,0,0,0,0,0,0,0,0,0,344
3472,1,0,2,6,1,1,1,5,28,0,1,1,1,0,1,0,0,0,1,1,0,344
3472,2,0,3,4,1,1,1,5,28,0,1,1,1,0,1,0,1,1,0,1,0,344
3472,3,1,1,6,0,0,0,0,0,0,0,0,0,0,0,0,0,0,0,0,0,344
3473,1,0,1,1,1,1,1,5,28,0,1,1,1,1,0,1,0,0,1,1,0,344
3473,2,1,1,3,1,1,1,5,28,0,1,1,1,0,0,0,1,0,1,1,0,344
3473,3,0,1,6,0,0,0,0,0,0,0,0,0,0,0,0,0,0,0,0,0,344
3474,1,0,2,6,1,1,1,5,28,0,1,1,1,0,0,1,0,0,0,0,0,344
3474,2,0,3,2,1,1,1,5,28,0,1,1,1,0,0,0,0,0,1,1,0,344
3474,3,1,1,6,0,0,0,0,0,0,0,0,0,0,0,0,0,0,0,0,0,344
3484,1,0,2,3,1,0,0,5,28,1,1,1,1,1,0,0,1,1,0,0,1,345
3484,2,1,1,4,1,0,0,5,28,1,1,1,1,1,0,1,0,0,1,1,0,345
3484,3,0,1,6,0,0,0,0,0,0,0,0,0,0,0,0,0,0,0,0,0,345
3485,1,1,3,6,1,0,0,5,28,1,1,1,1,0,1,1,0,1,0,1,0,345
3485,2,0,1,5,1,0,0,5,28,1,1,1,1,0,0,1,0,1,0,0,0,345
3485,3,0,1,6,0,0,0,0,0,0,0,0,0,0,0,0,0,0,0,0,0,345
3486,1,1,2,3,1,0,0,5,28,1,1,1,1,0,0,0,1,1,0,1,0,345
3486,2,0,2,3,1,0,0,5,28,1,1,1,1,0,0,0,1,0,0,0,1,345
3486,3,0,1,6,0,0,0,0,0,0,0,0,0,0,0,0,0,0,0,0,0,345
3487,1,1,1,2,1,0,0,5,28,1,1,1,1,0,0,1,0,0,1,1,0,345
3487,2,0,2,5,1,0,0,5,28,1,1,1,1,0,1,0,0,1,0,0,1,345
3487,3,0,1,6,0,0,0,0,0,0,0,0,0,0,0,0,0,0,0,0,0,345
3488,1,1,2,5,1,0,0,5,28,1,1,1,1,1,0,0,0,0,1,0,0,345
3488,2,0,2,6,1,0,0,5,28,1,1,1,1,1,0,0,0,0,0,1,0,345
3488,3,0,1,6,0,0,0,0,0,0,0,0,0,0,0,0,0,0,0,0,0,345
3489,1,0,1,2,1,0,0,5,28,1,1,1,1,0,1,1,0,0,1,0,0,345
3489,2,1,3,1,1,0,0,5,28,1,1,1,1,1,0,1,0,0,1,0,0,345
3489,3,0,1,6,0,0,0,0,0,0,0,0,0,0,0,0,0,0,0,0,0,345
3490,1,1,3,1,1,0,0,5,28,1,1,1,1,0,1,0,0,0,0,0,0,345
3490,2,0,3,6,1,0,0,5,28,1,1,1,1,0,0,0,1,0,0,0,0,345
3490,3,0,1,6,0,0,0,0,0,0,0,0,0,0,0,0,0,0,0,0,0,345
3491,1,0,1,4,1,0,0,5,28,1,1,1,1,0,0,0,1,0,0,0,1,345
3491,2,1,3,4,1,0,0,5,28,1,1,1,1,0,1,0,1,0,1,0,1,345
3491,3,0,1,6,0,0,0,0,0,0,0,0,0,0,0,0,0,0,0,0,0,345
3492,1,1,3,1,1,0,0,5,28,1,1,1,1,1,0,0,0,0,0,0,1,345
3492,2,0,1,2,1,0,0,5,28,1,1,1,1,0,1,0,0,1,0,1,0,345
3492,3,0,1,6,0,0,0,0,0,0,0,0,0,0,0,0,0,0,0,0,0,345
3493,1,1,2,3,1,1,1,5,27,0,1,1,1,1,0,0,1,1,0,0,1,346
3493,2,0,1,4,1,1,1,5,27,0,1,1,1,1,0,1,0,0,1,1,0,346
3493,3,0,1,6,0,0,0,0,0,0,0,0,0,0,0,0,0,0,0,0,0,346
3494,1,1,3,6,1,1,1,5,27,0,1,1,1,0,1,1,0,1,0,1,0,346
3494,2,0,1,5,1,1,1,5,27,0,1,1,1,0,0,1,0,1,0,0,0,346
3494,3,0,1,6,0,0,0,0,0,0,0,0,0,0,0,0,0,0,0,0,0,346
3495,1,0,2,3,1,1,1,5,27,0,1,1,1,0,0,0,1,1,0,1,0,346
3495,2,1,2,3,1,1,1,5,27,0,1,1,1,0,0,0,1,0,0,0,1,346
3495,3,0,1,6,0,0,0,0,0,0,0,0,0,0,0,0,0,0,0,0,0,346
3496,1,1,1,2,1,1,1,5,27,0,1,1,1,0,0,1,0,0,1,1,0,346
3496,2,0,2,5,1,1,1,5,27,0,1,1,1,0,1,0,0,1,0,0,1,346
3496,3,0,1,6,0,0,0,0,0,0,0,0,0,0,0,0,0,0,0,0,0,346
3497,1,1,2,5,1,1,1,5,27,0,1,1,1,1,0,0,0,0,1,0,0,346
3497,2,0,2,6,1,1,1,5,27,0,1,1,1,1,0,0,0,0,0,1,0,346
3497,3,0,1,6,0,0,0,0,0,0,0,0,0,0,0,0,0,0,0,0,0,346
3498,1,0,1,2,1,1,1,5,27,0,1,1,1,0,1,1,0,0,1,0,0,346
3498,2,1,3,1,1,1,1,5,27,0,1,1,1,1,0,1,0,0,1,0,0,346
3498,3,0,1,6,0,0,0,0,0,0,0,0,0,0,0,0,0,0,0,0,0,346
3499,1,0,3,1,1,1,1,5,27,0,1,1,1,0,1,0,0,0,0,0,0,346
3499,2,1,3,6,1,1,1,5,27,0,1,1,1,0,0,0,1,0,0,0,0,346
3499,3,0,1,6,0,0,0,0,0,0,0,0,0,0,0,0,0,0,0,0,0,346
3500,1,0,1,4,1,1,1,5,27,0,1,1,1,0,0,0,1,0,0,0,1,346
3500,2,1,3,4,1,1,1,5,27,0,1,1,1,0,1,0,1,0,1,0,1,346
3500,3,0,1,6,0,0,0,0,0,0,0,0,0,0,0,0,0,0,0,0,0,346
3501,1,0,3,1,1,1,1,5,27,0,1,1,1,1,0,0,0,0,0,0,1,346
3501,2,1,1,2,1,1,1,5,27,0,1,1,1,0,1,0,0,1,0,1,0,346
3501,3,0,1,6,0,0,0,0,0,0,0,0,0,0,0,0,0,0,0,0,0,346
3502,1,0,3,5,1,0,1,5,26,1,2,2,1,0,1,0,1,0,0,1,0,347
3502,2,1,2,5,1,0,1,5,26,1,2,2,1,1,0,0,1,0,1,1,0,347
3502,3,0,1,6,0,0,0,0,0,0,0,0,0,0,0,0,0,0,0,0,0,347
3503,1,0,1,3,1,0,1,5,26,1,2,2,1,0,1,1,0,0,0,0,1,347
3503,2,1,2,3,1,0,1,5,26,1,2,2,1,0,1,1,0,0,0,1,0,347
3503,3,0,1,6,0,0,0,0,0,0,0,0,0,0,0,0,0,0,0,0,0,347
3504,1,0,3,2,1,0,1,5,26,1,2,2,1,0,0,1,0,1,0,0,0,347
3504,2,1,1,4,1,0,1,5,26,1,2,2,1,0,1,0,1,0,0,1,0,347
3504,3,0,1,6,0,0,0,0,0,0,0,0,0,0,0,0,0,0,0,0,0,347
3505,1,1,2,4,1,0,1,5,26,1,2,2,1,1,0,1,0,1,0,0,0,347
3505,2,0,3,6,1,0,1,5,26,1,2,2,1,0,1,1,0,1,0,0,1,347
3505,3,0,1,6,0,0,0,0,0,0,0,0,0,0,0,0,0,0,0,0,0,347
3506,1,0,3,2,1,0,1,5,26,1,2,2,1,1,0,0,0,1,0,1,0,347
3506,2,1,3,1,1,0,1,5,26,1,2,2,1,0,0,0,0,0,1,0,1,347
3506,3,0,1,6,0,0,0,0,0,0,0,0,0,0,0,0,0,0,0,0,0,347
3507,1,1,2,1,1,0,1,5,26,1,2,2,1,0,1,0,0,0,1,0,1,347
3507,2,0,2,5,1,0,1,5,26,1,2,2,1,0,0,1,0,0,1,0,1,347
3507,3,0,1,6,0,0,0,0,0,0,0,0,0,0,0,0,0,0,0,0,0,347
3508,1,0,1,6,1,0,1,5,26,1,2,2,1,0,0,0,0,0,1,0,1,347
3508,2,1,1,4,1,0,1,5,26,1,2,2,1,0,0,0,0,0,0,0,0,347
3508,3,0,1,6,0,0,0,0,0,0,0,0,0,0,0,0,0,0,0,0,0,347
3509,1,1,2,1,1,0,1,5,26,1,2,2,1,0,0,0,1,0,1,0,0,347
3509,2,0,1,2,1,0,1,5,26,1,2,2,1,1,0,0,1,1,0,0,0,347
3509,3,0,1,6,0,0,0,0,0,0,0,0,0,0,0,0,0,0,0,0,0,347
3510,1,1,1,3,1,0,1,5,26,1,2,2,1,1,0,0,1,0,0,1,0,347
3510,2,0,3,6,1,0,1,5,26,1,2,2,1,1,0,0,0,1,0,0,0,347
3510,3,0,1,6,0,0,0,0,0,0,0,0,0,0,0,0,0,0,0,0,0,347
