recorded_date,response_id,bridge_used,bridge_preference,reason_not_used,reason_not_used_other,trip_start_postcode,trip_end_postcode,travel_mode,trip_reason,trip_reason_other,travel_group,trip_frequency,impact_time,impact_comfort,impact_safety,impact_connectivity,pattern_change_mode,pattern_change_time,pattern_change_freq,pattern_change_places,trip_alternative,age,gender,gender_other,postcode,education,employment_status,currently_studying,drivers_licence,household_under15,household_15_17,household_18plus,bridge_feedback
2025-04-30 15:10:52,R_4uVOHxPdUw7dRH2,I have not used any of the above,,Not interested,,,,,,,,,,,,,,,,,,25-29,Female,,4000.0,Years 10/11/12,Student receiving Youth Allowance/ Stipend,No,Motorcycle licence,1,2,2,hh
2025-05-08 16:51:03,R_4Vt03Xvh3pEnHNv,Neville Bonner Bridge,,,,,,,,,,,,,,,,,,,,,Female,,,Bachelor Degree,Employed (paid work) typically working 35 hours or more in a week,No,Car licence,0,0,0,
2025-05-12 07:25:51,R_99ahBOGxgKI7a5G,Breakfast/ Yowoggera Bridge,,,,4006.0,4006.0,Walk ,Fitness/exercise,,alone,Few times a week,,,,,Yes,Yes,Yes,Yes,Used a longer route,25-29,Female,,4006.0,Bachelor Degree,Employed (paid work) typically working less than 35 hours a week,No,Car licence,1,0,0,
2025-05-12 10:34:57,R_9sf52LkjFr0Nr1f,"Neville Bonner Bridge,Breakfast/ Yowoggera Bridge",Neville Bonner Bridge,,,4101.0,4000.0,,"Other activity, please specify",Pub crawl,with two other persons,Rarely,,,,,No,No,No,No,Used a longer route,18-24,Male,,4152.0,Certificate III & IV,Employed (paid work) typically working 35 hours or more in a week,No,"Car licence,Motorcycle licence,Other Licence",0,0,3,"Literally the only difference is that I cross from Southbank to the city and back there rather than the cultural center busway bridge if I am on the side that's slightly more convenient, even then it's probably only about half the time. It was honestly a massive waste of money"
2025-05-12 10:40:23,R_4phdrnNwfrcx6QW,"Kangaroo Point Bridge,Neville Bonner Bridge",Neville Bonner Bridge,,,4001.0,4000.0,,Commute to study,,alone,Few times a month,,,,,Maybe,Maybe,Maybe,Maybe,Used a longer route,18-24,Male,,4217.0,Advanced Diploma and Diploma,Employed (paid work) typically working less than 35 hours a week,Yes,Car licence,0,0,3,
2025-05-12 10:44:38,R_9I43qQYdLwKvoA4,Kangaroo Point Bridge,,,,4102.0,4000.0,Walk ,To go to a restaurant/ eat/drink,,alone,Few times a month,,,,,Maybe,No,No,Maybe,Travelled to someplace else for the same purpose/reason/activity,25-29,Male,,4102.0,Bachelor Degree,Employed (paid work) typically working less than 35 hours a week,Yes,Car licence,0,0,2,"Reducing times, new walk ways "
2025-05-12 10:48:19,R_9CZBE9LfSNi6cq0,"Kangaroo Point Bridge,Neville Bonner Bridge,Breakfast/ Yowoggera Bridge",Kangaroo Point Bridge,,,4105.0,4032.0, Pushbike  ,Fitness/exercise,,alone,Few times a week,,,,,No,Yes,Yes,Yes,Used a car (as a driver),18-24,Male,,4105.0,Years 10/11/12,"Employed (paid work) typically working less than 35 hours a week,Student receiving Youth Allowance/ Stipend,Volunteer/ unpaid work",Yes,Car licence,4,0,4,
2025-05-12 10:53:48,R_9HSawWAl4ndAXPO,I have not used any of the above,,Does not connect places where I typically go,,,,,,,,,,,,,,,,,,18-24,Female,,4114.0,Certificate III & IV,Employed (paid work) typically working less than 35 hours a week,Yes,Car licence,0,0,2,The Bridge has information signs which tell of the connection to the place with Indigenous culture and its importance as a gathering site. The bridge itself is wide and easy to cross with clear lanes for pedestrians and other traffic. Making easy access to Newstead and Hamilton 
2025-05-12 10:56:10,R_91ZA2AtDusnxSTh,Kangaroo Point Bridge,,,,4102.0,4102.0,Walk ,Fitness/exercise,,alone,Few times a week,,,,,Yes,No,Maybe,Yes,Travelled to someplace else for the same purpose/reason/activity,18-24,Female,,4103.0,Years 10/11/12,Employed (paid work) typically working less than 35 hours a week,Yes,Car licence,0,1,3,
2025-05-12 11:03:59,R_9Cxqh9sc1qqgwVg,Kangaroo Point Bridge,,,,4169.0,4000.0,"Other mode, please specify ____________________________",Commute to my workplace,,alone,Few times a week,,,,,No,Maybe,Yes,Maybe,"Used Taxi/RideShare (Uber, Didi, etc)",35-39,Female,,4169.0,Postgraduate Degree,"Employed (paid work) typically working less than 35 hours a week,Prefer not to answer",Yes,Car licence,4,0,4,
2025-05-12 11:08:10,R_9Mo1IiprAIeC3jX,Kangaroo Point Bridge,,,,4000.0,4169.0,Walk ,To visit a park,,with one other person,Few times a month,,,,,Yes,Yes,No,No,Used a bus,30-34,Female,,4000.0,Bachelor Degree,Employed (paid work) typically working less than 35 hours a week,Yes,No licence,0,0,4,Thank you
2025-05-12 11:09:49,R_9ghzaDKJwwAbLih,"Neville Bonner Bridge,Breakfast/ Yowoggera Bridge",Neville Bonner Bridge,,,4101.0,4000.0,,To go to a restaurant/ eat/drink,,with one other person,Rarely,,,,,Yes,Yes,Yes,Yes,Used a car (as passenger),35-39,Male,,4101.0,Bachelor Degree,Employed (paid work) typically working 35 hours or more in a week,No,"Car licence,Motorcycle licence",1,0,0,
2025-05-12 11:31:33,R_4PdByaHclvis6EF,Kangaroo Point Bridge,,,,4169.0,4006.0,Personal E-bike  ,Commute to my workplace,,alone,Daily,,,,,Maybe,No,No,No,Used a car (as a driver),30-34,Male,,4006.0,Postgraduate Degree,Prefer not to answer,Yes,Car licence,0,0,1,
2025-05-12 11:32:12,R_4EE1LFi68gKeti4,Kangaroo Point Bridge,,,,4170.0,4006.0,Walk ,To go to a restaurant/ eat/drink,,with one other person,Few times a month,,,,,Yes,No,No,Yes,"Used Taxi/RideShare (Uber, Didi, etc)",25-29,Male,,4170.0,Postgraduate Degree,Employed (paid work) typically working 35 hours or more in a week,No,Car licence,1,0,3,
2025-05-12 11:39:38,R_9rIn8RKENeXNXMN,"Kangaroo Point Bridge,Neville Bonner Bridge,Breakfast/ Yowoggera Bridge",Kangaroo Point Bridge,,,4005.0,4101.0,Personal E-bike  ,Visiting family/ friends/relatives/ social visit,,with more than two persons,Few times a month,,,,,No,No,No,Yes,Used a bus,18-24,Male,,4005.0,Graduate Diploma and Graduate Certificate,Prefer not to answer,Yes,Car licence,0,0,2,
2025-05-12 11:46:44,R_4p1R46kUw3qpRu1,I have not used any of the above,,Does not connect places where I typically go,,,,,,,,,,,,,,,,,,18-24,Male,,4556.0,Bachelor Degree,Employed (paid work) typically working less than 35 hours a week,Yes,Car licence,0,0,4,
2025-05-12 12:03:13,R_9n91huEdfP1sOMD,Kangaroo Point Bridge,,,,4107.0,4000.0,"Shared E-scooter (for example, Neuron or Lime) ",Commute to study,,alone,Few times a week,,,,,Yes,Yes,Yes,Maybe,Used a shorter route,25-29,Female,,4107.0,Certificate III & IV,Student receiving Youth Allowance/ Stipend,Yes,Car licence,0,0,6,
2025-05-12 12:29:50,R_9nBPlPnmXTyzOvq,Kangaroo Point Bridge,,,,4101.0,4000.0,Walk ,Visiting family/ friends/relatives/ social visit,,alone,Few times a week,,,,,Maybe,Maybe,Maybe,Maybe,Not travelled,18-24,Female,,4051.0,Years 10/11/12,Student receiving Youth Allowance/ Stipend,Yes,No licence,0,0,2,
2025-05-12 13:26:27,R_9XcyoJAlp97MjCY,I have not used any of the above,,Does not connect places where I typically go,,,,,,,,,,,,,,,,,,18-24,Female,,4109.0,Bachelor Degree,Employed (paid work) typically working less than 35 hours a week,Yes,Prefer not to answer,1,0,2,
2025-05-12 13:45:45,R_9nTe9SNdd4jQJFv,Breakfast/ Yowoggera Bridge,,,,4006.0,4000.0,Walk ,Commute related to work,,alone,Daily,,,,,Yes,Yes,Yes,Yes,Travelled to someplace else for the same purpose/reason/activity,40-44,Female,,4006.0,Certificate III & IV,Employed (paid work) typically working less than 35 hours a week,Yes,Car licence,2,4,7,
2025-05-12 13:46:13,R_4JkEaoTUnCQKS8E,Kangaroo Point Bridge,,,,4169.0,4169.0,Walk ,To go shopping,,alone,Few times a month,,,,,Yes,Yes,Yes,Yes,Used a bus,18-24,Female,,4169.0,Years 10/11/12,Employed (paid work) typically working less than 35 hours a week,No,Car licence,0,0,3,It gives me benefits with walking to the city
2025-05-12 13:53:58,R_92ni7JlwNQlVZdL,I have not used any of the above,,Does not connect places where I typically go,,,,,,,,,,,,,,,,,,25-29,Male,,4066.0,Advanced Diploma and Diploma,Employed (paid work) typically working 35 hours or more in a week,Yes,Car licence,0,0,1,
2025-05-12 13:58:13,R_4qfgXsVpccPOzGd,Kangaroo Point Bridge,,,,4151.0,4000.0,Walk ,Fitness/exercise,,alone,Few times a month,,,,,No,No,No,Yes,Used a longer route,18-24,Female,,4105.0,Advanced Diploma and Diploma,Employed (paid work) typically working less than 35 hours a week,Yes,Car licence,0,0,4,
2025-05-12 14:11:00,R_45F8b8OqvEfiiyZ,Kangaroo Point Bridge,,,,4122.0,4152.0, Pushbike  ,Commute to study,,with more than two persons,Few times a month,,,,,No,Maybe,No,Yes,Travelled to someplace else for the same purpose/reason/activity,18-24,Female,,4132.0,Years 9 and below,"Employed (paid work) typically working less than 35 hours a week,Volunteer/ unpaid work",Prefer not to answer,Car licence,4,1,2,"Yes, it was very scenic and spacious so lots of space to watch the view. "
2025-05-12 14:13:11,R_9FVZcB0V6UO5XOr,"Kangaroo Point Bridge,Neville Bonner Bridge,Breakfast/ Yowoggera Bridge",Neville Bonner Bridge,,,4001.0,4000.0,,Fitness/exercise,,alone,Few times a month,,,,,Yes,Yes,Yes,Yes,Used a ferry,25-29,Male,,4076.0,Graduate Diploma and Graduate Certificate,Employed (paid work) typically working 35 hours or more in a week,Yes,Car licence,3,0,3,
2025-05-12 14:28:50,R_4JCxFhgPJgmtDNu,Kangaroo Point Bridge,,,,4509.0,4169.0,Walk ,Fitness/exercise,,with one other person,Rarely,,,,,Yes,No,No,Yes,Used a car (as a driver),18-24,Female,,4509.0,Years 10/11/12,Employed (paid work) typically working 35 hours or more in a week,Yes,Car licence,1,1,3,
2025-05-12 14:33:43,R_9q9xdG8BpKIyzYB,Kangaroo Point Bridge,,,,4152.0,4059.0,Walk ,Commute to study,,with one other person,Rarely,,,,,Yes,No,Yes,Yes,Used a longer route,18-24,Male,,4059.0,Bachelor Degree,Employed (paid work) typically working less than 35 hours a week,Yes,Car licence,1,0,3,
2025-05-12 15:14:15,R_9XPDb5RpqaYMUMh,Kangaroo Point Bridge,Kangaroo Point Bridge,,,4169.0,4000.0,Personal E-scooter   ,Commute to study,,alone,Few times a week,,,,,Yes,No,No,Maybe,Used a ferry,35-39,Male,,4169.0,Postgraduate Degree,Employed (paid work) typically working less than 35 hours a week,Yes,Car licence,4,0,4,
2025-05-12 15:30:30,R_9VD374Jhf2dwpmn,Kangaroo Point Bridge,Kangaroo Point Bridge,,,4179.0,4000.0,Walk ,Commute to study,,alone,Few times a month,,,,,No,No,No,Yes,Used a car (as a driver),18-24,Male,,4179.0,Years 10/11/12,Employed (paid work) typically working less than 35 hours a week,Yes,Car licence,0,0,4,"The green bridge has significantly reduced travel time from home to QUT when using public transport (train) and walking. I’ve also used the bridge to quickly access shops and restaurants in south bank during the day whilst at QUT, where without it I’d be limited to what’s available on campus."
2025-05-12 16:06:06,R_9v1Fs7gIfn7AUOV,I have not used any of the above,Kangaroo Point Bridge,Does not connect places where I typically go,,,,,,,,,,,,,,,,,,18-24,Female,,4170.0,Years 10/11/12,Employed (paid work) typically working 35 hours or more in a week,Yes,Car licence,5,0,5,
2025-05-12 16:58:39,R_9rCt9zfgtoxr25X,I have not used any of the above,Kangaroo Point Bridge,Does not connect places where I typically go,,,,,,,,,,,,,,,,,,18-24,Male,,4101.0,Years 10/11/12,Volunteer/ unpaid work,Yes,"Car licence,Motorcycle licence",0,0,1,
2025-05-12 16:59:26,R_4kUsUSq2PgGHFkd,Neville Bonner Bridge,Neville Bonner Bridge,,,4101.0,4000.0,,To go shopping,,with two other persons,Rarely,,,,,Maybe,No,No,Maybe,Used a train,18-24,Female,,4102.0,Years 10/11/12,Employed (paid work) typically working less than 35 hours a week,No,Car licence,0,1,3,"It doesn’t benefit me much as I live by the train station so I usually catch the train to the city, I just use the bridge if I feel like walking"
2025-05-12 17:03:04,R_9BrnysYkWU1Qrhc,"Kangaroo Point Bridge,Neville Bonner Bridge",Kangaroo Point Bridge,,,4102.0,4005.0,Personal E-scooter   ,Commute to my workplace,,alone,On most weekends,,,,,Maybe,Maybe,Yes,Yes,Used a longer route,25-29,Male,,4005.0,Bachelor Degree,Employed (paid work) typically working 35 hours or more in a week,Yes,No licence,0,0,3,"I walk short distances, and I enjoy the views every time I walk through "
2025-05-12 17:41:17,R_4duH2mOeaBT33Im,I have not used any of the above,Kangaroo Point Bridge,Does not connect places where I typically go,,,,,,,,,,,,,,,,,,25-29,Female,,4170.0,Postgraduate Degree,Employed (paid work) typically working less than 35 hours a week,No,Car licence,5,0,5,
2025-05-12 18:03:49,R_9WwKeU5i4cQo7Ws,I have not used any of the above,Neville Bonner Bridge,Does not connect places where I typically go,,,,,,,,,,,,,,,,,,18-24,Female,,4109.0,Years 10/11/12,Not currently working for any other reason,Yes,Car licence,0,0,4,
2025-05-12 18:51:20,R_47szbjmntQPqQLn,Kangaroo Point Bridge,Kangaroo Point Bridge,,,4000.0,4000.0,Walk ,To experience the bridge,,with two other persons,Rarely,,,,,No,No,No,No,Used a bus,18-24,Female,,4130.0,Advanced Diploma and Diploma,Employed (paid work) typically working less than 35 hours a week,Yes,Car licence,0,0,3,It’s is not close to where I go
2025-05-12 19:52:06,R_43CFUXosedDfZEl,Kangaroo Point Bridge,,,,4000.0,4000.0,Walk ,Fitness/exercise,,alone,On most weekends,,,,,Yes,Yes,Yes,Yes,Used a longer route,25-29,Male,,4105.0,Certificate III & IV,Employed (paid work) typically working 35 hours or more in a week,No,Car licence,0,0,4,
2025-05-12 19:53:57,R_9HzzWN24IYhBfQg,"Kangaroo Point Bridge,Neville Bonner Bridge,Breakfast/ Yowoggera Bridge",Kangaroo Point Bridge,,,4169.0,4000.0,Walk ,To visit Entertainment,,with more than two persons,Rarely,,,,,Yes,Yes,No,Yes,Used a car (as a driver),18-24,Male,,4105.0,Bachelor Degree,Employed (paid work) typically working 35 hours or more in a week,No,"Car licence,Motorcycle licence",0,0,4,
2025-05-12 20:53:32,R_91bvmXRnWeCLfap,"Kangaroo Point Bridge,Neville Bonner Bridge",Kangaroo Point Bridge,,,4169.0,4000.0,Walk ,Fitness/exercise,,with one other person,Few times a month,,,,,Yes,No,No,Yes,Used a longer route,18-24,Male,,4170.0,Years 10/11/12,Employed (paid work) typically working 35 hours or more in a week,Yes,Car licence,0,0,4,
2025-05-12 21:32:06,R_9O9zERVqwzKC8mJ,Kangaroo Point Bridge,Kangaroo Point Bridge,,,4169.0,4000.0,Personal E-bike  ,Commute to study,,alone,Few times a week,,,,,No,Yes,No,Yes,Used a longer route,25-29,Male,,4169.0,Advanced Diploma and Diploma,Employed (paid work) typically working less than 35 hours a week,Yes,Car licence,0,0,3,
2025-05-12 23:14:51,R_43UfNi6FNEDo4hh,Neville Bonner Bridge,Neville Bonner Bridge,,,4000.0,4101.0,,Commute to my workplace,,alone,Few times a week,,,,,Yes,Yes,No,Yes,Used a longer route,45-49,Female,,4214.0,Postgraduate Degree,Prefer not to answer,No,Prefer not to answer,0,0,2,"I regularly commute from the Gold Coast to Brisbane for work, and the Neville Bonner Green Bridge has made a difference to my day-to-day life. It helps me to get to station easier, provides relaxed and safe connection.

In addition,  the bridge has helped support my health and well-being. Having the chance to walk outside during a busy workday, get some fresh air, and take in the river views gives me a much-needed mental reset. I am glad to have this opportunity to add some movement to my day, which is otherwise limited due to long commutes and office work.

I see this bridge not only as infrastructure, but also a great solution that improves people movement, overall well-being and connection to Brisbane CBD. "
2025-05-13 10:50:15,R_4j7ElMCfbYdBWbg,Kangaroo Point Bridge,Kangaroo Point Bridge,,,4102.0,4000.0,Walk ,Commute to my workplace,,alone,On most weekends,,,,,No,Yes,No,Maybe,Used a longer route,25-29,Male,,4102.0,Advanced Diploma and Diploma,Employed (paid work) typically working 35 hours or more in a week,No,Car licence,1,0,1,
2025-05-13 12:10:52,R_997fhS24QQ8SU1N,Kangaroo Point Bridge,Kangaroo Point Bridge,,,4000.0,4000.0,Walk ,Fitness/exercise,,alone,Few times a month,,,,,No,Yes,Yes,No,Used a longer route,25-29,Female,,4074.0,Years 10/11/12,Employed (paid work) typically working less than 35 hours a week,Yes,Car licence,0,1,4,
2025-05-13 12:31:34,R_9hi9PebKX7cfqRH,Neville Bonner Bridge,Neville Bonner Bridge,,,4101.0,4000.0,,To experience the bridge,,with two other persons,Few times a month,,,,,No,No,No,Yes,Used a bus,25-29,Male,,4173.0,Years 10/11/12,"Volunteer/ unpaid work,Not currently working for any other reason",No,No licence,0,0,3,"Other than a nice walk and view, it hasn't benefited me personally, however I can see how it can benefit other people. It's also a nice shortcut to the city"
2025-05-13 13:51:42,R_4gT8WuwfZNQNfBl,"Kangaroo Point Bridge,Breakfast/ Yowoggera Bridge",Kangaroo Point Bridge,,,4121.0,4000.0,Personal E-scooter   ,Commute to study,,alone,Few times a week,,,,,Yes,Yes,Yes,No,Used a longer route,25-29,Male,,4121.0,Years 10/11/12,"Student receiving Youth Allowance/ Stipend,Not currently working due to short-term illness or injury",Yes,"Car licence,Motorcycle licence",0,0,1,
2025-05-13 15:42:59,R_9W3hJvr4IXXdl9D,"Kangaroo Point Bridge,Neville Bonner Bridge",Neville Bonner Bridge,,,4000.0,4151.0,,Commute to my workplace,,alone,Rarely,,,,,No,No,No,Yes,Used a longer route,35-39,Male,,4151.0,Postgraduate Degree,Employed (paid work) typically working 35 hours or more in a week,No,Car licence,2,0,3,
2025-05-13 15:52:48,R_4e4UyL190vhyJJX,"Kangaroo Point Bridge,Neville Bonner Bridge",Kangaroo Point Bridge,,,4000.0,4000.0,Walk ,Fitness/exercise,,alone,Rarely,,,,,No,No,No,Maybe,Travelled to someplace else for the same purpose/reason/activity,35-39,Female,,4053.0,Graduate Diploma and Graduate Certificate,Employed (paid work) typically working less than 35 hours a week,No,Car licence,2,0,2,
2025-05-13 16:07:37,R_4OwNpG1VIz1IZ3g,"Kangaroo Point Bridge,Neville Bonner Bridge",Kangaroo Point Bridge,,,4066.0,4006.0, Pushbike  ,Commute to my workplace,,alone,Rarely,,,,,No,No,No,No,Used a longer route,25-29,Female,,4066.0,Bachelor Degree,Employed (paid work) typically working 35 hours or more in a week,No,Car licence,0,0,2,"While the story bridge was also open, significantly reduced commute time and distance to office located in the Valley compared to alternative safe cycling routes "
2025-05-13 16:17:10,R_4ypSFiSkdm97u9j,Neville Bonner Bridge,Neville Bonner Bridge,,,4101.0,4000.0,,"Other activity, please specify","pretty much the same distance and time between walking on the bridge, or walking from mary street to bus stop and hop off at cultural centre and then walk to south bank eat street",alone,Rarely,,,,,No,No,No,No,Used a bus,35-39,Female,,4101.0,Postgraduate Degree,Employed (paid work) typically working 35 hours or more in a week,No,Car licence,2,0,2,"would have walked more. also if bus fare were still 2.50, I would have definitely used the bridge more often"
2025-05-13 20:26:55,R_9s5vCgyzAbo0SRU,Neville Bonner Bridge,Neville Bonner Bridge,,,4000.0,4000.0,,To go to a restaurant/ eat/drink,,with one other person,Rarely,,,,,No,No,No,No,Used a car (as a driver),35-39,Female,,4066.0,Postgraduate Degree,Employed (paid work) typically working 35 hours or more in a week,No,Car licence,1,1,1,
2025-05-13 20:29:58,R_45XcHGGudAbHPA3,Kangaroo Point Bridge,Kangaroo Point Bridge,,,4151.0,4006.0, Pushbike  ,Commute to my workplace,,alone,Daily,,,,,No,No,No,No,Travelled to someplace else for the same purpose/reason/activity,35-39,Male,,4151.0,Postgraduate Degree,Employed (paid work) typically working 35 hours or more in a week,No,Car licence,3,0,1,
2025-05-13 20:34:54,R_9fB4R4SqMc8LIOG,"Kangaroo Point Bridge,Neville Bonner Bridge",Kangaroo Point Bridge,,,4001.0,4001.0,Walk ,Fitness/exercise,,with one other person,On most weekends,,,,,No,No,No,Yes,Travelled to someplace else for the same purpose/reason/activity,35-39,Female,,4104.0,Postgraduate Degree,Employed (paid work) typically working 35 hours or more in a week,No,Car licence,0,0,1,Provides another running route 
2025-05-13 21:58:39,R_4bI5NoRjcHyRZfL,I have not used any of the above,Kangaroo Point Bridge,Does not connect places where I typically go,,,,,,,,,,,,,,,,,,30-34,Male,,4010.0,Bachelor Degree,Employed (paid work) typically working 35 hours or more in a week,Yes,Car licence,0,0,2,
2025-05-14 08:08:15,R_9pNhJJVkz60h1gR,"Kangaroo Point Bridge,Neville Bonner Bridge",Neville Bonner Bridge,,,4101.0,4000.0,,To go to a restaurant/ eat/drink,,with one other person,On most weekends,,,,,Yes,Yes,Yes,Yes,Used a bus,18-24,Female,,4101.0,Bachelor Degree,Employed (paid work) typically working 35 hours or more in a week,No,Car licence,0,0,2,Great to have another route option for weekend walks on the weekend. Just a bit far from where we are to use it daily or more than once a week
2025-05-14 08:11:20,R_4meIUGX1WYlfe49,"Kangaroo Point Bridge,Neville Bonner Bridge",Neville Bonner Bridge,,,4101.0,4000.0,,Commute related to work,,with one other person,Few times a month,,,,,No,No,No,Maybe,"Used Taxi/RideShare (Uber, Didi, etc)",18-24,Female,,4122.0,Bachelor Degree,Employed (paid work) typically working less than 35 hours a week,Yes,Car licence,0,0,4,
2025-05-14 08:15:04,R_9hR91lp70IXQTfW,I have not used any of the above,Kangaroo Point Bridge,Does not connect places where I typically go,,,,,,,,,,,,,,,,,,18-24,Female,,4218.0,Years 10/11/12,Employed (paid work) typically working less than 35 hours a week,Yes,Car licence,0,0,1,No
2025-05-14 10:13:09,R_9CDfUAMjsfxSTfo,Kangaroo Point Bridge,Kangaroo Point Bridge,,,4000.0,4101.0,Walk ,Fitness/exercise,,alone,Rarely,,,,,Yes,Yes,Maybe,Yes,Travelled to someplace else for the same purpose/reason/activity,25-29,Female,,4172.0,Prefer not to answer,Employed (paid work) typically working 35 hours or more in a week,No,No licence,0,0,1,It is a lovely bridge and encourages people to exercise. Makes it possible to get to different parts of the city via train easier so I am more inclined to use as it only costs 25p. Great physical and financial benefits can be had by all 
2025-05-14 10:14:11,R_4Cjbk2Fswcq6FEF,Neville Bonner Bridge,Neville Bonner Bridge,,,4000.0,3006.0,,To visit a park,,with one other person,Rarely,,,,,No,No,No,No,Used a car (as a driver),25-29,Female,,4179.0,Advanced Diploma and Diploma,Employed (paid work) typically working 35 hours or more in a week,Yes,Car licence,2,0,2,
2025-05-14 11:51:50,R_9Oxd7rMWprFXIDv,I have not used any of the above,Kangaroo Point Bridge,Does not connect places where I typically go,,,,,,,,,,,,,,,,,,18-24,Female,,4130.0,Graduate Diploma and Graduate Certificate,"Employed (paid work) typically working less than 35 hours a week,Volunteer/ unpaid work",Yes,Car licence,0,0,6,"Less congestion - pathways, public "
2025-05-14 14:16:53,R_9fdM5fDLJSOURq6,"Kangaroo Point Bridge,Neville Bonner Bridge,Breakfast/ Yowoggera Bridge",Neville Bonner Bridge,,,3006.0,4000.0,,Commute related to work,,alone,On most weekends,,,,,Yes,Yes,Yes,No,Used a shorter route,18-24,Female,,4127.0,Bachelor Degree,Employed (paid work) typically working 35 hours or more in a week,Yes,Car licence,2,2,0,To help communicate to the perfect place 
2025-05-14 14:21:01,R_9mfPM0AUBXGu7g5,I have not used any of the above,Neville Bonner Bridge,Does not connect places where I typically go,,,,,,,,,,,,,,,,,,18-24,Female,,4115.0,Bachelor Degree,Employed (paid work) typically working less than 35 hours a week,Yes,Car licence,0,1,4,Im unsure of what the green bridge is
2025-05-14 16:07:01,R_9K3YxFP0zALf8jk,"Kangaroo Point Bridge,Neville Bonner Bridge,Breakfast/ Yowoggera Bridge",Kangaroo Point Bridge,,,4151.0,4006.0,Personal E-bike  ,"Other activity, please specify",commute to gym class,alone,Few times a month,,,,,No,No,No,Yes,Used a longer route,30-34,Female,,4151.0,Bachelor Degree,Employed (paid work) typically working 35 hours or more in a week,No,"Car licence,Other Licence",0,0,3,"Viewing points of town never seen before. It is a new meeting place for friends for social walks around the river: KP to CBD botanic gardens, to Goodwill and back. It's nice walk shaded, away from cars has some cafes around. It is easy to ride across, as wide and separated. It doesn't link as well to Herston/North due to the signals compared to Story Bridge so network beyond the bridge is not great for riding."
2025-05-14 16:11:31,R_4C4uijn4PFibAn7,"Kangaroo Point Bridge,Neville Bonner Bridge",Neville Bonner Bridge,,,4000.0,4218.0,,Commute to my workplace,,alone,Rarely,,,,,Yes,,,,Used a longer route,18-24,Male,,4218.0,Bachelor Degree,Employed (paid work) typically working 35 hours or more in a week,No,"Car licence,Other Licence",0,0,7,"Much easier and quicker to reach South Brisbane Train Station, is only a 10 minute walk from my office, has led to me preferring to catch the train on some occasions."
2025-05-14 18:15:01,R_4owyUS6I0njDFjX,"Kangaroo Point Bridge,Neville Bonner Bridge",Kangaroo Point Bridge,,,4170.0,4000.0,Personal E-scooter   ,Commute to my workplace,,alone,Few times a week,,,,,Yes,No,No,Maybe,Used a train,35-39,Male,,4160.0,Postgraduate Degree,Employed (paid work) typically working 35 hours or more in a week,No,Car licence,1,0,2,"I catch the train in from further out and would have to catch the train all the way into the city or South Bank, but with the Kangaroo Point bridge, I can use my e-scooter between Norman Park and CBD and saves me a lot of time."
2025-05-14 18:37:58,R_4TQPykEIEwhCLKg,"Kangaroo Point Bridge,Neville Bonner Bridge",Neville Bonner Bridge,,,4000.0,4000.0,,To visit Entertainment,,alone,Rarely,,,,,No,No,No,Yes,Used a longer route,18-24,Female,,4121.0,Bachelor Degree,"Employed (paid work) typically working less than 35 hours a week,Student receiving Youth Allowance/ Stipend",Yes,Car licence,0,0,1,it’s shortened my trips
2025-05-14 21:49:51,R_9gUCDzdhJGIQrae,"Kangaroo Point Bridge,Neville Bonner Bridge",Neville Bonner Bridge,,,4101.0,4000.0,,Fitness/exercise,,alone,Few times a month,,,,,Maybe,No,Yes,Yes,Used a longer route,35-39,Male,,4122.0,Bachelor Degree,Employed (paid work) typically working 35 hours or more in a week,No,Car licence,0,0,1,
2025-05-14 22:05:56,R_9vwrlgRUe5E7K2R,"Kangaroo Point Bridge,Neville Bonner Bridge,Breakfast/ Yowoggera Bridge",Neville Bonner Bridge,,,4000.0,4000.0,,Fitness/exercise,,alone,Few times a week,,,,,Yes,No,Yes,Yes,Used a longer route,18-24,Male,,4000.0,Bachelor Degree,Employed (paid work) typically working less than 35 hours a week,Yes,Car licence,0,0,1,
2025-05-14 22:14:11,R_43E7CgLc9bbvFhT,Kangaroo Point Bridge,Kangaroo Point Bridge,,,4102.0,4006.0,Personal E-bike  ,Commute related to work,,alone,Few times a week,,,,,Yes,Yes,No,No,Used a car (as passenger),25-29,Female,,4102.0,Years 10/11/12,Employed (paid work) typically working less than 35 hours a week,No,Motorcycle licence,0,0,2,
2025-05-14 22:18:22,R_4FJU7Ck3sQZmZHg,Neville Bonner Bridge,Neville Bonner Bridge,,,4270.0,4000.0,,Commute to my workplace,,alone,Few times a week,,,,,No,No,No,No,Used a longer route,45-49,Male,,4270.0,Postgraduate Degree,Employed (paid work) typically working 35 hours or more in a week,No,"Car licence,Motorcycle licence,Other Licence",0,0,1,
2025-05-14 22:40:58,R_4Qs28iLyYldSXps,Kangaroo Point Bridge,Kangaroo Point Bridge,,,4503.0,4102.0,"Other mode, please specify ____________________________",Commute to my workplace,,alone,Few times a week,,,,,Yes,No,No,No,Used a longer route,35-39,Male,,4503.0,Advanced Diploma and Diploma,Employed (paid work) typically working less than 35 hours a week,No,Car licence,2,0,2,"The bridge is convenient. But it is inconvenient to get from the central station to the bridge by bike, there are few bike paths."
2025-05-15 07:37:59,R_9YzkOn8hKewgrYJ,Kangaroo Point Bridge,Kangaroo Point Bridge,,,4169.0,4169.0,Walk ,Fitness/exercise,,with one other person,Few times a week,,,,,Yes,No,Yes,No,Travelled to someplace else for the same purpose/reason/activity,18-24,Male,,4169.0,Bachelor Degree,Employed (paid work) typically working 35 hours or more in a week,No,Car licence,0,0,2,No
2025-05-15 07:38:30,R_44j8NgkVvHYud7y,"Kangaroo Point Bridge,Neville Bonner Bridge",Neville Bonner Bridge,,,4066.0,4000.0,,Commute to my workplace,,with one other person,Few times a month,,,,,No,Maybe,Yes,Yes,Used a longer route,50-54,Female,,4066.0,Graduate Diploma and Graduate Certificate,Employed (paid work) typically working 35 hours or more in a week,No,"Car licence,Motorcycle licence",0,0,3,"More direct, quiet route than walking via Victoria Bridge; easier to get to West End when I need to. Walking home has become a bit quicker and more direct. Will be much better when Toowong to West End Bridge goes in though - will take another 30 minutes off my 1hr 20min walk home"
2025-05-15 08:48:50,R_4P28qnj6fbpvfbb,"Kangaroo Point Bridge,Neville Bonner Bridge,Breakfast/ Yowoggera Bridge",Kangaroo Point Bridge,,,4069.0,4000.0, Pushbike  ,Fitness/exercise,,with one other person,On most weekends,,,,,No,No,Yes,Yes,Used a longer route,25-29,Male,,4069.0,Bachelor Degree,Employed (paid work) typically working 35 hours or more in a week,No,Car licence,0,0,1,Shorter more direct route to kangaroo point. More comfortable route to story bridge vs riverside
2025-05-15 08:50:50,R_4fGEzieKM4zBfdE,"Kangaroo Point Bridge,Neville Bonner Bridge",Kangaroo Point Bridge,,,4169.0,4169.0,Walk ,Fitness/exercise,,with one other person,Few times a week,,,,,No,No,Yes,Yes,Travelled to someplace else for the same purpose/reason/activity,25-29,Female,,4006.0,Postgraduate Degree,Employed (paid work) typically working 35 hours or more in a week,No,"Car licence,Other Licence",0,0,1,
2025-05-15 09:05:48,R_47BJRSYSxBgEFY5,"Kangaroo Point Bridge,Neville Bonner Bridge",Kangaroo Point Bridge,,,4065.0,4065.0,Walk ,Fitness/exercise,,with one other person,Few times a month,,,,,No,No,No,Yes,Used a longer route,50-54,Female,,4065.0,Bachelor Degree,Employed (paid work) typically working less than 35 hours a week,No,"Car licence,Motorcycle licence,Other Licence",0,0,3,It's just a nice running loop around the CBD now
2025-05-15 09:22:38,R_9SjeVcAWRKmhVPp,Kangaroo Point Bridge,Kangaroo Point Bridge,,,4169.0,4000.0,"Shared E-scooter (for example, Neuron or Lime) ",To go to a restaurant/ eat/drink,,alone,Few times a week,,,,,Yes,No,No,No,Used a longer route,18-24,Male,,4169.0,Bachelor Degree,Employed (paid work) typically working 35 hours or more in a week,No,Car licence,0,0,2,No
2025-05-15 10:04:29,R_4WNpx0H878zXUfd,Neville Bonner Bridge,Neville Bonner Bridge,,,4101.0,4000.0,,Commute to my workplace,,alone,Few times a week,,,,,Yes,Yes,No,No,Used a longer route,35-39,Male,,4101.0,Postgraduate Degree,Employed (paid work) typically working 35 hours or more in a week,No,Car licence,1,0,2,
2025-05-15 10:12:54,R_4RfQEUxISGKr80F,Neville Bonner Bridge,Neville Bonner Bridge,,,4000.0,4101.0,,Commute to my workplace,,alone,Daily,,,,,Yes,Yes,No,No,Used a longer route,40-44,Female,,4105.0,Advanced Diploma and Diploma,Employed (paid work) typically working 35 hours or more in a week,No,Car licence,0,0,2,It is much quicker to get to the south bank train station or cultural centre bus station 
2025-05-15 13:35:20,R_9j6aNKsYznLYXMl,Kangaroo Point Bridge,Kangaroo Point Bridge,,,4006.0,4102.0,"Shared E-bike (for example, Neuron)",Commute to my workplace,,alone,Daily,,,,,No,No,No,No,"Used Taxi/RideShare (Uber, Didi, etc)",25-29,Male,,4006.0,Graduate Diploma and Graduate Certificate,Employed (paid work) typically working less than 35 hours a week,Yes,Car licence,0,0,0,
2025-05-15 14:07:41,R_9j96xYUY1BOBcMF,"Kangaroo Point Bridge,Neville Bonner Bridge,Breakfast/ Yowoggera Bridge",Breakfast/ Yowoggera Bridge,,,4007.0,4007.0,Walk ,Fitness/exercise,,with one other person,Few times a month,,,,,No,No,No,No,Used a longer route,55-59,Female,,4012.0,Graduate Diploma and Graduate Certificate,Employed (paid work) typically working less than 35 hours a week,No,Car licence,0,0,4,"Safer way to cross, separation between bike and pedestrians"
2025-05-15 14:11:46,R_9e8fZjeWgSnTZ9W,Kangaroo Point Bridge,Kangaroo Point Bridge,,,4120.0,4000.0,Walk ,Commute to my workplace,,alone,Few times a month,,,,,No,No,No,No,Used a longer route,30-34,Male,,4120.0,Bachelor Degree,Employed (paid work) typically working 35 hours or more in a week,No,Car licence,0,0,1,
2025-05-15 14:26:32,R_9qONtUNB5p5zqdH,Breakfast/ Yowoggera Bridge,Breakfast/ Yowoggera Bridge,,,4006.0,4007.0,Walk ,Fitness/exercise,,with one other person,On most weekends,,,,,No,No,No,No,Used a longer route,30-34,Male,,4006.0,Certificate III & IV,Employed (paid work) typically working 35 hours or more in a week,No,Car licence,0,0,5,Safer and easier way to cross the river at breakie creek
2025-05-15 14:48:53,R_48YUtDoFgKhKl8I,Kangaroo Point Bridge,Kangaroo Point Bridge,,,4102.0,4000.0,Walk ,Commute to my workplace,,alone,Daily,,,,,No,No,No,No,Used a longer route,40-44,Male,,4012.0,Years 10/11/12,Employed (paid work) typically working 35 hours or more in a week,No,Car licence,0,0,2,
2025-05-15 15:05:57,R_9OqRqPFjlvGKKmf,Kangaroo Point Bridge,Kangaroo Point Bridge,,,4068.0,4068.0, Pushbike  ,Fitness/exercise,,with more than two persons,On most weekends,,,,,No,No,Yes,Yes,Used a longer route,25-29,Male,,4068.0,Bachelor Degree,Employed (paid work) typically working 35 hours or more in a week,No,Car licence,0,0,2,
2025-05-15 15:38:04,R_9lY23eKggTDLBLK,"Kangaroo Point Bridge,Neville Bonner Bridge",Kangaroo Point Bridge,,,4000.0,4002.0,"Shared E-scooter (for example, Neuron or Lime) ",Commute to my workplace,,alone,Few times a week,,,,,Yes,No,Yes,Yes,Used a longer route,18-24,Female,,4122.0,Graduate Diploma and Graduate Certificate,Employed (paid work) typically working 35 hours or more in a week,Yes,Car licence,0,0,3,
2025-05-15 15:45:03,R_8iEbEQWeWrqPWnT,"Kangaroo Point Bridge,Neville Bonner Bridge",Kangaroo Point Bridge,,,4001.0,4001.0,"Other mode, please specify ____________________________",Fitness/exercise,,alone,Few times a week,,,,,Yes,No,No,Yes,Used a longer route,50-54,Male,,4128.0,Postgraduate Degree,Employed (paid work) typically working 35 hours or more in a week,Yes,"Car licence,Motorcycle licence,Other Licence",0,0,4,It has given me a different running route around the CBD
2025-05-15 15:49:22,R_2OoiAlcDxceVlAh,Neville Bonner Bridge,Neville Bonner Bridge,,,4001.0,4101.0,,To go to a restaurant/ eat/drink,,alone,Few times a week,,,,,Yes,Yes,Yes,No,Travelled to someplace else for the same purpose/reason/activity,50-54,Male,,4053.0,Bachelor Degree,Employed (paid work) typically working 35 hours or more in a week,No,Car licence,1,0,1,
2025-05-15 15:51:17,R_8n6XNFnd32Be24G,"Kangaroo Point Bridge,Neville Bonner Bridge",Neville Bonner Bridge,,,4000.0,4000.0,,Fitness/exercise,,with one other person,Daily,,,,,No,No,No,Maybe,Used a longer route,45-49,Female,,4127.0,Bachelor Degree,Employed (paid work) typically working 35 hours or more in a week,No,Car licence,0,0,2,
2025-05-15 15:51:20,R_9FREecInx4LBedH,Kangaroo Point Bridge,Kangaroo Point Bridge,,,4169.0,4000.0, Pushbike  ,Commute to study,,alone,Few times a week,,,,,Yes,Yes,Yes,,Used a longer route,25-29,Female,,4169.0,Bachelor Degree,Employed (paid work) typically working less than 35 hours a week,Yes,Car licence,0,0,0,"It has shortened my commute to work and uni, my time spent active and outside has increased so overall my quality of life has improved due to the bridge."
2025-05-15 15:55:51,R_2jGS3WfwaKVpIgj,"Kangaroo Point Bridge,Neville Bonner Bridge",Kangaroo Point Bridge,,,4169.0,4000.0,Personal E-scooter   ,Commute to my workplace,,alone,Daily,,,,,Yes,No,No,Maybe,Used a bus,25-29,Male,,4169.0,Bachelor Degree,Employed (paid work) typically working 35 hours or more in a week,No,Car licence,0,0,1,
2025-05-15 16:20:58,R_9ctOTv2VGJvotMs,Neville Bonner Bridge,Neville Bonner Bridge,,,4103.0,4000.0,,Commute to my workplace,,alone,Daily,,,,,No,Yes,No,Yes,Used a longer route,18-24,Male,,4103.0,Bachelor Degree,Employed (paid work) typically working 35 hours or more in a week,No,Car licence,0,0,3,"Neville Bonner linked South Brisbane and South Bank Stations to the CBD which makes it 
a quicker/nicer walk to my workplace on Mary Street. Since I take the Beenleigh - Ferny Grove line the bridge also means I don't have to go to Central which would mean being on the train longer."
2025-05-15 17:15:06,R_9luKrvBSqpFqaKP,Kangaroo Point Bridge,Kangaroo Point Bridge,,,4169.0,4169.0,Personal E-scooter   ,"To do personal business (Healthcare, hairdresser etc)",,alone,Few times a week,,,,,No,No,No,No,Not travelled,18-24,Male,,4169.0,Bachelor Degree,Employed (paid work) typically working 35 hours or more in a week,No,Car licence,0,0,2,
2025-05-15 20:58:14,R_4gM7Qv7B1ujqSUx,"Kangaroo Point Bridge,Neville Bonner Bridge,Breakfast/ Yowoggera Bridge",Breakfast/ Yowoggera Bridge,,,4012.0,4012.0,Personal E-bike  ,Commute to my workplace,,alone,Few times a week,,,,,Yes,Yes,Yes,Yes,Used a bus,18-24,Female,,4012.0,Bachelor Degree,Employed (paid work) typically working 35 hours or more in a week,Yes,Car licence,0,0,4,The green bridge has given me a new path to travel to work
2025-05-15 21:24:14,R_4jjrCMbmIoZTCk9,"Kangaroo Point Bridge,Neville Bonner Bridge,Breakfast/ Yowoggera Bridge",Kangaroo Point Bridge,,,4064.0,4064.0,"Other mode, please specify ____________________________",Fitness/exercise,,with more than two persons,On most weekends,,,,,No,No,Maybe,Maybe,Travelled to someplace else for the same purpose/reason/activity,18-24,Female,,4064.0,Years 10/11/12,Employed (paid work) typically working 35 hours or more in a week,No,Car licence,0,0,3,The air con in the lift cools me down mid-run and I love the bubblers too. It helps motivate me to run in new places. 
2025-05-15 22:12:13,R_9WIiecAtWsWa9S2,"Kangaroo Point Bridge,Neville Bonner Bridge",Kangaroo Point Bridge,,,4000.0,4169.0,Walk ,Commute to study,,alone,Few times a week,,,,,Yes,Yes,No,No,Used a longer route,18-24,Male,,4005.0,Bachelor Degree,Employed (paid work) typically working less than 35 hours a week,Yes,Car licence,0,0,5,
2025-05-16 07:11:54,R_4F2OsfQ2no5GTIx,Breakfast/ Yowoggera Bridge,Breakfast/ Yowoggera Bridge,,,4066.0,4066.0, Pushbike  ,Fitness/exercise,,with one other person,Few times a week,,,,,Yes,Yes,Yes,Yes,Used a longer route,18-24,Male,,4066.0,Years 10/11/12,Not currently working for any other reason,Yes,Car licence,0,0,4,It’s helpful for creating a smooth and route to and from the city centre
2025-05-16 10:04:15,R_9ewUFThCdL3NI6o,Neville Bonner Bridge,Neville Bonner Bridge,,,4102.0,4000.0,,Commute to my workplace,,alone,Daily,,,,,Yes,No,No,Yes,Used a train,18-24,Female,,4102.0,Years 10/11/12,Employed (paid work) typically working less than 35 hours a week,Yes,Car licence,0,0,0,Easy to get to work
2025-05-16 10:06:33,R_9SwRAVezvy1L6IS,Neville Bonner Bridge,Kangaroo Point Bridge,,,4000.0,4102.0,Personal E-scooter   ,Commute to study,,alone,Daily,,,,,Yes,No,No,No,Used a longer route,25-29,Female,,4102.0,Years 10/11/12,Employed (paid work) typically working less than 35 hours a week,Yes,Car licence,0,0,1,No
2025-05-16 12:21:22,R_9MAJj2gBFGb4PmZ,"Kangaroo Point Bridge,Neville Bonner Bridge,Breakfast/ Yowoggera Bridge",Kangaroo Point Bridge,,,4000.0,4000.0,Walk ,"Other activity, please specify","Recreation, part of river loop via South Bank",with one other person,Rarely,,,,,No,No,No,Maybe,Travelled to someplace else for the same purpose/reason/activity,50-54,Female,,4030.0,Postgraduate Degree,Employed (paid work) typically working 35 hours or more in a week,No,Car licence,0,1,1,Provided a destination to walk to when walking recreationally on weekends and a destination to walk to for lunch breaks. 
2025-05-16 13:01:59,R_4gBLFPeuxkflEf2,Kangaroo Point Bridge,Kangaroo Point Bridge,,,4113.0,4000.0, Pushbike  ,"To do personal business (Healthcare, hairdresser etc)",,alone,Rarely,,,,,No,No,No,No,Used a shorter route,40-44,Male,,4113.0,Bachelor Degree,Employed (paid work) typically working 35 hours or more in a week,No,Car licence,4,0,2,Quite minimum as they are not on my routine commuting. 
2025-05-16 13:19:03,R_48LPGFFH8zIJzmS,"Kangaroo Point Bridge,Neville Bonner Bridge",Neville Bonner Bridge,,,4000.0,4101.0,,Commute related to work,,with one other person,Few times a month,,,,,No,No,Yes,No,Used a longer route,45-49,Male,,4105.0,Bachelor Degree,Employed (paid work) typically working 35 hours or more in a week,No,"Car licence,Motorcycle licence",1,1,3,more travel options
2025-05-16 14:25:36,R_968wgHlPpixBVlL,"Kangaroo Point Bridge,Neville Bonner Bridge",Kangaroo Point Bridge,,,4064.0,4000.0,Walk ,To experience the bridge,,alone,Few times a month,,,,,No,No,Maybe,Yes,Used a ferry,70-74,Male,,4064.0,Postgraduate Degree,Employed (paid work) typically working less than 35 hours a week,No,Car licence,1,0,1,Provides options for faster connection to and from the city
2025-05-16 15:22:48,R_9KuIVLXSUuqEMCr,"Kangaroo Point Bridge,Breakfast/ Yowoggera Bridge",Breakfast/ Yowoggera Bridge,,,4069.0,4069.0, Pushbike  ,Fitness/exercise,,alone,Few times a month,,,,,No,No,Yes,Yes,Used a longer route,50-54,Male,,4069.0,Postgraduate Degree,Employed (paid work) typically working 35 hours or more in a week,No,Car licence,0,0,4,The Yowoggera Bridge reduces interactions with motor vehicles and provide easier access travelling between Hamilton and New Farm. It's just a pity the Brisbane City Council took so long after the Kingsford Smith Dr upgrade to complete this link.
2025-05-16 15:56:07,R_9KTr0CJaQbGaHYV,"Kangaroo Point Bridge,Neville Bonner Bridge,Breakfast/ Yowoggera Bridge",Breakfast/ Yowoggera Bridge,,,4102.0,4102.0, Pushbike  ,Fitness/exercise,,with more than two persons,Few times a month,,,,,Yes,Maybe,No,Yes,Used a longer route,45-49,Male,,4102.0,Bachelor Degree,Employed (paid work) typically working 35 hours or more in a week,No,Car licence,2,0,2,
2025-05-16 15:57:07,R_99iCaH8025YryCz,Breakfast/ Yowoggera Bridge,Breakfast/ Yowoggera Bridge,,,4007.0,4006.0,Walk ,Fitness/exercise,,alone,Rarely,,,,,No,No,No,Yes,Used a shorter route,25-29,Female,,4007.0,Bachelor Degree,Employed (paid work) typically working 35 hours or more in a week,Yes,Car licence,3,0,3,It has done northing for me 
2025-05-16 17:12:35,R_4ccP76QdKHeh7QR,"Kangaroo Point Bridge,Breakfast/ Yowoggera Bridge",Kangaroo Point Bridge,,,4101.0,4000.0,Personal E-bike  ,Commute to my workplace,,alone,Daily,,,,,Yes,Yes,Yes,Yes,Used a car (as a driver),55-59,Male,,4101.0,Bachelor Degree,Employed (paid work) typically working 35 hours or more in a week,No,"Car licence,Motorcycle licence",0,0,3,
2025-05-16 17:14:49,R_4qQEX8ms5iMuo3P,"Kangaroo Point Bridge,Breakfast/ Yowoggera Bridge",Kangaroo Point Bridge,,,4074.0,4006.0, Pushbike  ,Commute to my workplace,,with one other person,Rarely,,,,,No,No,No,Yes,Used a longer route,45-49,Male,,4074.0,Bachelor Degree,Employed (paid work) typically working 35 hours or more in a week,No,Car licence,0,1,2,Gives me more options away from cars to ride
2025-05-16 17:17:20,R_4rTackzNbt9MdeJ,"Kangaroo Point Bridge,Neville Bonner Bridge,Breakfast/ Yowoggera Bridge",Breakfast/ Yowoggera Bridge,,,4011.0,4101.0, Pushbike  ,Fitness/exercise,,alone,Few times a month,,,,,No,No,No,No,Used a longer route,50-54,Male,,4011.0,Postgraduate Degree,Employed (paid work) typically working 35 hours or more in a week,No,"Car licence,Motorcycle licence",0,0,2,"It is a bridge to nowhere! Does not connect to any meaningful cycling infrastructure to get it the valley, town or across town. Upgrading Ann St should have been the priority. Also the surface finish of the bridge is very poor. I did enjoy watching it being installed though!!! Something to Bulimba is desperately needed as well as upgrading Nudgee Rd..."
2025-05-16 17:19:13,R_48Cfeu9sYpxfawl,"Kangaroo Point Bridge,Neville Bonner Bridge,Breakfast/ Yowoggera Bridge",Kangaroo Point Bridge,,,4169.0,4169.0,Walk ,"Other activity, please specify",Escooter adventure also,alone,Few times a week,,,,,Yes,No,Yes,Yes,Travelled to someplace else for the same purpose/reason/activity,50-54,Male,,4169.0,Years 9 and below,Prefer not to answer,No,Prefer not to answer,0,0,0,Great infrastructure access city and pathways easily...especially story Bridge pathways closed 
2025-05-16 17:22:33,R_4aWZHxdjXPBZBRT,"Kangaroo Point Bridge,Neville Bonner Bridge,Breakfast/ Yowoggera Bridge",Breakfast/ Yowoggera Bridge,,,4010.0,4010.0, Pushbike  ,Fitness/exercise,,alone,Few times a week,,,,,,,Yes,No,Travelled to someplace else for the same purpose/reason/activity,65-69,Female,,4010.0,Graduate Diploma and Graduate Certificate,Retired or on an age pension,No,"Car licence,Motorcycle licence,Other Licence",0,0,2,Increased my cycle route
2025-05-16 17:23:30,R_4qjqfVIsqYuRsNb,"Kangaroo Point Bridge,Breakfast/ Yowoggera Bridge",Kangaroo Point Bridge,,,4101.0,4005.0, Pushbike  ,To visit Entertainment,,alone,On most weekends,,,,,Yes,Yes,Yes,Yes,Used a bus,30-34,Male,,4101.0,Years 10/11/12,Employed (paid work) typically working 35 hours or more in a week,No,Car licence,0,0,2,Had created a shorter route to visit further away points in Brisbane (At least until the closure of the Story Bridge...)
2025-05-16 17:24:46,R_4GR7XkePFy7YKIx,"Kangaroo Point Bridge,Neville Bonner Bridge,Breakfast/ Yowoggera Bridge",Breakfast/ Yowoggera Bridge,,,4011.0,4000.0, Pushbike  ,Commute to study,,alone,Few times a month,,,,,Yes,Yes,Yes,Yes,Used a longer route,18-24,Male,,4011.0,Certificate III & IV,"Employed (paid work) typically working less than 35 hours a week,Volunteer/ unpaid work",No,Car licence,0,0,4,
2025-05-16 17:25:26,R_9CHhSujY5XT9gJL,"Kangaroo Point Bridge,Neville Bonner Bridge,Breakfast/ Yowoggera Bridge",Kangaroo Point Bridge,,,4101.0,4101.0, Pushbike  ,Fitness/exercise,,with more than two persons,Daily,,,,,Yes,Yes,Yes,Yes,Used a car (as a driver),40-44,Male,,4101.0,Advanced Diploma and Diploma,Employed (paid work) typically working less than 35 hours a week,No,"Car licence,Other Licence",2,0,2,"We need more dedicated cycle infrastructure, including closing some city streets for purpose built cycle and pedestrian thoroughfares "
2025-05-16 17:26:21,R_4aLG1LWFxqVMMsj,"Kangaroo Point Bridge,Neville Bonner Bridge,Breakfast/ Yowoggera Bridge",Kangaroo Point Bridge,,,4121.0,4006.0, Pushbike  ,"Other activity, please specify","Well I wouldn't normally have to ride over the Kangaroo Point Bridge, but for the last 11 weeks the Story Bridge footpaths have been closed to pedestrians and cyclists, so I am forced to divert through the City, along with many other pedestrians and cyclists.  This may skew your answers to what the ""typical"" route / bridge usage is.  ",alone,Daily,,,,,No,No,Yes,Yes,Used a shorter route,50-54,Female,,4121.0,Postgraduate Degree,Employed (paid work) typically working 35 hours or more in a week,No,Car licence,1,1,2,"I regularly use green bridges when I commute to and from my workplace and around Town.  It is faster to ride in many instances.  I will mention again - your responses may be skewed as currently the Story Bridge is closed (has been for 11+ weeks as at 16 May) - both pathways on both sides closed to pedestrians and cyclists.  This has resulted in thousands of cyclist and pedestrian users having to use alternative routes to get from Kangaroo Point to areas east of the CBD.  It is a terrible situation currently, and adds a lot of time and kms to people's daily commute.  "
2025-05-16 17:31:08,R_9X1LVAxkU5UNGY9,"Kangaroo Point Bridge,Neville Bonner Bridge,Breakfast/ Yowoggera Bridge",Kangaroo Point Bridge,,,4121.0,4000.0,Personal E-bike  ,Commute to my workplace,,alone,Daily,,,,,Yes,Yes,Yes,Yes,Used a bus,35-39,Male,,4121.0,Bachelor Degree,Employed (paid work) typically working 35 hours or more in a week,No,Car licence,2,0,1,"With Story Bridge closed, the green bridge is one of the only ways I can cross the river without a long detour. I would have to take the bus which would take me 40+ minutes. Biking takes 20 mins"
2025-05-16 17:47:41,R_9NuVh6yTVMM74gp,"Kangaroo Point Bridge,Neville Bonner Bridge,Breakfast/ Yowoggera Bridge",Kangaroo Point Bridge,,,4059.0,4169.0,Personal E-bike  ,Visiting family/ friends/relatives/ social visit,,alone,Few times a month,,,,,Yes,Yes,Yes,No,Not travelled,45-49,Male,,4059.0,Postgraduate Degree,Employed (paid work) typically working 35 hours or more in a week,No,"Car licence,Motorcycle licence",1,1,2,"It's wonderful, however the closure of the riverwalk and storey bridge has essentially ruined safe active travel through the area."
2025-05-16 17:50:12,R_9iotItCItYTvJUl,Kangaroo Point Bridge,Kangaroo Point Bridge,,,4170.0,4064.0, Pushbike  ,Commute to my workplace,,alone,Few times a week,,,,,Yes,Yes,Yes,No,Used a longer route,30-34,Male,,4170.0,Bachelor Degree,Employed (paid work) typically working 35 hours or more in a week,No,Car licence,0,0,2,
2025-05-16 17:56:47,R_4Gptzvh5Vv5Wfoy,"Kangaroo Point Bridge,Neville Bonner Bridge",Neville Bonner Bridge,,,4000.0,4101.0,,Commute related to work,,with one other person,Few times a month,,,,,No,No,Maybe,Yes,Used a longer route,35-39,Male,,4207.0,Graduate Diploma and Graduate Certificate,Employed (paid work) typically working 35 hours or more in a week,No,Car licence,1,0,2,Opens up accessibility to public spaces. Great that cyclists aren’t permitted due to sometimes territorial or aggressive behaviours
2025-05-16 17:57:01,R_9NDNoibjonK6mzq,"Kangaroo Point Bridge,Neville Bonner Bridge,Breakfast/ Yowoggera Bridge",Kangaroo Point Bridge,,,4069.0,4006.0, Pushbike  ,Commute to my workplace,,alone,On most weekends,,,,,No,No,No,No,Used a longer route,45-49,Male,,4069.0,Bachelor Degree,Employed (paid work) typically working 35 hours or more in a week,No,Car licence,1,0,2,"It's made the commute from the west to the valley much better (at least before the Story Bridge paths were closed). Previously I crossed the Goodwill bridge and followed the paths at the bottom of the Kangaroo Pt cliffs, which have a high degree of conflict on shared paths. Going through Riverside is also bad, for the same reasons"
2025-05-16 17:59:41,R_4PZdWm2ygX6eUIr,"Kangaroo Point Bridge,Breakfast/ Yowoggera Bridge",Kangaroo Point Bridge,,,4068.0,4006.0, Pushbike  ,Commute to my workplace,,alone,Few times a week,,,,,Maybe,Maybe,Maybe,Yes,Used a longer route,50-54,Male,,4068.0,Postgraduate Degree,Employed (paid work) typically working 35 hours or more in a week,No,Car licence,0,0,2,
2025-05-16 18:07:23,R_4p9n6Ddh82IgrYt,"Kangaroo Point Bridge,Neville Bonner Bridge",Kangaroo Point Bridge,,,4169.0,4000.0, Pushbike  ,Fitness/exercise,,alone,On most weekends,,,,,Yes,Yes,Yes,No,Used a shorter route,55-59,Female,,4102.0,Bachelor Degree,Employed (paid work) typically working 35 hours or more in a week,No,"Car licence,Motorcycle licence,Other Licence",0,0,2,No
2025-05-16 18:16:23,R_9OYSlfpowqpHMXp,Kangaroo Point Bridge,Kangaroo Point Bridge,,,4000.0,4169.0, Pushbike  ,To visit a park,,alone,Few times a month,,,,,Yes,No,Yes,Yes,Used a car (as a driver),40-44,Male,,4000.0,Bachelor Degree,Employed (paid work) typically working 35 hours or more in a week,No,"Car licence,Motorcycle licence",0,0,2,Since the atory bridge is closed theres no other altenative
2025-05-16 18:17:46,R_9iKt3e58huPdMat,"Kangaroo Point Bridge,Neville Bonner Bridge",Neville Bonner Bridge,,,4000.0,4101.0,,To go to a restaurant/ eat/drink,,alone,Few times a month,,,,,No,Yes,Yes,Maybe,Used a longer route,50-54,Male,,4120.0,Bachelor Degree,Employed (paid work) typically working 35 hours or more in a week,No,Car licence,1,1,2,Dramatically improved my access from the City to South Brisbane. Essentially it has expended the CBD and my choice of dining entertainment. Would have been better if it catered for cyclists too. Love green bridges.
2025-05-16 18:28:44,R_9F3CjgHBEfNpRxL,"Kangaroo Point Bridge,Neville Bonner Bridge,Breakfast/ Yowoggera Bridge",Kangaroo Point Bridge,,,4105.0,4000.0, Pushbike  ,Commute to my workplace,,alone,Few times a week,,,,,Yes,No,No,No,Used a longer route,50-54,Male,,4105.0,Advanced Diploma and Diploma,Employed (paid work) typically working 35 hours or more in a week,No,"Car licence,Motorcycle licence,Other Licence",0,0,3,
2025-05-16 18:39:08,R_9G1J4UqD2F9gXId,"Kangaroo Point Bridge,Neville Bonner Bridge,Breakfast/ Yowoggera Bridge",Breakfast/ Yowoggera Bridge,,,4011.0,4000.0, Pushbike  ,Commute to my workplace,,with one other person,Daily,,,,,Yes,Yes,Yes,Yes,Used a car (as a driver),55-59,Male,,4011.0,Postgraduate Degree,Employed (paid work) typically working 35 hours or more in a week,No,Car licence,0,0,2,Need more of these bridges to enable ssfe commuting. 
2025-05-16 18:56:52,R_9KpYC8bGSnrpqMv,"Kangaroo Point Bridge,Neville Bonner Bridge,Breakfast/ Yowoggera Bridge",Kangaroo Point Bridge,,,4000.0,4152.0, Pushbike  ,Commute to my workplace,,alone,Daily,,,,,No,No,No,No,Used a longer route,40-44,Male,,4152.0,Graduate Diploma and Graduate Certificate,Employed (paid work) typically working 35 hours or more in a week,No,"Car licence,Motorcycle licence",0,0,2,
2025-05-16 19:03:40,R_42EIEPOAVbewFOh,"Kangaroo Point Bridge,Neville Bonner Bridge,Breakfast/ Yowoggera Bridge",Kangaroo Point Bridge,,,4120.0,4000.0,Walk ,Fitness/exercise,,alone,Few times a month,,,,,No,No,No,Maybe,Used a longer route,25-29,Male,,4120.0,Bachelor Degree,Employed (paid work) typically working 35 hours or more in a week,No,Car licence,0,0,1,"Shortened distance to walk to from home and work when I do (not often). Right now only option with Story Bridge closed, not really a good reason to use it IMO"
2025-05-16 19:10:27,R_92VK7XHyPrrCNsB,"Kangaroo Point Bridge,Breakfast/ Yowoggera Bridge",Breakfast/ Yowoggera Bridge,,,4031.0,4067.0, Pushbike  ,"Other activity, please specify",Fitness while commuting to work (not the most direct route),alone,Few times a week,,,,,No,No,No,Yes,Used a shorter route,40-44,Female,,4031.0,Graduate Diploma and Graduate Certificate,Employed (paid work) typically working 35 hours or more in a week,No,Car licence,0,0,1,"I now don't have to ride on Breakfast Creek Rd, which is generally beneficial except when council closes Newstead Tce completely obstructing the cycling low-traffic link to Skyring Tce. I would prefer to use the Story Bridge, as travel over the Kangaroo Point bridge is a significant detour"
2025-05-16 19:14:07,R_4gkE15CA1gtvqjG,"Kangaroo Point Bridge,Neville Bonner Bridge,Breakfast/ Yowoggera Bridge",Kangaroo Point Bridge,,,4068.0,4000.0, Pushbike  ,To visit a park,,with two other persons,Few times a week,,,,,Yes,No,Yes,Yes,Not travelled,30-34,Male,,,Postgraduate Degree,Employed (paid work) typically working 35 hours or more in a week,No,Car licence,0,0,1,It's been great. Shame I can't ride over the story bridge anymore. Really ruins the experience 
2025-05-16 19:15:05,R_9Ef24Ye3tOAszpn,"Kangaroo Point Bridge,Neville Bonner Bridge,Breakfast/ Yowoggera Bridge",Kangaroo Point Bridge,,,4101.0,4101.0,Personal E-bike  ,Fitness/exercise,,with one other person,On most weekends,,,,,Yes,Yes,Yes,Yes,Used a bus,55-59,Female,,4101.0,Postgraduate Degree,Employed (paid work) typically working less than 35 hours a week,No,Car licence,0,0,2,Increased both my recreational trips and my mode of commuting
2025-05-16 19:18:25,R_4VDvhDiqG7z5INT,"Kangaroo Point Bridge,Breakfast/ Yowoggera Bridge",Kangaroo Point Bridge,,,4170.0,4001.0, Pushbike  ,Commute to my workplace,,with one other person,Few times a week,,,,,Yes,Yes,Yes,Yes,Used a car (as a driver),50-54,Female,,4170.0,Bachelor Degree,Employed (paid work) typically working 35 hours or more in a week,No,Car licence,0,0,2,The green bridge allows me to easily access the city and southbank precincts to run and ride my bike. More bridges on the east like morningside would be great
2025-05-16 19:23:11,R_9Y5QktSAc0bHlqq,"Kangaroo Point Bridge,Neville Bonner Bridge,Breakfast/ Yowoggera Bridge",Kangaroo Point Bridge,,,4170.0,4001.0, Pushbike  ,Commute to my workplace,,with one other person,Daily,,,,,Yes,Yes,Yes,Yes,Used a car (as a driver),55-59,Male,,4170.0,Advanced Diploma and Diploma,Employed (paid work) typically working 35 hours or more in a week,No,Car licence,0,0,2,Made it easier and safer to get to work and the southbank and city precincts with friends. We are heading out to new cafes and restaurants now
2025-05-16 19:32:48,R_9Yh12yIqR2S6bxj,"Kangaroo Point Bridge,Neville Bonner Bridge,Breakfast/ Yowoggera Bridge",Kangaroo Point Bridge,,,4170.0,4000.0,Personal E-bike  ,"To do personal business (Healthcare, hairdresser etc)",,alone,Daily,,,,,Yes,Yes,No,Yes,Used a longer route,50-54,Female,,4170.0,Postgraduate Degree,Volunteer/ unpaid work,No,"Car licence,Motorcycle licence",0,0,1,"Shortens my route, but also removed the most dangerous part of the journey. Also makes cycling home more pleasant, quieter, and less stressful."
2025-05-16 19:33:15,R_90ZOVxtPWKJFdBw,"Kangaroo Point Bridge,Breakfast/ Yowoggera Bridge",Kangaroo Point Bridge,,,4075.0,4075.0, Pushbike  ,Fitness/exercise,,with two other persons,Rarely,,,,,No,No,No,Yes,Used a longer route,25-29,Male,,4075.0,Postgraduate Degree,Employed (paid work) typically working 35 hours or more in a week,No,Car licence,0,0,1,
2025-05-16 19:51:26,R_9xxeWpZ8S4TdQMp,"Kangaroo Point Bridge,Neville Bonner Bridge,Breakfast/ Yowoggera Bridge",Kangaroo Point Bridge,,,4101.0,4000.0, Pushbike  ,Fitness/exercise,,alone,Few times a month,,,,,No,No,Yes,Yes,Used a longer route,30-34,Male,,4101.0,Bachelor Degree,Employed (paid work) typically working 35 hours or more in a week,No,"Car licence,Motorcycle licence",0,0,1,"It gives me quick access between the city and Kangaroo point, which is a trip I regularly like to take."
2025-05-16 19:58:07,R_4kZxF3AHnGB6HPd,"Kangaroo Point Bridge,Neville Bonner Bridge",Kangaroo Point Bridge,,,4170.0,4000.0,Personal E-bike  ,To go shopping,,alone,Few times a month,,,,,No,Maybe,Yes,Yes,Used a longer route,25-29,Prefer to describe,Non-binary,4170.0,Bachelor Degree,"Volunteer/ unpaid work,Not currently working due to a long-term health condition or disability",No,No licence,0,0,5,
2025-05-16 20:06:34,R_9PRD87AhqRQuCEP,"Kangaroo Point Bridge,Neville Bonner Bridge",Neville Bonner Bridge,,,4101.0,4000.0,,Commute to my workplace,,alone,Daily,,,,,Yes,No,Yes,Maybe,Used a bus,40-44,Male,,4101.0,Postgraduate Degree,Employed (paid work) typically working 35 hours or more in a week,No,Car licence,0,0,1,"I enjoy using the Bonner Bridge because it is free from scooters and bicycles. The days of ""active transport"" vehicles being human/pedal powered, and moving at a safe and reasonable speed are now gone. I no longer feel safe when using other bridges, such as the Kangaroo Point bridge or Goodwill Bridge because of the incredibly high speeds and dangerous behaviour of personal mobility device users on the bridge. Pedestrians are now effectively sharing bridge space with high speed motor vehicles."
2025-05-16 20:14:36,R_9v0PlIhQMyIQSfT,"Kangaroo Point Bridge,Neville Bonner Bridge,Breakfast/ Yowoggera Bridge",Kangaroo Point Bridge,,,4000.0,4000.0,Personal E-bike  ,To experience the bridge,,with one other person,Few times a month,,,,,No,Yes,No,Yes,Not travelled,40-44,Male,,4055.0,Bachelor Degree,Employed (paid work) typically working 35 hours or more in a week,No,Car licence,0,0,2,Yes
2025-05-16 20:28:55,R_4MtYut42oX6Ukx3,"Kangaroo Point Bridge,Breakfast/ Yowoggera Bridge",Breakfast/ Yowoggera Bridge,,,4066.0,4008.0, Pushbike  ,Commute to my workplace,,alone,Daily,,,,,No,No,No,Yes,Used a longer route,60-64,Male,,4066.0,Graduate Diploma and Graduate Certificate,Employed (paid work) typically working 35 hours or more in a week,No,"Car licence,Other Licence",0,0,1,I have changed my bicycle commute route because the bridge and associated works on Breakfast Creek road have made the route safer and easier. 
2025-05-16 23:13:06,R_4a8INx1eIDodXH3,I have not used any of the above,Kangaroo Point Bridge,Does not connect places where I typically go,,,,,,,,,,,,,,,,,,18-24,Female,,4101.0,Years 10/11/12,Employed (paid work) typically working less than 35 hours a week,Yes,Car licence,0,0,1,I couldn’t think of any since I haven't use them. Maybe because I’m new to the city.
2025-05-16 23:16:48,R_4209RyLj4Ed6zkd,"Kangaroo Point Bridge,Breakfast/ Yowoggera Bridge",Kangaroo Point Bridge,,,4169.0,4000.0,Walk ,Fitness/exercise,,alone,Few times a month,,,,,No,No,Yes,Yes,Used a bus,30-34,Male,,4169.0,Bachelor Degree,"Student receiving Youth Allowance/ Stipend,Volunteer/ unpaid work",Yes,No licence,3,0,3,
2025-05-16 23:48:26,R_96mTavzizFL6ufn,"Kangaroo Point Bridge,Neville Bonner Bridge,Breakfast/ Yowoggera Bridge",Neville Bonner Bridge,,,4170.0,4000.0,,Commute related to work,,alone,Daily,,,,,Yes,Yes,Yes,Yes,Used a shorter route,18-24,Male,,4170.0,Bachelor Degree,Employed (paid work) typically working 35 hours or more in a week,Yes,Car licence,1,1,3,
2025-05-17 00:42:45,R_4pb7sO13hqaL6bs,"Kangaroo Point Bridge,Neville Bonner Bridge",Kangaroo Point Bridge,,,4000.0,4102.0,Walk ,Commute to my workplace,,alone,Few times a month,,,,,No,No,No,No,Used a bus,35-39,Male,,4102.0,Bachelor Degree,Employed (paid work) typically working 35 hours or more in a week,No,Car licence,0,0,2,"It’s always a great pleasure to take in the scenery, especially knowing it makes the journey home feel easier."
2025-05-17 01:27:11,R_4GrdI3y554lnq1g,Kangaroo Point Bridge,Kangaroo Point Bridge,,,4000.0,4102.0,Personal E-bike  ,Commute to my workplace,,alone,Few times a week,,,,,Yes,Yes,Yes,Yes,Used a bus,18-24,Female,,4101.0,Bachelor Degree,Employed (paid work) typically working less than 35 hours a week,Yes,Car licence,0,0,1,
2025-05-17 06:19:37,R_9JJvn9w32DZf35m,"Kangaroo Point Bridge,Neville Bonner Bridge",Kangaroo Point Bridge,,,4170.0,4000.0, Pushbike  ,Commute to my workplace,,alone,Daily,,,,,No,No,No,Yes,Used a longer route,30-34,Male,,4170.0,Postgraduate Degree,Employed (paid work) typically working 35 hours or more in a week,No,Car licence,0,0,1,"It is so much nicer to ride on a route that has a bridge that is completely car free. Less worrying about cars, can slow down and take in the scenery a bit more. "
2025-05-17 08:59:08,R_437aMt4s5BrsS9r,Neville Bonner Bridge,Neville Bonner Bridge,,,4000.0,4000.0,,To visit Entertainment,,alone,Few times a month,,,,,Yes,Yes,Maybe,Yes,Used a longer route,60-64,Female,,4031.0,Bachelor Degree,Employed (paid work) typically working 35 hours or more in a week,No,Car licence,4,0,4,The Neville bonner bridge provides easy access to south bank from my workplace. A better walk to south bank station than a walk to central station from my workplace place. 
2025-05-17 09:05:04,R_41bidrapmbU5JO0,"Kangaroo Point Bridge,Breakfast/ Yowoggera Bridge",Breakfast/ Yowoggera Bridge,,,4103.0,4103.0, Pushbike  ,"Other activity, please specify",active transport,with one other person,On most weekends,,,,,No,No,No,Maybe,Not travelled,50-54,Female,,4103.0,Bachelor Degree,Employed (paid work) typically working 35 hours or more in a week,No,No licence,0,0,0,"it needs to connect somewhere ...both new bridges are BCC vanity projects 
no active transport links"
2025-05-17 10:53:24,R_4hcBQ2QBwojd7d7,"Kangaroo Point Bridge,Neville Bonner Bridge",Neville Bonner Bridge,,,4001.0,4000.0,,Visiting family/ friends/relatives/ social visit,,with one other person,On most weekends,,,,,No,No,Yes,Yes,Used a longer route,25-29,Male,,4001.0,Bachelor Degree,Employed (paid work) typically working 35 hours or more in a week,No,Car licence,0,0,2,
2025-05-17 10:53:41,R_43XyQJFYkeAOTEl,"Kangaroo Point Bridge,Neville Bonner Bridge,Breakfast/ Yowoggera Bridge",Kangaroo Point Bridge,,,4000.0,4067.0, Pushbike  ,To visit Entertainment,,alone,Few times a week,,,,,No,No,No,Yes,Used a shorter route,60-64,Prefer to describe,Sex is male. Gender needs to be defined,4067.0,Graduate Diploma and Graduate Certificate,Employed (paid work) typically working less than 35 hours a week,No,Car licence,0,0,2,Encouraged me to take a longer route home. I get more exercise.
2025-05-17 10:57:50,R_9VL5auOLnoseXgR,"Kangaroo Point Bridge,Neville Bonner Bridge,Breakfast/ Yowoggera Bridge",Kangaroo Point Bridge,,,4103.0,4006.0,Walk ,"Other activity, please specify",I am forced to use KP bridge as Storey Bridge is closed. I use Kurillpa and Good Will bridge's significantly more,alone,Few times a month,,,,,No,No,No,No,Used a longer route,55-59,Female,,4103.0,Postgraduate Degree,Employed (paid work) typically working 35 hours or more in a week,No,"Car licence,Motorcycle licence",0,0,1,Green bridges are life blood of a river city.  Makes active transport or walking trips way easier and more attractive. Build more
2025-05-17 11:00:33,R_4IWQIkztNmjs8MY,"Kangaroo Point Bridge,Neville Bonner Bridge,Breakfast/ Yowoggera Bridge",Kangaroo Point Bridge,,,4169.0,4169.0,Walk ,Fitness/exercise,,with one other person,Few times a month,,,,,Yes,Yes,No,Yes,Used a longer route,25-29,Male,,4151.0,Bachelor Degree,Employed (paid work) typically working 35 hours or more in a week,No,Car licence,0,0,2,"It has opened up new ways into the city, encourages us to visit more often, and has opened up new interesting excising pathways"
2025-05-17 11:15:47,R_9AX4uh05NbFwtJz,"Kangaroo Point Bridge,Neville Bonner Bridge",Kangaroo Point Bridge,,,4122.0,4122.0, Pushbike  ,Fitness/exercise,,alone,Few times a month,,,,,No,No,No,Yes,Used a longer route,60-64,Male,,4122.0,Bachelor Degree,Employed (paid work) typically working 35 hours or more in a week,No,Car licence,0,0,3,It's a fantastic new link for travelling between the Brisbane CBD and the eastern suburbs and has considerably shortened this trip compared to using the Goodwill Bridge.
2025-05-17 11:40:02,R_4oAOaCk3Pg4A6DN,"Kangaroo Point Bridge,Neville Bonner Bridge,Breakfast/ Yowoggera Bridge",Kangaroo Point Bridge,,,4169.0,4169.0,Walk ,Fitness/exercise,,with one other person,Few times a week,,,,,Yes,No,Yes,Yes,Used a shorter route,25-29,Female,,4122.0,Bachelor Degree,Employed (paid work) typically working 35 hours or more in a week,No,Car licence,0,0,1,Creates a great route to walk/run around Kangaroo Point
2025-05-17 11:57:42,R_9fK4Zhuqbyii5Ng,"Kangaroo Point Bridge,Neville Bonner Bridge,Breakfast/ Yowoggera Bridge",Kangaroo Point Bridge,,,4104.0,4005.0, Pushbike  ,To visit a park,,alone,On most weekends,,,,,No,Maybe,Maybe,Yes,Used a longer route,18-24,Male,,4104.0,Bachelor Degree,Employed (paid work) typically working 35 hours or more in a week,No,Car licence,0,0,3,The green bridges (more kangaroo than the others) create place as well as movement. In addition consider the closure of the Storey Bridge active transport when getting usage from others 
2025-05-17 12:02:46,R_4mAb4VOKM1Qvvkl,Neville Bonner Bridge,Neville Bonner Bridge,,,4000.0,4000.0,,To experience the bridge,,alone,Few times a month,,,,,Yes,No,No,Maybe,Used a bus,25-29,Male,,4152.0,Bachelor Degree,Employed (paid work) typically working 35 hours or more in a week,No,Car licence,0,0,4,
2025-05-17 12:12:21,R_4e3Ma2LdNFKwWpr,"Kangaroo Point Bridge,Neville Bonner Bridge",Kangaroo Point Bridge,,,4118.0,4000.0, Pushbike  ,Fitness/exercise,,alone,Rarely,,,,,No,No,No,Yes,Used a longer route,25-29,Male,,4118.0,Bachelor Degree,Employed (paid work) typically working less than 35 hours a week,No,Car licence,0,0,5,Just an excellent way to travel around the city
2025-05-17 12:19:33,R_9ODzNWq1md53n4m,I have not used any of the above,Kangaroo Point Bridge,Not aware,,,,,,,,,,,,,,,,,,18-24,Male,,4116.0,Bachelor Degree,Employed (paid work) typically working 35 hours or more in a week,No,Car licence,0,0,3,
2025-05-17 12:27:27,R_4Berah77ykPkywC,"Kangaroo Point Bridge,Neville Bonner Bridge,Breakfast/ Yowoggera Bridge",Neville Bonner Bridge,,,4069.0,4069.0,,Fitness/exercise,,alone,Few times a month,,,,,No,No,Yes,Yes,Used a longer route,55-59,Male,,4069.0,Advanced Diploma and Diploma,Retired or on an age pension,No,"Car licence,Motorcycle licence,Other Licence",0,0,1,
2025-05-17 12:31:13,R_4rLtBnNWILvvngZ,"Kangaroo Point Bridge,Neville Bonner Bridge,Breakfast/ Yowoggera Bridge",Breakfast/ Yowoggera Bridge,,,4120.0,4120.0, Pushbike  ,Fitness/exercise,,alone,Few times a month,,,,,No,No,No,Yes,Used a longer route,55-59,Male,,4120.0,Bachelor Degree,Employed (paid work) typically working 35 hours or more in a week,No,Other Licence,0,0,2,Easy access 
2025-05-17 12:38:03,R_4dMXDJfIJwiNjXN,Kangaroo Point Bridge,Kangaroo Point Bridge,,,4169.0,4000.0,Walk ,To experience the bridge,,with one other person,Rarely,,,,,No,No,No,Maybe,Used a car (as a driver),60-64,Male,,4118.0,Years 10/11/12,Employed (paid work) typically working 35 hours or more in a week,No,"Car licence,Motorcycle licence,Other Licence",0,0,2,
2025-05-17 12:38:08,R_4fKeNsbRweCHyKt,Kangaroo Point Bridge,Kangaroo Point Bridge,,,4169.0,4000.0,Walk ,Commute to study,,alone,Few times a week,,,,,Maybe,No,No,No,Used a car (as passenger),18-24,Female,,,Bachelor Degree,Employed (paid work) typically working less than 35 hours a week,Yes,Car licence,0,0,4,
2025-05-17 12:43:35,R_9IQVkB59EnywC1O,Kangaroo Point Bridge,Kangaroo Point Bridge,,,4169.0,4000.0,Walk ,To experience the bridge,,with one other person,Rarely,,,,,No,No,No,Maybe,Used a car (as a driver),60-64,Female,,4118.0,Years 10/11/12,Employed (paid work) typically working less than 35 hours a week,No,Car licence,0,0,2,
2025-05-17 12:55:15,R_4bmPd5Fu1hDf5qp,Kangaroo Point Bridge,Kangaroo Point Bridge,,,4000.0,4120.0, Pushbike  ,Commute to my workplace,,alone,Daily,,,,,No,No,No,No,Used a longer route,50-54,Female,,4120.0,Postgraduate Degree,Employed (paid work) typically working 35 hours or more in a week,No,Car licence,0,0,2,
2025-05-17 12:55:52,R_9qx8wVNrUsw8c0X,"Kangaroo Point Bridge,Breakfast/ Yowoggera Bridge",Breakfast/ Yowoggera Bridge,,,4007.0,4000.0, Pushbike  ,Commute related to work,,alone,Daily,,,,,Yes,Yes,Yes,Yes,Used a longer route,30-34,Male,,4007.0,Bachelor Degree,Employed (paid work) typically working 35 hours or more in a week,Yes,"Car licence,Motorcycle licence",0,0,2,Safety. Bridges typically allow me to skip roads and link to more cycling infrastructure. Safely commuting is my top priority.
2025-05-17 13:27:38,R_4KMTnhOeszRZ5A5,"Kangaroo Point Bridge,Neville Bonner Bridge,Breakfast/ Yowoggera Bridge",Neville Bonner Bridge,,,4101.0,4101.0,,Fitness/exercise,,alone,Rarely,,,,,Yes,No,No,Yes,Used a longer route,30-34,Female,,4125.0,Bachelor Degree,Employed (paid work) typically working less than 35 hours a week,Yes,Car licence,0,0,1,New route for exercise when in the city and wanting to do a daily walk
2025-05-17 13:30:04,R_9R4UN4JFaKa7k7m,"Kangaroo Point Bridge,Neville Bonner Bridge,Breakfast/ Yowoggera Bridge",Neville Bonner Bridge,,,4121.0,4000.0,,To go to a restaurant/ eat/drink,,with one other person,Rarely,,,,,No,No,No,Yes,Used a longer route,65-69,Female,,4121.0,Postgraduate Degree,Retired or on an age pension,No,Car licence,0,0,2,
2025-05-17 13:52:34,R_4EbyGBvKpyBHkms,"Kangaroo Point Bridge,Neville Bonner Bridge,Breakfast/ Yowoggera Bridge",Kangaroo Point Bridge,,,4152.0,4000.0,Walk ,Fitness/exercise,,with one other person,Few times a month,,,,,No,No,No,Yes,Used a longer route,18-24,Male,,4153.0,Bachelor Degree,Employed (paid work) typically working 35 hours or more in a week,Yes,Car licence,0,0,2,
2025-05-17 14:15:51,R_8SiUkHOPqyBqrXB,Kangaroo Point Bridge,Kangaroo Point Bridge,,,4005.0,4000.0, Pushbike  ,Commute to my workplace,,alone,Few times a week,,,,,Maybe,No,Yes,Yes,Used a longer route,55-59,Female,,4005.0,Postgraduate Degree,Employed (paid work) typically working 35 hours or more in a week,No,Car licence,0,0,2,"I have a better route with better designed separated cycle path.
The river pathway from city to start of New Farm Riverwalk (including HSW)  is badly designed and at peak times congested and unpleasant for pedestrians, runners and cyclists.  Kangaroo point bridge gives a great safe feeling route which minimises potential for users feeling unsafe due to congestion.
The closure of Story bridge pedestrian and cycle access has unfortunaty reduced my use of kangaroo point bridge. I hope it's going to be temporary closure only."
2025-05-17 14:28:01,R_9uZAP2X2ccURf42,"Kangaroo Point Bridge,Neville Bonner Bridge,Breakfast/ Yowoggera Bridge",Kangaroo Point Bridge,,,4110.0,4110.0,Walk ,Fitness/exercise,,with one other person,Rarely,,,,,No,No,No,Yes,Travelled to someplace else for the same purpose/reason/activity,18-24,Female,,4110.0,Bachelor Degree,Employed (paid work) typically working 35 hours or more in a week,No,Car licence,0,0,6,
2025-05-17 15:46:25,R_939v2o6YZ2cUqFX,Kangaroo Point Bridge,Kangaroo Point Bridge,,,4104.0,4000.0,Personal E-bike  ,Fitness/exercise,,with two other persons,Rarely,,,,,No,No,No,Yes,Travelled to someplace else for the same purpose/reason/activity,35-39,Female,,4104.0,Bachelor Degree,Employed (paid work) typically working less than 35 hours a week,Yes,Car licence,1,0,2,The kangaroo Point bridge has allowed me to enjoy a day out with my family on our bikes and enjoy the river scenery.
2025-05-17 16:10:10,R_42tAdJ0OHQIUQ6Y,Neville Bonner Bridge,Neville Bonner Bridge,,,4121.0,4101.0,,To go to a restaurant/ eat/drink,,with one other person,Rarely,,,,,No,No,No,Yes,Used a longer route,50-54,Female,,4121.0,Advanced Diploma and Diploma,Employed (paid work) typically working less than 35 hours a week,No,Car licence,0,0,5,No thanks
2025-05-17 17:25:34,R_4P67Hk9GqdN2bx8,"Kangaroo Point Bridge,Neville Bonner Bridge",Neville Bonner Bridge,,,4101.0,4101.0,,Fitness/exercise,,alone,Few times a month,,,,,No,No,No,No,Travelled to someplace else for the same purpose/reason/activity,50-54,Female,,4101.0,Postgraduate Degree,Employed (paid work) typically working 35 hours or more in a week,No,Car licence,0,0,3,
2025-05-17 19:20:28,R_9dNlaDQKPcelQms,Kangaroo Point Bridge,Kangaroo Point Bridge,,,4171.0,4000.0, Pushbike  ,Commute to my workplace,,alone,Few times a week,,,,,No,No,No,Yes,Used a longer route,30-34,Male,,4171.0,Bachelor Degree,Employed (paid work) typically working 35 hours or more in a week,No,Car licence,2,0,2,"I would typically not use the Kangaroo Pt bridge on my commute to work, but not need to due to the Story Bridge footpath's indefinite closure. Without the Kangaroo Pt bridge, my commute would be a few km extra along bike path, or less safe along a more direct on-road route.
I like how pedestrians and bikes/scooters have separation.
The Kangaroo Pt bridge also means that we visit the Botanical Gardens much more frequently now."
2025-05-17 20:49:21,R_9ffm0dDXPDzZy57,"Kangaroo Point Bridge,Neville Bonner Bridge",Kangaroo Point Bridge,,,4064.0,4064.0,Walk ,Fitness/exercise,,alone,Few times a month,,,,,Yes,Yes,Yes,Yes,Not travelled,30-34,Male,,4064.0,Postgraduate Degree,Employed (paid work) typically working 35 hours or more in a week,No,Car licence,0,0,3,
2025-05-17 21:32:28,R_4t3uGLuRnbTGe5V,"Kangaroo Point Bridge,Neville Bonner Bridge",Neville Bonner Bridge,,,4053.0,4053.0,,To go to a restaurant/ eat/drink,,with one other person,Rarely,,,,,No,Maybe,Maybe,Yes,Used a train,25-29,Male,,4053.0,Bachelor Degree,Employed (paid work) typically working 35 hours or more in a week,No,Car licence,0,0,2,"New connection which makes accessing places to eat drink and visit south bank and Brisbane CBD safer, easier and quicker. This connection to key to moving around the Brisbane river and enjoyable. "
2025-05-18 10:46:15,R_9UXdKqqRygTCbih,"Kangaroo Point Bridge,Neville Bonner Bridge,Breakfast/ Yowoggera Bridge",Kangaroo Point Bridge,,,4053.0,4053.0, Pushbike  ,Fitness/exercise,,alone,Rarely,,,,,No,No,No,Yes,Travelled to someplace else for the same purpose/reason/activity,18-24,Male,,4053.0,Bachelor Degree,Employed (paid work) typically working 35 hours or more in a week,No,Car licence,0,0,1,"Allowed me to experience more areas of the city, not just in the immediate area but other nearby areas too such as New Farm. Moreover, it allows me to go on recreation/exercise trips I wouldn’t of otherwise gone on"
2025-05-18 11:22:59,R_9E5yHWCHlulyA7c,Breakfast/ Yowoggera Bridge,Breakfast/ Yowoggera Bridge,,,4005.0,4007.0,"Other mode, please specify ____________________________",Fitness/exercise,,alone,Few times a month,,,,,No,No,Yes,No,Used a longer route,50-54,Male,,4005.0,Advanced Diploma and Diploma,Employed (paid work) typically working 35 hours or more in a week,No,Car licence,1,0,3,Safer excercise path for inline skates
2025-05-18 11:25:26,R_4GpoDoAGGDyfU2s,"Kangaroo Point Bridge,Neville Bonner Bridge,Breakfast/ Yowoggera Bridge",Neville Bonner Bridge,,,4000.0,4101.0,,Commute related to work,,alone,Rarely,,,,,No,No,No,No,Used a longer route,55-59,Male,,4103.0,Postgraduate Degree,Employed (paid work) typically working 35 hours or more in a week,No,Car licence,0,0,1,
2025-05-18 12:24:16,R_9QliXb3hEEdg12S,"Kangaroo Point Bridge,Breakfast/ Yowoggera Bridge",Kangaroo Point Bridge,,,4122.0,4000.0, Pushbike  ,Commute to my workplace,,alone,Few times a month,,,,,No,No,No,Yes,Used a longer route,45-49,Male,,4122.0,Bachelor Degree,Employed (paid work) typically working 35 hours or more in a week,No,Car licence,2,0,2,"Until story bridge closed, it provided a safe access from veloway 1 to spring hill instead of through the cbd or via the kangaroo Point pathway "
2025-05-18 12:42:22,R_4do2kHoJHCu2Q8b,"Kangaroo Point Bridge,Neville Bonner Bridge,Breakfast/ Yowoggera Bridge",Breakfast/ Yowoggera Bridge,,,4031.0,4171.0, Pushbike  ,Commute related to work,,alone,Few times a week,,,,,No,No,Yes,Yes,Used a shorter route,55-59,Male,,4031.0,Postgraduate Degree,Employed (paid work) typically working 35 hours or more in a week,Yes,No licence,0,0,2,Mainly by providing a separated path and a way over the river (currently the only way)
2025-05-18 15:43:12,R_4o6AgrXd61dyTTj,"Kangaroo Point Bridge,Neville Bonner Bridge",Kangaroo Point Bridge,,,4127.0,4127.0, Pushbike  ,Fitness/exercise,,with more than two persons,Few times a month,,,,,No,No,No,No,Used a shorter route,50-54,Female,,4154.0,Bachelor Degree,Employed (paid work) typically working less than 35 hours a week,No,"Car licence,Motorcycle licence",0,0,4,
2025-05-18 16:27:31,R_9lcs5s4YALYbtSY,"Kangaroo Point Bridge,Neville Bonner Bridge,Breakfast/ Yowoggera Bridge",Neville Bonner Bridge,,,4101.0,4000.0,,Commute related to work,,with one other person,Few times a week,,,,,Yes,Maybe,No,Yes,Used a longer route,70-74,Male,,4075.0,Postgraduate Degree,"Employed (paid work) typically working less than 35 hours a week,Retired or on an age pension",No,"Car licence,Motorcycle licence",0,0,1,
2025-05-18 17:04:53,R_4k6ehO5G1qkWTDa,"Kangaroo Point Bridge,Neville Bonner Bridge",Neville Bonner Bridge,,,4103.0,4059.0,,Commute to my workplace,,alone,Few times a week,,,,,No,Yes,No,Yes,Used a longer route,30-34,Male,,4103.0,Postgraduate Degree,Employed (paid work) typically working 35 hours or more in a week,No,Car licence,0,0,2,
2025-05-18 19:04:27,R_4DL0R9N2r3r8mqt,"Kangaroo Point Bridge,Neville Bonner Bridge,Breakfast/ Yowoggera Bridge",Kangaroo Point Bridge,,,4169.0,4169.0,Walk ,Fitness/exercise,,alone,Few times a week,,,,,No,No,No,Yes,Used a ferry,50-54,Male,,4169.0,Bachelor Degree,Employed (paid work) typically working 35 hours or more in a week,No,Car licence,0,0,3,It has opened up a new way to experience our local area. 
2025-05-18 19:07:03,R_4nxugXa1LGgIQFw,"Kangaroo Point Bridge,Breakfast/ Yowoggera Bridge",Kangaroo Point Bridge,,,4151.0,4000.0, Pushbike  ,Commute to my workplace,,alone,Few times a week,,,,,Yes,Yes,Yes,Yes,Used a longer route,18-24,Male,,4151.0,Bachelor Degree,Employed (paid work) typically working 35 hours or more in a week,No,Car licence,0,0,2,Makes it more convenient to ride. Although story bridge being closed makes it worse 
2025-05-18 19:14:37,R_4nN7l6grPcJuytC,"Kangaroo Point Bridge,Neville Bonner Bridge",Kangaroo Point Bridge,,,4169.0,4169.0,Walk ,Fitness/exercise,,alone,Daily,,,,,Yes,No,Yes,Yes,Not travelled,65-69,Male,,4169.0,Graduate Diploma and Graduate Certificate,Retired or on an age pension,No,Car licence,0,0,0,It has allowed me to do a fitness walk every day on a route with almost no motor traffic to contend with. 
2025-05-18 19:17:04,R_94ZgkTFUDx41aiR,"Kangaroo Point Bridge,Neville Bonner Bridge",Kangaroo Point Bridge,,,4169.0,4000.0,"Shared E-bike (for example, Neuron)",Commute related to work,,alone,Daily,,,,,Yes,Yes,Yes,Yes,"Used Taxi/RideShare (Uber, Didi, etc)",50-54,Male,,4169.0,Certificate III & IV,Employed (paid work) typically working 35 hours or more in a week,No,Car licence,1,0,3,
2025-05-18 19:23:41,R_4MSq0nhbgEsqBqS,Kangaroo Point Bridge,Kangaroo Point Bridge,,,4169.0,4000.0,Walk ,To go shopping,,alone,Daily,,,,,Yes,No,Yes,No,Used a ferry,70-74,Male,,4169.0,Postgraduate Degree,Retired or on an age pension,No,Car licence,0,0,0,"Help me get the daily 10,000 steps."
2025-05-18 20:08:53,R_9YsFlAd1qsTgMut,"Kangaroo Point Bridge,Neville Bonner Bridge",Kangaroo Point Bridge,,,4169.0,4000.0,Walk ,To experience the bridge,,alone,Few times a week,,,,,Yes,Yes,Yes,Yes,Used a bus,70-74,Female,,4169.0,Advanced Diploma and Diploma,Retired or on an age pension,No,"Car licence,Motorcycle licence,Other Licence",1,0,0,"It is a joy to use, wide lanes, lovely design and a host of new views of familiar locations. "
2025-05-18 20:57:10,R_4rJ9tRA23FDrBsj,"Kangaroo Point Bridge,Breakfast/ Yowoggera Bridge",Kangaroo Point Bridge,,,4169.0,4001.0,Walk ,Commute to my workplace,,alone,Daily,,,,,Yes,No,Yes,No,Used a longer route,50-54,Female,,4169.0,Bachelor Degree,Employed (paid work) typically working 35 hours or more in a week,No,Car licence,0,0,2,"I live in Kangaroo Point and always walked to work.  The new KP bridge is a much more pleasant walk than the Story Bridge.  Both trips are about the same length.  In poor weather, before the new KP bridge, I did sometimes take the bus.  I used to take the kittykat ferry frequently from dockside to HSW but the cross river ferry changes are not conducive to that (I very much dislike having to go to a Sydney Street first to then change to a citycat).  So I’m very happy that the KP bridge is open and not reliant on PT."
2025-05-18 21:07:47,R_4mtE0RXFLBSY99v,Kangaroo Point Bridge,Kangaroo Point Bridge,,,4169.0,4000.0,Walk ,To go to a restaurant/ eat/drink,,with one other person,Few times a month,,,,,Yes,Yes,Yes,Yes,Used a car (as passenger),50-54,Female,,4169.0,Bachelor Degree,Employed (paid work) typically working less than 35 hours a week,No,Car licence,0,0,1,
2025-05-18 21:12:52,R_4HL100PINLWC62J,"Kangaroo Point Bridge,Neville Bonner Bridge,Breakfast/ Yowoggera Bridge",Neville Bonner Bridge,,,4005.0,4108.0,,Commute to my workplace,,alone,Few times a week,,,,,No,Yes,No,No,Used a car (as a driver),55-59,Male,,4005.0,Graduate Diploma and Graduate Certificate,Employed (paid work) typically working 35 hours or more in a week,No,Car licence,0,0,2,
2025-05-18 21:18:57,R_4dLU4uikqB0DjWz,"Kangaroo Point Bridge,Neville Bonner Bridge",Kangaroo Point Bridge,,,4169.0,4000.0,Walk ,Fitness/exercise,,alone,Few times a week,,,,,Yes,Yes,Yes,Yes,Used a ferry,90-94,Male,,4169.0,Certificate III & IV,Retired or on an age pension,No,No licence,0,0,0,No
2025-05-18 21:44:33,R_9PuwMBRqNvdW6l3,Kangaroo Point Bridge,Kangaroo Point Bridge,,,4169.0,4169.0,Walk ,To go to a restaurant/ eat/drink,,with one other person,On most weekends,,,,,Yes,Yes,Yes,Yes,Travelled to someplace else for the same purpose/reason/activity,18-24,Male,,4169.0,Bachelor Degree,Employed (paid work) typically working 35 hours or more in a week,No,Car licence,3,0,3,Helped going out for drinks and restaurants on the weekend allowing for a better social experience 
2025-05-18 21:48:47,R_9IgC13o39USaLNA,Kangaroo Point Bridge,Kangaroo Point Bridge,,,4169.0,4000.0,Walk ,Commute to study,,alone,Few times a week,,,,,Yes,No,Yes,Yes,Used a ferry,65-69,Female,,4169.0,Certificate III & IV,Retired or on an age pension,Yes,Car licence,0,0,1,
2025-05-18 21:54:57,R_90It736kdaBD3MJ,"Kangaroo Point Bridge,Neville Bonner Bridge,Breakfast/ Yowoggera Bridge",Kangaroo Point Bridge,,,4169.0,4169.0,Walk ,To go shopping,,with one other person,Few times a month,,,,,Yes,No,No,No,Used a ferry,60-64,Male,,4169.0,Advanced Diploma and Diploma,Employed (paid work) typically working 35 hours or more in a week,No,Car licence,0,0,2,
2025-05-18 22:00:48,R_4pSiJioegaee5Zh,"Kangaroo Point Bridge,Neville Bonner Bridge",Kangaroo Point Bridge,,,4169.0,4000.0,Walk ,Fitness/exercise,,alone,Daily,,,,,Yes,Yes,Yes,No,Used a ferry,75-79,Female,,4169.0,Postgraduate Degree,Retired or on an age pension,No,Car licence,1,0,1,Particularly great whilst Story Bridge is closed to pedestrians. I can walk to the gym in Elizabeth Street in 15 minutes compared to 40 minutes over Story Bridge or even longer by ferry. The buses into the city are so useless I don’t even consider them. Buses home from the city are ok. With a poor bus service and SB closed it is very difficult to get to South Brisbane where I do volunteer work or to the Cultural Centre for pleasure. It is a decent walk but with the new KP bridge I can walk to both. Importantly I can use the KP bridge as part of my walking exercise - I walk over the bridge then through the Gardens and home via the cliffs so a safe 6km walk which I do every day (or try to). Much nicer walk than going over the Story Bridge. Nevertheless the Story Bridge needs to be reopened to pedestrians as I can’t get to New Farm or the Balley unless I drive. 
2025-05-18 22:04:27,R_93Wv1F6Igr9JPPA,Kangaroo Point Bridge,Kangaroo Point Bridge,,,4169.0,4000.0, Pushbike  ,Commute to my workplace,,alone,Daily,,,,,Yes,No,No,Yes,Used a longer route,18-24,Female,,4169.0,Bachelor Degree,Employed (paid work) typically working 35 hours or more in a week,No,Car licence,0,0,4,"The green bridge cuts my commute in half, and allows me to get my exercise in "
2025-05-19 00:18:10,R_4Y7py99cNLjh4Ln,Kangaroo Point Bridge,Kangaroo Point Bridge,,,4169.0,4169.0,Walk ,Fitness/exercise,,with one other person,Rarely,,,,,No,No,No,No,Travelled to someplace else for the same purpose/reason/activity,50-54,Female,,4169.0,Bachelor Degree,Employed (paid work) typically working 35 hours or more in a week,No,Car licence,4,0,4,
2025-05-19 05:02:45,R_4IZ5r7TyHzchlGY,"Kangaroo Point Bridge,Neville Bonner Bridge",Kangaroo Point Bridge,,,4169.0,4000.0,Walk ,Commute related to work,,alone,Few times a week,,,,,Yes,Yes,Yes,Yes,Used a car (as passenger),30-34,Female,,4169.0,Bachelor Degree,Employed (paid work) typically working 35 hours or more in a week,No,Car licence,0,0,1,"Commute to work, commute to shop and exercise, more exercise routes e.g. running, attending pool in city etc. Don't have to drive to city. Don't have to get infrequent buses to city. Much quicker to reach the city and eagle street precinct. Improved quality of life. "
2025-05-19 05:41:50,R_9DULowVKvWbLccW,"Kangaroo Point Bridge,Neville Bonner Bridge",Kangaroo Point Bridge,,,4169.0,4000.0,Walk ,To go shopping,,with one other person,Few times a month,,,,,Yes,Yes,Maybe,Maybe,Used a bus,70-74,Female,,4169.0,Years 10/11/12,Retired or on an age pension,No,Car licence,0,0,2,"No thanks,  I already know"
2025-05-19 07:38:46,R_4F8NvWso9l7yedP,"Kangaroo Point Bridge,Neville Bonner Bridge",Kangaroo Point Bridge,,,4000.0,4000.0,Walk ,Fitness/exercise,,alone,Rarely,,,,,No,No,No,No,Used a ferry,70-74,Female,,4000.0,Certificate III & IV,Retired or on an age pension,No,Car licence,0,0,0,Enormous cost for the researched saving on vehicle expected reduction  crossing the Storey Bridge
2025-05-19 10:02:25,R_9pJQhW5QnScnErq,"Kangaroo Point Bridge,Neville Bonner Bridge",Neville Bonner Bridge,,,4075.0,4001.0,,Commute related to work,,alone,Daily,,,,,Yes,Yes,Yes,Yes,Used a longer route,50-54,Female,,4075.0,Postgraduate Degree,Employed (paid work) typically working 35 hours or more in a week,No,Car licence,2,1,3,It is easier to actively travel around Brisbane. Visitors love the easy access. Encourages me not to drive.
2025-05-19 11:09:22,R_4gtJqvkSmeU1rpL,"Kangaroo Point Bridge,Neville Bonner Bridge,Breakfast/ Yowoggera Bridge",Kangaroo Point Bridge,,,4169.0,4000.0,Walk ,Fitness/exercise,,with one other person,Few times a week,,,,,No,Maybe,Yes,Yes,Used a longer route,65-69,Male,,4169.0,Graduate Diploma and Graduate Certificate,Employed (paid work) typically working less than 35 hours a week,No,Car licence,0,0,2,"It provides so many options for walking and cycling, allowing city visits, work, appointments, leisure and exercise options. So grateful now, with the Story Bridge walk/bike path closed. I am using it multiple times each week. My car is almost unused now. "
2025-05-19 13:37:39,R_9tgA39A7FnlAUM1,"Kangaroo Point Bridge,Neville Bonner Bridge",Kangaroo Point Bridge,,,4101.0,4006.0,Personal E-bike  ,To go to a restaurant/ eat/drink,,alone,On most weekends,,,,,Yes,Maybe,Yes,Yes,Used a longer route,30-34,Male,,4101.0,Postgraduate Degree,Employed (paid work) typically working 35 hours or more in a week,No,No licence,0,0,2,"The Kangaroo Point bridge has been transformative for getting between West End and the Valley, the two main places I would visit, with a much nicer path than snaking through crowds on the Eagle Street Pier side, with frequent disruptions for construction and having to take the (often busy) lift up the cliff from behind Howard Smith Wharves. Instead you have a stately and attractive ride across two bridges with panoramic views, that get you right to the heart of the Valley! "
2025-05-19 13:54:29,R_4QijO5Xh0PMddPe,Kangaroo Point Bridge,Kangaroo Point Bridge,,,4034.0,4034.0,"Other mode, please specify ____________________________",To experience the bridge,,with one other person,Rarely,,,,,No,No,No,Yes,Not travelled,65-69,Male,,4034.0,Postgraduate Degree,Employed (paid work) typically working 35 hours or more in a week,No,Car licence,0,0,2,I use a wheelchair and find that pedestrian bridges give an enjoyable experience.
2025-05-19 13:55:14,R_9GWI1uo5Mm2U4ne,Neville Bonner Bridge,Neville Bonner Bridge,,,4000.0,4170.0,,Commute related to work,,alone,Few times a month,,,,,Yes,,,,Used a longer route,30-34,Male,,4170.0,Postgraduate Degree,Employed (paid work) typically working 35 hours or more in a week,No,Car licence,0,0,2,It's provided a more direct route between my work in the CBD and the train on the Cleveland line. It has also provided an easier and more direct route to get to South Bank and West End beyond via cultural centre.
2025-05-19 14:02:39,R_4iE9GM17EyjY5tT,"Kangaroo Point Bridge,Neville Bonner Bridge",Kangaroo Point Bridge,,,4169.0,4169.0,Walk ,"Other activity, please specify",To experience Brisbane City,with one other person,Few times a week,,,,,Yes,Yes,Yes,Yes,Travelled to someplace else for the same purpose/reason/activity,35-39,Male,,4169.0,Bachelor Degree,Employed (paid work) typically working 35 hours or more in a week,No,Car licence,0,0,1,"Sure, the Kangaroo Point Green Bridge has undoubtedly provided a closer connection for that suburb and surrounding suburbs with the city Botanic Gardens and City Centre itself. I note that this day the 19th of May the number of pedestrian crossings has just passed 1 million. This bridge has been an excellent investment in the cities health, well being and wealth. The benefits whilst difficult to tangibly define, will be enjoyed by the city for a very long time."
2025-05-19 16:39:16,R_4w4U5f1dMIYU933,"Kangaroo Point Bridge,Neville Bonner Bridge",Kangaroo Point Bridge,,,4120.0,4000.0,"Other mode, please specify ____________________________",Fitness/exercise,,alone,Few times a month,,,,,No,Maybe,No,Maybe,Travelled to someplace else for the same purpose/reason/activity,55-59,Male,,4120.0,Postgraduate Degree,Employed (paid work) typically working 35 hours or more in a week,No,Car licence,0,1,3,
2025-05-19 18:10:37,R_9Rb4eQPsmrTQ6NI,"Kangaroo Point Bridge,Breakfast/ Yowoggera Bridge",Kangaroo Point Bridge,,,4169.0,4000.0,Walk ,To go to a restaurant/ eat/drink,,with one other person,Rarely,,,,,No,Yes,No,No,Used a shorter route,30-34,Male,,4169.0,Advanced Diploma and Diploma,Prefer not to answer,Yes,Car licence,0,0,2,To be honest it hasn’t. It has made my commute worse due to the closure of the story bridge and them trying to justify the new bridge costs by not reopening the story bridge.
2025-05-19 18:15:04,R_4Q5QS2yWZ5mfd5o,Kangaroo Point Bridge,Kangaroo Point Bridge,,,4169.0,4000.0,Walk ,Commute to my workplace,,alone,Daily,,,,,Yes,No,Yes,Yes,Used a ferry,50-54,Female,,4169.0,Bachelor Degree,Employed (paid work) typically working 35 hours or more in a week,No,Car licence,4,1,3,I walk much more and find it an effective stress relief after a day of work. 
2025-05-19 20:03:08,R_9MDR3ubARzRgcgx,Kangaroo Point Bridge,Kangaroo Point Bridge,,,4001.0,4169.0,Walk ,Commute to my workplace,,alone,Few times a week,,,,,Yes,No,No,Yes,Used a bus,30-34,Female,,4169.0,Years 10/11/12,Employed (paid work) typically working less than 35 hours a week,Yes,Car licence,0,0,3,"I mostly use it to walk home from work and uni. I would use it to walk *to* work and uni if I had end-of-trip facilities available.

I feel that my quality of life and productivity have both improved with the use of the bridge. Rather than getting a bus home, I use that 30-40 minutes to actively commute home and fit in some exercise, which then frees up my time for study and other life admin.


I wish Brisbane was more walkable generally, not just the innermost suburbs."
2025-05-19 21:29:37,R_9J3sw5xveD5CNVf,"Kangaroo Point Bridge,Neville Bonner Bridge",Kangaroo Point Bridge,,,4169.0,4169.0,Walk ,Fitness/exercise,,alone,Daily,,,,,Yes,Yes,Yes,Maybe,Not travelled,50-54,Female,,4169.0,Postgraduate Degree,Employed (paid work) typically working less than 35 hours a week,No,Car licence,1,1,1,It’s a beautiful structure and I have incorporated it into my daily walk. I absolutely love it. 
2025-05-19 21:37:55,R_4sU3c7L6M1fvjhY,"Kangaroo Point Bridge,Neville Bonner Bridge",Kangaroo Point Bridge,,,4169.0,4169.0,Walk ,To go shopping,,with one other person,Few times a week,,,,,Yes,Yes,Yes,Yes,Used a bus,25-29,Female,,4169.0,Bachelor Degree,Employed (paid work) typically working 35 hours or more in a week,No,Car licence,0,0,2,Has enabled my access into the city significantly more. Reduced my use of driving to another location or requiring to catch a bus into the city. 
2025-05-20 03:05:05,R_3bMYsJfPC4v71Zx,"Kangaroo Point Bridge,Neville Bonner Bridge",Kangaroo Point Bridge,,,4169.0,4000.0,Walk ,Commute to my workplace,,alone,Daily,,,,,Yes,No,Yes,Yes,Used a bus,50-54,Female,,4169.0,Graduate Diploma and Graduate Certificate,Employed (paid work) typically working 35 hours or more in a week,No,Car licence,0,0,2,
2025-05-20 05:24:01,R_435BIaxEDmpU2A1,Kangaroo Point Bridge,Kangaroo Point Bridge,,,4006.0,4006.0, Pushbike  ,Fitness/exercise,,alone,Few times a month,,,,,Yes,Maybe,Maybe,Maybe,Used a longer route,50-54,Male,,4006.0,Years 10/11/12,"Volunteer/ unpaid work,Not currently working for any other reason",No,"Car licence,Motorcycle licence,Other Licence",0,0,1,"i’m not sure of all the names of the bridges, but they are a great thing that Brisbane has done to the Cycling community and we could use more"
2025-05-20 08:26:09,R_4zovKr307It0Gbs,"Kangaroo Point Bridge,Neville Bonner Bridge,Breakfast/ Yowoggera Bridge",Breakfast/ Yowoggera Bridge,,,4011.0,4000.0,Walk ,Fitness/exercise,,alone,Few times a month,,,,,No,No,No,No,,65-69,Male,,4011.0,Postgraduate Degree,Retired or on an age pension,No,Car licence,0,0,1,
2025-05-20 09:03:06,R_4at0jKi9c0LiD6a,Breakfast/ Yowoggera Bridge,Breakfast/ Yowoggera Bridge,,,4020.0,4005.0, Pushbike  ,To visit a park,,with one other person,Rarely,,,,,No,No,No,Yes,Used a car (as a driver),60-64,Female,,4020.0,Postgraduate Degree,Employed (paid work) typically working 35 hours or more in a week,No,Car licence,0,0,4,
2025-05-20 09:25:33,R_9hF0vGZntUVJtxT,Breakfast/ Yowoggera Bridge,Breakfast/ Yowoggera Bridge,,,4010.0,4010.0, Pushbike  ,Fitness/exercise,,with one other person,Few times a week,,,,,Yes,Maybe,No,Yes,Used a longer route,55-59,Female,,4010.0,Prefer not to answer,Employed (paid work) typically working 35 hours or more in a week,No,Car licence,0,0,1,It is a safe access across the river alone with the bike path alone the river to enjoy stopping at places for a rest or drink.
2025-05-20 10:40:04,R_9PgETZJbm9lYspb,"Kangaroo Point Bridge,Neville Bonner Bridge,Breakfast/ Yowoggera Bridge",Kangaroo Point Bridge,,,4000.0,4169.0, Pushbike  ,Fitness/exercise,,with more than two persons,Few times a month,,,,,No,No,Yes,Yes,Not travelled,35-39,Female,,4053.0,Bachelor Degree,Employed (paid work) typically working less than 35 hours a week,No,Car licence,2,0,2,
2025-05-20 10:56:20,R_4nSDe6zqM9n00tf,"Kangaroo Point Bridge,Breakfast/ Yowoggera Bridge",Kangaroo Point Bridge,,,4006.0,4101.0, Pushbike  ,Commute to my workplace,,alone,Few times a week,,,,,No,No,No,No,Used a longer route,30-34,Female,,4006.0,Postgraduate Degree,Employed (paid work) typically working 35 hours or more in a week,No,Car licence,0,0,1,It had made my ride to work significantly more pleasant and direct until the connecting Storey Bridge was closed. I now use it less. I also very much enjoy using the new Breakfast Creek Bridge even though I use it less than the Kangaroo Point one. It makes riding to Hamilton from my home much easier. 
2025-05-20 10:56:21,R_9pS74W6XhzoMxKH,"Kangaroo Point Bridge,Neville Bonner Bridge",Neville Bonner Bridge,,,4000.0,4151.0,,"Other activity, please specify",I use it for my commute home as it's often better for me to walk to the Cultural Centre to catch a bus home than catch one from the CBD. In a morning I get off the bus in the CBD,alone,Few times a week,,,,,Maybe,,,,Travelled to someplace else for the same purpose/reason/activity,45-49,Male,,4151.0,Postgraduate Degree,Employed (paid work) typically working 35 hours or more in a week,No,Car licence,2,0,2,It makes South Brisbane/South bank more accessible. It's also more pleasant and much quicker to walk from my workplace on Mary St to the Cultural Centre bus station than through the CBD & over Victoria Bridge because I don't have to cross so many roads. Walking through Brisbane CBD is a very stop-start experience.
2025-05-20 15:01:06,R_9agd8Ynnivm0FVw,"Kangaroo Point Bridge,Neville Bonner Bridge,Breakfast/ Yowoggera Bridge",Kangaroo Point Bridge,,,4066.0,4066.0, Pushbike  ,Fitness/exercise,,alone,Few times a month,,,,,No,No,No,Yes,Travelled to someplace else for the same purpose/reason/activity,55-59,Male,,4066.0,Postgraduate Degree,Employed (paid work) typically working 35 hours or more in a week,No,Car licence,0,1,2,Makes it more enjoyable to ride around the city
2025-05-20 16:46:36,R_9E3gdRL1QEU3kT7,"Kangaroo Point Bridge,Neville Bonner Bridge",Kangaroo Point Bridge,,,4169.0,4169.0,Walk ,Fitness/exercise,,alone,Few times a week,,,,,No,No,No,Yes,Travelled to someplace else for the same purpose/reason/activity,18-24,Female,,4169.0,Bachelor Degree,Employed (paid work) typically working 35 hours or more in a week,No,Car licence,0,0,2,
2025-05-20 18:26:12,R_9tKkq1g2MMMnK5m,"Kangaroo Point Bridge,Neville Bonner Bridge",Kangaroo Point Bridge,,,4005.0,4000.0,Personal E-bike  ,Commute to my workplace,,alone,Few times a week,,,,,Yes,Maybe,Yes,Yes,Used a bus,30-34,Female,,4005.0,Bachelor Degree,Employed (paid work) typically working 35 hours or more in a week,No,Car licence,0,0,0,"I answered these questions as if the story bridge cycle path was still open. My use of the bridge has significantly decreased since the story bridge closed. When it was open, my use of the green bridges were significantly higher as I cycled to work and then onto west end for the gym. Now I use the bus or drive. "
2025-05-20 19:24:43,R_6FJR4cvwTjCKqlQ,Kangaroo Point Bridge,Kangaroo Point Bridge,,,4171.0,4101.0, Pushbike  ,Commute to my workplace,,alone,Daily,,,,,Yes,Yes,Yes,No,Used a longer route,45-49,Male,,4171.0,Postgraduate Degree,Employed (paid work) typically working 35 hours or more in a week,No,Car licence,2,0,1,
2025-05-20 22:33:45,R_925R7mbGOXl9Mzs,I have not used any of the above,Kangaroo Point Bridge,Does not connect places where I typically go,,,,,,,,,,,,,,,,,,18-24,Male,,4169.0,Years 10/11/12,Employed (paid work) typically working 35 hours or more in a week,No,Car licence,0,0,0,
2025-05-21 07:35:02,R_91HZALDea4JxrUS,"Kangaroo Point Bridge,Breakfast/ Yowoggera Bridge",Kangaroo Point Bridge,,,4169.0,4169.0,Walk ,Fitness/exercise,,with one other person,,,,,,Yes,,,,"Used Taxi/RideShare (Uber, Didi, etc)",60-64,Male,,4169.0,Graduate Diploma and Graduate Certificate,Employed (paid work) typically working 35 hours or more in a week,No,"Car licence,Motorcycle licence,Other Licence",0,0,2,No thanks
2025-05-21 08:07:33,R_9Qt8otDloadOwDv,Kangaroo Point Bridge,Kangaroo Point Bridge,,,4000.0,4169.0, Pushbike  ,"Other activity, please specify",to participate in rock climbing activities at Kangaroo Point,alone,Rarely,,,,,Yes,No,Maybe,No,Used a car (as a driver),30-34,Female,,4500.0,Graduate Diploma and Graduate Certificate,Employed (paid work) typically working less than 35 hours a week,No,Car licence,0,0,2,I use it as part of multi modal transport by catching the train to central station and then cycling to my destination in Kangaroo Point.  I enjoy this more than driving and it is not an area easily accessible by public transport.
2025-05-21 08:46:14,R_422CMTXJomWlR8H,"Kangaroo Point Bridge,Neville Bonner Bridge,Breakfast/ Yowoggera Bridge",Kangaroo Point Bridge,,,4169.0,4169.0,Walk ,Fitness/exercise,,with one other person,Few times a month,,,,,Yes,No,No,No,Used a longer route,55-59,Male,,4060.0,Bachelor Degree,Employed (paid work) typically working 35 hours or more in a week,No,Car licence,0,0,2,The green bridge has provide variety and options for different routes for fitness activities.
2025-05-21 12:46:16,R_4rPcnnj95GHW73L,"Kangaroo Point Bridge,Neville Bonner Bridge,Breakfast/ Yowoggera Bridge",Kangaroo Point Bridge,,,4101.0,4005.0, Pushbike  ,Commute related to work,,alone,Daily,,,,,Maybe,Yes,Maybe,No,Used a longer route,45-49,Female,,4005.0,Bachelor Degree,Employed (paid work) typically working 35 hours or more in a week,No,Car licence,1,0,1,"Provides a safe alternative to riding on the road. As a long time cyclist with very good cycling skills, riding on a road with cars feels unsafe. There are a lot of vehicle drivers that don’t give cyclists respect as a road user. "
2025-05-21 14:57:28,R_9IIXcn6tBRTVvyh,"Kangaroo Point Bridge,Neville Bonner Bridge,Breakfast/ Yowoggera Bridge",Kangaroo Point Bridge,,,4169.0,4169.0,Walk ,Fitness/exercise,,alone,Daily,,,,,Yes,Yes,Yes,Yes,Used a longer route,75-79,Male,,4169.0,Postgraduate Degree,Retired or on an age pension,Yes,Car licence,0,0,1,It has brought the city shops and botanic  gardens closer
2025-05-21 15:55:01,R_9dQxGX8E6aSzSG5,"Kangaroo Point Bridge,Neville Bonner Bridge",Kangaroo Point Bridge,,,4151.0,4000.0,Walk ,To experience the bridge,,with one other person,On most weekends,,,,,Yes,No,No,Yes,Used a longer route,30-34,Male,,4151.0,Postgraduate Degree,Student receiving Youth Allowance/ Stipend,Yes,Car licence,0,0,2, The lookouts are good for photography 
2025-05-21 17:36:37,R_4KbP7NGefciPvlT,Kangaroo Point Bridge,Kangaroo Point Bridge,,,4169.0,4000.0, Pushbike  ,Fitness/exercise,,with one other person,Few times a week,,,,,,No,Yes,No,"Used Taxi/RideShare (Uber, Didi, etc)",55-59,Male,,4169.0,Bachelor Degree,Employed (paid work) typically working 35 hours or more in a week,No,Car licence,1,0,0,
2025-05-21 17:57:52,R_4AUkGC9BhuogxJD,"Kangaroo Point Bridge,Neville Bonner Bridge,Breakfast/ Yowoggera Bridge",Kangaroo Point Bridge,,,4103.0,4103.0, Pushbike  ,Fitness/exercise,,with two other persons,On most weekends,,,,,No,No,No,No,Used a longer route,65-69,Male,,4103.0,Postgraduate Degree,Retired or on an age pension,No,Car licence,0,0,1,"I have been cycling around Brisbane at least a few days a week for the past 30 years. I am now retired and as new green bridges come on line I am able to change my routes and enjoy new travel experiences. When working I would ride to work daily and as more green bridges came on line I had more flexibility in relation to the way I travelled to work. Also I was riding to different workplaces in the city, at one stage State Law building and then 1 William which meant I changed from using Kurilpa Bridge to Goodwill bridge and I would and still do use Eleanor  Schonell bridge. "
2025-05-22 09:27:04,R_9YkU6C3yLLd68im,"Kangaroo Point Bridge,Neville Bonner Bridge",Kangaroo Point Bridge,,,4169.0,,Walk ,Fitness/exercise,,with one other person,Few times a week,,,,,No,No,Yes,Maybe,Used a longer route,70-74,Male,,4169.0,Bachelor Degree,Retired or on an age pension,No,Car licence,0,0,1,"It's a great asset, is it worth the $300M it cost, I'm not sure. BCC, as a matter of urgency,  needs to open the pedestrian paths on the Story Bridge. "
2025-05-22 09:28:08,R_4NHCzGavUwUWrkt,Kangaroo Point Bridge,Kangaroo Point Bridge,,,4121.0,4001.0,Personal E-scooter   ,Commute to my workplace,,alone,Few times a week,,,,,No,No,No,Yes,Used a longer route,25-29,Male,,4128.0,Certificate III & IV,Employed (paid work) typically working 35 hours or more in a week,No,"Car licence,Motorcycle licence",0,0,3,KP green bridge has shortened commute times for myself on my E-Scooter and has also shortened walking times when in the city on a night out.
2025-05-22 10:44:53,R_44hLUaB1UKgq71j,"Kangaroo Point Bridge,Neville Bonner Bridge,Breakfast/ Yowoggera Bridge",Neville Bonner Bridge,,,4101.0,4000.0,,Fitness/exercise,,alone,Few times a week,,,,,No,Yes,Yes,No,Travelled to someplace else for the same purpose/reason/activity,25-29,Male,,4068.0,Bachelor Degree,Employed (paid work) typically working 35 hours or more in a week,No,"Car licence,Motorcycle licence,Other Licence",0,0,2,Each of the Green bridges have added alternative routes for exercise and active transport. The closure of the Story Bridge has recently limited the use of the Kangaroo Point Bridge as I have opted to ride on the road instead of using the kangaroo point bridge to connect to the Story Bridge and onto New Farm and surrounds. Neville Bonner Bridge has made it extremely easy to walk from south bank to the office which increases opportunity for exercise locations and I have observed a distinct uptake in other staff catching the train to South Brisbane rather than Central and using that Bridge to access the office (in Mary St)
2025-05-22 13:18:41,R_4qeXFAPtRZ4SvBy,"Kangaroo Point Bridge,Neville Bonner Bridge",Neville Bonner Bridge,,,4101.0,4000.0,,Fitness/exercise,,alone,Few times a week,,,,,No,No,No,Yes,Travelled to someplace else for the same purpose/reason/activity,65-69,Female,,4101.0,Advanced Diploma and Diploma,Retired or on an age pension,No,Prefer not to answer,0,0,2,It expanded my exercise circuit options making it easier to combine my workouts with walking in the city. It improved my well-being and connection to the riverfront community 
2025-05-22 13:37:27,R_4RvLEOCljZcl6QF,Kangaroo Point Bridge,Kangaroo Point Bridge,,,4000.0,4169.0, Pushbike  ,Visiting family/ friends/relatives/ social visit,,alone,Rarely,,,,,Yes,No,No,Yes,Used a train,35-39,Male,,4211.0,Certificate III & IV,Employed (paid work) typically working 35 hours or more in a week,No,Car licence,0,0,2,"It provided safe and direct connection between Kangaroo point and CBD. It's convenient, accessible and enhances the overall walkability of the city"
2025-05-22 22:08:14,R_4dGs7XSzQr9uwqj,"Kangaroo Point Bridge,Neville Bonner Bridge,Breakfast/ Yowoggera Bridge",Breakfast/ Yowoggera Bridge,,,4007.0,4007.0,Walk ,Fitness/exercise,,with one other person,Few times a month,,,,,No,No,No,No,Used a longer route,18-24,Female,,4012.0,Years 10/11/12,Employed (paid work) typically working less than 35 hours a week,No,Car licence,0,0,4,
2025-05-22 22:12:44,R_43xuYfL6tschAxx,Kangaroo Point Bridge,Neville Bonner Bridge,,,4012.0,4101.0,,To go to a restaurant/ eat/drink,,alone,Few times a month,,,,,No,No,No,No,Used a car (as a driver),50-54,Male,,4012.0,Postgraduate Degree,Employed (paid work) typically working 35 hours or more in a week,No,"Car licence,Motorcycle licence",0,0,4,
2025-05-23 07:57:33,R_4W32b8SSZsQlkop,"Kangaroo Point Bridge,Neville Bonner Bridge",Kangaroo Point Bridge,,,4169.0,4000.0,Walk ,Commute to my workplace,,alone,Daily,,,,,Yes,No,No,Yes,Used a ferry,18-24,Female,,4169.0,Bachelor Degree,Employed (paid work) typically working 35 hours or more in a week,No,Car licence,0,0,1,"I don’t have to rely on ferry and bus timetables to get to work or gym, etc. "
2025-05-23 08:32:10,R_9JMOJSPnfWhg0Fj,"Kangaroo Point Bridge,Breakfast/ Yowoggera Bridge",Kangaroo Point Bridge,,,4067.0,4067.0, Pushbike  ,"To do personal business (Healthcare, hairdresser etc)",,alone,Few times a month,,,,,No,Yes,Yes,Yes,Used a shorter route,25-29,Female,,4067.0,Bachelor Degree,"Employed (paid work) typically working less than 35 hours a week,Volunteer/ unpaid work",No,Car licence,0,0,2,
2025-05-23 12:21:47,R_9HU10k380lfFgwH,"Kangaroo Point Bridge,Breakfast/ Yowoggera Bridge",Kangaroo Point Bridge,,,4169.0,4000.0,Personal E-bike  ,"Other activity, please specify",Also leisure rides,alone,Few times a week,,,,,Yes,Yes,Yes,Yes,Used a bus,75-79,Male,,4169.0,Years 10/11/12,Retired or on an age pension,No,"Car licence,Motorcycle licence",0,0,1,"Makes dining, shopping and outings very convenient and pleasurable whilst exercising.
Car is used less"
2025-05-23 15:07:46,R_4yEwnCDwOBrO4Df,Kangaroo Point Bridge,Kangaroo Point Bridge,,,4170.0,4170.0,Personal E-bike  ,"Other activity, please specify",I've only used it twice so far. Just for leisure reasons while passing with children on way to Southbank,with more than two persons,Rarely,,,,,No,No,No,No,Used a longer route,40-44,Male,,4170.0,Postgraduate Degree,Employed (paid work) typically working 35 hours or more in a week,No,Car licence,2,0,2,A bridge further down river. Eg Hawthorne would be more beneficial. Or west end to Guyatt Park
2025-05-23 20:21:25,R_9rB9eo7EzWKUooG,Kangaroo Point Bridge,Kangaroo Point Bridge,,,4169.0,4006.0,Personal E-scooter   ,Commute to my workplace,,alone,Daily,,,,,No,No,No,No,Used a ferry,55-59,Male,,4169.0,Bachelor Degree,Employed (paid work) typically working less than 35 hours a week,No,Car licence,0,0,4,Only alternative after closure of Storey Bridge footpaths
2025-05-24 15:12:29,R_4IQ42H1nPFmrpLz,"Kangaroo Point Bridge,Neville Bonner Bridge",Kangaroo Point Bridge,,,4169.0,4169.0,Walk ,Fitness/exercise,,alone,Few times a week,,,,,Yes,Yes,Yes,Yes,Used a ferry,65-69,Female,,4169.0,Graduate Diploma and Graduate Certificate,Retired or on an age pension,No,Car licence,0,0,0,Greater scope of walking destinations for my daily exercise routine plus ease with which to visit the city centre. 
2025-05-24 20:18:42,R_4TM2sM2Wv4Vdh7Z,"Kangaroo Point Bridge,Neville Bonner Bridge",Kangaroo Point Bridge,,,4169.0,4001.0,Walk ,To go shopping,,alone,Few times a month,,,,,Yes,Maybe,Yes,No,Used a ferry,75-79,Male,,4169.0,Years 10/11/12,Retired or on an age pension,No,Car licence,0,0,0,Easy walk into the city 
2025-05-26 08:26:45,R_4EUGHi9a4ZfUP4Z,"Kangaroo Point Bridge,Breakfast/ Yowoggera Bridge",Kangaroo Point Bridge,,,4000.0,4006.0, Pushbike  ,"Other activity, please specify",Go to my partners workplace,alone,Few times a month,,,,,No,No,No,Yes,Used a longer route,60-64,Female,,4017.0,Postgraduate Degree,Employed (paid work) typically working 35 hours or more in a week,No,Car licence,0,0,2,"Saves me time, keeps me off busy city streets with cars, and I also find it a beautiful place to visit and have coffee catch-ups. Thank you for the KP bridge, it is even better than imagined!"
2025-05-26 08:45:37,R_9HG2FwXthBGBGon,I have not used any of the above,Neville Bonner Bridge,Does not connect places where I typically go,,,,,,,,,,,,,,,,,,45-49,Female,,4105.0,Graduate Diploma and Graduate Certificate,Employed (paid work) typically working 35 hours or more in a week,No,Car licence,2,1,2,"I think the green bridges are great.  I used the Goodwill and Kurilpa bridges a lot.
The biggest issue with the Kurilpa bridge is it doesn't have full roof coverage, so all users in both directions tend to huddle under the half-roof for shade and rain shelter.  I think there should be marked spaces for bikes and pedestrians, similar to the Goodwill bridge, with the pedestrians being under the roof and the bikes/scooters in the uncovered side."
2025-05-26 10:24:44,R_4JDykWYaIoxeLFD,"Kangaroo Point Bridge,Neville Bonner Bridge,Breakfast/ Yowoggera Bridge",Kangaroo Point Bridge,,,4005.0,4101.0, Pushbike  ,Visiting family/ friends/relatives/ social visit,,alone,Daily,,,,,Yes,Yes,Yes,Yes,Not travelled,50-54,Male,,4005.0,Bachelor Degree,Prefer not to answer,Prefer not to answer,Car licence,0,0,1,Which green bridge?
2025-05-27 11:11:51,R_9KGqo7D3Dr7cObL,"Kangaroo Point Bridge,Neville Bonner Bridge,Breakfast/ Yowoggera Bridge",Kangaroo Point Bridge,,,4124.0,4169.0, Pushbike  ,To go to a restaurant/ eat/drink,,with one other person,Few times a month,,,,,Yes,,,,Used a longer route,45-49,Male,,4124.0,Bachelor Degree,Employed (paid work) typically working 35 hours or more in a week,No,Car licence,0,0,2,"Allows my partner and I to ride in to meet family at the story bridge hotel, than ride back in to town to have a craft beer, then some dinner and then see a movie... before the bridge we would have only done one activity, now it's much easier to make a day of it."
2025-05-29 12:52:24,R_9SGZpMdIpnVD9JY,"Kangaroo Point Bridge,Neville Bonner Bridge,Breakfast/ Yowoggera Bridge",Kangaroo Point Bridge,,,4000.0,4000.0,Walk ,Fitness/exercise,,with one other person,Few times a month,,,,,No,No,No,Yes,Used a longer route,45-49,Male,,4000.0,Postgraduate Degree,Employed (paid work) typically working 35 hours or more in a week,No,"Car licence,Motorcycle licence,Other Licence",0,0,2,"We do regular walks around the Southbank area. Story bridge is closed which is fucking annoying, and prefer to skip Neville Bonner as it points straight at the casino - fuck the casino. 
But both Neville Bonner and Kangaroo point bridges are really nice "
2025-05-31 09:33:57,R_40iBG9I3Ygo5w6h,"Kangaroo Point Bridge,Neville Bonner Bridge",Kangaroo Point Bridge,,,4101.0,4000.0,"Other mode, please specify ____________________________","Other activity, please specify",Run,with more than two persons,On most weekends,,,,,No,Yes,Yes,Yes,Used a longer route,35-39,Male,,4101.0,Graduate Diploma and Graduate Certificate,Employed (paid work) typically working 35 hours or more in a week,No,Motorcycle licence,0,0,1,"I also regularly use the Neville Bonner bridge. Quicker and more present trip to the city then Queens at bridge. 
Makes the city effectively closer and more convenient.
Opens up a different part of the city.
Kangaroo P bridge creates a great running circuit to under river overpass track to GBB or to Howards Wharf and along the river to Tenerife and back.  "
2025-06-02 12:41:03,R_4z8PVAmcS6p7rTn,"Kangaroo Point Bridge,Neville Bonner Bridge",Kangaroo Point Bridge,,,4169.0,4169.0,Walk ,Fitness/exercise,,with one other person,Few times a week,,,,,Yes,No,No,Yes,Travelled to someplace else for the same purpose/reason/activity,55-59,Female,,4169.0,Years 10/11/12,Employed (paid work) typically working 35 hours or more in a week,No,Car licence,0,0,1,Improved access to a different part of the city 
2025-06-03 11:54:45,R_4m4UNYa8dTeNGjB,"Kangaroo Point Bridge,Neville Bonner Bridge,Breakfast/ Yowoggera Bridge",Kangaroo Point Bridge,,,4069.0,4069.0,Personal E-bike  ,To visit Entertainment,,with one other person,Few times a month,,,,,No,Yes,Maybe,Yes,Used a longer route,50-54,Female,,4069.0,Postgraduate Degree,Employed (paid work) typically working 35 hours or more in a week,No,Car licence,0,1,4,"I now go out in the area around Kangaroo point more, specifically the Jazz bar. I used to go out at Howard Smith Wharves but can no longer easily due to the Story bridge closure. "
2025-06-03 18:06:16,R_9PyX8ucduAqEfk1,"Kangaroo Point Bridge,Neville Bonner Bridge,Breakfast/ Yowoggera Bridge",Kangaroo Point Bridge,,,4169.0,4000.0,Walk ,Commute to my workplace,,alone,Few times a week,,,,,Yes,Yes,No,Yes,Used a ferry,50-54,Female,,4169.0,Graduate Diploma and Graduate Certificate,Employed (paid work) typically working 35 hours or more in a week,No,"Car licence,Other Licence",0,0,1,I love the new bridge however the council has changed how the Ferries operate and there is bad weather it’s very difficult to get to work where as previously I could get on the ferry at Dockside and travel directly to Riverside. The Kitty Cat ferries always miss the connection with the City Cat Ferries and therefore there’s a lot of waiting around and it takes longer now to travel to riverside or the valley. I am very annoyed that I can’t walk across the Story Bridge or get a direct Ferry anymore. Therefore the new bridge is great for work but not for leisure as that amenity has really reduce for me. 
2025-06-04 06:59:32,R_4sDMjYfNcA60NXz,"Kangaroo Point Bridge,Neville Bonner Bridge",Kangaroo Point Bridge,,,4169.0,4000.0,Walk ,Commute to my workplace,,alone,Few times a week,,,,,Yes,No,No,No,Used a ferry,50-54,Female,,4169.0,Bachelor Degree,Employed (paid work) typically working 35 hours or more in a week,No,Car licence,2,0,2,
2025-06-04 17:49:35,R_9shOk4uCEToZEpH,Kangaroo Point Bridge,Kangaroo Point Bridge,,,4169.0,4000.0,Walk ,Commute to my workplace,,alone,Daily,,,,,Yes,Maybe,Maybe,Yes,Used a longer route,35-39,Male,,4169.0,Bachelor Degree,Employed (paid work) typically working 35 hours or more in a week,No,Car licence,0,0,1,
2025-06-08 23:28:29,R_4jTlcUD2lvmEGzh,Kangaroo Point Bridge,Kangaroo Point Bridge,,,4103.0,4006.0, Pushbike  ,Commute to my workplace,,alone,Few times a week,,,,,No,Maybe,Yes,Yes,Used a bus,50-54,Male,,4103.0,Postgraduate Degree,Employed (paid work) typically working 35 hours or more in a week,No,Car licence,2,0,2,"With the Storey bridge out of action,. I'm using the kangaroo point bridge a lot more than usual"
2025-06-09 12:01:38,R_4h1Txk1Dj4DpqrT,"Kangaroo Point Bridge,Neville Bonner Bridge,Breakfast/ Yowoggera Bridge",Breakfast/ Yowoggera Bridge,,,4006.0,4017.0, Pushbike  ,Fitness/exercise,,alone,On most weekends,,,,,No,No,No,Maybe,Used a longer route,40-44,Male,,4006.0,Bachelor Degree,Employed (paid work) typically working 35 hours or more in a week,No,Car licence,0,0,2,
2025-06-15 06:06:56,R_4niaggX3xcgLBuZ,"Kangaroo Point Bridge,Neville Bonner Bridge,Breakfast/ Yowoggera Bridge",Kangaroo Point Bridge,,,4074.0,4074.0, Pushbike  ,Fitness/exercise,,with more than two persons,On most weekends,,,,,Yes,Maybe,Yes,Yes,Travelled to someplace else for the same purpose/reason/activity,60-64,Female,,4074.0,Bachelor Degree,Employed (paid work) typically working less than 35 hours a week,No,Car licence,0,0,3,
