recorded_date,response_id,Bridge,interview_station,gender,travel_mode,travel_mode_other,travel_group,mobility_aid,mobility_aid_other,travelled_before,trip_start_suburb,trip_end_suburb,trip_reason,trip_reason_other,trip_frequency,impact_time,impact_comfort,impact_safety,impact_connectivity,pattern_change_mode,pattern_change_time,pattern_change_freq,pattern_change_places,trip_alternative,age,postcode,education,employment_status,currently_studying,drivers_licence,household_under15,household_15_17,household_18plus,bridge_feedback
30/04/2025 16:08,R_4M07wgPhb1TGQ4a,Kangaroo Point Bridge,City landing,Male,Walk ,,alone,No,,Yes,Brisbane CBD,Brisbane CBD,Fitness/exercise,,Few times a week,No,Yes,Maybe,No,Maybe,No,Yes,Yes,Used a longer route,25-29,4121,Bachelor Degree,"Student receiving Youth Allowance/ Stipend,Not currently working due to a long-term health condition or disability",Yes,"Car licence,Motorcycle licence",0,0,1,Good change of scenery 
6/05/2025 16:47,R_400x4Bx4UXhOadz,Kangaroo Point Bridge,City landing,Male,Walk ,,alone,No,,Yes,Southbank ,Southbank,Fitness/exercise,,On most weekends,No,Yes,Yes,Yes,No,No,No,No,Used a longer route,18-24,4068,Bachelor Degree,Employed (paid work) typically working less than 35 hours a week,Yes,Car licence,0,0,3,
7/05/2025 16:44,R_4P6kTPDGPnKE5uh,Kangaroo Point Bridge,City landing,Male, Pushbike  ,,alone,No,,Yes,test,test,Commute to study,,On most weekends,Yes,Yes,Yes,Yes,Yes,Yes,Yes,Yes,Used a shorter route,35-39,4130,Postgraduate Degree,Employed (paid work) typically working 35 hours or more in a week,No,Car licence,0,0,0,
8/05/2025 11:40,R_4pJOYEwEDQHcdtf,Kangaroo Point Bridge,City landing,Male,Walk ,,with one other person,No,,Yes,Kangaroo Point,Paddington,Visiting family/ friends/relatives/ social visit,,Few times a week,Yes,Yes,Maybe,Maybe,Yes,No,No,No,Used a longer route,30-34,4061,Bachelor Degree,Employed (paid work) typically working 35 hours or more in a week,No,Car licence,0,0,2,
12/05/2025 7:32,R_44dsdWlX44ejaE3,Kangaroo Point Bridge,City landing,Male,Walk ,,alone,No,,Yes,4006,4006,Fitness/exercise,,On most weekends,No,Yes,Yes,Yes,No,No,Yes,Yes,Used a longer route,18-24,4068,Bachelor Degree,Employed (paid work) typically working less than 35 hours a week,Yes,Car licence,1,1,0,
12/05/2025 7:45,R_4wqR15firtCvAPv,Breakfast/ Yowoggera Bridge,Lores Bonney Riverwalk landing,Female,Walk ,,alone,No,,Yes,Newstead,Hamilton,Fitness/exercise,,Daily,Yes,Yes,No,Maybe,No,No,Maybe,No,Used a longer route,65-69,4006,Prefer not to answer,Employed (paid work) typically working less than 35 hours a week,No,"Car licence,Motorcycle licence",0,0,0,Too many bikes and scooters. Too many school children that pass the bridge. 
12/05/2025 7:52,R_4DRyFrNAl20UBIl,Kangaroo Point Bridge,City landing,Male,Walk ,,alone,No,,Yes,Springhill,Springhill,Fitness/exercise,,Daily,,Yes,,,,,Yes,,Travelled to someplace else for the same purpose/reason/activity,40-44,4000,Years 10/11/12,Retired or on an age pension,No,Car licence,0,0,1,
12/05/2025 7:52,R_4CBjnCx0WRtQA72,Breakfast/ Yowoggera Bridge,Lores Bonney Riverwalk landing,Female,Walk ,,with one other person,No,,Yes,Teneriffe ,Hamilton,Fitness/exercise,,Daily,Yes,No,Maybe,No,Yes,No,No,No,Used a longer route,65-69,4006,Prefer not to answer,Employed (paid work) typically working 35 hours or more in a week,No,"Car licence,Motorcycle licence",0,1,0,"It benefitted the lady by making a shorter route. However, not very happy with how many people especially scooters and bikers are using the bridge. "
12/05/2025 8:00,R_9OPqoN1ypRAEyTn,Breakfast/ Yowoggera Bridge,Newstead landing,Male,Walk ,,alone,No,,No,Newstead,Newstead,Fitness/exercise,,Few times a week,Maybe,Yes,Yes,Maybe,Yes,No,Yes,Yes,Travelled to someplace else for the same purpose/reason/activity,30-34,4006,Bachelor Degree,Employed (paid work) typically working 35 hours or more in a week,No,Car licence,1,0,2,"Access to more enjoyable areas and routes for daily exercise, and connectivity to new businesses"
12/05/2025 8:00,R_4o6YLKdKndlG0a5,Kangaroo Point Bridge,City landing,Male,Walk ,,with two other persons,No,,Yes,Kangaroo point,Kangaroo point,Fitness/exercise,,Few times a month,Yes,Yes,Yes,Yes,Yes,Yes,Maybe,Yes,Used a longer route,25-29,4101,Postgraduate Degree,Employed (paid work) typically working less than 35 hours a week,No,Car licence,0,0,7,"Reduced walking distance 
"
12/05/2025 8:03,R_4B9Rf0OnlRoybqa,Breakfast/ Yowoggera Bridge,Newstead landing,Female,Walk ,,with two other persons,No,,,Newstead,Newstead,Fitness/exercise,,Few times a week,,Yes,Yes,,,,,Yes,Used a longer route,30-34,4006,Bachelor Degree,Not currently working for any other reason,No,Car licence,1,0,1,Yes
12/05/2025 8:06,R_4ZWBaU0g46XykCJ,Kangaroo Point Bridge,Kangaroo point landing,Female,Walk ,,with two other persons,No,,Yes,Kangaroo point bridge,Kangaroo point bridge,Fitness/exercise,,Daily,Yes,Yes,Yes,Yes,Yes,Yes,Yes,Yes,Used a longer route,25-29,4169,Bachelor Degree,Employed (paid work) typically working 35 hours or more in a week,No,Car licence,0,0,3,Scenic route
12/05/2025 8:09,R_4CWus71dRtoyIRl,Kangaroo Point Bridge,City landing,Male,Walk ,,alone,No,,Yes,Kangaroo pt,City,Commute to my workplace,,Daily,Yes,Yes,No,Yes,Yes,Yes,Yes,Yes,Used a longer route,55-59,4169,Postgraduate Degree,Employed (paid work) typically working 35 hours or more in a week,No,Car licence,0,0,0,
12/05/2025 8:12,R_4Wa4VECd5tG0MW5,Kangaroo Point Bridge,City landing,Female,Walk ,,alone,No,,No,Kangaroo Point,City,Fitness/exercise,,Rarely,Yes,Maybe,Maybe,Maybe,Maybe,Maybe,Maybe,Maybe,Not travelled,25-29,2902,Bachelor Degree,Employed (paid work) typically working 35 hours or more in a week,No,Car licence,0,0,3,
12/05/2025 8:13,R_4ceL2H2EyuhHqix,Kangaroo Point Bridge,Kangaroo point landing,Female,Walk ,,alone,No,,Yes,Customs house,Customs house,Fitness/exercise,,Daily,No,Yes,Maybe,Yes,Yes,Maybe,Yes,Maybe,Used a longer route,50-54,4000,Postgraduate Degree,"Unpaid caring for a child(ren), an elderly person(s), or an ill or person(s) with a disability",No,Car licence,0,1,3,
12/05/2025 8:16,R_40pydKbHi678ibb,Breakfast/ Yowoggera Bridge,Newstead landing,Male,Walk ,,alone,No,,Yes,Teneriffe,Tenerife/ Hamilton,Fitness/exercise,,Few times a week,No,Yes,Yes,Yes,Yes,Maybe,Yes,No,Used a longer route,65-69,4005,Bachelor Degree,Retired or on an age pension,No,Car licence,0,0,1,He said it’s a great bridge.
12/05/2025 8:17,R_9ERo5ZbQ0Gtiexu,Kangaroo Point Bridge,City landing,Female,Walk ,,alone,No,,Yes,Central station ,Kangaroo point ,Commute related to work,,Few times a month,Maybe,Yes,Maybe,Maybe,Yes,No,No,No,Travelled to someplace else for the same purpose/reason/activity,60-64,4205,Certificate III & IV,Retired or on an age pension,No,Car licence,0,0,2,
12/05/2025 8:20,R_9aA1UZoIkLqhkJz,Kangaroo Point Bridge,Kangaroo point landing,Male,Walk ,,alone,No,,Yes,Kangaroo point,Kangaroo point,Fitness/exercise,,Few times a week,Maybe,Yes,Maybe,Maybe,Yes,Yes,Yes,No,Used a longer route,70-74,4169,Postgraduate Degree,Retired or on an age pension,No,Car licence,0,0,2,
12/05/2025 8:21,R_4U3kc2WGIH4yrCx,Kangaroo Point Bridge,City landing,Female,Walk ,,with one other person,No,,Yes,Carina Heights,Carina Heights,Fitness/exercise,,Few times a week,Maybe,Yes,Maybe,Yes,No,No,No,Yes,Used a longer route,55-59,4152,Years 10/11/12,Retired or on an age pension,No,Car licence,0,0,4,Great addition to the landmarks of Brisbane. Have noticed a significant increase in people accessing the KP area.
12/05/2025 8:26,R_9QfbJgy4cYt9Kin,Kangaroo Point Bridge,Kangaroo point landing,Female,Walk ,,with one other person,No,,Yes,Kangaroo point,Kangaroo point,Fitness/exercise,,Few times a month,No,Yes,Yes,Yes,Yes,No,No,Yes,Not travelled,55-59,4169,Postgraduate Degree,Employed (paid work) typically working 35 hours or more in a week,No,Car licence,0,0,2,
12/05/2025 8:27,R_9H5AQ4exVhbhuEi,Kangaroo Point Bridge,City landing,Male,Walk ,,with one other person,No,,Yes,Kp ,Brisbane QUT ,Fitness/exercise,,Daily,Yes,Yes,Yes,Yes,No,Yes,No,Yes,Used a longer route,30-34,4169,Postgraduate Degree,Student receiving Youth Allowance/ Stipend,Yes,Car licence,0,0,2,It’s great
12/05/2025 8:30,R_9Cg187139SLRUQN,Breakfast/ Yowoggera Bridge,Newstead landing,Female,Walk ,,alone,No,,Yes,Teneriffe,Ascott,Fitness/exercise,,Few times a week,Yes,Yes,Yes,Yes,No,No,No,No,Used a longer route,50-54,4007,Certificate III & IV,Employed (paid work) typically working 35 hours or more in a week,No,"Car licence,Other Licence",0,0,1,Safer option for riding a bicycle.
12/05/2025 8:31,R_4jjEz1fmLIrunpD,Kangaroo Point Bridge,City landing,Male,Walk ,,with one other person,No,,Yes,East Brisbane,East Brisbane,Fitness/exercise,,Few times a month,No,Yes,Yes,Maybe,No,No,Yes,No,Used a longer route,60-64,4169,Years 10/11/12,Employed (paid work) typically working less than 35 hours a week,No,Car licence,0,0,1,More interesting walk
12/05/2025 8:32,R_9rHqsRWk1qv8uE9,Kangaroo Point Bridge,Kangaroo point landing,Female,Walk ,,with one other person,No,,Yes,East brisbane,East brisbane,Fitness/exercise,,Few times a week,No,Yes,Maybe,Yes,Yes,Maybe,No,Yes,Travelled to someplace else for the same purpose/reason/activity,55-59,4169,Postgraduate Degree,Employed (paid work) typically working 35 hours or more in a week,No,"Car licence,Motorcycle licence,Other Licence",0,0,2,Enjoy the bridges and will help connect people. Also very bike friendly 
12/05/2025 8:33,R_9t56tNNfEjXwfgC,Breakfast/ Yowoggera Bridge,Newstead landing,Male,Walk ,,alone,No,,Yes,Teneriffe ,Teneriffe,Fitness/exercise,,Few times a week,Maybe,Yes,Yes,No,No,No,No,No,Used a longer route,65-69,4005,Bachelor Degree,Retired or on an age pension,Yes,Car licence,0,0,1,
12/05/2025 8:33,R_494SkvDWH4rAHLs,Breakfast/ Yowoggera Bridge,Newstead landing,Male,Personal E-bike  ,,with one other person,No,,Yes,Ascott ,Teneriffe,Commute to my workplace,,Few times a week,Yes,Yes,Yes,Yes,Yes,No,No,No,Used a longer route,55-59,4007,Advanced Diploma and Diploma,Employed (paid work) typically working 35 hours or more in a week,No,"Car licence,Other Licence",0,0,1,Benefitted in terms of having designated bike lanes.
12/05/2025 8:37,R_4s6JIakb2JDTcQX,Kangaroo Point Bridge,Kangaroo point landing,Male,Walk ,,alone,No,,Yes,Kangaroo point,Kangaroo point,To visit a park,,Few times a week,Maybe,Yes,Maybe,Yes,Yes,No,Yes,Yes,Used a shorter route,70-74,4102,Years 10/11/12,Employed (paid work) typically working less than 35 hours a week,No,"Car licence,Other Licence",0,0,2,
12/05/2025 8:41,R_4fV39KQ6usFR7id,Kangaroo Point Bridge,City landing,Male,Walk ,,alone,No,,Yes,Kangaroo Point,Kangaroo Point,Fitness/exercise,,Few times a week,No,Yes,Maybe,Maybe,No,Maybe,No,No,Used a longer route,60-64,4064,Postgraduate Degree,Employed (paid work) typically working 35 hours or more in a week,No,Car licence,0,2,2,
12/05/2025 8:46,R_4IxY54qfP4htbP7,Kangaroo Point Bridge,Kangaroo point landing,Female,Walk ,,alone,No,,Yes,Kangaroo point ,Queen st,Commute to my workplace,,Daily,Yes,Yes,Yes,Yes,No,Yes,Yes,Yes,Used a longer route,25-29,4169,Advanced Diploma and Diploma,Employed (paid work) typically working 35 hours or more in a week,No,Car licence,0,0,2,
12/05/2025 8:46,R_4KZtjPJ8qyVAZJ7,Breakfast/ Yowoggera Bridge,Lores Bonney Riverwalk landing,Female,Walk ,,alone,No,,Yes,Newstead ,Hamilton,Fitness/exercise,,Few times a week,Yes,Yes,Yes,Yes,No,No,No,No,Used a longer route,75-79,4006,Postgraduate Degree,Retired or on an age pension,No,Car licence,0,0,0,The green bridge benefitted the lady enormously as the route before was very long and all the way around. Was dangerous at night time previously to go around. She usually catches ferry and walks on the bridge back. 
12/05/2025 8:48,R_4P23yWmyNC10Tox,Kangaroo Point Bridge,City landing,Male,Walk ,,with one other person,No,,Yes,City,City,Fitness/exercise,,Rarely,No,Yes,Yes,Yes,No,No,No,No,Used a longer route,75-79,6011,Years 10/11/12,Employed (paid work) typically working 35 hours or more in a week,No,Car licence,0,0,2,Good bridge
12/05/2025 8:52,R_9cqI5rGLtSz7uP6,Kangaroo Point Bridge,Kangaroo point landing,Male,Walk ,,alone,No,,Yes,Kangaroo point,Kangaroo point,Fitness/exercise,,Daily,Maybe,Yes,Yes,Yes,Yes,Yes,Yes,Yes,Travelled to someplace else for the same purpose/reason/activity,65-69,4169,Graduate Diploma and Graduate Certificate,Employed (paid work) typically working 35 hours or more in a week,No,"Car licence,Other Licence",0,0,2,
12/05/2025 8:56,R_9cilrfeNzmLCYO0,Kangaroo Point Bridge,City landing,Male,Walk ,,alone,No,,Yes,South Bank,South Bank,Fitness/exercise,,Few times a week,Yes,Yes,Yes,Yes,Yes,No,Yes,No,Travelled to someplace else for the same purpose/reason/activity,60-64,4101,Postgraduate Degree,Employed (paid work) typically working less than 35 hours a week,No,"Car licence,Motorcycle licence",0,0,2,"Love the bridge. Love that it’s safe because of the seperate lanes. Love the services at the ends of the bridge. 
Physically appealing bridge. "
12/05/2025 9:01,R_4It6qGWiPUkXuXg,Kangaroo Point Bridge,Kangaroo point landing,Female,Walk ,,with one other person,No,,Yes,Kangaroo point,Kangaroo point,Fitness/exercise,,Few times a week,Yes,Yes,Yes,Yes,Yes,Yes,Yes,Yes,Used a longer route,50-54,4151,Graduate Diploma and Graduate Certificate,Employed (paid work) typically working 35 hours or more in a week,Yes,Car licence,0,3,1,
12/05/2025 9:05,R_40v4ABA8fVu6yUF,Kangaroo Point Bridge,City landing,Female,Walk ,,alone,No,,Yes,Kangaroo Point ,City,Commute to my workplace,,Daily,Yes,Yes,No,No,No,No,No,No,Used a longer route,45-49,4169,Bachelor Degree,Employed (paid work) typically working 35 hours or more in a week,No,Car licence,0,0,1,Cut down commute to work
12/05/2025 9:08,R_9FCD1wQ6YyiWKHX,Kangaroo Point Bridge,Kangaroo point landing,Male,Walk ,,with one other person,No,,Yes,Kangaroo point,Kangaroo point,Fitness/exercise,,Few times a week,Yes,Yes,Yes,Maybe,Yes,No,Yes,Yes,Used a longer route,55-59,4169,Years 10/11/12,Employed (paid work) typically working 35 hours or more in a week,No,Car licence,0,0,2,
12/05/2025 9:10,R_4eUV8Bv0r9twzKZ,Kangaroo Point Bridge,City landing,Female,Walk ,,with one other person,Wheelchair,,Yes,City,City,Fitness/exercise,,Few times a month,Yes,Yes,Yes,Yes,Yes,No,No,Yes,Used a car (as a driver),70-74,4564,Graduate Diploma and Graduate Certificate,Retired or on an age pension,No,No licence,0,0,2,Really added to Brisbane. People seem to love the bridge. 
12/05/2025 9:14,R_9nvdLnL9nIV6TSQ,Kangaroo Point Bridge,Kangaroo point landing,Female,Walk ,,with one other person,No,,Yes,Kangaroo point,Kngroo point,To go to a restaurant/ eat/drink,,Few times a month,Yes,Yes,Maybe,Yes,Yes,No,Yes,Yes,Travelled to someplace else for the same purpose/reason/activity,30-34,4105,Graduate Diploma and Graduate Certificate,Employed (paid work) typically working 35 hours or more in a week,No,Car licence,0,0,2,
12/05/2025 9:15,R_4Bgv60GZEvj1cAw,Breakfast/ Yowoggera Bridge,Newstead landing,Female,Walk ,,alone,No,,Yes,Newstead,Ascott/ Newstead,Fitness/exercise,,Few times a week,No,Yes,Yes,No,No,No,No,No,Used a longer route,75-79,4006,Years 10/11/12,Retired or on an age pension,No,Car licence,0,0,0,Improved the safety with the separation of the bike lane. 
12/05/2025 9:18,R_49af0kVNZNHw6lj,Kangaroo Point Bridge,Kangaroo point landing,Female,Walk ,,with one other person,No,,No,Gardens point ,Gardens point,Fitness/exercise,,Rarely,Maybe,Yes,Yes,Yes,Maybe,Maybe,Maybe,Maybe,Travelled to someplace else for the same purpose/reason/activity,40-44,4350,Bachelor Degree,Employed (paid work) typically working less than 35 hours a week,Yes,Car licence,0,1,1,Very pretty
12/05/2025 9:21,R_9VD9rMqBtTcYDBQ,Kangaroo Point Bridge,City landing,Female,Walk ,,with one other person,No,,Yes,Kangaroo point ,Kangaroo point,Fitness/exercise,,Few times a week,Yes,Yes,Yes,Maybe,Yes,Maybe,Yes,Yes,Used a ferry,55-59,4169,Bachelor Degree,Employed (paid work) typically working less than 35 hours a week,Yes,Car licence,0,0,2,Love it. 
12/05/2025 9:22,R_9hS98lVinvLahMO,Kangaroo Point Bridge,Kangaroo point landing,Male,Walk ,,alone,No,,Yes,Southbank,Southbank,Fitness/exercise,,Few times a week,Maybe,Yes,Yes,Yes,No,No,Maybe,No,Travelled to someplace else for the same purpose/reason/activity,65-69,4074,Years 10/11/12,Employed (paid work) typically working 35 hours or more in a week,No,No licence,0,0,1,
12/05/2025 9:25,R_4opaM4q0LoXnYsx,Kangaroo Point Bridge,Kangaroo point landing,Male,"Shared E-bike (for example, Neuron)",,with one other person,No,,Yes,Mowbray park,Mowbray park,To experience the bridge,,Rarely,Maybe,Yes,No,Yes,Yes,No,No,Yes,Used a ferry,30-34,4152,Bachelor Degree,Employed (paid work) typically working 35 hours or more in a week,No,Car licence,0,0,4,
12/05/2025 9:27,R_47PCexcEWloatH3,Kangaroo Point Bridge,City landing,Female,Walk ,,with one other person,No,,No,Brisbane City,Brisbane City,Fitness/exercise,,Daily,Yes,Yes,Yes,Yes,Yes,Yes,Yes,Yes,Used a ferry,60-64,4000,Years 10/11/12,Retired or on an age pension,No,Car licence,0,0,2,Service lift at KP side of bridge is always dirty. 
12/05/2025 9:31,R_4tL1G4yp5ISuIPm,Breakfast/ Yowoggera Bridge,Newstead landing,Female,Walk ,,with two other persons,No,,,Port side,,Fitness/exercise,,Few times a month,Yes,Yes,Yes,,No,No,No,Maybe,Used a longer route,60-64,,Bachelor Degree,Retired or on an age pension,No,Car licence,0,0,1,
12/05/2025 9:33,R_9S4UwmT9A8b0cKd,Breakfast/ Yowoggera Bridge,Lores Bonney Riverwalk landing,Female,Walk ,,alone,No,,Yes,Portside,Portside,Fitness/exercise,,Few times a week,Yes,Yes,Yes,Yes,Yes,Yes,Maybe,Yes,Used a car (as a driver),60-64,4005,Advanced Diploma and Diploma,Retired or on an age pension,No,Car licence,0,0,1,Increased safety
12/05/2025 9:34,R_9A8sj91Lfsjph0B,Kangaroo Point Bridge,Kangaroo point landing,Female,Walk ,,alone,No,,Yes,Kangaroo point,Kangaroo point,Fitness/exercise,,Daily,Yes,Yes,Yes,Yes,Yes,Yes,Yes,Maybe,Used a longer route,60-64,4169,Postgraduate Degree,Retired or on an age pension,Yes,Car licence,0,0,2,
12/05/2025 9:35,R_4XgidL4TmB1lvyU,Kangaroo Point Bridge,City landing,Male,Walk ,,with more than two persons,No,,No,City,City,To visit a park,,Rarely,Yes,Yes,Yes,Maybe,No,No,No,No,Used a ferry,40-44,4000,Postgraduate Degree,Employed (paid work) typically working 35 hours or more in a week,No,Car licence,2,0,1,Very clean and convenient. Good safety with clear markings
12/05/2025 9:38,R_4GvLNXH6DrO5tlf,Kangaroo Point Bridge,Kangaroo point landing,Female,Walk ,,with one other person,No,,No,Mary st,Mary st,Fitness/exercise,,Rarely,Yes,Yes,Yes,Yes,No,No,No,No,Travelled to someplace else for the same purpose/reason/activity,25-29,3193,Bachelor Degree,Employed (paid work) typically working 35 hours or more in a week,Yes,Car licence,0,0,5,
12/05/2025 9:40,R_4LGzgl1y8ZyBKh5,Kangaroo Point Bridge,City landing,Female,Walk ,,with one other person,No,,No,Brisbane City,Brisbane City,To experience the bridge,,Rarely,Yes,Yes,Yes,Yes,Yes,Yes,No,Yes,Not travelled,50-54,3984,Prefer not to answer,Employed (paid work) typically working 35 hours or more in a week,No,Car licence,0,0,2,It’s a great piece if infrastructure that should be promoted more interstate. 
12/05/2025 9:42,R_4QJhLNz4UUzI2Xh,Kangaroo Point Bridge,Kangaroo point landing,Female,Walk ,,with one other person,No,,Yes,City,City,To experience the bridge,,Rarely,Maybe,Yes,Yes,No,No,No,No,Yes,Not travelled,55-59,4520,Graduate Diploma and Graduate Certificate,Retired or on an age pension,No,"Car licence,Other Licence",0,0,2,
12/05/2025 9:43,R_9aIBTOZfNm7NxdC,Breakfast/ Yowoggera Bridge,Newstead landing,Male,Walk ,,alone,No,,Yes,Newstead,Newstead ,Fitness/exercise,,Few times a week,No,Yes,Yes,,No,No,,No,Used a longer route,75-79,,Postgraduate Degree,Retired or on an age pension,No,Car licence,0,0,1,
12/05/2025 9:47,R_9B1D6x7f0FGJnzz,Breakfast/ Yowoggera Bridge,Lores Bonney Riverwalk landing,Female, Pushbike  ,,with two other persons,No,,Yes,Portside,Portside,Fitness/exercise,,Daily,No,Yes,Yes,Yes,No,No,Yes,No,Used a longer route,65-69,4007,Bachelor Degree,Retired or on an age pension,No,Car licence,0,0,1,
12/05/2025 11:00,R_9XOMYarYGY2U0hj,Breakfast/ Yowoggera Bridge,Newstead landing,Female,Walk ,,alone,No,,Yes,Paddington,Newstead,Commute to my workplace,,Daily,Yes,Yes,Yes,Maybe,No,No,Yes,Yes,Used a longer route,18-24,4064,Bachelor Degree,Employed (paid work) typically working less than 35 hours a week,No,Car licence,0,0,2,The bridge made getting to work easier and quicker
12/05/2025 12:30,R_92G1A8rotuuXSFf,Kangaroo Point Bridge,City landing,Female,Walk ,,alone,No,,Yes,Kangaroo Point,Brisbane city,Commute to my workplace,,Few times a week,Yes,Yes,Yes,Yes,Yes,No,No,No,Used a bus,18-24,4011,Bachelor Degree,Employed (paid work) typically working less than 35 hours a week,Yes,Car licence,0,0,3,
12/05/2025 12:48,R_9WPfO1MhX83GxWo,Kangaroo Point Bridge,Kangaroo point landing,Male,Walk ,,alone,No,,Yes,Hawthorne,City,Commute to my workplace,,Few times a month,Maybe,Yes,Maybe,No,Yes,No,No,Yes,"Used Taxi/RideShare (Uber, Didi, etc)",18-24,4171,Bachelor Degree,Employed (paid work) typically working 35 hours or more in a week,No,Car licence,0,0,4,Easier to get to the city from south side
12/05/2025 14:57,R_9MyvJaSxDe9R2Wq,Breakfast/ Yowoggera Bridge,Newstead landing,Male,Walk ,,alone,No,,No,Hamilton,Tenerifee,Fitness/exercise,,Daily,Yes,Yes,Yes,Yes,Maybe,Maybe,Yes,Maybe,Travelled to someplace else for the same purpose/reason/activity,70-74,4007,Years 10/11/12,Retired or on an age pension,No,Car licence,1,0,0,
12/05/2025 15:07,R_4BQpsDtfWCthRhc,Kangaroo Point Bridge,City landing,Male,Walk ,,alone,No,,Yes,Brisbane City,Kangaroo Point,Commute to study,,Few times a week,Yes,Yes,Yes,No,No,No,Yes,Yes,Used a ferry,25-29,4121,Years 10/11/12,"Student receiving Youth Allowance/ Stipend,Not currently working due to short-term illness or injury",Yes,"Car licence,Motorcycle licence",0,0,1,Has made it easier to access Kangaroo Point from botanical gardens compared to needing to get on a ferry or walk a lot longer around to Goodwill bridge
12/05/2025 15:08,R_4f40wE7Ra3HI11y,Breakfast/ Yowoggera Bridge,Newstead landing,Female,Walk ,,alone,No,,No,Newstead, Newstead,Commute to my workplace,,Daily,Yes,Yes,Yes,No,No,No,No,Yes,Used a longer route,18-24,4006,Bachelor Degree,Employed (paid work) typically working less than 35 hours a week,No,Car licence,0,0,4,
12/05/2025 15:14,R_4CqhXDg6OnQjnSV,Kangaroo Point Bridge,Kangaroo point landing,Female,Walk ,,alone,No,,Yes,Doc side apartment,Doc side apartment,To go to a restaurant/ eat/drink,,Few times a week,Yes,Yes,Yes,Yes,No,Yes,Yes,Yes,Used a longer route,70-74,4169,Postgraduate Degree,Retired or on an age pension,No,Car licence,0,0,2,
12/05/2025 15:16,R_90OLiDEEDUzECgR,Kangaroo Point Bridge,Kangaroo point landing,Female,Walk ,,alone,No,,Yes,South Brisbane,South Brisbane,Fitness/exercise,,Few times a week,Yes,Yes,Yes,Yes,No,No,Yes,No,Used a longer route,55-59,4101,Advanced Diploma and Diploma,Employed (paid work) typically working 35 hours or more in a week,No,Car licence,0,0,2,
12/05/2025 15:19,R_4eLcaGVzpvBhQYH,Breakfast/ Yowoggera Bridge,Lores Bonney Riverwalk landing,Female,Walk ,,alone,No,,No,Newstead,Newstead,Fitness/exercise,,Rarely,Maybe,Yes,Yes,Yes,Yes,No,Maybe,Yes,Travelled to someplace else for the same purpose/reason/activity,18-24,4060,Bachelor Degree,"Employed (paid work) typically working less than 35 hours a week,Student receiving Youth Allowance/ Stipend",Yes,Car licence,0,0,4,It’s provides a great route for running along the river
12/05/2025 15:20,R_4czHOMSGfM8Z8Rn,Kangaroo Point Bridge,Kangaroo point landing,Male,Walk ,,alone,No,,No,Mango Hill,Fortitude Valley,To experience the bridge,,Rarely,Yes,Yes,Yes,Yes,No,No,No,Yes,Used a longer route,18-24,4509,Years 10/11/12,Employed (paid work) typically working less than 35 hours a week,Yes,Car licence,1,0,4,
12/05/2025 15:22,R_4QfJjhvpiMK4Pu0,Kangaroo Point Bridge,Kangaroo point landing,Male,Personal E-scooter   ,,alone,No,,Yes,Kangaroo point,Kangaroo point,To experience the bridge,,Rarely,Yes,Yes,Yes,Yes,No,No,No,Yes,Travelled to someplace else for the same purpose/reason/activity,65-69,2125,Advanced Diploma and Diploma,Employed (paid work) typically working 35 hours or more in a week,No,Car licence,0,0,3,
12/05/2025 15:25,R_9C1MUJwDg63X1ba,Kangaroo Point Bridge,Kangaroo point landing,Male,Walk ,,alone,No,,Yes,Highgate hill,Highgate,Fitness/exercise,,Few times a week,Yes,Yes,Yes,Yes,Maybe,Maybe,Maybe,Maybe,Used a longer route,65-69,4101,Bachelor Degree,Employed (paid work) typically working 35 hours or more in a week,No,Car licence,0,0,2,
12/05/2025 15:29,R_9EvqLFIQiSnhhb0,Kangaroo Point Bridge,Kangaroo point landing,Female,Walk ,,with two other persons,No,,,Kangaroo point,Kangaroo point,Fitness/exercise,,On most weekends,Maybe,Yes,Maybe,Maybe,Maybe,Maybe,Maybe,Yes,Used a longer route,18-24,,Postgraduate Degree,Employed (paid work) typically working less than 35 hours a week,No,Car licence,0,0,2,
12/05/2025 15:30,R_4EAmZoQzttMgzOB,Kangaroo Point Bridge,Kangaroo point landing,Male,Walk ,,alone,No,,Yes,Ann st,Ann st,Fitness/exercise,,Rarely,Maybe,Yes,Yes,Yes,No,No,Yes,,Used a longer route,45-49,4655,Certificate III & IV,Employed (paid work) typically working 35 hours or more in a week,Yes,"Car licence,Other Licence",0,1,2,
12/05/2025 15:35,R_4F55kEczAZE35m8,Kangaroo Point Bridge,Kangaroo point landing,Male,Walk ,,with more than two persons,No,,Yes,Kangaroo point,Kngroo point,To experience the bridge,,Few times a month,Yes,Yes,Yes,Maybe,Yes,No,Yes,Yes,Used a car (as a driver),65-69,4171,Postgraduate Degree,Retired or on an age pension,No,Car licence,0,0,2,Liked
12/05/2025 15:35,R_98N7OjYGGYhNyxS,Kangaroo Point Bridge,Kangaroo point landing,Female,Walk ,,with one other person,No,,Yes,Kangaroo pointT,Kangaroo point,To experience the bridge,,Few times a month,Yes,Yes,,Yes,Yes,Yes,,Yes,Used a longer route,50-54,4121,Graduate Diploma and Graduate Certificate,Employed (paid work) typically working less than 35 hours a week,No,Car licence,0,0,3,Kangaroo Point to Southbank commuting is easier.
12/05/2025 15:39,R_4EYbgonB0VbpjoO,Kangaroo Point Bridge,Kangaroo point landing,Male,Walk ,,with one other person,No,,No,Gardens point,Gardens point,Fitness/exercise,,Rarely,No,Yes,Yes,Maybe,No,No,No,No,Not travelled,70-74,3143,Bachelor Degree,Retired or on an age pension,No,Car licence,0,0,2,
12/05/2025 15:43,R_4Cgs7Mx2EKkotf3,Kangaroo Point Bridge,Kangaroo point landing,Female,Walk ,,alone,No,,No,Kangaroo point,Kangaroo point,Commute to my workplace,,Daily,Yes,Yes,Yes,Yes,No,Yes,Yes,Yes,Used a longer route,25-29,4169,Bachelor Degree,Employed (paid work) typically working 35 hours or more in a week,No,No licence,0,0,3,
12/05/2025 15:44,R_93g0Hm65wAZR4GJ,Breakfast/ Yowoggera Bridge,Newstead landing,Male,Walk ,,alone,No,,Yes,Newstead,Newstead,Commute related to work,,Few times a week,No,Yes,Yes,Yes,Maybe,No,No,No,Used a longer route,55-59,4006,Bachelor Degree,Employed (paid work) typically working 35 hours or more in a week,No,Car licence,0,0,1,
12/05/2025 15:44,R_91z4aLMZgK4K2Dx,Kangaroo Point Bridge,Kangaroo point landing,Female,Walk ,,with one other person,No,,Yes,Kangaroo point,Kangaroo point,Fitness/exercise,,Daily,Yes,Yes,Yes,Yes,Yes,Yes,Yes,Yes,Used a ferry,35-39,4109,Prefer not to answer,Not currently working for any other reason,No,Car licence,1,0,2,
12/05/2025 15:48,R_4KvFdUDJ4fPichh,Kangaroo Point Bridge,Kangaroo point landing,Male,Walk ,,alone,No,,Yes,Kangaroo point,Kangaroo point,Fitness/exercise,,Few times a week,Yes,Yes,Yes,Maybe,Yes,No,Yes,Yes,Used a ferry,65-69,4169,Postgraduate Degree,Employed (paid work) typically working less than 35 hours a week,No,Car licence,0,0,2,Happy
12/05/2025 15:49,R_9nInp6xc2j582dP,Kangaroo Point Bridge,Kangaroo point landing,Male,Walk ,,alone,No,,Yes,Kangaroo point,City,Fitness/exercise,,Daily,Yes,Yes,Yes,Yes,No,No,No,Yes,Used a ferry,35-39,4169,Bachelor Degree,Employed (paid work) typically working 35 hours or more in a week,No,Car licence,0,0,1,
12/05/2025 15:52,R_9YyK0adQdyfy9Xn,Kangaroo Point Bridge,Kangaroo point landing,Male,Walk ,,with one other person,No,,No,Gardens point,Gardens point,Commute related to work,,Rarely,Yes,Yes,Yes,Yes,No,No,No,No,Used a ferry,50-54,4165,Postgraduate Degree,Employed (paid work) typically working 35 hours or more in a week,No,"Car licence,Other Licence",0,0,4,Happy
12/05/2025 15:54,R_9CBv0KPnHfRaDl9,Kangaroo Point Bridge,Kangaroo point landing,Female,Walk ,,alone,No,,Yes,Kangaroo point ,City,Fitness/exercise,,Daily,Yes,Yes,Yes,Yes,Yes,No,No,Yes,Used a longer route,55-59,4169,Advanced Diploma and Diploma,Employed (paid work) typically working 35 hours or more in a week,No,Car licence,0,0,2,
12/05/2025 15:54,R_9ATa5JLEzPqUhNL,Breakfast/ Yowoggera Bridge,Newstead landing,Female,Walk ,,with one other person,No,,Yes,Clayfield,Clayfield,Fitness/exercise,,Rarely,No,Yes,No,No,No,No,No,No,Not travelled,60-64,4011,Bachelor Degree,Retired or on an age pension,No,Car licence,0,0,2,
12/05/2025 15:59,R_9xOtXmbNzmws97r,Kangaroo Point Bridge,Kangaroo point landing,Female,Walk ,,alone,No,,No,Kangaroo point,Kangaroo point,Fitness/exercise,,Daily,Yes,Yes,Yes,Yes,Yes,Yes,No,Yes,Used a bus,45-49,4711,Advanced Diploma and Diploma,Employed (paid work) typically working 35 hours or more in a week,Yes,Car licence,2,1,2,Happy
12/05/2025 15:59,R_4pr7K24mYugb3p0,Breakfast/ Yowoggera Bridge,Newstead landing,Male,Walk ,,with one other person,No,,Yes,Newsteead,Newstead,Visiting family/ friends/relatives/ social visit,,Few times a week,Yes,Yes,Yes,Maybe,No,No,No,Yes,Used a longer route,30-34,4006,Bachelor Degree,Volunteer/ unpaid work,No,Car licence,0,0,2,
12/05/2025 16:01,R_9HLWaQtBe7w3oFX,Kangaroo Point Bridge,Kangaroo point landing,Male,Walk ,,alone,No,,Yes,Kangaroo point ,Kangaroo point ,Fitness/exercise,,Few times a month,Yes,Yes,Yes,Yes,Yes,No,Yes,No,Used a ferry,70-74,4160,Postgraduate Degree,Retired or on an age pension,No,Car licence,0,0,2,
12/05/2025 16:03,R_4MMpzHKbYlVJUqw,Breakfast/ Yowoggera Bridge,Newstead landing,Female,Walk ,,with one other person,No,,No,Newfarm,Newfarm,Fitness/exercise,,Few times a month,No,Yes,No,Yes,Yes,Yes,Yes,Yes,Not travelled,30-34,4005,Postgraduate Degree,Employed (paid work) typically working 35 hours or more in a week,No,Car licence,0,0,2,"Helps connect the riverwalk and walking tracks, connecting suburbs "
12/05/2025 16:03,R_9mEkiNQP3VAYorZ,Kangaroo Point Bridge,Kangaroo point landing,Female,Walk ,,with one other person,No,,No,Kangaroo point,Spring hill,To visit Entertainment,,Few times a month,Yes,Yes,Maybe,Yes,Yes,Yes,Maybe,Yes,Used a longer route,18-24,7004,Bachelor Degree,Employed (paid work) typically working less than 35 hours a week,No,Car licence,1,0,3,
12/05/2025 16:03,R_4SehDNu9MnDT7BR,Breakfast/ Yowoggera Bridge,Newstead landing,Male,Walk ,,with one other person,No,,No,Newfarm ,Newfarm,Fitness/exercise,,Few times a week,No,Yes,Yes,Yes,No,No,No,Yes,Not travelled,30-34,4005,Bachelor Degree,Employed (paid work) typically working 35 hours or more in a week,No,Car licence,0,0,0,
12/05/2025 16:10,R_4cpVANBCRkcqKv7,Kangaroo Point Bridge,Kangaroo point landing,Female,Walk ,,alone,No,,Yes,Brisbane ,Brisbane ,To experience the bridge,,Rarely,No,No,No,No,No,No,No,No,Not travelled,55-59,2022,Years 10/11/12,Employed (paid work) typically working 35 hours or more in a week,Yes,Car licence,0,0,1,
12/05/2025 16:12,R_9AZMCzFzeak5cBB,Kangaroo Point Bridge,Kangaroo point landing,Male,Walk ,,with one other person,No,,No,City,City,To experience the bridge,,Rarely,Yes,Yes,Yes,Maybe,No,No,No,No,Not travelled,40-44,2641,Years 10/11/12,Employed (paid work) typically working 35 hours or more in a week,No,"Car licence,Other Licence",2,0,2,
12/05/2025 16:15,R_4GIkItSYHhYF6Vt,Breakfast/ Yowoggera Bridge,Newstead landing,Female,Walk ,,alone,No,,Yes,Hamilton,Hamilton,Fitness/exercise,,Few times a week,Yes,Yes,Yes,Maybe,No,No,No,Yes,Travelled to someplace else for the same purpose/reason/activity,50-54,4007,Bachelor Degree,Prefer not to answer,Yes,Car licence,0,0,2,
12/05/2025 16:20,R_44wdT9vS54H3uEh,Kangaroo Point Bridge,Kangaroo point landing,Male,Walk ,,with one other person,No,,Yes,Kangaroo point ,Kangaroo point,Fitness/exercise,,Few times a month,No,Yes,Yes,Yes,No,No,No,Yes,Used a longer route,70-74,4170,Postgraduate Degree,Retired or on an age pension,No,"Car licence,Motorcycle licence",0,0,2,
12/05/2025 16:21,R_9KeiYXcKKf3ve5U,Kangaroo Point Bridge,Kangaroo point landing,Female,Walk ,,alone,No,,Yes,Kangaroo point ,Kangaroo point,Commute to my workplace,,Daily,Yes,Yes,Yes,Maybe,No,Yes,No,Yes,Used a shorter route,60-64,4169,Years 10/11/12,Employed (paid work) typically working 35 hours or more in a week,No,Car licence,0,0,1,Likes that pedestrians and cyclist infrastructure are both very good
12/05/2025 16:27,R_41ik7UOkzl48KXO,Breakfast/ Yowoggera Bridge,Newstead landing,Male,Walk ,,alone,No,,Yes,Hamilton,Hamilton,Fitness/exercise,,Daily,Yes,Yes,Yes,Yes,No,No,No,No,Used a longer route,55-59,4007,Bachelor Degree,Employed (paid work) typically working 35 hours or more in a week,No,Car licence,0,0,1,
12/05/2025 16:28,R_4iISvrD8diSAUTv,Kangaroo Point Bridge,Kangaroo point landing,Male,Walk ,,alone,No,,Yes,Wollongabba,Wollongabba,Commute to my workplace,,Daily,No,Maybe,No,Maybe,No,No,No,Yes,Used a shorter route,25-29,4151,Bachelor Degree,Employed (paid work) typically working 35 hours or more in a week,No,"Car licence,Other Licence",0,0,3,
12/05/2025 16:29,R_4mDT1CV5VTUgzRi,Kangaroo Point Bridge,Kangaroo point landing,Female,Walk ,,alone,No,,Yes,Kangaroo point,Kangaroo point,Fitness/exercise,,Few times a week,Maybe,,Yes,Yes,Yes,No,No,No,Used a ferry,65-69,4169,Postgraduate Degree,Retired or on an age pension,No,Car licence,0,0,2,
12/05/2025 16:38,R_9P42HjtAVeF5CRX,Breakfast/ Yowoggera Bridge,Newstead landing,Female,Walk ,,alone,No,,Yes,Hamilton,Hamilton ,Fitness/exercise,,Few times a week,No,No,Yes,Yes,No,No,No,No,Used a longer route,45-49,6743,Certificate III & IV,Employed (paid work) typically working 35 hours or more in a week,No,Car licence,0,0,3,
12/05/2025 16:40,R_4U5SNaNRPU5PHkl,Kangaroo Point Bridge,Kangaroo point landing,Female,Walk ,,alone,No,,No,City,Kangaroo Point,Fitness/exercise,,Rarely,No,Yes,Yes,Yes,No,No,No,No,Not travelled,25-29,,Bachelor Degree,"Employed (paid work) typically working less than 35 hours a week,Volunteer/ unpaid work",No,Car licence,0,0,0,
12/05/2025 16:43,R_9HwBrq3vNgWkYVo,Kangaroo Point Bridge,Kangaroo point landing,Female,Walk ,,alone,No,,Yes,Newfarm,Newfarm,Fitness/exercise,,Few times a week,No,Yes,Yes,Yes,No,No,Yes,Yes,Used a shorter route,18-24,4121,Bachelor Degree,Employed (paid work) typically working 35 hours or more in a week,Yes,Car licence,0,0,4,
12/05/2025 16:46,R_9dDGli1dCuGPox9,Kangaroo Point Bridge,Kangaroo point landing,Female,Walk ,,alone,No,,Yes,Kangaroo point,As above,Fitness/exercise,,On most weekends,Yes,Yes,,No,Yes,No,No,No,Used a ferry,65-69,4169,Bachelor Degree,Employed (paid work) typically working less than 35 hours a week,No,Car licence,0,0,0,
12/05/2025 16:54,R_9elBrLFGlLfFeob,Kangaroo Point Bridge,Kangaroo point landing,Male,Personal E-bike  ,,with one other person,No,,Yes,West end,Kangaroo point,To experience the bridge,,Few times a month,Yes,Yes,Yes,Yes,Yes,No,Maybe,Yes,Used a longer route,50-54,4169,Certificate III & IV,Employed (paid work) typically working 35 hours or more in a week,No,"Car licence,Other Licence",0,0,3,
12/05/2025 16:54,R_9FLjMpxhoE04HY2,Breakfast/ Yowoggera Bridge,Newstead landing,Male,Walk ,,alone,No,,Yes,Newstead,Newstead,Fitness/exercise,,Daily,No,No,Yes,Yes,Yes,No,No,Yes,Travelled to someplace else for the same purpose/reason/activity,70-74,4006,Bachelor Degree,Retired or on an age pension,No,Car licence,0,0,2,
12/05/2025 16:55,R_4rPp6KHGY6IZZn9,Breakfast/ Yowoggera Bridge,Newstead landing,Female,Walk ,,with one other person,No,,Yes,Newstwad,Newstead,Commute to my workplace,,Rarely,No,No,No,No,No,,,,Used a longer route,75-79,4006,Years 9 and below,Retired or on an age pension,No,No licence,0,0,1,
12/05/2025 16:59,R_9396Ze35EAGg6Fm,Kangaroo Point Bridge,Kangaroo point landing,Male,Walk ,,alone,No,,Yes,Kangaroo point,Kangaroo point ,Commute to my workplace,,Daily,Yes,Yes,Yes,Yes,Yes,Yes,No,Yes,Used a longer route,45-49,4168,Bachelor Degree,Employed (paid work) typically working 35 hours or more in a week,No,Car licence,1,0,2,
12/05/2025 16:59,R_9LGnbzRbinNGMJ8,Breakfast/ Yowoggera Bridge,Newstead landing,Female,Walk ,,alone,No,,No,Bowen Hills,Bowen Hills,"Other activity, please specify",Walk the dog,Daily,No,Yes,Yes,Yes,No,No,No,Yes,Used a longer route,40-44,4006,Bachelor Degree,Employed (paid work) typically working 35 hours or more in a week,No,Car licence,0,0,2,
12/05/2025 16:59,R_9ezc9WbaqvemxA6,Kangaroo Point Bridge,Kangaroo point landing,Male,Walk ,,alone,No,,Yes,Kangaroo point,Kangaroo point,To go shopping,,Daily,Yes,Yes,Yes,Yes,Yes,Yes,Yes,Yes,Used a ferry,25-29,4169,Years 10/11/12,Employed (paid work) typically working 35 hours or more in a week,No,Car licence,0,0,2,Really likes the bridge. Thinks it is very convenient 
12/05/2025 17:06,R_9CBuj3ARFPu0ez8,Kangaroo Point Bridge,Kangaroo point landing,Male,Walk ,,alone,No,,Yes,Gardens point,Kangaroo point,Fitness/exercise,,Daily,Yes,Yes,Maybe,Yes,Yes,Yes,Yes,Yes,Used a car (as a driver),30-34,4000,Bachelor Degree,Employed (paid work) typically working 35 hours or more in a week,No,Car licence,0,0,2,Would like more bridges like this
12/05/2025 17:11,R_4DxBHEq2ITEb1u1,Kangaroo Point Bridge,Kangaroo point landing,Female,Walk ,,with one other person,No,,Yes,City,Kangaroo point,Commute to my workplace,,Daily,Yes,Yes,Yes,Yes,Yes,Yes,Yes,Yes,Used a longer route,60-64,4169,Postgraduate Degree,Employed (paid work) typically working 35 hours or more in a week,No,Car licence,0,0,2,"Really like the bridge
"
12/05/2025 17:13,R_9OXP3ML5JH7ksNj,Kangaroo Point Bridge,Kangaroo point landing,Male,Walk ,,alone,No,,Yes,Kangaroo Point,City,Commute related to work,,Daily,Yes,Yes,No,Yes,No,No,No,No,Used a longer route,55-59,4078,Bachelor Degree,Employed (paid work) typically working 35 hours or more in a week,No,"Car licence,Other Licence",0,0,5,
12/05/2025 17:16,R_9EANjxKe3UPj3Om,Kangaroo Point Bridge,Kangaroo point landing,Female,Walk ,,alone,No,,No,Gardens point,Gardens point,To visit a park,,Daily,Maybe,Yes,Yes,Yes,Maybe,Yes,Yes,Yes,Travelled to someplace else for the same purpose/reason/activity,30-34,4000,Postgraduate Degree,Employed (paid work) typically working 35 hours or more in a week,No,Car licence,0,0,1,Really likes the bridge
12/05/2025 17:19,R_4CgruDg11a2nK47,Kangaroo Point Bridge,Kangaroo point landing,Female,Walk ,,with one other person,No,,Yes,Kangaroo point,Kangaroo point,Fitness/exercise,,Few times a week,Maybe,Yes,Yes,Yes,No,No,Yes,Yes,Used a longer route,18-24,4152,Bachelor Degree,Employed (paid work) typically working 35 hours or more in a week,Yes,Car licence,1,0,3,Really likes the bridge
12/05/2025 17:21,R_9EasJDSu38nqgNo,Kangaroo Point Bridge,Kangaroo point landing,Female,Walk ,,alone,No,,Yes,Kangaroo point ,City,Commute to my workplace,,Daily,Yes,Yes,Yes,Yes,No,,Yes,No,Used a longer route,30-34,4169,Postgraduate Degree,Employed (paid work) typically working 35 hours or more in a week,No,Car licence,0,0,1,
12/05/2025 17:25,R_9diJU4VKDB3q1GV,Kangaroo Point Bridge,Kangaroo point landing,Female,Walk ,,alone,No,,Yes,Kangaroo point,Cbd,Commute to my workplace,,Daily,Yes,Yes,Yes,Yes,Yes,No,No,No,Used a ferry,40-44,4169,Advanced Diploma and Diploma,Employed (paid work) typically working 35 hours or more in a week,No,Car licence,0,0,2,
12/05/2025 17:25,R_4v0rgzJBbh7viQD,Kangaroo Point Bridge,Kangaroo point landing,Male,Walk ,,with one other person,No,,Yes,South bank,South bank,To visit Entertainment,,On most weekends,Yes,Yes,Yes,Yes,Yes,Yes,Yes,Yes,Used a car (as a driver),18-24,4113,Years 10/11/12,Employed (paid work) typically working less than 35 hours a week,Yes,Car licence,0,0,3,
12/05/2025 17:29,R_4k8EEryilFltDqx,Kangaroo Point Bridge,Kangaroo point landing,Male,Walk ,,alone,No,,Yes,Eagle st,Kangaroo point,Commute to my workplace,,Daily,No,Yes,No,Maybe,Yes,No,No,No,Used a bus,65-69,4169,Bachelor Degree,Employed (paid work) typically working 35 hours or more in a week,No,Car licence,0,0,2,
12/05/2025 17:30,R_4dp4K4TsDxtfR8k,Kangaroo Point Bridge,Kangaroo point landing,Female,Walk ,,alone,No,,Yes,Kangaroo point,City,Commute to my workplace,,Daily,Yes,Yes,Yes,Yes,Yes,No,No,Yes,Used a bus,45-49,4169,Postgraduate Degree,Employed (paid work) typically working 35 hours or more in a week,No,"Car licence,Motorcycle licence",0,0,2,
12/05/2025 17:33,R_4Q00pIH5nNLmdLZ,Kangaroo Point Bridge,Kangaroo point landing,Female,Walk ,,alone,No,,No,City ,City,Fitness/exercise,,Rarely,Maybe,Yes,Yes,Yes,Yes,No,No,Yes,Not travelled,30-34,4000,Postgraduate Degree,Employed (paid work) typically working 35 hours or more in a week,No,No licence,0,0,1,The bridge is great
12/05/2025 17:35,R_4hGA16xxuHxfA4N,Kangaroo Point Bridge,Kangaroo point landing,Male,Walk ,,alone,No,,Yes,East brisbane,Cbd,Commute to my workplace,,Daily,No,Yes,No,Yes,Yes,Yes,Yes,No,Used a bus,25-29,4169,Bachelor Degree,Employed (paid work) typically working 35 hours or more in a week,No,No licence,0,0,2,
12/05/2025 17:37,R_92xaozA6WqcqHv7,Kangaroo Point Bridge,Kangaroo point landing,Male,Walk ,,with one other person,No,,Yes,Kangaroo point,Kangaroo point ,To go shopping,,Daily,Yes,Yes,Yes,Yes,Yes,Yes,Yes,Yes,Travelled to someplace else for the same purpose/reason/activity,35-39,4116,Years 10/11/12,Employed (paid work) typically working 35 hours or more in a week,No,Car licence,0,0,1,The bridge is awesome
12/05/2025 17:39,R_9KdU5hojeFaw1PI,Kangaroo Point Bridge,Kangaroo point landing,Male,Walk ,,alone,No,,Yes,Kangaroo poi t,Cbd,Commute to my workplace,,Daily,Yes,Yes,Yes,Yes,Yes,No,No,No,Used a ferry,40-44,4169,Bachelor Degree,Employed (paid work) typically working 35 hours or more in a week,No,No licence,0,0,1,
12/05/2025 17:44,R_9y1kg4bPGtV14EV,Kangaroo Point Bridge,Kangaroo point landing,Female,Walk ,,alone,No,,No,Gardens point,Kangaroo point ,Commute to my workplace,,Daily,Yes,Yes,Yes,Maybe,Yes,Yes,No,Yes,"Used Taxi/RideShare (Uber, Didi, etc)",50-54,3216,Postgraduate Degree,Employed (paid work) typically working 35 hours or more in a week,No,Car licence,1,0,1,
12/05/2025 17:49,R_9UXc0CtMCXXd8lO,Kangaroo Point Bridge,City landing,Male,Walk ,,alone,No,,Yes,Kangaroo point ,Cbd,Commute to my workplace,,Daily,Yes,Yes,Maybe,Yes,Yes,Yes,Yes,No,Used a longer route,18-24,4169,Years 10/11/12,Employed (paid work) typically working 35 hours or more in a week,Yes,"Car licence,Motorcycle licence,Other Licence",0,0,2,
12/05/2025 17:50,R_9qfMQgmkLjSgW9M,Kangaroo Point Bridge,Kangaroo point landing,Male,Walk ,,with one other person,No,,Yes,Kangaroo point ,Kangaroo point ,Fitness/exercise,,Daily,Yes,Yes,Yes,Yes,Yes,Yes,Yes,Yes,Used a longer route,35-39,4169,Years 10/11/12,Employed (paid work) typically working 35 hours or more in a week,No,Car licence,0,0,2,Would like bins
12/05/2025 17:56,R_4f0UBtDW6BsgmAR,Kangaroo Point Bridge,Kangaroo point landing,Male,Walk ,,with one other person,No,,Yes,Kangaroo point ,Kangaroo point ,Fitness/exercise,,Few times a week,Yes,Yes,Yes,No,No,No,Maybe,No,Used a car (as a driver),25-29,4006,Years 10/11/12,Employed (paid work) typically working 35 hours or more in a week,No,"Car licence,Other Licence",0,0,2,
12/05/2025 17:58,R_9zXOXGPoKu6JYdQ,Kangaroo Point Bridge,Kangaroo point landing,Male,Walk ,,alone,No,,Yes,Dockside,City,Commute to my workplace,,Daily,Yes,Yes,Yes,Yes,Yes,Yes,Yes,Yes,Used a ferry,18-24,4169,Years 10/11/12,Employed (paid work) typically working 35 hours or more in a week,Yes,Car licence,0,0,2,
13/05/2025 7:18,R_4dvl3Fm6hgOyq3v,Breakfast/ Yowoggera Bridge,Newstead landing,Female,Walk ,,with one other person,No,,Yes,Albion,Albion,Fitness/exercise,,Few times a week,No,Yes,Yes,No,No,No,No,No,Used a longer route,40-44,4010,Bachelor Degree,Employed (paid work) typically working 35 hours or more in a week,No,Car licence,0,0,1,
13/05/2025 7:19,R_494IOijbJ8K344M,Breakfast/ Yowoggera Bridge,Lores Bonney Riverwalk landing,Female,Walk ,,with one other person,No,,Yes,Albion,Albion,"Other activity, please specify",Walking dogs,Few times a month,No,Yes,Yes,Maybe,No,No,No,No,Used a longer route,40-44,4551,Postgraduate Degree,Employed (paid work) typically working 35 hours or more in a week,No,Car licence,0,0,0,She is from Sunshine Coast but comes here once a month to visit family. Enjoys the bridge 
13/05/2025 7:26,R_4Vx3zPnKoXbSH08,Breakfast/ Yowoggera Bridge,Lores Bonney Riverwalk landing,Female,Walk ,,alone,No,,No,Clayfield,City,Commute to my workplace,,Daily,Yes,Yes,Yes,Yes,Maybe,Yes,Yes,Yes,Used a bus,35-39,4011,Bachelor Degree,Employed (paid work) typically working 35 hours or more in a week,No,Car licence,0,0,2,
13/05/2025 7:30,R_4G1dGqYu9orPTvX,Breakfast/ Yowoggera Bridge,Newstead landing,Female,Walk ,,alone,No,,Yes,Newstead,Newstead,Fitness/exercise,,Daily,Yes,Yes,Yes,Yes,No,No,Yes,Yes,Used a longer route,30-34,4006,Postgraduate Degree,Employed (paid work) typically working 35 hours or more in a week,No,Car licence,0,0,1,
13/05/2025 7:31,R_9SvlMvnI0pX7mNx,Breakfast/ Yowoggera Bridge,Lores Bonney Riverwalk landing,Male,Walk ,,alone,No,,Yes,Hamilton,Hamilton,Fitness/exercise,,Daily,No,Yes,Yes,No,Yes,No,No,No,Used a longer route,60-64,4002,Bachelor Degree,Employed (paid work) typically working less than 35 hours a week,No,"Car licence,Motorcycle licence,Other Licence",0,0,2,He said the bridge has not affected him much as there was another route either way suitable for exercise 
13/05/2025 7:36,R_9QGw0hEYyrh2Rzg,Breakfast/ Yowoggera Bridge,Lores Bonney Riverwalk landing,Female,Walk ,,alone,No,,Yes,Hamilton ,Hamilton,Fitness/exercise,,Daily,Yes,Yes,Yes,Yes,Yes,Yes,No,No,Used a longer route,18-24,4007,Years 10/11/12,Employed (paid work) typically working less than 35 hours a week,Yes,Car licence,0,0,4,
13/05/2025 7:37,R_4SoZN1X4E6orqD6,Breakfast/ Yowoggera Bridge,Lores Bonney Riverwalk landing,Female,Walk ,,alone,No,,Yes,Newstead,Port side,Fitness/exercise,,On most weekends,Maybe,Yes,Yes,Yes,No,No,No,No,Used a longer route,40-44,4034,Bachelor Degree,Employed (paid work) typically working 35 hours or more in a week,No,Car licence,2,0,2,
13/05/2025 7:41,R_4S8afFk8lkKnXQB,Breakfast/ Yowoggera Bridge,Newstead landing,Female,Walk ,,alone,No,,No,Newstead,Newstead,Fitness/exercise,,Daily,Maybe,Yes,No,Maybe,No,No,No,Yes,Travelled to someplace else for the same purpose/reason/activity,25-29,4006,Years 10/11/12,Employed (paid work) typically working 35 hours or more in a week,Yes,Car licence,0,0,1,Great bridge
13/05/2025 7:47,R_4Ey1RU4lvxgv8Xd,Breakfast/ Yowoggera Bridge,Lores Bonney Riverwalk landing,Female,Walk ,,alone,No,,Yes,Newstead,Newstead,Fitness/exercise,,Few times a week,No,Yes,Yes,No,Yes,No,Yes,No,Used a longer route,75-79,4010,Years 10/11/12,Retired or on an age pension,No,Car licence,0,0,0,
13/05/2025 7:49,R_4lMKeFXzY6mmeNb,Breakfast/ Yowoggera Bridge,Newstead landing,Male,Walk ,,with one other person,No,,No,Clayfield,Clayfield,To experience the bridge,,Few times a week,No,Yes,Maybe,No,No,No,Yes,Yes,Travelled to someplace else for the same purpose/reason/activity,80-84,4001,Advanced Diploma and Diploma,Retired or on an age pension,No,Car licence,0,0,1,
13/05/2025 7:56,R_90o0TloE9M6T5U2,Breakfast/ Yowoggera Bridge,Newstead landing,Female,Walk ,,alone,No,,No,Newfram,Newfarm,Fitness/exercise,,Daily,Yes,Yes,Yes,Yes,No,Yes,Yes,No,Used a car (as passenger),30-34,4006,Bachelor Degree,Employed (paid work) typically working less than 35 hours a week,Yes,Car licence,0,0,2,
13/05/2025 8:01,R_9h9JAzbOLhWLc6B,Breakfast/ Yowoggera Bridge,Newstead landing,Male,Walk ,,alone,No,,Yes,Newstead,Newstead,Fitness/exercise,,Daily,No,Maybe,Yes,Maybe,No,No,No,No,Used a longer route,60-64,4007,Prefer not to answer,Retired or on an age pension,No,Car licence,0,0,1,
13/05/2025 8:07,R_9MSQbHtXfEkLTXT,Breakfast/ Yowoggera Bridge,Newstead landing,Male,Walk ,,alone,No,,Yes,Hamilton,Hamilton,Fitness/exercise,,Daily,Maybe,Yes,Yes,Yes,No,No,Maybe,No,Used a longer route,55-59,4007,Postgraduate Degree,Employed (paid work) typically working 35 hours or more in a week,No,"Car licence,Other Licence",0,0,2,
13/05/2025 8:07,R_9vZcf0RgtIeXHNI,Breakfast/ Yowoggera Bridge,Newstead landing,Male,Walk ,,alone,No,,Yes,Newstead,Newstead,Fitness/exercise,,Few times a week,Yes,Yes,Yes,Yes,No,No,No,No,Used a longer route,80-84,4006,Years 10/11/12,Employed (paid work) typically working less than 35 hours a week,No,"Car licence,Motorcycle licence",0,0,2,
13/05/2025 8:13,R_9xFF5WebHeqy4a5,Breakfast/ Yowoggera Bridge,Newstead landing,Female,Walk ,,alone,No,,Yes,Newstead,Newstead,Fitness/exercise,,Daily,Yes,Yes,Yes,Yes,No,No,Maybe,Yes,Used a longer route,50-54,4006,Postgraduate Degree,Employed (paid work) typically working 35 hours or more in a week,No,"Car licence,Other Licence",0,0,1,
13/05/2025 8:14,R_9eOQyDaSNEObv4l,Breakfast/ Yowoggera Bridge,Newstead landing,Male,Walk ,,alone,No,,Yes,Newstead,Newstead ,Fitness/exercise,,Few times a week,Yes,Yes,Yes,Yes,No,No,Yes,No,Used a longer route,30-34,4006,Years 10/11/12,Employed (paid work) typically working 35 hours or more in a week,No,Car licence,0,0,2,
13/05/2025 8:17,R_9schCqeyQu6EiKB,Breakfast/ Yowoggera Bridge,Newstead landing,Female,Walk ,,alone,No,,No,Newstead,Newstead,Fitness/exercise,,Few times a week,Maybe,Yes,Yes,Yes,No,No,No,,Travelled to someplace else for the same purpose/reason/activity,18-24,4051,Advanced Diploma and Diploma,Student receiving Youth Allowance/ Stipend,No,Car licence,0,1,4,
13/05/2025 8:23,R_9TnZI1CuMNnyJUd,Breakfast/ Yowoggera Bridge,Newstead landing,Male,Walk ,,alone,No,,Yes,Albion,Albion,Fitness/exercise,,Few times a week,Yes,Yes,Yes,Yes,No,No,No,Yes,Used a longer route,30-34,4010,Certificate III & IV,Employed (paid work) typically working 35 hours or more in a week,No,"Car licence,Motorcycle licence",0,0,3,
13/05/2025 8:24,R_4htexRVyQb6k0rg,Breakfast/ Yowoggera Bridge,Newstead landing,Female,Walk ,,with one other person,No,,No,Albion,Albion,Fitness/exercise,,Few times a week,Yes,Yes,Yes,Yes,No,No,No,Yes,Used a longer route,25-29,4010,Advanced Diploma and Diploma,Employed (paid work) typically working 35 hours or more in a week,No,Car licence,0,0,3,Lighting at night
13/05/2025 8:27,R_41MbzTzCHGM9ts1,Breakfast/ Yowoggera Bridge,Newstead landing,Female,Walk ,,alone,No,,Yes,Newstead,Newstead,Fitness/exercise,,Few times a week,Yes,Yes,Yes,Yes,Yes,No,Yes,Yes,Used a longer route,45-49,4006,Bachelor Degree,Employed (paid work) typically working 35 hours or more in a week,No,Car licence,0,0,2,
13/05/2025 8:29,R_4Q3dzQWGEVZt5Ii,Breakfast/ Yowoggera Bridge,Newstead landing,Male,Walk ,,alone,No,,Yes,Hamilton,Hamilton,Fitness/exercise,,Few times a week,Yes,Yes,Yes,Yes,Yes,No,Yes,Yes,Not travelled,25-29,4007,Postgraduate Degree,Employed (paid work) typically working 35 hours or more in a week,No,"Car licence,Motorcycle licence",0,0,2,
13/05/2025 8:42,R_9BYqTFcLRNjOmyl,Breakfast/ Yowoggera Bridge,Newstead landing,Male,Walk ,,alone,No,,Yes,Newstead,Newstead,Fitness/exercise,,Daily,Yes,Yes,Yes,Yes,No,No,No,No,Used a longer route,75-79,3418,Bachelor Degree,Retired or on an age pension,No,Car licence,0,0,2,Great for bicycles and pedestrians.
13/05/2025 8:47,R_4yBD2CiXidZ02T7,Breakfast/ Yowoggera Bridge,Newstead landing,Female,Walk ,,alone,No,,Yes,Waterfront Park,Waterfront Park,Fitness/exercise,,Daily,No,Yes,Yes,Maybe,No,Yes,No,No,Used a longer route,80-84,4006,Bachelor Degree,Retired or on an age pension,No,Car licence,0,0,2,
13/05/2025 8:49,R_4UbhVTjLBr1GiND,Breakfast/ Yowoggera Bridge,Newstead landing,Female,Walk ,,alone,No,,Yes,Newstead ,Newstead,Fitness/exercise,,Few times a week,Yes,Yes,Yes,Yes,No,No,Yes,Yes,Not travelled,18-24,4006,Years 10/11/12,Employed (paid work) typically working less than 35 hours a week,Yes,Car licence,0,0,2,
13/05/2025 8:54,R_9F9yrxuoGYNW7tL,Breakfast/ Yowoggera Bridge,Newstead landing,Female,Walk ,,with one other person,No,,Yes,Newstead,Newstead,Fitness/exercise,,Few times a week,Yes,Yes,Yes,Yes,No,No,No,Yes,Used a longer route,35-39,4012,Bachelor Degree,"Unpaid caring for a child(ren), an elderly person(s), or an ill or person(s) with a disability",No,Car licence,2,0,2,
13/05/2025 8:54,R_9TNlzh4Uqq5fzZD,Breakfast/ Yowoggera Bridge,Newstead landing,Female,Walk ,,alone,No,,Yes,Portside,Port side,Fitness/exercise,,Few times a week,Yes,Yes,Yes,Yes,No,No,Yes,No,Used a car (as a driver),35-39,4013,Postgraduate Degree,"Unpaid caring for a child(ren), an elderly person(s), or an ill or person(s) with a disability",No,Car licence,1,0,2,
13/05/2025 8:58,R_45vlw36ZkzyEGhz,Breakfast/ Yowoggera Bridge,Newstead landing,Female,Walk ,,alone,No,,Yes,Ascot,Ascot,Fitness/exercise,,Few times a week,Yes,Yes,Yes,Yes,Yes,Yes,Maybe,No,Used a longer route,18-24,4558,Postgraduate Degree,Employed (paid work) typically working 35 hours or more in a week,No,Car licence,0,1,4,
13/05/2025 9:00,R_4TFBGJd9zAsBcqK,Breakfast/ Yowoggera Bridge,Newstead landing,Male,Walk ,,alone,No,,No,Hamilton,Hamilton,Fitness/exercise,,Daily,No,Yes,Yes,Maybe,No,No,Yes,No,Used a longer route,18-24,4007,Prefer not to answer,Not currently working for any other reason,No,Car licence,0,0,1,
13/05/2025 9:21,R_4wORBTNXYd9bXiN,Breakfast/ Yowoggera Bridge,Newstead landing,Male,Walk ,,with one other person,No,,Yes,Camp mountain ,Newstead ,Fitness/exercise,,Rarely,No,Yes,Yes,Yes,No,No,No,No,Travelled to someplace else for the same purpose/reason/activity,35-39,4520,Bachelor Degree,Employed (paid work) typically working 35 hours or more in a week,No,Car licence,4,0,6,
13/05/2025 9:21,R_9dV0mUxgLd4JUA1,Breakfast/ Yowoggera Bridge,Newstead landing,Male,Walk ,,with one other person,No,,No,Slacks creek,Slacks creek,Fitness/exercise,,Rarely,No,No,No,Yes,No,No,No,No,Used a longer route,35-39,4127,Bachelor Degree,Employed (paid work) typically working 35 hours or more in a week,No,Car licence,1,0,2,
13/05/2025 9:28,R_93i6uyzWKXkH1PH,Breakfast/ Yowoggera Bridge,Newstead landing,Male,Walk ,,alone,No,,Yes,Newstead,Newstead,Fitness/exercise,,Few times a week,No,Yes,Yes,Yes,No,No,No,Maybe,Used a longer route,80-84,4006,Years 10/11/12,Retired or on an age pension,No,Car licence,0,0,2,
13/05/2025 10:32,R_4V50cKQm3ceLVoR,Kangaroo Point Bridge,City landing,Male,Walk ,,alone,No,,Yes,Kangaroo Point,Kangaroo Point,Fitness/exercise,,Few times a week,No,Yes,No,Yes,Maybe,No,No,No,Not travelled,65-69,4169,Bachelor Degree,Retired or on an age pension,No,Car licence,0,0,1,Great bridge
13/05/2025 10:33,R_4cHVf2e9ZvDdZ2V,Kangaroo Point Bridge,City landing,Female,Walk ,,alone,No,,Yes,Bulimba,Bulimba,Fitness/exercise,,Few times a month,Yes,Yes,Yes,Yes,Yes,Yes,Yes,Yes,Used a ferry,50-54,4171,Years 10/11/12,Employed (paid work) typically working 35 hours or more in a week,No,Car licence,0,0,0,"Great connection from suburbs bulimba, kangaroo to the city side"
13/05/2025 10:35,R_425Ro2i4v3AkXcS,Kangaroo Point Bridge,Kangaroo point landing,Male,Walk ,,with two other persons,No,,No,South Bank,Kangaroo Point,To experience the bridge,,Rarely,Yes,Yes,Yes,Yes,No,No,No,No,Used a longer route,25-29,2620,Years 10/11/12,Not currently working for any other reason,No,Car licence,0,0,2,Awesome bridge
13/05/2025 10:39,R_4hTr42rASKpW3aP,Kangaroo Point Bridge,City landing,Male,Walk ,,alone,No,,No,CBD,CBD,Fitness/exercise,,Rarely,Yes,Yes,Yes,Yes,Yes,Yes,Yes,Yes,Used a ferry,40-44,4000,Prefer not to answer,Employed (paid work) typically working 35 hours or more in a week,No,Car licence,0,0,0,"Quite nice and great experience for riding a bike, taking photographs"
13/05/2025 10:43,R_4JpWTBN5frC7cF5,Kangaroo Point Bridge,City landing,Female,Walk ,,alone,No,,Yes,City,City,To experience the bridge,,Few times a week,Yes,Yes,Yes,Yes,Yes,Yes,Maybe,Yes,Used a longer route,60-64,2088,Postgraduate Degree,Employed (paid work) typically working less than 35 hours a week,No,Car licence,0,0,3,"Absolutely fantastic. 
Huge wow factor. "
13/05/2025 10:47,R_9ltAE9gU9nBBx6h,Kangaroo Point Bridge,City landing,Male,Walk ,,alone,No,,Yes,East Brisbane,City,Commute to my workplace,,Few times a week,Yes,Yes,Yes,No,Yes,Yes,Yes,Yes,Used a bus,25-29,4169,Years 10/11/12,Employed (paid work) typically working less than 35 hours a week,Yes,Car licence,0,0,3,"Great infrastructure, really benefits the community. "
13/05/2025 10:47,R_9s2Gg6QOBBDpV9T,Kangaroo Point Bridge,City landing,Male,Walk ,,with one other person,No,,Yes,CBD,CBD,Commute related to work,,Few times a week,No,Yes,No,No,No,No,Yes,Yes,Not travelled,55-59,4000,Postgraduate Degree,Employed (paid work) typically working 35 hours or more in a week,No,Car licence,3,0,0,"Great bridge, for enjoyment and better connection"
13/05/2025 10:51,R_4Bg7BV1uG3RRXcs,Kangaroo Point Bridge,City landing,Female,Walk ,,with one other person,No,,Yes,CBD,CBD,To experience the bridge,,Rarely,No,Yes,No,No,No,No,No,No,Not travelled,40-44,4000,Graduate Diploma and Graduate Certificate,Employed (paid work) typically working less than 35 hours a week,No,Car licence,3,0,3,"Ioves seating area, roof, water stations"
13/05/2025 10:52,R_4I4wgGJ2VhLxsiS,Kangaroo Point Bridge,City landing,Female,Walk ,,with one other person,No,,Yes,Kangaroo Point,Kangaroo Point,To visit a park,,Few times a week,Yes,Yes,Yes,Yes,Yes,Yes,Yes,Yes,Used a ferry,45-49,4223,Advanced Diploma and Diploma,Employed (paid work) typically working less than 35 hours a week,No,Car licence,0,0,1,"Like that it has seperate lanes for bikes. 
Like the undercover areas in case it rains. 
Like that it has viewing platforms long the bridge. "
13/05/2025 11:00,R_9R9xdN259ulWqyo,Kangaroo Point Bridge,City landing,Male,Walk ,,alone,No,,Yes,Paddington,Paddington,To experience the bridge,,Rarely,No,Yes,No,No,No,No,No,Yes,Used a longer route,60-64,4064,Bachelor Degree,Retired or on an age pension,No,"Car licence,Motorcycle licence",0,0,1,"Looks good, nice and clean, nice seating areas"
13/05/2025 11:00,R_4E79ZQUtlhICcJe,Kangaroo Point Bridge,City landing,Male,Walk ,,alone,No,,Yes,Kangaroo Point,Kangaroo Point,Fitness/exercise,,Rarely,Yes,Yes,Maybe,Maybe,No,No,No,Yes,Travelled to someplace else for the same purpose/reason/activity,40-44,4012,Certificate III & IV,Employed (paid work) typically working 35 hours or more in a week,No,Car licence,0,0,2,Helped connect the city and plan days. 
13/05/2025 11:05,R_9gT8NY3z5SQGQFy,Kangaroo Point Bridge,City landing,Male,Walk ,,alone,No,,Yes,South Bank,Spring Hill,Fitness/exercise,,Few times a month,No,Yes,Maybe,No,Yes,No,No,No,Used a longer route,75-79,4000,Years 10/11/12,Retired or on an age pension,No,Car licence,0,0,2,"Awesome bridge, seems to be too big for the demand. "
13/05/2025 11:09,R_9VdXTsuCnDogfsu,Kangaroo Point Bridge,City landing,Male,Walk ,,alone,No,,No,CBD,CBD,To experience the bridge,,Rarely,Yes,Yes,Yes,Yes,Yes,Yes,Yes,Yes,Used a ferry,25-29,4000,Bachelor Degree,Employed (paid work) typically working less than 35 hours a week,No,"Car licence,Motorcycle licence",0,0,5,"Great bridge, beautiful, it really enhances my experience visiting australia"
13/05/2025 11:10,R_4q988ndxvWUYSp0,Kangaroo Point Bridge,City landing,Female,Walk ,,with two other persons,No,,Yes,Kangaroo Point,Kangaroo Point,To experience the bridge,,Rarely,No,Yes,Yes,Yes,No,No,No,Yes,Not travelled,75-79,4065,Advanced Diploma and Diploma,Retired or on an age pension,No,Car licence,0,0,1,Great asset to Brisbane city and frames the city well. 
13/05/2025 11:15,R_9UgTAHYhD62UYc8,Kangaroo Point Bridge,City landing,Female,Walk ,,alone,No,,No,Kangaroo Point,City,Visiting family/ friends/relatives/ social visit,,Daily,Yes,Yes,Yes,Yes,Yes,No,No,Yes,Used a bus,55-59,4169,Postgraduate Degree,Retired or on an age pension,No,Car licence,0,0,1,
13/05/2025 11:18,R_9DP3EGRqNlOAcyM,Kangaroo Point Bridge,Kangaroo point landing,Male,"Other mode, please specify",Bus from westend and walk ,alone,No,,Yes,West End,West End,To visit Entertainment,,Rarely,No,Yes,No,No,No,No,No,No,Not travelled,70-74,4101,Bachelor Degree,Retired or on an age pension,No,Car licence,0,0,2,"Its lovely and speculator, might concern of more flooding in west end"
13/05/2025 11:19,R_9OqWwZlKYLgeJ69,Kangaroo Point Bridge,City landing,Female,Personal E-scooter   ,,with one other person,No,,Yes,City,Kangaroo point,Commute to study,,Daily,Yes,Yes,Yes,No,Yes,No,No,Yes,Used a longer route,18-24,4169,Years 10/11/12,Student receiving Youth Allowance/ Stipend,Yes,Car licence,0,0,4,Easy travel to the city
13/05/2025 11:25,R_4D7HUN330Z9ceZl,Kangaroo Point Bridge,City landing,Male,Walk ,,alone,No,,Yes,Cooparoo ,Cooparoo,Fitness/exercise,,Rarely,Yes,Yes,Maybe,Yes,No,No,No,Yes,Not travelled,35-39,4306,Certificate III & IV,Employed (paid work) typically working 35 hours or more in a week,No,Car licence,2,0,1,Has improved prospects of visiting Brisbane city and seeing sights. 
13/05/2025 11:29,R_9CeIL67Iafu8SlC,Kangaroo Point Bridge,City landing,Male,Walk ,,with one other person,No,,Yes,Kangaroo point,Kangaroo point,Fitness/exercise,,Rarely,Yes,Yes,Yes,Yes,No,No,No,Yes,Not travelled,75-79,4169,Bachelor Degree,Retired or on an age pension,No,No licence,0,0,2,"It’s asthetically pleasing, routes for exercises"
13/05/2025 11:32,R_4kBvcPxNH67VW6d,Kangaroo Point Bridge,City landing,Male,Walk ,,with one other person,No,,Yes,Kangaroo Point,Kangaroo Point,To experience the bridge,,Rarely,Yes,Maybe,Yes,Yes,Yes,No,No,No,Used a ferry,65-69,2478,Postgraduate Degree,Retired or on an age pension,No,Car licence,0,0,2,Handy for getting to the city. 
13/05/2025 11:32,R_9rojdk6SxmfYdfE,Kangaroo Point Bridge,Kangaroo point landing,Female,Walk ,,with one other person,No,,Yes,Kangaroo Point,Kangaroo point,Fitness/exercise,,Rarely,No,Yes,No,No,No,No,No,Yes,Not travelled,35-39,4169,Postgraduate Degree,Employed (paid work) typically working less than 35 hours a week,No,Car licence,2,0,2,"I love it, love the experience, great for running"
13/05/2025 11:37,R_9pKnZ4JMQgx9ibL,Kangaroo Point Bridge,City landing,Male, Pushbike  ,,alone,No,,Yes,Forrest Lake,Forrest Lake,Fitness/exercise,,Few times a month,No,Yes,Yes,Maybe,No,No,No,Yes,Used a longer route,60-64,4078,Certificate III & IV,Retired or on an age pension,No,Car licence,0,0,2,
13/05/2025 11:52,R_9q9GdPFwRmBvX3j,Kangaroo Point Bridge,Kangaroo point landing,Female,Walk ,,alone,No,,Yes,West end,West end,To experience the bridge,,Few times a month,Yes,Yes,No,No,Yes,Yes,Yes,Yes,Used a bus,18-24,4101,Years 10/11/12,Employed (paid work) typically working less than 35 hours a week,Yes,Car licence,0,0,3,"I like the width, water station, seating area"
13/05/2025 12:06,R_9rHtkP6hIJfpaEq,Kangaroo Point Bridge,City landing,Male,Walk ,,with more than two persons,No,,Yes,Robina,Robina,Fitness/exercise,,Rarely,No,Yes,No,No,No,Yes,No,Yes,Not travelled,55-59,4226,Bachelor Degree,Retired or on an age pension,No,Car licence,0,0,2,"I really like this bridge, went to visit this bridge as my brother was the senior project manager for this bridge. A beautiful piece of major infrastructure"
13/05/2025 14:58,R_9qdL2dB9KTqGgJ9,Breakfast/ Yowoggera Bridge,Newstead landing,Female,Walk ,,alone,No,,Yes,Newstead,Newstead,Commute to my workplace,,Daily,No,Yes,Yes,Yes,No,No,No,No,Used a longer route,30-34,4007,Bachelor Degree,Employed (paid work) typically working 35 hours or more in a week,No,Car licence,0,0,1,
13/05/2025 15:07,R_9OxZn1LLve8n6iR,Breakfast/ Yowoggera Bridge,Newstead landing,Female,Walk ,,alone,No,,Yes,Newstead,Newstead,Commute related to work,,Daily,No,Yes,Yes,Yes,No,No,No,No,Used a longer route,35-39,4007,Bachelor Degree,Employed (paid work) typically working 35 hours or more in a week,No,Car licence,0,0,0,
13/05/2025 15:13,R_9eVNclV1UrAFqAB,Kangaroo Point Bridge,Kangaroo point landing,Male,Walk ,,with one other person,No,,No,Kangaroo point,Kangaroo point,Fitness/exercise,,Rarely,No,Yes,Yes,Yes,No,No,No,Yes,Not travelled,30-34,,Prefer not to answer,Employed (paid work) typically working 35 hours or more in a week,No,Car licence,0,0,0,
13/05/2025 15:17,R_43we8KIow3tzqvi,Kangaroo Point Bridge,Kangaroo point landing,Female,Walk ,,alone,No,,Yes,Kangaroo point,City,Commute to study,,Daily,Yes,Yes,No,Yes,Yes,Yes,Yes,No,Used a ferry,18-24,4101,Advanced Diploma and Diploma,Volunteer/ unpaid work,Yes,Car licence,0,0,3,
13/05/2025 15:24,R_4MzOKwTLowdAOHL,Kangaroo Point Bridge,Kangaroo point landing,Male,Walk ,,alone,No,,Yes,Kangaroo point,City,Fitness/exercise,,Daily,No,No,No,Yes,No,No,No,No,Not travelled,35-39,4120,Bachelor Degree,Employed (paid work) typically working 35 hours or more in a week,No,"Car licence,Motorcycle licence",0,0,2,
13/05/2025 15:39,R_9dXpjWzsj7wjnO0,Kangaroo Point Bridge,Kangaroo point landing,Female,Walk ,,alone,No,,Yes,City,Kangaroo point,Fitness/exercise,,Rarely,,Yes,No,No,No,No,No,Yes,Not travelled,65-69,4565,Certificate III & IV,Retired or on an age pension,No,Car licence,0,0,0,
13/05/2025 15:40,R_9PkM9gSN7pwZZux,Kangaroo Point Bridge,Kangaroo point landing,Male,Walk ,,with one other person,No,,Yes,City,Kangaroo point,Fitness/exercise,,Rarely,Yes,Yes,Yes,No,Yes,Yes,Yes,Yes,Used a ferry,55-59,4005,Bachelor Degree,Retired or on an age pension,No,Car licence,0,0,2,
13/05/2025 15:48,R_4K0zzqGHAQ3fIbx,Kangaroo Point Bridge,Kangaroo point landing,Male,"Shared E-scooter (for example, Neuron or Lime) ",,alone,No,,Yes,City,Kangaroo Point ,Commute to my workplace,,Few times a week,Yes,Yes,Yes,Yes,Yes,No,No,Yes,Used a longer route,40-44,4169,Years 10/11/12,Employed (paid work) typically working less than 35 hours a week,No,No licence,0,0,2,
13/05/2025 15:52,R_4jiy7mDyNepFpjj,Kangaroo Point Bridge,City landing,Male,Walk ,,alone,No,,No,City,City,Fitness/exercise,,Rarely,Yes,Yes,Yes,Yes,No,No,No,Yes,Not travelled,35-39,4123,Advanced Diploma and Diploma,Employed (paid work) typically working 35 hours or more in a week,No,Car licence,0,0,3,
13/05/2025 15:53,R_4rYPumpI7AgZ68N,Kangaroo Point Bridge,Kangaroo point landing,Male,Walk ,,with one other person,No,,Yes,City,Kangaroo point,Fitness/exercise,,Few times a month,Yes,Yes,Yes,Yes,No,No,No,Maybe,Not travelled,35-39,4151,Advanced Diploma and Diploma,Employed (paid work) typically working 35 hours or more in a week,No,Car licence,2,0,2,It is amazing. Great stuff. Very needed
13/05/2025 16:00,R_9rl8TRPl0NI4H9U,Kangaroo Point Bridge,Kangaroo point landing,Male,"Other mode, please specify",,with one other person,Wheelchair,,No,Kangaroo point ,City,Fitness/exercise,,Few times a month,Yes,Yes,Yes,Yes,Yes,Yes,Yes,Yes,"Used Taxi/RideShare (Uber, Didi, etc)",65-69,4169,Bachelor Degree,Employed (paid work) typically working 35 hours or more in a week,No,"Car licence,Other Licence",0,0,2,
13/05/2025 16:05,R_4jjEaJVBpMMxC9j,Kangaroo Point Bridge,Kangaroo point landing,Female,Walk ,,alone,No,,Yes,City,Kangaroo point,Fitness/exercise,,Few times a week,Yes,Yes,Yes,Yes,Yes,Yes,Yes,Yes,Used a bus,18-24,4300,Years 10/11/12,Not currently working for any other reason,No,Car licence,1,3,3,
13/05/2025 16:20,R_4jufnoDJjaF69cB,Kangaroo Point Bridge,City landing,Female,Walk ,,with one other person,No,,No,,,Fitness/exercise,,Rarely,Yes,Yes,Yes,Yes,No,No,No,No,Not travelled,45-49,,Bachelor Degree,Employed (paid work) typically working 35 hours or more in a week,No,Car licence,0,0,2,
13/05/2025 16:32,R_9ffMqmMAo0PJZtU,Kangaroo Point Bridge,Kangaroo point landing,Male,Walk ,,alone,No,,No,Kangaroo point,City,Fitness/exercise,,Rarely,No,No,Yes,Yes,No,No,Yes,Yes,Not travelled,60-64,,Bachelor Degree,Retired or on an age pension,No,Car licence,0,0,2,
13/05/2025 16:37,R_4HpzTVk7voqyvbR,Kangaroo Point Bridge,City landing,Male, Pushbike  ,,alone,No,,Yes,City ,Kangaroo point,Fitness/exercise,,Few times a month,Yes,Yes,Yes,Yes,No,No,No,Yes,Used a ferry,25-29,4064,Bachelor Degree,Employed (paid work) typically working 35 hours or more in a week,No,Car licence,0,0,1,
13/05/2025 16:42,R_4HiYiN3PHzrOv75,Kangaroo Point Bridge,Kangaroo point landing,Female,Walk ,,alone,No,,No,Kangaroo point,City,To experience the bridge,,Rarely,No,No,,Yes,No,No,No,No,Not travelled,18-24,,Bachelor Degree,Employed (paid work) typically working 35 hours or more in a week,No,Car licence,0,0,2,
13/05/2025 16:56,R_47CevQeSfB8JUTD,Breakfast/ Yowoggera Bridge,Newstead landing,Female,Walk ,,with one other person,No,,Yes,Newstead,Newstead,Fitness/exercise,,Few times a week,Yes,Yes,Yes,Maybe,Yes,No,Yes,No,Not travelled,45-49,4006,Bachelor Degree,Retired or on an age pension,No,Car licence,0,0,2,
13/05/2025 17:11,R_9KJtdfOgKsWdyV3,Kangaroo Point Bridge,Kangaroo point landing,Male,Walk ,,alone,No,,Yes,Kangaroo point,George st Brisbane ,"Other activity, please specify",Half work half leisure ,Daily,Yes,Yes,Yes,No,,,,,Used a longer route,50-54,4169,Postgraduate Degree,Employed (paid work) typically working 35 hours or more in a week,No,Car licence,0,0,1,
13/05/2025 17:11,R_4LpaFxvmvJXfKBl,Breakfast/ Yowoggera Bridge,Newstead landing,Female,Walk ,,alone,No,,Yes,Hamilton,Hamilton,Fitness/exercise,,Few times a week,Yes,Yes,Yes,No,No,Yes,No,Yes,Used a car (as a driver),60-64,4007,Postgraduate Degree,Employed (paid work) typically working 35 hours or more in a week,No,Car licence,0,0,3,Better walking. Better health. Good environment 
13/05/2025 17:13,R_4s7n5zkNDcWNEiC,Breakfast/ Yowoggera Bridge,Lores Bonney Riverwalk landing,Female,Walk ,,alone,No,,Yes,Hamilton,Gas works,Fitness/exercise,,Daily,Yes,Yes,Yes,No,Yes,No,Yes,No,Travelled to someplace else for the same purpose/reason/activity,45-49,4007,Bachelor Degree,Employed (paid work) typically working less than 35 hours a week,Yes,Car licence,0,0,0,
13/05/2025 17:21,R_9ezcqPQ9JV2aZRz,Breakfast/ Yowoggera Bridge,Newstead landing,Female,Walk ,,alone,No,,Yes,Hamilton,Hamilton,Fitness/exercise,,Rarely,Yes,Yes,Yes,Maybe,No,No,No,No,Used a longer route,55-59,4411,Bachelor Degree,Employed (paid work) typically working less than 35 hours a week,No,Car licence,0,0,2,
13/05/2025 17:22,R_95PBbtZOB6MnFBL,Breakfast/ Yowoggera Bridge,Lores Bonney Riverwalk landing,Male,Walk ,,alone,No,,Yes,Here,Same spot,Fitness/exercise,,Few times a week,Yes,Yes,Yes,Yes,No,No,No,No,Travelled to someplace else for the same purpose/reason/activity,25-29,4010,Years 10/11/12,Employed (paid work) typically working 35 hours or more in a week,No,No licence,0,0,2,
13/05/2025 17:28,R_9G8jw8lrvdEG38d,Breakfast/ Yowoggera Bridge,Newstead landing,Male,Walk ,,alone,No,,Yes,Newstead,Newstead,Fitness/exercise,,Few times a month,No,No,Yes,No,No,No,No,No,Used a longer route,25-29,4006,Bachelor Degree,Employed (paid work) typically working 35 hours or more in a week,No,Car licence,0,0,1,
13/05/2025 17:31,R_9wA1xIOEngCu5Q5,Breakfast/ Yowoggera Bridge,Newstead landing,Male,Walk ,,with one other person,No,,Yes,Tenirief,Tenaride,Fitness/exercise,,Few times a week,Yes,Yes,Yes,Yes,No,No,No,No,Used a longer route,25-29,4005,Advanced Diploma and Diploma,Employed (paid work) typically working less than 35 hours a week,No,Car licence,0,0,2,Na
13/05/2025 17:33,R_4rCz2Uq8Gat8rDH,Breakfast/ Yowoggera Bridge,Newstead landing,Female,Walk ,,with one other person,No,,Yes,Hamilton,Hamilton,Fitness/exercise,,Few times a week,Yes,Yes,Yes,Maybe,Yes,Maybe,No,Yes,Not travelled,18-24,4170,Bachelor Degree,Employed (paid work) typically working 35 hours or more in a week,No,Car licence,0,0,3,
13/05/2025 18:12,R_4PvQ0LQrCioEyKZ,Breakfast/ Yowoggera Bridge,Newstead landing,Female,Walk ,,alone,No,,Yes,Hamilton,Hamilton,Fitness/exercise,,Few times a week,No,No,Yes,Yes,No,No,No,No,Used a longer route,30-34,4007,Bachelor Degree,Employed (paid work) typically working 35 hours or more in a week,No,Car licence,0,0,1,
13/05/2025 18:14,R_9VqDcF7NKp2V4VC,Breakfast/ Yowoggera Bridge,Newstead landing,Female,Walk ,,alone,No,,No,Newsted,Newstead,Fitness/exercise,,On most weekends,Yes,Yes,Yes,Yes,Yes,Yes,Yes,Yes,Not travelled,18-24,4010,Years 10/11/12,Employed (paid work) typically working 35 hours or more in a week,Yes,Car licence,0,0,0,Na
13/05/2025 18:18,R_4EjjAuObPSkWFxC,Breakfast/ Yowoggera Bridge,Newstead landing,Male,Walk ,,with one other person,No,,No,New Farm,New Farm,Fitness/exercise,,Few times a week,No,Yes,Yes,Yes,No,No,No,Yes,Travelled to someplace else for the same purpose/reason/activity,35-39,4169,Bachelor Degree,Employed (paid work) typically working 35 hours or more in a week,No,Car licence,0,0,2,
13/05/2025 18:22,R_41FAbRbuogjf3KP,Breakfast/ Yowoggera Bridge,Newstead landing,Female,Walk ,,with one other person,No,,No,New farm,New farm,Fitness/exercise,,Few times a week,Maybe,Maybe,Yes,Maybe,No,No,No,No,Travelled to someplace else for the same purpose/reason/activity,30-34,4169,Bachelor Degree,Employed (paid work) typically working 35 hours or more in a week,No,Car licence,0,0,1,Na
13/05/2025 18:31,R_93VQWDTaD2b9h3Z,Breakfast/ Yowoggera Bridge,Newstead landing,Male,Walk ,,alone,No,,No,Newstead,Kangaroo point,To go to a restaurant/ eat/drink,,Daily,Yes,Yes,Yes,Yes,Yes,Yes,Yes,Yes,Used a ferry,18-24,4000,Bachelor Degree,Student receiving Youth Allowance/ Stipend,Yes,Car licence,0,0,3,
15/05/2025 7:29,R_9V4KoTh3xWyeIAw,Breakfast/ Yowoggera Bridge,Newstead landing,Male,Personal E-scooter   ,,alone,No,,Yes,Portside,Brisbane city ,Commute to my workplace,,Few times a week,Yes,Yes,Yes,Maybe,Yes,No,Yes,Yes,Used a bus,30-34,4007,Postgraduate Degree,Employed (paid work) typically working 35 hours or more in a week,No,"Car licence,Motorcycle licence",1,0,2,Keep the bridge.
15/05/2025 7:31,R_4e4LRvd1U5EpKV5,Breakfast/ Yowoggera Bridge,Newstead landing,Female,Walk ,,with one other person,"Other mode, please specify",Hearing aids ,Yes,Newstead ,Newstead,"Other activity, please specify",,Few times a week,Maybe,Yes,Yes,Yes,No,No,No,No,Used a longer route,80-84,4006,Advanced Diploma and Diploma,Retired or on an age pension,No,Car licence,0,0,2,Improved safety from lanes separation 
15/05/2025 7:34,R_910dwwf6UQWBKD1,Breakfast/ Yowoggera Bridge,Newstead landing,Male, Pushbike  ,,alone,No,,Yes,Hamilton ,City ,Fitness/exercise,,Daily,Yes,Yes,Yes,Yes,Yes,No,No,No,Used a bus,35-39,4007,Bachelor Degree,Employed (paid work) typically working 35 hours or more in a week,No,Car licence,0,0,1,No
15/05/2025 7:38,R_9HFGCaUHmU6P7F7,Breakfast/ Yowoggera Bridge,Newstead landing,Female,Personal E-bike  ,,alone,No,,Yes,Hendra,New Farm ,Commute to my workplace,,Daily,Yes,Yes,Yes,Maybe,Maybe,Maybe,Yes,Yes,Used a longer route,30-34,4011,Years 10/11/12,Employed (paid work) typically working 35 hours or more in a week,No,Car licence,0,0,1,
15/05/2025 8:06,R_914pHUzYQmUG1HA,Breakfast/ Yowoggera Bridge,Newstead landing,Male, Pushbike  ,,alone,No,,Yes,Hamilton,Hamilton,Fitness/exercise,,Daily,No,Yes,Yes,Maybe,Yes,No,No,No,Used a longer route,45-49,4007,Postgraduate Degree,Employed (paid work) typically working 35 hours or more in a week,No,"Car licence,Motorcycle licence",0,1,2,
15/05/2025 8:08,R_9q9UqNZhhNNx4HX,Breakfast/ Yowoggera Bridge,Newstead landing,Female,Walk ,,alone,No,,Yes,Albion,City,Commute to my workplace,,Daily,Yes,Yes,Yes,Maybe,Yes,No,No,No,Used a bus,25-29,4010,Bachelor Degree,Employed (paid work) typically working 35 hours or more in a week,No,Car licence,0,0,3,Started walking to work
15/05/2025 8:11,R_4kG003h9Pn3Ywtm,Breakfast/ Yowoggera Bridge,Newstead landing,Female,Walk ,,with two other persons,No,,Yes,Teneriffe,Teneriffe ,Fitness/exercise,,Few times a week,Yes,Yes,Yes,Yes,No,No,No,No,Used a longer route,65-69,4005,Advanced Diploma and Diploma,Retired or on an age pension,No,Car licence,0,0,2,
15/05/2025 8:32,R_4ptFEzoxBJjHbqm,Breakfast/ Yowoggera Bridge,Lores Bonney Riverwalk landing,Male,"Shared E-scooter (for example, Neuron or Lime) ",,alone,No,,Yes,Hamilton,Fortitude Valley ,Commute to study,,Few times a week,Yes,Yes,Yes,Yes,Yes,No,No,No,Travelled to someplace else for the same purpose/reason/activity,25-29,4007,Certificate III & IV,Employed (paid work) typically working less than 35 hours a week,Yes,"Car licence,Motorcycle licence",0,0,4,
15/05/2025 8:39,R_9OPkCuSmHA7AIQh,Breakfast/ Yowoggera Bridge,Newstead landing,Male,Walk ,,alone,No,,Yes,Albion,Bowen Hill,"To do personal business (Healthcare, hairdresser etc)",,Few times a month,Yes,Yes,Yes,Yes,Yes,No,No,No,Used a car (as a driver),30-34,4010,Bachelor Degree,Employed (paid work) typically working less than 35 hours a week,No,Car licence,0,0,2,No
15/05/2025 8:40,R_9wz1YpcjELN5hjH,Kangaroo Point Bridge,City landing,Male,Personal E-scooter   ,,alone,No,,No,Kangaroo Point,Kangaroo Point,To experience the bridge,,Daily,Yes,Yes,Yes,Yes,Yes,No,Yes,Yes,Used a longer route,25-29,4169,Years 10/11/12,Employed (paid work) typically working 35 hours or more in a week,No,Car licence,0,0,3,"Nice commute to work, "
15/05/2025 8:41,R_9ths56qt564lTUD,Kangaroo Point Bridge,City landing,Male,Walk ,,with one other person,No,,Yes,Kangaroo point,Kangaroo point,Fitness/exercise,,Few times a month,Yes,Yes,Yes,No,No,Yes,Yes,Yes,Used a longer route,65-69,4169,Postgraduate Degree,Employed (paid work) typically working 35 hours or more in a week,No,Car licence,0,0,1,Pleasant way to get into the city
15/05/2025 8:45,R_4maQywcL3Vj3TKJ,Kangaroo Point Bridge,City landing,Male,Walk ,,with one other person,No,,Yes,Brisbane city ,Brisbane city,Fitness/exercise,,Few times a week,Yes,Yes,Yes,No,No,Yes,Yes,Yes,Not travelled,65-69,4000,Postgraduate Degree,Retired or on an age pension,No,Car licence,0,0,3,Positive - separation between e-bikes and pedestrians
15/05/2025 8:48,R_4MaOIklr3r8Fhhn,Breakfast/ Yowoggera Bridge,Newstead landing,Male,Walk ,,alone,No,,Yes,Tenerife ,Ascott,"Other activity, please specify",To exercise but also occasionally buy groceries ,Few times a week,Yes,Yes,Yes,Yes,No,No,No,No,Travelled to someplace else for the same purpose/reason/activity,75-79,4005,Postgraduate Degree,Retired or on an age pension,No,Car licence,0,0,2,
15/05/2025 8:51,R_4wt6jJT9Eztny0N,Kangaroo Point Bridge,City landing,Male,Walk ,,alone,No,,Yes,CBD,CBD,To experience the bridge,,Rarely,No,Yes,No,Yes,No,No,No,Yes,Not travelled,70-74,4567,Graduate Diploma and Graduate Certificate,Retired or on an age pension,No,Car licence,0,0,1,"First time to experience the bridge, it’ s a very beautiful bridge"
15/05/2025 8:54,R_4NVKtQFXRaiLFrX,Breakfast/ Yowoggera Bridge,Newstead landing,Female,Walk ,,with one other person,No,,Yes,Ascot ,Newstead ,Fitness/exercise,,Daily,Maybe,Yes,Yes,Maybe,Yes,Maybe,Maybe,Yes,Not travelled,35-39,4007,Bachelor Degree,Employed (paid work) typically working 35 hours or more in a week,No,Car licence,0,0,2,Started going more to Newstead side
15/05/2025 8:59,R_4P05cdUzmpyDtWB,Kangaroo Point Bridge,City landing,Male,Walk ,,alone,No,,Yes,Kangaroo point,Kangaroo point ,Fitness/exercise,,Few times a week,Yes,Yes,Yes,No,No,Yes,Yes,No,Used a longer route,70-74,4169,Years 9 and below,Retired or on an age pension,No,Car licence,0,0,2,Ease of access to the city
15/05/2025 9:03,R_4oAP7Lhpe0iczXW,Breakfast/ Yowoggera Bridge,Newstead landing,Male,Walk ,,alone,No,,No,Portside,Portside ,Fitness/exercise,,On most weekends,Maybe,Maybe,Yes,Maybe,No,No,Yes,Yes,Used a longer route,18-24,4007,Years 10/11/12,Student receiving Youth Allowance/ Stipend,Yes,Car licence,0,1,3,
15/05/2025 9:14,R_9CORE9nX9n9hURq,Kangaroo Point Bridge,City landing,Male, Pushbike  ,,alone,No,,No,Logan way,Logan way,Commute to my workplace,,Rarely,Yes,Yes,No,No,Yes,No,Yes,Yes,Used a longer route,40-44,4112,Graduate Diploma and Graduate Certificate,Employed (paid work) typically working 35 hours or more in a week,No,Car licence,0,0,3,Great for riding bikes and getting back to fitness
15/05/2025 9:19,R_9va0W2BJb1sDxyF,Kangaroo Point Bridge,City landing,Male, Pushbike  ,,alone,No,,Yes,Camp hill,Camp hill,Commute to my workplace,,Few times a week,Yes,Yes,,Yes,No,No,No,No,Used a longer route,30-34,4152,Bachelor Degree,Employed (paid work) typically working 35 hours or more in a week,No,"Car licence,Motorcycle licence",0,0,2,"Good bridge, great for riding"
15/05/2025 9:24,R_97mqRF1PCpOzpJP,Kangaroo Point Bridge,City landing,Male,"Shared E-bike (for example, Neuron)",,alone,No,,Yes,CBD ,Ipswich,To experience the bridge,,Rarely,Yes,Yes,Yes,Yes,No,Yes,Yes,Yes,Used a longer route,18-24,4305,Years 10/11/12,Employed (paid work) typically working less than 35 hours a week,Yes,Car licence,0,0,1,Improved satisfaction around travelling Brisbane 
15/05/2025 9:28,R_4dHpF3U2m5VdM5J,Breakfast/ Yowoggera Bridge,Newstead landing,Female,Walk ,,alone,No,,Yes,Bowen Hill,Albion,To go to a restaurant/ eat/drink,,Rarely,Yes,Yes,Yes,Yes,Yes,No,Yes,No,Used a bus,18-24,4006,Years 10/11/12,Employed (paid work) typically working less than 35 hours a week,Yes,Car licence,0,0,3,Started doing more walks 
15/05/2025 9:39,R_9OtGJGsKVDGG43n,Kangaroo Point Bridge,City landing,Female,Walk ,,with one other person,No,,Yes,Kangaroo point,Kangaroo point ,Fitness/exercise,,Few times a week,Yes,Yes,Yes,Yes,No,No,Yes,Yes,Used a longer route,60-64,4169,Postgraduate Degree,Employed (paid work) typically working less than 35 hours a week,No,Car licence,0,0,1,Connection between city and KP; liveability 
15/05/2025 9:41,R_9VqNw1I0L2IFsHf,Kangaroo Point Bridge,City landing,Female,"Other mode, please specify",Run,alone,No,,Yes,Toowong,Toowong,Fitness/exercise,,Few times a week,No,Yes,No,No,No,Yes,No,Yes,Used a longer route,18-24,4065,Graduate Diploma and Graduate Certificate,Employed (paid work) typically working less than 35 hours a week,No,Car licence,0,0,6,"Likes the bridge for running, and for work"
15/05/2025 9:50,R_41vwilCdwv3eiPF,Kangaroo Point Bridge,City landing,Male, Pushbike  ,,alone,No,,Yes,Morningside,Morningside,Fitness/exercise,,Few times a week,No,Yes,No,No,No,No,Yes,Yes,Used a longer route,55-59,4170,Postgraduate Degree,Retired or on an age pension,No,Car licence,0,0,3,"Great link, great for fitness and exercise."
15/05/2025 9:54,R_9K9z1Yxaq8sM4dc,Breakfast/ Yowoggera Bridge,Lores Bonney Riverwalk landing,Male,Walk ,,alone,No,,Yes,Hendra , Newstead ,Commute to my workplace,,Few times a month,Yes,Yes,Yes,Yes,Yes,Yes,Yes,Maybe,Used a car (as a driver),40-44,4011,Postgraduate Degree,Employed (paid work) typically working 35 hours or more in a week,No,Car licence,0,0,1,
15/05/2025 9:59,R_9FzvByhoTHxVpdy,Kangaroo Point Bridge,Kangaroo point landing,Male,Personal E-bike  ,,alone,No,,Yes,City,Kangaroo point,"Other activity, please specify",Travel,Daily,Yes,Yes,Yes,Yes,No,No,No,No,Used a longer route,50-54,4000,Bachelor Degree,Retired or on an age pension,No,Car licence,0,0,1,Improved safety as the scooter can be used on bridge 
15/05/2025 10:19,R_40pSwVJI8RUu1rj,Kangaroo Point Bridge,City landing,Male, Pushbike  ,,alone,No,,Yes,The gap,The gap,Fitness/exercise,,Rarely,No,Yes,No,Yes,Yes,Yes,Yes,No,Not travelled,45-49,4169,Postgraduate Degree,Employed (paid work) typically working 35 hours or more in a week,No,Car licence,0,0,3,"Awesome bridge, great connection and way for fitness"
15/05/2025 10:25,R_9G2uqIuSz01peq5,Kangaroo Point Bridge,Kangaroo point landing,Male,Personal E-bike  ,,alone,No,,Yes,Taragindi ,Taragindi,Fitness/exercise,,Few times a week,Yes,Yes,Yes,Maybe,No,No,No,No,Travelled to someplace else for the same purpose/reason/activity,70-74,4121,Certificate III & IV,Retired or on an age pension,No,Car licence,0,0,2,"New trip location, nice bridge. Suggestion - more safety around scooters they go too fast for bikes and pedestrians at the ends "
15/05/2025 10:41,R_92gymTiFHjp2ymo,Kangaroo Point Bridge,Kangaroo point landing,Male,"Shared E-bike (for example, Neuron)",,alone,No,,Yes,City,Kangaroo point,Commute related to work,,Few times a week,Yes,Yes,Yes,No,No,No,No,No,Used a bus,30-34,4169,Years 10/11/12,Employed (paid work) typically working less than 35 hours a week,No,No licence,0,0,3,Convenient 
15/05/2025 10:49,R_4f0QlNvyU3uEtc3,Kangaroo Point Bridge,Kangaroo point landing,Female,Walk ,,with one other person,No,,Yes,New farm,New farm,Fitness/exercise,,Rarely,Yes,Yes,Yes,Maybe,No,No,No,Yes,Travelled to someplace else for the same purpose/reason/activity,18-24,4005,Bachelor Degree,Employed (paid work) typically working 35 hours or more in a week,No,Car licence,0,0,2,"Nice bridge, nice views"
15/05/2025 10:58,R_42RY4CHvJRzb2Mw,Kangaroo Point Bridge,Kangaroo point landing,Female,Walk ,,alone,No,,Yes,Kangaroo Point,Kangaroo Point,Fitness/exercise,,Daily,Yes,Yes,No,No,Yes,Yes,No,No,Used a longer route,60-64,4169,Years 10/11/12,Employed (paid work) typically working less than 35 hours a week,No,Car licence,0,0,2,They should include more speed limit signs and speeding bumps
15/05/2025 11:04,R_925cwDteOTfe9PX,Kangaroo Point Bridge,Kangaroo point landing,Female,Walk ,,alone,No,,Yes,Kangaroo Point,Kangaroo Point,Fitness/exercise,,Few times a week,Yes,No,No,Yes,No,No,Yes,No,Used a longer route,70-74,4169,Graduate Diploma and Graduate Certificate,Retired or on an age pension,No,Car licence,0,0,2,
15/05/2025 12:51,R_4CHJXHmc95Y2Irl,Breakfast/ Yowoggera Bridge,Newstead landing,Female,Walk ,,with one other person,No,,Yes,Newstead,Newstead ,To visit a park,,Few times a week,Yes,Yes,Yes,Yes,No,No,No,Yes,Used a longer route,35-39,4122,Bachelor Degree,Employed (paid work) typically working 35 hours or more in a week,No,Car licence,0,0,3,Made a different lunch time walk route 
15/05/2025 13:57,R_9B39sp8USukHDCu,Breakfast/ Yowoggera Bridge,Newstead landing,Female,Walk ,,with one other person,No,,Yes,Hamilton,Hamilton ,Fitness/exercise,,Few times a week,Yes,,,,No,No,,,Used a longer route,75-79,4007,Years 10/11/12,Retired or on an age pension,No,Car licence,0,0,1,Na
15/05/2025 13:58,R_4y4qsW55CuXiBoc,Breakfast/ Yowoggera Bridge,Newstead landing,Male,Walk ,,alone,No,,Yes,Brett’s wharf,Brett’s wharf,Fitness/exercise,,Few times a week,No,Yes,Yes,Yes,No,No,No,No,Used a longer route,75-79,4007,Bachelor Degree,Retired or on an age pension,No,Car licence,0,0,2,
15/05/2025 14:27,R_4ey5gpXPSffu0WE,Breakfast/ Yowoggera Bridge,Newstead landing,Female, Pushbike  ,,alone,No,,Yes,Newstead,Newstead,Fitness/exercise,,Few times a month,Yes,Yes,Yes,Yes,No,No,Maybe,Yes,Used a longer route,70-74,4006,Years 10/11/12,Retired or on an age pension,No,Car licence,0,0,2,
15/05/2025 14:32,R_40ZBLujD4ikRkEp,Breakfast/ Yowoggera Bridge,Newstead landing,Male, Pushbike  ,,alone,No,,Yes,Newstead,Ascot,Fitness/exercise,,Few times a month,No,No,No,Yes,No,No,No,No,Used a longer route,18-24,4030,Years 10/11/12,Student receiving Youth Allowance/ Stipend,Yes,No licence,0,1,1,
15/05/2025 14:37,R_9BMkBwLjnRvtXgt,Breakfast/ Yowoggera Bridge,Lores Bonney Riverwalk landing,Male,Walk ,,with one other person,No,,Yes,Ascot,Ascot,Fitness/exercise,,Few times a week,Yes,Yes,Yes,Yes,Yes,Maybe,Maybe,Yes,Used a longer route,25-29,4007,Certificate III & IV,Not currently working for any other reason,Yes,Car licence,0,0,2,
15/05/2025 14:38,R_4GOLQs60MwzHpuh,Breakfast/ Yowoggera Bridge,Newstead landing,Male,Walk ,,with one other person,No,,No,Ascott,Teneriffe,Fitness/exercise,,Few times a week,,Yes,Yes,Yes,No,No,No,Yes,Used a longer route,25-29,4007,Certificate III & IV,Student receiving Youth Allowance/ Stipend,No,Car licence,0,0,3,
15/05/2025 17:23,R_9r9dfa3Lmkwl49K,Kangaroo Point Bridge,Kangaroo point landing,Male,"Shared E-scooter (for example, Neuron or Lime) ",,with one other person,No,,No,Brisbane city ,Brisbane city ,Commute to my workplace,,Rarely,Yes,Yes,Yes,Yes,No,No,No,Yes,Travelled to someplace else for the same purpose/reason/activity,25-29,,Certificate III & IV,Employed (paid work) typically working less than 35 hours a week,No,Car licence,0,0,1,
15/05/2025 17:34,R_9MsZKv6YslWsXM3,Kangaroo Point Bridge,City landing,Female,Walk ,,alone,No,,Yes,City,City,To experience the bridge,,Rarely,No,Yes,Yes,Yes,No,No,No,Yes,Used a longer route,35-39,2565,Postgraduate Degree,Employed (paid work) typically working 35 hours or more in a week,No,Car licence,0,0,2,"Beautiful way to experience Brisbane, nice that the bridge is separated lanes"
15/05/2025 17:35,R_9KZmyjUIxle7N1H,Kangaroo Point Bridge,Kangaroo point landing,Female,Walk ,,with one other person,No,,Yes,Norman park ,Brisbane city ,Commute to my workplace,,On most weekends,Maybe,Yes,Yes,Maybe,No,No,No,No,Used a car (as a driver),18-24,4120,Years 10/11/12,Employed (paid work) typically working 35 hours or more in a week,No,Car licence,0,0,8,
15/05/2025 17:45,R_4YtHYisAT3Hum4x,Kangaroo Point Bridge,Kangaroo point landing,Female,Walk ,,with one other person,No,,Yes,Kangaroo point,Kangaroo point,Visiting family/ friends/relatives/ social visit,,Few times a week,No,Yes,Yes,No,No,No,Yes,No,Used a bus,25-29,4169,Bachelor Degree,Employed (paid work) typically working less than 35 hours a week,No,Car licence,0,0,2,"Design of bridge is nice, connection to botanical garden and city, easy to get onto bridge. "
15/05/2025 17:47,R_4QhBZXAH3ZQ0mCP,Kangaroo Point Bridge,Kangaroo point landing,Male,Walk ,,with one other person,No,,Yes,Kangaroo point ,Brisbane city ,Commute to my workplace,,Daily,Yes,Yes,Yes,No,Yes,No,Yes,Yes,Travelled to someplace else for the same purpose/reason/activity,25-29,4169,Bachelor Degree,Employed (paid work) typically working 35 hours or more in a week,No,"Car licence,Motorcycle licence",0,0,2,Ferry located at the bottom. Busses operating more frequently. Story bridge was closed that’s the reason they started using this bridge.
15/05/2025 17:55,R_4lSRyuoT1HfOzun,Kangaroo Point Bridge,Kangaroo point landing,Male,"Shared E-bike (for example, Neuron)",,alone,No,,Yes,Cbd,Kangarroo point,Commute to my workplace,,Daily,Yes,Yes,Yes,Yes,No,No,Yes,No,Used a ferry,18-24,4169,Bachelor Degree,Employed (paid work) typically working 35 hours or more in a week,No,Car licence,0,0,3,Cut down travel time 
15/05/2025 17:59,R_9n7ezsYRDl3o8Xn,Kangaroo Point Bridge,Kangaroo point landing,Male,Walk ,,alone,No,,Yes,Kangaroo point ,Brisbane city ,Fitness/exercise,,Few times a week,Yes,Yes,Yes,No,Yes,Yes,Yes,No,Used a ferry,65-69,4169,Postgraduate Degree,Employed (paid work) typically working less than 35 hours a week,No,Car licence,0,0,2,
15/05/2025 18:03,R_9DCHrYlMHrT9U7G,Kangaroo Point Bridge,Kangaroo point landing,Male,Walk ,,alone,No,,Yes,Kangaroo point ,Brisbane city ,Commute to my workplace,,Daily,Yes,Yes,Yes,Maybe,Yes,Yes,Yes,Yes,Used a ferry,50-54,4169,Years 10/11/12,Employed (paid work) typically working 35 hours or more in a week,No,Car licence,0,0,2,Decreased the time to get to the city. Increased daily steps. 
15/05/2025 18:09,R_4gjyV9Om6EuvEHs,Kangaroo Point Bridge,Kangaroo point landing,Male,Personal E-scooter   ,,alone,No,,Yes,City,Annerly ,Commute to my workplace,,Daily,Yes,Yes,Yes,Yes,Yes,Yes,Yes,No,Used a bus,50-54,4103,Bachelor Degree,Employed (paid work) typically working 35 hours or more in a week,No,Car licence,0,0,3,"Commuting, opening new area up "
15/05/2025 18:10,R_9cV1ec91WT5YsiW,Kangaroo Point Bridge,Kangaroo point landing,Female,Walk ,,alone,No,,Yes,Paddington,Paddington ,Fitness/exercise,,Few times a month,No,Yes,Yes,Yes,No,No,No,Yes,Travelled to someplace else for the same purpose/reason/activity,25-29,4064,Postgraduate Degree,Student receiving Youth Allowance/ Stipend,Yes,"Car licence,Motorcycle licence",0,0,2,New running route more enjoyable. 
15/05/2025 18:17,R_9ir43MLmebEK650,Kangaroo Point Bridge,Kangaroo point landing,Male,"Shared E-bike (for example, Neuron)",,alone,No,,Yes,Kangaroo point,Kangaroo point,Commute to study,,Daily,Yes,Yes,Yes,No,No,No,No,No,Used a longer route,18-24,4169,Years 10/11/12,Employed (paid work) typically working less than 35 hours a week,Yes,No licence,0,1,3,Decreased travel time 
15/05/2025 18:21,R_47v5i83hAFfNevf,Kangaroo Point Bridge,Kangaroo point landing,Male, Pushbike  ,,alone,No,,Yes,City,Wynum ,Fitness/exercise,,Few times a week,Yes,Yes,Yes,Yes,No,No,No,No,Used a longer route,45-49,4178,Postgraduate Degree,Employed (paid work) typically working 35 hours or more in a week,No,Car licence,2,0,2,"Nice bridge easy to use, good separation "
15/05/2025 18:23,R_9dLJnGGrS7SMqX6,Kangaroo Point Bridge,Kangaroo point landing,Female,Walk ,,alone,No,,Yes,Kangaroo point ,Kangaroo point ,Fitness/exercise,,Daily,Yes,Yes,Yes,Yes,Yes,Maybe,Yes,Yes,Used a longer route,30-34,4169,Bachelor Degree,Employed (paid work) typically working 35 hours or more in a week,No,Car licence,0,0,2,She enjoys walking her dog here 
15/05/2025 18:29,R_4e8dnaVpJWTcKkQ,Kangaroo Point Bridge,Kangaroo point landing,Male,Walk ,,alone,No,,Yes,Kangaroo point ,Newstead ,Visiting family/ friends/relatives/ social visit,,Few times a month,No,Maybe,Yes,,Yes,Yes,No,No,Used a shorter route,25-29,4006,Certificate III & IV,Employed (paid work) typically working less than 35 hours a week,Yes,Car licence,0,0,2,
15/05/2025 18:33,R_9N2NZRP10j3Zg8M,Kangaroo Point Bridge,Kangaroo point landing,Male,Personal E-bike  ,,alone,No,,No,Carina,Kelvin grove ,Commute to my workplace,,Few times a week,No,Yes,Yes,Maybe,No,No,Yes,Yes,Used a shorter route,70-74,4152,Postgraduate Degree,Employed (paid work) typically working less than 35 hours a week,No,Car licence,0,0,2,"Leisurely ride, "
15/05/2025 18:39,R_9DMtwSX7nUJ0izE,Kangaroo Point Bridge,Kangaroo point landing,Male,Personal E-scooter   ,,alone,No,,Yes,City,Kangaroo point,To experience the bridge,,Daily,Yes,Yes,Yes,No,No,No,No,No,Used a longer route,25-29,4169,Postgraduate Degree,Employed (paid work) typically working 35 hours or more in a week,Yes,Car licence,0,0,3,Nice bridge
15/05/2025 19:00,R_9z6GzzdqeUolldf,Kangaroo Point Bridge,Kangaroo point landing,Female,Walk ,,alone,No,,No,Kangaroo point ,Southbank ,Commute to my workplace,,Daily,Yes,Yes,Yes,Yes,Yes,Yes,Maybe,Yes,Used a bus,30-34,4169,Postgraduate Degree,Employed (paid work) typically working 35 hours or more in a week,No,Car licence,0,0,2,She loves the bridge and enjoys walking on it. 
15/05/2025 19:06,R_9RxgPRjqbianUrM,Kangaroo Point Bridge,Kangaroo point landing,Male,Walk ,,with one other person,No,,Yes,Kangaroo point,Kangaroo point,Fitness/exercise,,Rarely,No,Yes,Yes,Yes,No,No,No,No,Travelled to someplace else for the same purpose/reason/activity,18-24,4054,Years 10/11/12,Employed (paid work) typically working 35 hours or more in a week,Yes,Car licence,1,0,2,Aesthetic 
15/05/2025 19:07,R_4mJ3pPDnXaHItZ7,Kangaroo Point Bridge,Kangaroo point landing,Female,Walk ,,alone,No,,No,Kangaroo point ,Kangaroo point ,To experience the bridge,,Rarely,Yes,Yes,Yes,Yes,Yes,Yes,Yes,Yes,Used a ferry,18-24,4067,Bachelor Degree,Student receiving Youth Allowance/ Stipend,Yes,No licence,0,0,3,
17/05/2025 7:00,R_4oL1AUAlcnVAjSu,Kangaroo Point Bridge,Kangaroo point landing,Male, Pushbike  ,,with more than two persons,No,,Yes,4169,4169,Fitness/exercise,,Daily,Yes,Yes,Yes,Yes,Yes,Yes,Yes,Yes,Used a longer route,35-39,4169,Bachelor Degree,Employed (paid work) typically working 35 hours or more in a week,No,"Car licence,Motorcycle licence",0,0,2,
17/05/2025 7:20,R_4qQMuNhpi88Z2WJ,Breakfast/ Yowoggera Bridge,Newstead landing,Female,Walk ,,with two other persons,No,,Yes,4006,4007,Fitness/exercise,,On most weekends,Yes,Yes,Yes,Yes,No,No,No,No,Not travelled,30-34,4006,Bachelor Degree,Employed (paid work) typically working 35 hours or more in a week,No,Car licence,0,0,1,
17/05/2025 7:55,R_9d5fkTk68OFERMi,Kangaroo Point Bridge,Kangaroo point landing,Male,Walk ,,with one other person,No,,Yes,City,Kangaroo point,Fitness/exercise,,Rarely,Yes,Yes,Yes,Yes,Yes,No,No,Yes,"Used Taxi/RideShare (Uber, Didi, etc)",18-24,,Postgraduate Degree,Employed (paid work) typically working 35 hours or more in a week,No,Car licence,0,0,0,
17/05/2025 8:02,R_9PrBdB0hrvTXaTv,Kangaroo Point Bridge,Kangaroo point landing,Female,Walk ,,with one other person,No,,Yes,Kangaroo poknt,Kangaroo point ,Fitness/exercise,,Rarely,No,Yes,Yes,Yes,,,,,Used a longer route,65-69,,Bachelor Degree,Retired or on an age pension,No,Car licence,0,0,1,
17/05/2025 9:01,R_4lco9TW2hJTQMC1,Kangaroo Point Bridge,Kangaroo point landing,Female,Walk ,,alone,No,,Yes,Kangaroo point,Kangaroo point,Fitness/exercise,,Few times a week,No,Yes,Yes,Yes,No,No,Yes,Yes,Used a longer route,50-54,4152,Postgraduate Degree,Employed (paid work) typically working 35 hours or more in a week,No,Car licence,1,2,2,"Nice bridge, improved safety "
17/05/2025 9:16,R_4nrfR4xr2AEE86W,Kangaroo Point Bridge,City landing,Female,Walk ,,with one other person,No,,Yes,City,Kangaroo point ,"Other activity, please specify",Pleasure,Few times a month,No,Yes,Yes,Yes,Yes,No,Yes,Yes,Not travelled,45-49,4069,Bachelor Degree,Employed (paid work) typically working less than 35 hours a week,Yes,Car licence,0,0,3,Check out talent
17/05/2025 9:16,R_4ovWQZ07poGGrsx,Kangaroo Point Bridge,Kangaroo point landing,Male,Walk ,,with one other person,No,,Yes,Milton,Milton,Fitness/exercise,,Few times a month,No,Yes,Yes,Yes,No,No,Yes,Yes,Travelled to someplace else for the same purpose/reason/activity,18-24,4064,Years 10/11/12,Employed (paid work) typically working 35 hours or more in a week,No,Car licence,0,0,5,Longer running options
17/05/2025 9:32,R_4P5FDPHi5KAz2GK,Breakfast/ Yowoggera Bridge,Lores Bonney Riverwalk landing,Male,Personal E-bike  ,,alone,No,,Yes,Fortitude Valley,Halmilton,To experience the bridge,,Few times a week,Yes,Yes,Yes,Yes,Yes,Yes,Yes,Yes,Used a longer route,18-24,4006,Years 10/11/12,Not currently working for any other reason,Yes,No licence,0,0,1,"Love it, great link to get across to the other side, and beautiful bridge"
17/05/2025 9:42,R_94elcT494zaz6HG,Breakfast/ Yowoggera Bridge,Lores Bonney Riverwalk landing,Male,Walk ,,alone,No,,Yes,South Brisbane,South Brisbane,Fitness/exercise,,Rarely,No,Yes,Yes,Yes,No,No,No,Yes,Used a longer route,35-39,4101,Advanced Diploma and Diploma,Employed (paid work) typically working 35 hours or more in a week,No,Car licence,0,0,1,
17/05/2025 9:48,R_9hhMVikPB5NYsV3,Breakfast/ Yowoggera Bridge,Newstead landing,Male,Personal E-bike  ,,alone,No,,No,West end,West end,To experience the bridge,,Few times a month,Yes,Yes,Yes,Yes,Yes,Yes,No,Yes,Not travelled,25-29,4101,Graduate Diploma and Graduate Certificate,Employed (paid work) typically working 35 hours or more in a week,No,Car licence,0,0,1,Good bridge no feedback at all
17/05/2025 9:49,R_9mHiyj2JfZCxkyd,Breakfast/ Yowoggera Bridge,Lores Bonney Riverwalk landing,Male, Pushbike  ,,alone,No,,Yes,Fortitude Valley,Hamilton,Fitness/exercise,,Few times a week,Yes,Yes,Yes,Yes,Yes,Yes,Yes,Yes,Used a longer route,18-24,4006,Years 10/11/12,Student receiving Youth Allowance/ Stipend,Yes,No licence,0,0,1,All positive thoughts 
17/05/2025 10:13,R_9mE1BfseFBVBQhs,Breakfast/ Yowoggera Bridge,Lores Bonney Riverwalk landing,Female,Personal E-scooter   ,,with two other persons,No,,Yes,Ascot,Fortitude Valley,Commute to my workplace,,Few times a week,Yes,Yes,Yes,No,Yes,No,No,No,"Used Taxi/RideShare (Uber, Didi, etc)",30-34,4007,Certificate III & IV,Employed (paid work) typically working less than 35 hours a week,No,Car licence,1,0,2,Helps greatly with my commute to work
17/05/2025 10:47,R_4v7lbz7DdjcF8BZ,Breakfast/ Yowoggera Bridge,Newstead landing,Male, Pushbike  ,,alone,No,,Yes,New Farm,Hamilton,Fitness/exercise,,Rarely,No,Yes,Yes,Yes,No,No,Maybe,No,Used a longer route,55-59,4005,Postgraduate Degree,Employed (paid work) typically working 35 hours or more in a week,No,Car licence,0,0,1,Great bridge
17/05/2025 10:51,R_9F2QZ1JhxMV4Rqt,Breakfast/ Yowoggera Bridge,Newstead landing,Male, Pushbike  ,,alone,No,,Yes,City,Albion,Visiting family/ friends/relatives/ social visit,,Few times a month,Yes,Yes,Yes,Yes,Yes,Yes,Yes,Yes,Used a bus,25-29,4000,Years 10/11/12,Student receiving Youth Allowance/ Stipend,Yes,Car licence,0,0,3,
17/05/2025 11:03,R_9xDo3EhUetbh3Db,Breakfast/ Yowoggera Bridge,Newstead landing,Female,Personal E-bike  ,,with one other person,No,,Yes,New Stead,New Stead,To experience the bridge,,Daily,Yes,Yes,Yes,Yes,Yes,No,Yes,Yes,Used a longer route,65-69,4006,Years 10/11/12,Retired or on an age pension,No,Car licence,0,0,2,Wonderful bridge
17/05/2025 11:04,R_9qX6CTKcuiI7xqE,Breakfast/ Yowoggera Bridge,Newstead landing,Male, Pushbike  ,,with one other person,No,,Yes,Newstead,Newstea,Fitness/exercise,,Daily,Yes,Yes,Yes,Yes,Yes,Yes,Yes,Yes,Used a longer route,70-74,4006,Years 10/11/12,Retired or on an age pension,No,Car licence,0,0,2,"Great bridge, beautiful, enhances enjoyment"
17/05/2025 11:25,R_4YDuAvFdkTB7zIu,Breakfast/ Yowoggera Bridge,Newstead landing,Male, Pushbike  ,,alone,No,,Yes,Ascot,New Farm,Commute to my workplace,,Few times a week,Yes,Yes,Yes,Maybe,No,No,No,No,Used a longer route,25-29,4007,Bachelor Degree,Employed (paid work) typically working less than 35 hours a week,No,Car licence,0,0,1,
17/05/2025 11:37,R_91cS5u73HW9oNZY,Breakfast/ Yowoggera Bridge,Lores Bonney Riverwalk landing,Male,Personal E-bike  ,,with one other person,No,,Yes,New Stead,New Stead,To visit a park,,Few times a week,Yes,Yes,Yes,No,No,No,Yes,No,Used a longer route,40-44,4006,Certificate III & IV,"Unpaid caring for a child(ren), an elderly person(s), or an ill or person(s) with a disability",No,Car licence,2,0,2,Love it. Pretty cool
17/05/2025 11:43,R_48zYfHL1Z2NVI2e,Breakfast/ Yowoggera Bridge,Newstead landing,Male, Pushbike  ,,alone,No,,Yes,Bowen Hills,Bowen Hills,Fitness/exercise,,Few times a week,No,Yes,Yes,Yes,No,No,Yes,Yes,Used a longer route,60-64,4006,Certificate III & IV,Employed (paid work) typically working less than 35 hours a week,No,Other Licence,0,0,1,"Transformed the area. 
Sits beautifully and blends in with the area well. "
17/05/2025 11:52,R_9ZOicpfifGT4h5z,Breakfast/ Yowoggera Bridge,Newstead landing,Male,Personal E-bike  ,,with one other person,No,,Yes,Yeronga,Yeronga,To experience the bridge,,Rarely,No,Yes,Yes,Yes,No,No,No,Yes,Used a longer route,65-69,4104,Postgraduate Degree,Retired or on an age pension,No,"Car licence,Motorcycle licence",0,0,1,
17/05/2025 11:52,R_9Vmg9th9nchu86t,Breakfast/ Yowoggera Bridge,Newstead landing,Female,Personal E-scooter   ,,with one other person,No,,Yes,Yeronga,Yeronga,To visit a park,,Rarely,No,Yes,No,No,No,No,Yes,Yes,Not travelled,55-59,4069,Bachelor Degree,"Retired or on an age pension,Not currently working for any other reason",No,Car licence,0,0,2,
17/05/2025 13:22,R_4JPmu4n85QNfW24,Breakfast/ Yowoggera Bridge,Newstead landing,Male,Personal E-bike  ,,alone,No,,Yes,City ,Hamilton,To visit a park,,On most weekends,Yes,Yes,Yes,Yes,No,Maybe,Yes,No,Travelled to someplace else for the same purpose/reason/activity,25-29,4121,Bachelor Degree,"Student receiving Youth Allowance/ Stipend,Not currently working due to short-term illness or injury",Yes,"Car licence,Motorcycle licence",0,0,1,Great for cycling and staying away from the main road with motorised vehicles. Cycle way not completely clear as to wrap around Newstead house to road connection.
17/05/2025 13:45,R_9ONorTgPIS8JNEh,Breakfast/ Yowoggera Bridge,Newstead landing,Female,Walk ,,with one other person,No,,No,Newstead,Newstead,Fitness/exercise,,Rarely,No,Yes,Yes,No,No,No,No,Yes,Not travelled,50-54,4012,Advanced Diploma and Diploma,Employed (paid work) typically working less than 35 hours a week,No,Car licence,0,0,4,
17/05/2025 13:47,R_9y8ccVOfQISKBAx,Breakfast/ Yowoggera Bridge,Newstead landing,Male,Walk ,,alone,No,,No,Newstead,Newstead,Fitness/exercise,,Few times a month,No,Yes,Yes,Yes,No,Yes,Yes,Yes,Not travelled,50-54,4012,Postgraduate Degree,Employed (paid work) typically working 35 hours or more in a week,No,"Car licence,Motorcycle licence,Other Licence",0,0,3,
17/05/2025 13:53,R_9GEs2u4JaNjdwPf,Breakfast/ Yowoggera Bridge,Newstead landing,Female,Walk ,,alone,No,,No,Newstead,Newstead,Fitness/exercise,,Few times a month,Yes,Yes,Yes,Yes,Yes,No,No,Yes,Travelled to someplace else for the same purpose/reason/activity,18-24,4113,Years 10/11/12,Student receiving Youth Allowance/ Stipend,Yes,No licence,0,0,5,
17/05/2025 14:07,R_9xeBwxecYgPv4yd,Breakfast/ Yowoggera Bridge,Newstead landing,Male,Walk ,,with one other person,No,,No,Newstead,Newstead,Fitness/exercise,,Daily,Yes,Yes,Yes,Yes,No,No,No,No,Travelled to someplace else for the same purpose/reason/activity,30-34,4001,Bachelor Degree,Not currently working for any other reason,No,Car licence,0,0,3,
17/05/2025 14:10,R_9j8wUE0XQb0SmYB,Breakfast/ Yowoggera Bridge,Newstead landing,Male,Walk ,,with one other person,No,,Yes,Newstead ,Newstead,Fitness/exercise,,Few times a week,Yes,Yes,Yes,Yes,No,Yes,Yes,No,Used a longer route,25-29,4006,Postgraduate Degree,Employed (paid work) typically working 35 hours or more in a week,No,Car licence,0,0,3,
17/05/2025 14:28,R_9QGBjeQ1co2IQo1,Breakfast/ Yowoggera Bridge,Newstead landing,Male,"Shared E-bike (for example, Neuron)",,alone,No,,No,Newstead,Newstead,To visit a park,,Rarely,Yes,Yes,Yes,Maybe,No,No,No,Yes,Used a longer route,30-34,4006,Advanced Diploma and Diploma,Employed (paid work) typically working 35 hours or more in a week,No,Car licence,0,0,2,
17/05/2025 14:37,R_4p9lka8M39g0JKu,Breakfast/ Yowoggera Bridge,Newstead landing,Male,Walk ,,with one other person,No,,No,Ascoff,Ascoff,To visit a park,,Rarely,Yes,Yes,Yes,Yes,Yes,No,No,Yes,Used a longer route,30-34,4215,Bachelor Degree,Employed (paid work) typically working 35 hours or more in a week,No,Car licence,0,0,2,
17/05/2025 14:40,R_4zHKcMomKbLeM9x,Breakfast/ Yowoggera Bridge,Newstead landing,Male,Walk ,,with one other person,No,,No,Newstead,Newstead,Fitness/exercise,,Rarely,No,Yes,Yes,Yes,,Yes,Yes,Yes,Not travelled,30-34,4064,Postgraduate Degree,Employed (paid work) typically working 35 hours or more in a week,No,"Car licence,Motorcycle licence",1,0,3,
17/05/2025 15:09,R_92QfFeJvZXnG2IJ,Breakfast/ Yowoggera Bridge,Lores Bonney Riverwalk landing,Male,Walk ,,alone,No,,Yes,CbD,Hamilton,Fitness/exercise,,Few times a month,Yes,Yes,Yes,Yes,No,No,No,No,Used a longer route,65-69,4032,Years 10/11/12,Retired or on an age pension,No,Car licence,0,0,1,
17/05/2025 15:27,R_9DAW9K2PCX2Uh9s,Breakfast/ Yowoggera Bridge,Newstead landing,Female,Walk ,,alone,No,,Yes,Hamilton,Hamilton,Fitness/exercise,,Few times a week,Yes,Yes,Yes,Maybe,No,No,No,No,Used a longer route,60-64,4007,Postgraduate Degree,Employed (paid work) typically working 35 hours or more in a week,No,Car licence,0,0,2,
17/05/2025 15:30,R_9fjjd4UgVbLFXuo,Kangaroo Point Bridge,City landing,Female,Walk ,,with one other person,No,,Yes,Kangaroo point ,Kangaroo point,Fitness/exercise,,Rarely,Yes,Yes,Yes,Yes,No,No,No,Yes,Travelled to someplace else for the same purpose/reason/activity,18-24,4031,Bachelor Degree,Employed (paid work) typically working 35 hours or more in a week,Yes,Car licence,0,0,5,
17/05/2025 15:45,R_4WYmC5fWdaO6Chy,Kangaroo Point Bridge,Kangaroo point landing,Male,Walk ,,with one other person,No,,Yes,South brisbane,South brisbane,Fitness/exercise,,Rarely,No,Yes,Yes,Yes,No,No,No,No,Used a longer route,50-54,4069,Postgraduate Degree,Employed (paid work) typically working 35 hours or more in a week,No,Car licence,0,0,3,
17/05/2025 15:48,R_9JEJGGPeR74rpeE,Kangaroo Point Bridge,Kangaroo point landing,Female, Pushbike  ,,alone,No,,No,East Brisbane,East Brisbane,Fitness/exercise,,Few times a month,Yes,Yes,Yes,Yes,Yes,No,Yes,Yes,Not travelled,65-69,4169,Postgraduate Degree,Not currently working for any other reason,Yes,Car licence,0,0,1,Lovely bridge and a pleasure to ride on and get around. 
17/05/2025 15:48,R_4Kq4KXFqsfAaOZy,Kangaroo Point Bridge,Kangaroo point landing,Female,Walk ,,alone,No,,Yes,Newstead,Newstead,To experience the bridge,,Rarely,Maybe,Yes,Yes,Maybe,Yes,No,No,Yes,Not travelled,50-54,4006,Years 10/11/12,Employed (paid work) typically working 35 hours or more in a week,No,Car licence,0,0,1,
17/05/2025 15:53,R_4i3mBWAMykojzS9,Kangaroo Point Bridge,Kangaroo point landing,Male, Pushbike  ,,with one other person,No,,No,West end,West end,Fitness/exercise,,Rarely,No,Yes,Yes,Yes,No,No,No,Maybe,Travelled to someplace else for the same purpose/reason/activity,18-24,4074,Years 10/11/12,Student receiving Youth Allowance/ Stipend,Yes,Car licence,1,1,3,
17/05/2025 15:53,R_4DhDmDUPhSOrGrn,Kangaroo Point Bridge,Kangaroo point landing,Male, Pushbike  ,,with one other person,No,,Yes,West End,West end,Fitness/exercise,,Few times a week,No,Yes,Yes,Yes,No,Yes,No,Yes,Not travelled,45-49,4074,Postgraduate Degree,Employed (paid work) typically working 35 hours or more in a week,No,Car licence,1,1,3,Awesome bridge
17/05/2025 15:56,R_4UNjbTVuyRxL2RX,Kangaroo Point Bridge,Kangaroo point landing,Male,Personal E-bike  ,,with two other persons,No,,No,South bank,South bank,To experience the bridge,,Rarely,Yes,Yes,Yes,Yes,No,No,No,No,Travelled to someplace else for the same purpose/reason/activity,25-29,2570,Certificate III & IV,Employed (paid work) typically working 35 hours or more in a week,No,"Car licence,Motorcycle licence,Other Licence",0,0,1,
17/05/2025 15:57,R_9y9ptRTF3qljSRf,Kangaroo Point Bridge,Kangaroo point landing,Male,"Shared E-bike (for example, Neuron)",,with two other persons,No,,No,South Bank,South Bank,To experience the bridge,,Rarely,No,Yes,Yes,Yes,No,No,No,Yes,Not travelled,55-59,2567,Certificate III & IV,Employed (paid work) typically working 35 hours or more in a week,No,Other Licence,0,0,3,Good piece of infrastructure and safety having the bikes and pedestrians separated. 
17/05/2025 16:01,R_9IilRjUNiNq1n33,Kangaroo Point Bridge,Kangaroo point landing,Male, Pushbike  ,,alone,No,,Yes,New Farm,South Bank,Fitness/exercise,,Few times a week,No,Yes,Yes,Yes,No,No,No,No,Used a longer route,60-64,4005,Bachelor Degree,Not currently working for any other reason,No,No licence,0,0,1,Made it possible to get across the river with the storey bridge closed. 
17/05/2025 16:05,R_9DpX8bBtS9eE6Y3,Kangaroo Point Bridge,Kangaroo point landing,Male, Pushbike  ,,with one other person,No,,Yes,Toowong,Toowong,Fitness/exercise,,Rarely,Yes,Yes,Yes,Yes,No,No,No,Yes,Travelled to someplace else for the same purpose/reason/activity,45-49,4105,Advanced Diploma and Diploma,Employed (paid work) typically working 35 hours or more in a week,No,Car licence,2,0,1,
17/05/2025 16:05,R_9JWuCcI3xW13CqG,Kangaroo Point Bridge,Kangaroo point landing,Female, Pushbike  ,,with one other person,No,,Yes,Regatta,Regatta,Fitness/exercise,,Rarely,No,Yes,Yes,Yes,No,No,No,Yes,Not travelled,40-44,4074,Bachelor Degree,Employed (paid work) typically working 35 hours or more in a week,No,Car licence,1,0,2,Beautiful to ride over
17/05/2025 16:06,R_4oVJSHtSMIQsA4F,Kangaroo Point Bridge,Kangaroo point landing,Female,Walk ,,with one other person,No,,No,West End,CBD,Fitness/exercise,,Rarely,Yes,Yes,Yes,Yes,No,No,No,Yes,Travelled to someplace else for the same purpose/reason/activity,18-24,2033,Years 10/11/12,Student receiving Youth Allowance/ Stipend,Yes,Car licence,0,0,1,
17/05/2025 16:10,R_4HnwSsZZcFiLcyP,Kangaroo Point Bridge,Kangaroo point landing,Female,Walk ,,alone,No,,Yes,Kangaroo point,Kangaroo,Fitness/exercise,,Few times a week,Yes,Yes,Yes,Yes,No,Maybe,,,Used a longer route,50-54,4170,Bachelor Degree,Employed (paid work) typically working 35 hours or more in a week,No,Car licence,0,0,4,
17/05/2025 16:10,R_9s2ggxXjg2Dufrb,Kangaroo Point Bridge,Kangaroo point landing,Female,Walk ,,with one other person,No,,Yes,West End,Paddington,Fitness/exercise,,Rarely,Maybe,Yes,Yes,No,No,No,No,Yes,Used a longer route,18-24,4064,Bachelor Degree,Student receiving Youth Allowance/ Stipend,Yes,"Car licence,Other Licence",0,0,2,
17/05/2025 16:15,R_4hFthYtq44G96qN,Kangaroo Point Bridge,Kangaroo point landing,Male, Pushbike  ,,alone,No,,Yes,Coopers Plains,Coopers Plains,Fitness/exercise,,Few times a month,No,Yes,Yes,Yes,Yes,No,No,Yes,Used a longer route,70-74,4108,Bachelor Degree,Retired or on an age pension,No,"Car licence,Motorcycle licence,Other Licence",0,0,4,Made an already beautiful city more beautiful. 
17/05/2025 16:17,R_9pVnWYR7HUwVOxm,Kangaroo Point Bridge,Kangaroo point landing,Female,Walk ,,alone,No,,Yes,Kangaroo point,Kangaroo point,Fitness/exercise,,Few times a month,Yes,Yes,Yes,Maybe,Yes,Maybe,Yes,Yes,Used a ferry,60-64,4169,Graduate Diploma and Graduate Certificate,Retired or on an age pension,No,"Car licence,Other Licence",0,0,2,Very easy to cross the river
17/05/2025 16:22,R_9gzuiXHtk9GKEaA,Kangaroo Point Bridge,Kangaroo point landing,Female,Walk ,,alone,No,,Yes,Kangaroo point,Kangaroo point,Fitness/exercise,,Few times a week,Yes,Yes,Yes,Yes,Yes,No,No,Yes,Travelled to someplace else for the same purpose/reason/activity,40-44,4000,Bachelor Degree,Employed (paid work) typically working 35 hours or more in a week,No,Car licence,0,0,1,More coverage for the rain
17/05/2025 16:24,R_9wgeyZMWKXTimGa,Kangaroo Point Bridge,Kangaroo point landing,Male,Personal E-bike  ,,with one other person,No,,No,Teragindi,Teragindi,To visit a park,,Rarely,No,Maybe,Maybe,Yes,No,No,No,Yes,Travelled to someplace else for the same purpose/reason/activity,60-64,4121,Bachelor Degree,Volunteer/ unpaid work,No,Car licence,0,0,4,
17/05/2025 16:25,R_9PBhNlZOispZqjT,Kangaroo Point Bridge,Kangaroo point landing,Female,Personal E-bike  ,,with one other person,No,,Yes,Tarragindi,Tarragindi,To visit a park,,On most weekends,No,Yes,Yes,Yes,No,No,Yes,Yes,Used a longer route,55-59,4121,Bachelor Degree,Employed (paid work) typically working less than 35 hours a week,No,"Car licence,Other Licence",0,0,2,Makes for a more scenic ride
17/05/2025 16:33,R_9UgXvRQ6tqYiPUI,Kangaroo Point Bridge,Kangaroo point landing,Male, Pushbike  ,,with more than two persons,No,,Yes,Breakfast Creek,Valley,Fitness/exercise,,Rarely,Yes,Yes,Yes,Yes,Maybe,Yes,Maybe,Yes,Not travelled,30-34,4006,Certificate III & IV,Employed (paid work) typically working 35 hours or more in a week,No,"Car licence,Motorcycle licence",0,0,1,
17/05/2025 16:34,R_42a0gtjaMCz7hME,Kangaroo Point Bridge,Kangaroo point landing,Female, Pushbike  ,,with more than two persons,No,,Yes,The valley,The valley,Fitness/exercise,,Few times a week,Yes,Yes,Yes,Yes,Yes,No,Yes,Yes,Travelled to someplace else for the same purpose/reason/activity,45-49,4006,Years 10/11/12,Employed (paid work) typically working 35 hours or more in a week,No,"Car licence,Motorcycle licence",0,0,1,
17/05/2025 16:40,R_4YspzrbIyAsgi09,Kangaroo Point Bridge,Kangaroo point landing,Female,Walk ,,alone,No,,No,Kangaroo point,Kangaroo point,Fitness/exercise,,Daily,Yes,Yes,Yes,Yes,No,Yes,Yes,Yes,"Used Taxi/RideShare (Uber, Didi, etc)",18-24,4812,Postgraduate Degree,Employed (paid work) typically working 35 hours or more in a week,Yes,Car licence,0,0,3,
17/05/2025 16:41,R_9nX5GPnzFYMF3Hz,Kangaroo Point Bridge,Kangaroo point landing,Female,Walk ,,with one other person,No,,No,Kangaroo Point,Kangaroo Point,Fitness/exercise,,Rarely,Yes,Yes,Yes,No,No,No,No,Yes,"Used Taxi/RideShare (Uber, Didi, etc)",25-29,4870,Postgraduate Degree,Employed (paid work) typically working 35 hours or more in a week,Yes,Car licence,0,0,2,"Love it, nice and clean"
17/05/2025 16:46,R_42m3U5uvvHja0jT,Kangaroo Point Bridge,Kangaroo point landing,Female, Pushbike  ,,with two other persons,No,,Yes,Norman Park,Norman Park,Fitness/exercise,,Few times a week,Yes,Yes,Yes,Yes,Yes,Yes,Yes,Yes,Used a longer route,45-49,4170,Bachelor Degree,Employed (paid work) typically working 35 hours or more in a week,No,Car licence,2,0,1,It’s awesome
17/05/2025 16:48,R_4nOx5sFhHavqq8e,Kangaroo Point Bridge,Kangaroo point landing,Male,Walk ,,with one other person,No,,No,Kangaroo point,Kangaroo point,Fitness/exercise,,Rarely,Yes,Yes,Yes,Yes,Yes,No,No,Yes,Used a car (as a driver),25-29,4169,Certificate III & IV,Volunteer/ unpaid work,No,Car licence,0,0,2,Really like it
17/05/2025 16:52,R_4bPqYQhDHfedTIR,Kangaroo Point Bridge,Kangaroo point landing,Male,Walk ,,with one other person,No,,No,East brisbane,East brisbane,To visit Entertainment,,Few times a week,Yes,Yes,Yes,No,No,No,Yes,Yes,Travelled to someplace else for the same purpose/reason/activity,18-24,4000,Bachelor Degree,Student receiving Youth Allowance/ Stipend,Yes,Car licence,0,0,4,Feel very safe as there is no cars
17/05/2025 16:54,R_94cUqgJ48D0k2IJ,Kangaroo Point Bridge,Kangaroo point landing,Male,Personal E-scooter   ,,alone,No,,Yes,NewStead,NewStead,To experience the bridge,,Few times a month,Yes,Yes,Yes,Yes,No,No,Yes,Yes,Used a longer route,35-39,4006,Bachelor Degree,Employed (paid work) typically working 35 hours or more in a week,No,"Car licence,Motorcycle licence",1,0,1,Makes travelling around Brisbane more enjoyable. 
17/05/2025 16:58,R_9QaylqSoBRb9Ua0,Kangaroo Point Bridge,Kangaroo point landing,Male,Walk ,,alone,No,,Yes,High gate hill,High gate hill,Fitness/exercise,,Few times a week,No,Yes,Yes,Yes,No,Yes,Yes,Yes,Used a shorter route,45-49,4101,Advanced Diploma and Diploma,Employed (paid work) typically working 35 hours or more in a week,No,"Car licence,Other Licence",1,0,2,Would like more bridges like this
17/05/2025 17:06,R_4EgLZoEOVLZZKVj,Kangaroo Point Bridge,Kangaroo point landing,Female,Walk ,,with one other person,No,,Yes,The valley,Kangaroo point,Fitness/exercise,,Rarely,Yes,Yes,Yes,Yes,Yes,Yes,No,Yes,Travelled to someplace else for the same purpose/reason/activity,45-49,4504,Postgraduate Degree,Employed (paid work) typically working 35 hours or more in a week,No,"Car licence,Motorcycle licence",3,0,2,
17/05/2025 17:11,R_4Mgp3tZpmseFsyS,Kangaroo Point Bridge,Kangaroo point landing,Male, Pushbike  ,,with one other person,No,,Yes,St Lucia,St Lucia,Fitness/exercise,,Few times a week,Yes,Yes,Yes,Yes,No,No,Yes,Yes,Used a longer route,25-29,4067,Bachelor Degree,Student receiving Youth Allowance/ Stipend,Yes,Car licence,0,0,4,Good bridge
17/05/2025 17:11,R_9BVIDdgl5UC7uoR,Kangaroo Point Bridge,Kangaroo point landing,Female,Walk ,,with one other person,No,,No,Sunny bank,Sunny bank,Fitness/exercise,,Rarely,Maybe,Yes,Yes,Maybe,Yes,Yes,No,Yes,Travelled to someplace else for the same purpose/reason/activity,18-24,4091,Bachelor Degree,Student receiving Youth Allowance/ Stipend,No,Car licence,0,0,5,
17/05/2025 17:19,R_9zcKST0L7xDDWSW,Kangaroo Point Bridge,Kangaroo point landing,Female,Walk ,,with one other person,No,,Yes,Kangaroo point,Kangaroo point,Fitness/exercise,,Few times a month,Yes,Yes,Yes,Yes,No,No,No,Yes,Used a longer route,18-24,4121,Years 10/11/12,Employed (paid work) typically working 35 hours or more in a week,Yes,Car licence,0,0,2,Makes it easy to cross the river
17/05/2025 17:23,R_901AYbHraljNObs,Kangaroo Point Bridge,Kangaroo point landing,Female, Pushbike  ,,alone,No,,Yes,West End,West End,Fitness/exercise,,Few times a week,Maybe,Yes,Yes,Yes,Yes,Yes,Yes,No,Used a car (as a driver),45-49,4101,Postgraduate Degree,Employed (paid work) typically working less than 35 hours a week,No,Car licence,0,2,2,Excellent
17/05/2025 17:31,R_4CNhDkBPzC9l4fh,Kangaroo Point Bridge,Kangaroo point landing,Female,Walk ,,with one other person,No,,Yes,City,City,Fitness/exercise,,Few times a month,Yes,Yes,Yes,Yes,No,Yes,Yes,Yes,Used a shorter route,25-29,4000,Bachelor Degree,Employed (paid work) typically working 35 hours or more in a week,No,Car licence,0,0,2,
17/05/2025 17:35,R_4uTH0uzFAjgI5BU,Kangaroo Point Bridge,Kangaroo point landing,Male, Pushbike  ,,alone,No,,Yes,Bulimba,Bulimba,Fitness/exercise,,Few times a week,Yes,Yes,Yes,Yes,No,No,Maybe,No,Used a longer route,40-44,4171,Graduate Diploma and Graduate Certificate,Employed (paid work) typically working less than 35 hours a week,Yes,Car licence,0,0,1,Normally would have to ride along kangaroo pt cliffs which is not as safe. 
17/05/2025 17:48,R_9M6Ln6FZRiOHYCB,Kangaroo Point Bridge,Kangaroo point landing,Male,"Shared E-bike (for example, Neuron)",,with one other person,No,,Yes,East Brisbane ,East Brisbane,To experience the bridge,,Few times a week,Yes,Yes,Yes,Maybe,Yes,Yes,Yes,Yes,Not travelled,35-39,4169,Certificate III & IV,Employed (paid work) typically working 35 hours or more in a week,No,"Car licence,Other Licence",0,1,2,Great bridge 
18/05/2025 7:10,R_44IduT0IixxkoZc,Kangaroo Point Bridge,City landing,Female,Walk ,,alone,No,,Yes,East Brisbane,East Brisbane,Commute to my workplace,,Daily,Yes,Yes,Yes,Yes,Yes,Yes,Yes,Yes,Used a bus,40-44,4169,Postgraduate Degree,Employed (paid work) typically working 35 hours or more in a week,Yes,Car licence,0,0,2,
18/05/2025 7:23,R_4NaUH49M1w11fBn,Kangaroo Point Bridge,City landing,Male, Pushbike  ,,with one other person,No,,No,Towoong,Towoong,Fitness/exercise,,Few times a week,No,No,Yes,Maybe,No,No,No,No,Travelled to someplace else for the same purpose/reason/activity,35-39,4007,Bachelor Degree,Employed (paid work) typically working 35 hours or more in a week,No,Car licence,0,0,2,
18/05/2025 7:38,R_9UguACEvjLEgFq4,Kangaroo Point Bridge,Kangaroo point landing,Male, Pushbike  ,,alone,No,,Yes,West End,West End,Fitness/exercise,,Few times a week,No,Yes,Yes,Maybe,No,No,No,Yes,Travelled to someplace else for the same purpose/reason/activity,65-69,4101,Postgraduate Degree,Retired or on an age pension,No,Car licence,0,0,1,
18/05/2025 8:30,R_9gbBRUgcnxDaGOd,Kangaroo Point Bridge,Kangaroo point landing,Male,Walk ,,with one other person,No,,Yes,Kangaroo,Kangaroo,Fitness/exercise,,Rarely,No,Yes,Yes,Yes,No,No,No,Yes,Not travelled,35-39,4053,Postgraduate Degree,Employed (paid work) typically working 35 hours or more in a week,No,Car licence,0,0,1,
18/05/2025 8:35,R_4TTZ0sPcThJIffA,Breakfast/ Yowoggera Bridge,Newstead landing,Male,Personal E-bike  ,,alone,No,,No,Nunda,Fortitude Valley,To experience the bridge,,Rarely,Yes,No,Yes,Yes,Yes,Yes,Yes,Yes,Not travelled,50-54,4012,Bachelor Degree,Employed (paid work) typically working 35 hours or more in a week,No,Car licence,0,0,2,
18/05/2025 8:37,R_9lnnuMw64ZAgFbz,Breakfast/ Yowoggera Bridge,Newstead landing,Male, Pushbike  ,,alone,No,,Yes,Manly,Manly,Fitness/exercise,,Few times a month,Yes,Yes,Yes,Yes,No,No,No,No,Used a longer route,40-44,4179,Postgraduate Degree,Employed (paid work) typically working 35 hours or more in a week,No,Car licence,1,0,2,Safety - not riding on the road 
18/05/2025 8:51,R_9jHO3kxi42H8aC5,Breakfast/ Yowoggera Bridge,Newstead landing,Male, Pushbike  ,,alone,No,,Yes,Fortitude valley,Fortitude valley,Fitness/exercise,,Few times a month,Yes,Yes,Yes,Yes,No,Yes,Yes,Yes,Used a longer route,65-69,4006,Graduate Diploma and Graduate Certificate,Retired or on an age pension,No,Car licence,0,0,2,"Safer, more likely to exercise and visit this area"
18/05/2025 8:52,R_90xcK2sMKZ3xdYS,Breakfast/ Yowoggera Bridge,Newstead landing,Male,Personal E-bike  ,,alone,No,,Yes,Hamilton,Hamilton,To experience the bridge,,Daily,Yes,Yes,Yes,Yes,No,No,No,Yes,Used a longer route,40-44,4007,Graduate Diploma and Graduate Certificate,Employed (paid work) typically working 35 hours or more in a week,No,Car licence,0,0,2,
18/05/2025 8:59,R_4pPOIDREvpzdmGT,Kangaroo Point Bridge,Kangaroo point landing,Female,Walk ,,with one other person,No,,Yes,Kangaroo,Kangaroo,"Other activity, please specify",Walkimg the dog,Few times a week,Yes,Yes,Yes,Yes,Yes,No,Yes,Yes,Used a car (as a driver),25-29,4169,Years 10/11/12,Employed (paid work) typically working 35 hours or more in a week,No,Car licence,0,0,2,
18/05/2025 9:02,R_4OU2hGGyLptHacR,Breakfast/ Yowoggera Bridge,Newstead landing,Male, Pushbike  ,,alone,No,,Yes,New Farm,New Farm,Fitness/exercise,,Few times a week,No,No,No,No,Yes,No,No,Yes,Used a longer route,70-74,4005,Graduate Diploma and Graduate Certificate,Retired or on an age pension,No,Car licence,0,0,2,Looks good!
18/05/2025 9:03,R_9elvtldau8jH4SP,Kangaroo Point Bridge,Kangaroo point landing,Female,Walk ,,with one other person,No,,Yes,Kangaroo,Kangaroo,Fitness/exercise,,Daily,Yes,Yes,Maybe,Maybe,Yes,Yes,No,Yes,Travelled to someplace else for the same purpose/reason/activity,35-39,4169,Postgraduate Degree,Employed (paid work) typically working 35 hours or more in a week,No,Car licence,0,0,2,
18/05/2025 9:10,R_4PsuMgvvB1Pgosp,Breakfast/ Yowoggera Bridge,Newstead landing,Male, Pushbike  ,,alone,No,,Yes,Kangaroo Point,Kangaroo Point,Fitness/exercise,,Rarely,Yes,Yes,Yes,Yes,Yes,No,Yes,Yes,Used a longer route,60-64,4169,Advanced Diploma and Diploma,Employed (paid work) typically working 35 hours or more in a week,No,Car licence,0,0,2,"Easier access, safe, smooth ride"
18/05/2025 9:21,R_4qdVqr64XAKdkPb,Breakfast/ Yowoggera Bridge,Newstead landing,Male, Pushbike  ,,alone,No,,Yes,Yeronga,Yeronga,Fitness/exercise,,Few times a month,Yes,Yes,Yes,Yes,No,No,,No,Used a longer route,25-29,4121,Postgraduate Degree,Employed (paid work) typically working 35 hours or more in a week,Yes,Car licence,0,0,2,Love it 
18/05/2025 9:35,R_40ThcbGiIrEKdr7,Breakfast/ Yowoggera Bridge,Newstead landing,Male, Pushbike  ,,alone,No,,No,Hamilton,Hamilton ,"Other activity, please specify",Recreation,Few times a week,Yes,Yes,Yes,Yes,No,No,No,Yes,Not travelled,55-59,4007,Certificate III & IV,Employed (paid work) typically working 35 hours or more in a week,No,Car licence,0,0,2,"Nice, interconnected with other transport and infrastructure "
18/05/2025 9:39,R_4VK1but3s6ZK12E,Breakfast/ Yowoggera Bridge,Newstead landing,Male, Pushbike  ,,alone,No,,Yes,Albion,Albion,Fitness/exercise,,On most weekends,Yes,Yes,Yes,No,No,No,Yes,Yes,Used a longer route,25-29,4120,Years 10/11/12,"Student receiving Youth Allowance/ Stipend,Volunteer/ unpaid work,Not currently working for any other reason",Yes,Car licence,0,0,2,
18/05/2025 10:17,R_4PgKWR97mNQoPux,Breakfast/ Yowoggera Bridge,Newstead landing,Male, Pushbike  ,,alone,No,,Yes,Carina,Carina,Fitness/exercise,,Few times a month,No,Yes,Yes,No,No,No,No,Yes,Travelled to someplace else for the same purpose/reason/activity,75-79,4152,Graduate Diploma and Graduate Certificate,Retired or on an age pension,No,Car licence,0,0,2,Connectedness 
18/05/2025 10:22,R_9gONgBWRmUgB2Cn,Breakfast/ Yowoggera Bridge,Newstead landing,Male,Personal E-scooter   ,,with one other person,No,,Yes,Ascot,Ascot,To experience the bridge,,Few times a week,Yes,No,Yes,No,No,No,No,No,Used a longer route,50-54,4887,Years 10/11/12,Employed (paid work) typically working 35 hours or more in a week,No,Car licence,1,1,2,"Sensible idea, really good to improve safety"
18/05/2025 10:45,R_4vZBIUBmvjs4QdJ,Breakfast/ Yowoggera Bridge,Newstead landing,Female, Pushbike  ,,alone,No,,No,Newstead,Halmilton,Fitness/exercise,,Rarely,Yes,Yes,Yes,No,Yes,No,No,Yes,Used a longer route,55-59,4006,Bachelor Degree,Employed (paid work) typically working 35 hours or more in a week,No,Car licence,0,0,1,"Love it, build more of them please"
18/05/2025 10:55,R_9qaVm3qHkfPfgS3,Breakfast/ Yowoggera Bridge,Newstead landing,Male,Personal E-bike  ,,alone,No,,No,Kelvin grove,Kevlin grove,To experience the bridge,,Few times a week,Yes,Yes,Yes,Yes,Yes,Yes,Yes,Yes,Not travelled,45-49,4059,Graduate Diploma and Graduate Certificate,Employed (paid work) typically working 35 hours or more in a week,No,"Car licence,Motorcycle licence",0,0,2,"Fantastic bridge, connect the other side of the river"
18/05/2025 11:04,R_9qfqIHcwzvcwwYw,Breakfast/ Yowoggera Bridge,Newstead landing,Male, Pushbike  ,,with one other person,No,,Yes,Halmilton ,Halmilton,Fitness/exercise,,Few times a week,Yes,Yes,Yes,Yes,No,No,Yes,Yes,Not travelled,55-59,4007,Postgraduate Degree,Employed (paid work) typically working less than 35 hours a week,No,Car licence,0,0,2,na
18/05/2025 11:04,R_9nUgiNAlI5jirmk,Breakfast/ Yowoggera Bridge,Newstead landing,Male, Pushbike  ,,with one other person,No,,Yes,Portside ,Portside,Fitness/exercise,,Few times a week,Yes,Yes,Yes,Yes,Yes,No,Yes,Yes,Travelled to someplace else for the same purpose/reason/activity,55-59,4007,Postgraduate Degree,Employed (paid work) typically working 35 hours or more in a week,No,Car licence,0,0,2,Well integrated bridge
18/05/2025 14:16,R_9FQANwlYTAlzCqR,Breakfast/ Yowoggera Bridge,Newstead landing,Male,Walk ,,alone,No,,Yes,New Farm Park ,Hamilton,Fitness/exercise,,Few times a week,Yes,Yes,Yes,Maybe,Yes,Yes,Yes,Yes,Used a longer route,35-39,4118,Years 10/11/12,Employed (paid work) typically working 35 hours or more in a week,No,Car licence,0,0,3,
18/05/2025 14:23,R_9w6yyYy5lTEoPJI,Breakfast/ Yowoggera Bridge,Newstead landing,Male,Personal E-bike  ,,with one other person,No,,Yes,Newstead,New Farm,To visit a park,,Few times a month,Yes,Yes,Yes,Yes,Yes,No,Yes,Yes,Used a longer route,65-69,4031,Advanced Diploma and Diploma,Retired or on an age pension,No,Car licence,0,0,2,
18/05/2025 14:23,R_4cuUtGlgVxYxH0d,Breakfast/ Yowoggera Bridge,Newstead landing,Male,Walk ,,with one other person,No,,Yes,Hamitlon,Hamilton,Fitness/exercise,,Few times a month,,Yes,Yes,,No,No,No,Yes,Used a longer route,70-74,4006,Prefer not to answer,Retired or on an age pension,No,Car licence,0,0,0,
18/05/2025 14:24,R_9YbM0ySElu4zYhH,Breakfast/ Yowoggera Bridge,Newstead landing,Female,Walk ,,with one other person,No,,Yes,Hamilton,Hamilton ,Fitness/exercise,,Few times a month,Yes,Yes,Yes,Yes,No,No,No,Yes,Used a longer route,35-39,4006,Bachelor Degree,Employed (paid work) typically working 35 hours or more in a week,No,Car licence,0,0,1,
18/05/2025 14:25,R_48X62nLmPVhhQrf,Breakfast/ Yowoggera Bridge,Newstead landing,Female,Personal E-bike  ,,with one other person,No,,Yes,Newstead ,New Farm Park,To visit a park,,Few times a month,Yes,Yes,Yes,Yes,Yes,No,Yes,Yes,Used a longer route,50-54,4006,Bachelor Degree,Employed (paid work) typically working less than 35 hours a week,No,Car licence,0,0,2,
18/05/2025 14:28,R_92zZ3f2UOwP70id,Breakfast/ Yowoggera Bridge,Newstead landing,Female,Walk ,,alone,No,,Yes,Portside,Newstead ,Fitness/exercise,,On most weekends,Yes,Yes,Yes,Yes,No,No,No,No,Used a longer route,30-34,4053,Postgraduate Degree,Employed (paid work) typically working 35 hours or more in a week,Yes,Car licence,1,0,2,
18/05/2025 14:31,R_40H1hLoxSqIlCoB,Breakfast/ Yowoggera Bridge,Newstead landing,Female,Walk ,,alone,No,,Yes,Newstead,Portside,Fitness/exercise,,Daily,Yes,Yes,Yes,No,No,No,Maybe,,Used a longer route,50-54,4006,Prefer not to answer,Retired or on an age pension,No,Car licence,0,0,2,
18/05/2025 14:32,R_95ttz7tHzRSpOjC,Breakfast/ Yowoggera Bridge,Newstead landing,Male,Walk ,,with one other person,No,,Yes,Portside ,Newstead ,Fitness/exercise,,On most weekends,Yes,Yes,Yes,No,No,No,Yes,Yes,Used a longer route,50-54,4006,Postgraduate Degree,Retired or on an age pension,No,Car licence,0,0,2,
18/05/2025 14:33,R_9rFIhZcFUDJ4bgR,Breakfast/ Yowoggera Bridge,Newstead landing,Male,Walk ,,alone,No,,Yes,Hamilton,Newstead,Fitness/exercise,,Daily,Yes,Yes,Yes,Yes,No,No,Maybe,Yes,Used a longer route,35-39,4006,Bachelor Degree,Employed (paid work) typically working 35 hours or more in a week,No,Car licence,0,0,2,
18/05/2025 14:36,R_4cV3PWSIiMXXQHd,Breakfast/ Yowoggera Bridge,Newstead landing,Male, Pushbike  ,,with one other person,No,,Yes,Newstead,Newstead,Fitness/exercise,,Few times a week,Yes,Yes,Yes,Yes,No,No,Maybe,Yes,Used a longer route,50-54,4006,Bachelor Degree,Retired or on an age pension,No,Car licence,0,0,2,
18/05/2025 14:47,R_4PAEoFepGQOnGCJ,Breakfast/ Yowoggera Bridge,Newstead landing,Male,Walk ,,with one other person,No,,Yes,Hamilton,Hamilton ,Fitness/exercise,,Few times a week,Yes,Yes,Yes,Yes,No,No,No,Yes,Used a longer route,18-24,,Years 9 and below,Not currently working for any other reason,No,Car licence,0,0,5,
18/05/2025 14:50,R_9O2BLQxDkFvmfPm,Breakfast/ Yowoggera Bridge,Newstead landing,Male,Walk ,,with one other person,No,,Yes,Ascott,Ascott,Visiting family/ friends/relatives/ social visit,,On most weekends,No,Yes,Yes,Yes,Yes,Yes,Yes,Yes,Used a longer route,18-24,4007,Years 10/11/12,Employed (paid work) typically working less than 35 hours a week,Yes,No licence,1,3,3,
18/05/2025 14:51,R_94eHaszd9vaQpzH,Breakfast/ Yowoggera Bridge,Newstead landing,Male, Pushbike  ,,with one other person,No,,Yes,Hamilton,Hamilton,"Other activity, please specify",Fishing,Few times a week,Yes,Yes,Yes,Yes,No,No,Maybe,Yes,Used a longer route,18-24,4007,Years 9 and below,Not currently working for any other reason,Yes,Car licence,0,0,3,
18/05/2025 15:03,R_9keRYzriYxfsQIF,Breakfast/ Yowoggera Bridge,Newstead landing,Female,Walk ,,alone,No,,No,Newtsead,Newstead,Commute related to work,,Rarely,,Yes,Yes,Yes,No,No,No,No,Not travelled,35-39,4006,Postgraduate Degree,Employed (paid work) typically working 35 hours or more in a week,No,Car licence,0,0,0,
18/05/2025 15:09,R_9v0jwUEortdY7ux,Breakfast/ Yowoggera Bridge,Newstead landing,Female,Walk ,,alone,No,,Yes,Newsteaf,Hamilton,Fitness/exercise,,Few times a month,Yes,Yes,Yes,Yes,No,No,No,No,Used a longer route,35-39,4006,Postgraduate Degree,Employed (paid work) typically working less than 35 hours a week,Yes,Car licence,1,0,2,
18/05/2025 15:19,R_4mfKVCJu52ynucF,Breakfast/ Yowoggera Bridge,Newstead landing,Male,Personal E-bike  ,,alone,No,,Yes,Newstead ,Newstead,To visit a park,,Few times a month,Yes,Yes,Yes,Maybe,No,No,No,No,Used a longer route,55-59,4006,Postgraduate Degree,Not currently working for any other reason,No,Car licence,0,0,2,
18/05/2025 15:23,R_9OJnYZLElgga69u,Breakfast/ Yowoggera Bridge,Newstead landing,Female,Walk ,,alone,No,,Yes,Neatseas,Claydield,Fitness/exercise,,Few times a week,Yes,Yes,Yes,Yes,No,No,Yes,Yes,Not travelled,18-24,4069,Bachelor Degree,Employed (paid work) typically working 35 hours or more in a week,No,Car licence,0,0,3,
18/05/2025 15:23,R_4XlSzwTjzVw8ZEd,Breakfast/ Yowoggera Bridge,Newstead landing,Female,Walk ,,with one other person,No,,Yes,Newstead ,Clayfield ,Fitness/exercise,,On most weekends,Yes,Yes,Yes,No,Yes,Yes,Yes,Yes,Not travelled,18-24,4006,Bachelor Degree,Employed (paid work) typically working 35 hours or more in a week,Yes,Car licence,0,0,3,
18/05/2025 15:24,R_4RfOxDTkO29ajPK,Kangaroo Point Bridge,Kangaroo point landing,Female,Walk ,,with one other person,No,,Yes,Annerly,Annerly,Fitness/exercise,,Few times a month,Yes,Yes,Yes,Yes,No,No,No,No,Used a longer route,30-34,4103,Years 10/11/12,Employed (paid work) typically working 35 hours or more in a week,No,Car licence,0,0,2,
18/05/2025 15:27,R_42vArjaIriFoXyp,Kangaroo Point Bridge,Kangaroo point landing,Female,Personal E-bike  ,,alone,No,,Yes,St Lucia,Kangaroo pt,To go to a restaurant/ eat/drink,,Rarely,Yes,Yes,Yes,Yes,No,No,No,Yes,Used a ferry,55-59,4067,Graduate Diploma and Graduate Certificate,Employed (paid work) typically working 35 hours or more in a week,No,Car licence,0,0,2,Great bridge
18/05/2025 15:29,R_4D57YVnA1wDoRZK,Kangaroo Point Bridge,Kangaroo point landing,Male,Walk ,,with one other person,No,,No,Kangaroo point,Kangaroo point,Fitness/exercise,,Few times a week,Yes,Yes,Yes,Yes,Yes,Yes,Yes,No,Travelled to someplace else for the same purpose/reason/activity,25-29,4169,Bachelor Degree,Employed (paid work) typically working 35 hours or more in a week,No,Car licence,0,0,3,
18/05/2025 15:30,R_4j3fPaqVDLgei8R,Breakfast/ Yowoggera Bridge,Newstead landing,Male,Walk ,,with one other person,No,,No,Newstead,Hamilton ,Fitness/exercise,,Daily,Yes,Yes,Yes,Yes,No,No,No,Yes,Used a longer route,25-29,4006,Years 10/11/12,Employed (paid work) typically working 35 hours or more in a week,No,Car licence,0,0,1,
18/05/2025 15:30,R_40EwlX1pxf2RkwF,Breakfast/ Yowoggera Bridge,Newstead landing,Male,Walk ,,with one other person,No,,No,Newstead ,Hamilton,Fitness/exercise,,Daily,Yes,Yes,Yes,Yes,No,No,No,Yes,Used a longer route,25-29,4006,Years 10/11/12,Employed (paid work) typically working 35 hours or more in a week,No,Car licence,0,0,1,
18/05/2025 15:31,R_9pm43RFrTalpGbU,Kangaroo Point Bridge,Kangaroo point landing,Male,Personal E-bike  ,,alone,No,,Yes,Hawthorn,Hawthorn,Fitness/exercise,,Few times a week,Yes,Yes,Yes,Yes,Yes,Yes,Yes,Yes,Used a longer route,35-39,4171,Years 10/11/12,Employed (paid work) typically working less than 35 hours a week,No,"Car licence,Other Licence",0,0,3,Really good
18/05/2025 15:37,R_9EAreWW3ahQJZ8Z,Kangaroo Point Bridge,Kangaroo point landing,Male,Personal E-bike  ,,with one other person,No,,No,South Bank,Bulimba,To experience the bridge,,Rarely,Yes,Yes,Yes,Yes,Yes,No,Yes,Yes,Used a longer route,18-24,4179,Years 10/11/12,Employed (paid work) typically working less than 35 hours a week,Yes,No licence,0,1,1,Great help with reducing trip time
18/05/2025 15:38,R_9npUrCKZq6bV1Kl,Kangaroo Point Bridge,Kangaroo point landing,Male,Walk ,,alone,No,,Yes,Southbank,Southbank,Fitness/exercise,,Rarely,Yes,Maybe,Yes,Maybe,No,No,No,No,Used a longer route,50-54,4000,Postgraduate Degree,Employed (paid work) typically working 35 hours or more in a week,No,"Car licence,Other Licence",0,0,2,
18/05/2025 15:45,R_4nYONQZySqoxykb,Breakfast/ Yowoggera Bridge,Newstead landing,Female,Walk ,,alone,No,,Yes,Newfarm park,Newfarm park,Fitness/exercise,,Few times a month,Yes,Yes,Yes,Maybe,No,No,Maybe,Yes,Used a longer route,45-49,4069,Graduate Diploma and Graduate Certificate,Employed (paid work) typically working 35 hours or more in a week,No,"Car licence,Motorcycle licence",2,0,2,
18/05/2025 15:46,R_4aRmLgWcFTRhPZL,Breakfast/ Yowoggera Bridge,Newstead landing,Female,Walk ,,with one other person,No,,Yes,New Farm Park,New Farm Park ,Fitness/exercise,,Rarely,Yes,Yes,Yes,Maybe,No,No,Maybe,Yes,Used a longer route,45-49,4069,Advanced Diploma and Diploma,Employed (paid work) typically working 35 hours or more in a week,No,Car licence,2,0,2,More bridges like this very useful and beautiful walk 
18/05/2025 15:46,R_4OPVLowG5WyKAfo,Kangaroo Point Bridge,Kangaroo point landing,Male, Pushbike  ,,with one other person,No,,Yes,West End,West end,To go to a restaurant/ eat/drink,,Rarely,Yes,Yes,Yes,No,Yes,No,Yes,Yes,Used a longer route,30-34,4101,Bachelor Degree,Employed (paid work) typically working 35 hours or more in a week,No,Car licence,0,0,2,Love it!!
18/05/2025 15:46,R_4uXJFKtkC5vc0BH,Kangaroo Point Bridge,Kangaroo point landing,Female, Pushbike  ,,with one other person,No,,Yes,West end,West end,Fitness/exercise,,Few times a month,Yes,Yes,Yes,Maybe,No,No,Yes,Yes,Travelled to someplace else for the same purpose/reason/activity,30-34,4101,Certificate III & IV,Employed (paid work) typically working 35 hours or more in a week,No,Car licence,0,0,2,
18/05/2025 15:53,R_4YCYjAQISPURD2b,Kangaroo Point Bridge,Kangaroo point landing,Male,Personal E-bike  ,,alone,No,,No,Kenmore,Kenmore,To experience the bridge,,Rarely,No,Yes,Yes,Yes,No,No,No,Yes,Used a longer route,55-59,4069,Bachelor Degree,Employed (paid work) typically working 35 hours or more in a week,No,Car licence,0,0,2,
18/05/2025 15:57,R_9qWlrZ8kRCEaQ4p,Breakfast/ Yowoggera Bridge,Newstead landing,Female,Personal E-bike  ,,alone,No,,No,Brisbane City ,Hamilton,To visit a park,,On most weekends,Maybe,Yes,Yes,Maybe,Yes,Maybe,Maybe,Yes,Used a longer route,50-54,4000,Bachelor Degree,Employed (paid work) typically working 35 hours or more in a week,No,Car licence,0,0,1,
18/05/2025 16:01,R_4fdDeJWMql1KTlA,Kangaroo Point Bridge,Kangaroo point landing,Male,Walk ,,with one other person,No,,No,Milton,Milton,To experience the bridge,,Rarely,Maybe,Yes,Yes,Yes,Yes,Yes,Yes,Yes,Not travelled,25-29,4064,Postgraduate Degree,Student receiving Youth Allowance/ Stipend,Yes,Car licence,0,0,2,
18/05/2025 16:06,R_9fqJTqGW5sJsBeN,Kangaroo Point Bridge,Kangaroo point landing,Male,"Shared E-scooter (for example, Neuron or Lime) ",,alone,No,,No,City,City,To experience the bridge,,Rarely,No,Yes,Yes,Yes,No,No,No,Yes,Used a longer route,45-49,4000,Bachelor Degree,Employed (paid work) typically working 35 hours or more in a week,No,"Car licence,Motorcycle licence",2,0,2,Nice bridge
18/05/2025 16:14,R_9gX1VK298A0cQJX,Kangaroo Point Bridge,Kangaroo point landing,Male, Pushbike  ,,with one other person,No,,Yes,Milton,South brisbane,Fitness/exercise,,Rarely,No,Yes,Maybe,Yes,No,No,No,Yes,Travelled to someplace else for the same purpose/reason/activity,65-69,4077,Years 10/11/12,Retired or on an age pension,No,"Car licence,Motorcycle licence",0,0,1,
18/05/2025 16:14,R_41oLL5mCfvmXuEU,Kangaroo Point Bridge,Kangaroo point landing,Female, Pushbike  ,,with one other person,No,,Yes,Wynnum ,Wynnum,To experience the bridge,,Rarely,Yes,Yes,Yes,Yes,No,No,No,Yes,Used a longer route,60-64,4178,Bachelor Degree,Employed (paid work) typically working 35 hours or more in a week,No,"Car licence,Other Licence",0,0,1,"Great bridge, really enhanced the city"
18/05/2025 16:18,R_9JrOXawgTGfYmvs,Kangaroo Point Bridge,Kangaroo point landing,Male,"Shared E-scooter (for example, Neuron or Lime) ",,alone,No,,No,Kangaroo point,Kangaroo point,To visit a park,,Rarely,Yes,Yes,Yes,Yes,No,No,Yes,Yes,Used a longer route,25-29,4169,Years 10/11/12,Employed (paid work) typically working 35 hours or more in a week,No,"Car licence,Other Licence",0,0,1,
18/05/2025 16:21,R_41tDfaYzFGV6ZUJ,Breakfast/ Yowoggera Bridge,Newstead landing,Male,Walk ,,alone,No,,Yes,Newstead,Portside ,Fitness/exercise,,Few times a week,Yes,Yes,Yes,Yes,Yes,,Yes,Yes,Used a longer route,40-44,4006,Certificate III & IV,Not currently working due to short-term illness or injury,No,Car licence,0,0,1,
18/05/2025 16:25,R_9vcup7bZPKoJmO6,Kangaroo Point Bridge,Kangaroo point landing,Female,Personal E-bike  ,,alone,No,,Yes,Toowong,Toowong,To experience the bridge,,Rarely,Yes,Yes,Yes,Yes,No,Yes,Yes,Yes,Used a longer route,50-54,4066,Bachelor Degree,Employed (paid work) typically working 35 hours or more in a week,Yes,Car licence,0,0,1,"Incredible bridge, great that we are taking people into consideration and helping with transport. "
18/05/2025 16:38,R_42rTbu2ML3GqIzT,Kangaroo Point Bridge,Kangaroo point landing,Female,Walk ,,with one other person,No,,Yes,Kangaroo point,Kangaroo point,Fitness/exercise,,Rarely,Yes,Yes,Yes,Yes,No,No,No,Yes,Travelled to someplace else for the same purpose/reason/activity,25-29,4152,Bachelor Degree,Employed (paid work) typically working 35 hours or more in a week,No,Car licence,0,0,2,
18/05/2025 16:41,R_4eEOOmnCqbUXZAH,Kangaroo Point Bridge,Kangaroo point landing,Male, Pushbike  ,,alone,No,,No,Morning Side,Morning Side,Fitness/exercise,,Few times a week,Yes,Yes,Yes,Maybe,No,No,No,Yes,Used a longer route,30-34,4170,Bachelor Degree,Employed (paid work) typically working 35 hours or more in a week,No,Car licence,0,0,1,Great bridge
18/05/2025 16:41,R_48OFlfmkNaAeXSG,Kangaroo Point Bridge,Kangaroo point landing,Female,Walk ,,with one other person,No,,Yes,Kangaroo point,Kangaroo point,Fitness/exercise,,Few times a week,Yes,Yes,Yes,Yes,Yes,Yes,Yes,Yes,Used a car (as a driver),40-44,4169,Bachelor Degree,Employed (paid work) typically working less than 35 hours a week,No,"Car licence,Motorcycle licence",0,0,2,Would like the pedestrian walk way to be wider
18/05/2025 16:45,R_9LCIouZwqnbTm5T,Kangaroo Point Bridge,Kangaroo point landing,Female,Personal E-scooter   ,,with one other person,No,,Yes,Kangaroo point,City,To go to a restaurant/ eat/drink,,Rarely,Yes,Yes,Yes,Yes,Yes,No,No,Yes,Used a longer route,45-49,4551,Advanced Diploma and Diploma,Employed (paid work) typically working 35 hours or more in a week,No,Car licence,0,0,2,
18/05/2025 16:45,R_9rIXDstQUFmo36P,Kangaroo Point Bridge,Kangaroo point landing,Male,Personal E-scooter   ,,with one other person,No,,Yes,Kangaroo Point,City,To go to a restaurant/ eat/drink,,Rarely,Yes,Yes,Yes,Yes,Yes,No,Yes,Yes,Used a longer route,45-49,4551,Advanced Diploma and Diploma,Employed (paid work) typically working 35 hours or more in a week,No,"Car licence,Motorcycle licence,Other Licence",0,0,2,Bridge is awesome. Like that it has cover along 
18/05/2025 17:08,R_9f38eU2bYNTwHWe,Kangaroo Point Bridge,Kangaroo point landing,Male,Walk ,,with one other person,No,,Yes,Kangaroo point,Kangaroo point,Fitness/exercise,,Daily,Yes,Yes,Yes,Yes,Yes,No,No,Yes,Used a longer route,35-39,4169,Postgraduate Degree,Employed (paid work) typically working 35 hours or more in a week,No,Car licence,0,0,2,
18/05/2025 17:13,R_9h6p3zfvX6qwwAK,Kangaroo Point Bridge,Kangaroo point landing,Female, Pushbike  ,,alone,No,,No,Nerang,Brisbane,Commute related to work,,Rarely,Yes,Yes,Yes,Yes,No,No,No,Yes,Used a longer route,50-54,4000,Postgraduate Degree,Not currently working for any other reason,No,Car licence,0,0,2,Beautiful bridge. Great safety. 
18/05/2025 17:17,R_91sK4zMDJx8ENz5,Kangaroo Point Bridge,Kangaroo point landing,Male,Walk ,,with one other person,No,,No,Macgregor,Macgregor,Fitness/exercise,,Few times a month,Yes,Yes,Yes,Yes,Yes,Yes,No,Yes,Used a bus,18-24,4109,Postgraduate Degree,Employed (paid work) typically working less than 35 hours a week,No,Car licence,0,0,5,
18/05/2025 17:21,R_4o8YSh3aYxjS0G5,Breakfast/ Yowoggera Bridge,Newstead landing,Male,Personal E-scooter   ,,with one other person,No,,Yes,Portside,Newstead ,"Other activity, please specify",Fishing ,Few times a month,Yes,Yes,Yes,Maybe,No,Yes,No,Yes,Used a longer route,18-24,4007,Years 10/11/12,Employed (paid work) typically working less than 35 hours a week,Yes,No licence,2,1,3,
18/05/2025 17:21,R_47DlUFKPp2LqatY,Kangaroo Point Bridge,Kangaroo point landing,Male, Pushbike  ,,with one other person,No,,No,West end,West end,Fitness/exercise,,Few times a month,Yes,Yes,Yes,Maybe,Yes,Yes,No,No,Used a longer route,55-59,4073,Postgraduate Degree,Employed (paid work) typically working 35 hours or more in a week,No,Car licence,0,0,2,Counter on kangaroo point side
18/05/2025 17:22,R_9QJEKzxf30oKHTn,Kangaroo Point Bridge,Kangaroo point landing,Female,"Other mode, please specify",Manual scooter,with one other person,No,,Yes,West End,West End,Fitness/exercise,,Few times a month,Yes,Yes,Yes,Yes,No,No,Maybe,Yes,Used a longer route,50-54,4073,Graduate Diploma and Graduate Certificate,Employed (paid work) typically working 35 hours or more in a week,No,Car licence,1,1,2,Comfortable bridge and easy to use. 
18/05/2025 18:07,R_4pldJWpdONleSAB,Breakfast/ Yowoggera Bridge,Newstead landing,Male, Pushbike  ,,alone,No,,Yes,Teneriffe,Teneriffe ,Fitness/exercise,,Few times a month,Yes,Yes,Yes,No,No,No,No,Yes,Not travelled,25-29,4005,Certificate III & IV,"Unpaid caring for a child(ren), an elderly person(s), or an ill or person(s) with a disability,Not currently working due to short-term illness or injury",No,Car licence,1,0,2,
19/05/2025 7:36,R_91hyPpYKGQMYBZR,Kangaroo Point Bridge,City landing,Female,Walk ,,with more than two persons,No,,Yes,Kangaroo point,Kangaroo point,Fitness/exercise,,Daily,Yes,Yes,Yes,Yes,Yes,Yes,Yes,No,Used a longer route,65-69,4169,Postgraduate Degree,Retired or on an age pension,Yes,Car licence,0,0,2,
19/05/2025 7:36,R_9VCRY8Jhv70oHGp,Kangaroo Point Bridge,City landing,Female,Walk ,,with more than two persons,No,,No,Bulimba,Kangaroo point,Fitness/exercise,,Few times a week,No,Yes,Yes,Yes,No,No,Yes,Yes,Not travelled,50-54,4171,Bachelor Degree,Employed (paid work) typically working less than 35 hours a week,No,Car licence,0,0,1,Awesome
19/05/2025 7:41,R_417FAPr6Sondpwc,Kangaroo Point Bridge,City landing,Male,Walk ,,with one other person,No,,Yes,City,City,Fitness/exercise,,Few times a week,No,Yes,Maybe,Yes,No,No,No,Yes,Travelled to someplace else for the same purpose/reason/activity,35-39,4000,Bachelor Degree,Employed (paid work) typically working 35 hours or more in a week,No,Car licence,0,0,2,
19/05/2025 7:43,R_4RsiDPMGQTZLwIE,Kangaroo Point Bridge,Kangaroo point landing,Male,Walk ,,alone,No,,Yes,City,City,Fitness/exercise,,Rarely,No,Yes,Yes,Yes,No,No,No,Yes,Used a longer route,50-54,5152,Postgraduate Degree,Employed (paid work) typically working 35 hours or more in a week,No,Car licence,0,1,4,Really nice experience 
19/05/2025 7:45,R_9IRzqaYnnnsueWt,Kangaroo Point Bridge,City landing,Female,Walk ,,with one other person,No,,Yes,Kangaroo point,Kangaroo point,Fitness/exercise,,Few times a month,Yes,Yes,Yes,Yes,Yes,Yes,No,Yes,Travelled to someplace else for the same purpose/reason/activity,18-24,4103,Years 10/11/12,Employed (paid work) typically working less than 35 hours a week,Yes,Car licence,0,0,4,
19/05/2025 7:49,R_9Pi4a5Dt58WWLWV,Kangaroo Point Bridge,Kangaroo point landing,Male,Walk ,,with one other person,No,,Yes,City,City,Fitness/exercise,,Daily,No,Yes,Yes,Yes,No,No,No,Yes,Used a longer route,45-49,4000,Postgraduate Degree,Employed (paid work) typically working 35 hours or more in a week,No,Car licence,1,0,2,
19/05/2025 7:58,R_97qBvwhc5nFmtHl,Kangaroo Point Bridge,Kangaroo point landing,Female,Walk ,,alone,No,,Yes,East Brisbane,East Brisbane,Fitness/exercise,,Few times a week,No,Yes,Yes,Yes,Maybe,Yes,Yes,Yes,Used a longer route,75-79,4169,Bachelor Degree,Retired or on an age pension,No,Car licence,0,0,1,Magnificent 
19/05/2025 8:02,R_4otqC143CHC5C8N,Kangaroo Point Bridge,Kangaroo point landing,Male,Walk ,,with one other person,No,,No,Currumbin,Pinkenba,Commute related to work,,Rarely,Yes,Yes,Yes,Yes,No,No,No,No,Used a car (as a driver),55-59,4223,Years 10/11/12,Employed (paid work) typically working 35 hours or more in a week,No,"Car licence,Motorcycle licence",0,0,4,Nice bridge
19/05/2025 8:02,R_4rKDhe13TyvWml3,Kangaroo Point Bridge,City landing,Male,Walk ,,with one other person,No,,No,Mitchelton,Mitchelton,Commute related to work,,Rarely,Yes,Yes,Yes,Yes,No,No,No,Yes,Not travelled,55-59,4053,Certificate III & IV,Employed (paid work) typically working 35 hours or more in a week,No,"Car licence,Motorcycle licence,Other Licence",0,0,2,
19/05/2025 8:06,R_49BgdQZixzU4Ozf,Kangaroo Point Bridge,Kangaroo point landing,Female,Walk ,,alone,No,,Yes,Hawthorn,City,Commute to my workplace,,Few times a week,Yes,Yes,Yes,Yes,Yes,Yes,Yes,Yes,Used a car (as a driver),50-54,4171,Bachelor Degree,Employed (paid work) typically working 35 hours or more in a week,No,Car licence,0,0,3,Absolutely love it. It’s convenient and well used and always feel safe. 
19/05/2025 8:07,R_9TtnMyc59VCWn56,Kangaroo Point Bridge,City landing,Male,Walk ,,with one other person,No,,Yes,City,City,To experience the bridge,,Rarely,Maybe,Yes,Yes,Yes,No,No,No,Yes,Not travelled,50-54,4812,Years 10/11/12,Employed (paid work) typically working 35 hours or more in a week,No,"Car licence,Other Licence",0,1,3,
19/05/2025 8:12,R_9f8IH5UDDDJRlyr,Kangaroo Point Bridge,Kangaroo point landing,Female,Walk ,,alone,No,,No,Kangaroo Point ,City,Fitness/exercise,,Daily,Yes,Yes,Yes,Yes,Maybe,Yes,Yes,Yes,Not travelled,25-29,4169,Bachelor Degree,Employed (paid work) typically working less than 35 hours a week,No,Car licence,0,0,4,Helpful for commuting to the city
19/05/2025 8:21,R_4q809xJOA5qpsTx,Kangaroo Point Bridge,City landing,Male,Walk ,,alone,No,,Yes,Kangaroo Point,Kangaroo Point,Fitness/exercise,,Few times a week,No,Yes,Yes,Yes,No,No,No,Yes,Travelled to someplace else for the same purpose/reason/activity,35-39,4109,Bachelor Degree,Employed (paid work) typically working 35 hours or more in a week,No,Car licence,2,0,2,
19/05/2025 8:24,R_4EbHnPM7vCyT94L,Kangaroo Point Bridge,City landing,Female,Walk ,,with one other person,No,,Yes,Kangaroo point,Kangaroo point,Fitness/exercise,,Daily,Yes,Yes,Maybe,Maybe,Yes,No,No,Yes,Used a longer route,65-69,4169,Postgraduate Degree,Retired or on an age pension,No,Car licence,0,0,2,Liked the separate lanes for walking and cycling
19/05/2025 8:24,R_4txoiLZU10l00PV,Kangaroo Point Bridge,City landing,Male,Personal E-bike  ,,alone,No,,Yes,Sunny Bank,Sunny Bank,To visit a park,,Few times a month,Yes,Yes,Yes,Yes,No,No,No,Yes,Travelled to someplace else for the same purpose/reason/activity,65-69,4109,Years 10/11/12,Retired or on an age pension,No,"Car licence,Motorcycle licence,Other Licence",0,0,4,
19/05/2025 8:28,R_4P2jQsMZGm3bwiu,Kangaroo Point Bridge,City landing,Male,Walk ,,alone,No,,Yes,Kangaroo Point,Kangaroo point ,Fitness/exercise,,Daily,No,Yes,Yes,Yes,Yes,No,No,Yes,Travelled to someplace else for the same purpose/reason/activity,35-39,4169,Years 10/11/12,Employed (paid work) typically working 35 hours or more in a week,No,Car licence,0,0,2,Great bridge love it!
19/05/2025 8:34,R_4qgmpNweOMGQ5iq,Kangaroo Point Bridge,Kangaroo point landing,Female,Walk ,,with two other persons,No,,No,City,Kangaroo Point,Fitness/exercise,,Few times a week,No,Yes,Maybe,Maybe,Maybe,Yes,Yes,Yes,Used a ferry,18-24,4000,Bachelor Degree,Employed (paid work) typically working less than 35 hours a week,Yes,Car licence,0,0,5,"Good way to commute and great for going for a walk. 
Very safe"
19/05/2025 8:34,R_4sYLdxWdZbjzR9n,Kangaroo Point Bridge,City landing,Female,Walk ,,with more than two persons,No,,No,City,City,Fitness/exercise,,Few times a month,No,No,Maybe,Yes,No,No,Yes,Yes,Used a longer route,18-24,4000,Bachelor Degree,Employed (paid work) typically working less than 35 hours a week,Yes,Car licence,0,0,5,Would like the pedestrian walk way wider
19/05/2025 8:37,R_9CNrHH3okFVz36p,Kangaroo Point Bridge,Kangaroo point landing,Male,Walk ,,alone,No,,Yes,Nerangba,Nerangba,To go to a restaurant/ eat/drink,,Rarely,Yes,Yes,Yes,No,No,No,No,No,Used a longer route,45-49,4504,Bachelor Degree,Employed (paid work) typically working 35 hours or more in a week,No,"Car licence,Motorcycle licence",1,0,1,Looks lovely
19/05/2025 8:47,R_9ahIz9wcMu27Zn1,Kangaroo Point Bridge,City landing,Female,Walk ,,alone,No,,Yes,Kangaroo Point,City,To visit a park,,Rarely,Yes,Yes,Yes,Yes,Yes,No,No,Yes,Used a ferry,60-64,4868,Bachelor Degree,Employed (paid work) typically working 35 hours or more in a week,No,"Car licence,Other Licence",0,0,2,Looks great and makes crossing the river easier 
19/05/2025 8:57,R_4dF83X5ilY8J1vw,Kangaroo Point Bridge,City landing,Male,Walk ,,alone,No,,Yes,City,City,Fitness/exercise,,Few times a week,Yes,Yes,Yes,Yes,No,No,Yes,No,Travelled to someplace else for the same purpose/reason/activity,45-49,4000,Certificate III & IV,Employed (paid work) typically working 35 hours or more in a week,No,"Car licence,Other Licence",0,2,2,"Awesome bridge, whole family enjoy it. "
19/05/2025 9:02,R_4dPUScbgImvW8PM,Kangaroo Point Bridge,City landing,Female,Walk ,,with one other person,No,,Yes,Kangaroo point,Kangaroo point,Fitness/exercise,,Rarely,Yes,Yes,Maybe,Yes,Yes,No,No,Yes,Used a longer route,35-39,4007,Postgraduate Degree,Employed (paid work) typically working 35 hours or more in a week,No,Car licence,0,0,2,
19/05/2025 9:02,R_4BwN6VUc5mlBuqB,Kangaroo Point Bridge,City landing,Female,Walk ,,with one other person,No,,Yes,Nunda ,Nunda,Fitness/exercise,,Few times a week,Yes,Yes,Yes,Yes,Yes,Yes,Yes,Yes,Travelled to someplace else for the same purpose/reason/activity,35-39,4012,Postgraduate Degree,Employed (paid work) typically working 35 hours or more in a week,No,Car licence,0,0,1,
19/05/2025 9:24,R_4ib4MDTiztoDMgH,Kangaroo Point Bridge,City landing,Female,Walk ,,alone,No,,Yes,South Brisbane,South Brisbane,Fitness/exercise,,Rarely,No,Yes,No,Yes,No,No,No,Yes,Used a longer route,60-64,4020,Bachelor Degree,Retired or on an age pension,No,Car licence,0,0,2,"Lovely bridge, great to walk across "
19/05/2025 9:26,R_4UeJd0KYCLYbxsZ,Kangaroo Point Bridge,City landing,Female,Walk ,,with one other person,No,,Yes,City,City,To experience the bridge,,Rarely,No,Yes,Yes,No,No,Yes,No,Yes,Travelled to someplace else for the same purpose/reason/activity,60-64,4165,Bachelor Degree,Employed (paid work) typically working 35 hours or more in a week,No,Car licence,0,0,2,Would like higher railings for safety
19/05/2025 9:27,R_43Ne4cOJWoimAzn,Kangaroo Point Bridge,City landing,Female,Walk ,,with one other person,No,,Yes,Yeronga,Yeronga,Fitness/exercise,,On most weekends,Yes,Yes,Yes,Yes,Yes,Yes,Yes,Yes,Used a car (as a driver),50-54,4104,Postgraduate Degree,Employed (paid work) typically working 35 hours or more in a week,No,Car licence,0,1,4,
19/05/2025 9:32,R_4mDi35HxxY7itGx,Kangaroo Point Bridge,City landing,Female,Walk ,,with one other person,No,,Yes,Kangaroo point,Kangaroo point,Fitness/exercise,,Rarely,Yes,Yes,Yes,Yes,Yes,Yes,Yes,Yes,Used a car (as a driver),50-54,4169,Years 10/11/12,Retired or on an age pension,No,Car licence,0,0,2,
19/05/2025 9:32,R_472wKYvI3f22Gf2,Kangaroo Point Bridge,City landing,Male,Walk ,,with one other person,No,,Yes,Kangaroo point ,Kangaroo point ,Fitness/exercise,,Rarely,Yes,Yes,Maybe,Yes,Maybe,No,No,Yes,Travelled to someplace else for the same purpose/reason/activity,55-59,4169,Certificate III & IV,Retired or on an age pension,No,Car licence,0,2,2,Great addition to the city 
19/05/2025 9:36,R_9RUn3johOJQF23y,Kangaroo Point Bridge,City landing,Male,Walk ,,alone,No,,Yes,City,City,Fitness/exercise,,Rarely,No,Yes,Yes,Yes,No,No,No,No,Not travelled,50-54,4115,Postgraduate Degree,Not currently working for any other reason,No,Car licence,0,0,2,
19/05/2025 9:41,R_94tMpqli5m0bcMX,Kangaroo Point Bridge,City landing,Male,Walk ,,with one other person,No,,Yes,Kangaroo point,Kangaroo point,To go to a restaurant/ eat/drink,,Daily,Yes,Yes,Yes,Yes,Yes,No,Yes,Yes,Used a longer route,45-49,4169,Years 10/11/12,Employed (paid work) typically working 35 hours or more in a week,No,Car licence,0,0,2,
19/05/2025 9:43,R_4lbroEjWzFdgNve,Kangaroo Point Bridge,City landing,Male,Walk ,,with one other person,No,,No,Fortitude Valley,City,Fitness/exercise,,Rarely,No,Yes,Yes,Yes,No,No,No,Yes,Used a ferry,65-69,3352,Years 9 and below,Retired or on an age pension,No,"Car licence,Other Licence",0,0,2,
19/05/2025 10:01,R_41ZyhZwqdHfKz2F,Kangaroo Point Bridge,Kangaroo point landing,Male,Walk ,,alone,No,,Yes,Spring Hill,Spring Hill,Fitness/exercise,,Rarely,Yes,Yes,Maybe,No,No,No,No,Yes,Travelled to someplace else for the same purpose/reason/activity,30-34,4000,Postgraduate Degree,Student receiving Youth Allowance/ Stipend,Yes,Car licence,0,0,2,
19/05/2025 15:26,R_4YDC745lo9qryZr,Breakfast/ Yowoggera Bridge,Newstead landing,Male,Walk ,,alone,No,,Yes,Bowen Hills,Bowen Hills,Fitness/exercise,,Rarely,No,Yes,Yes,Yes,No,No,No,Yes,Travelled to someplace else for the same purpose/reason/activity,35-39,4120,Postgraduate Degree,Employed (paid work) typically working 35 hours or more in a week,No,Car licence,0,0,1,
19/05/2025 15:33,R_4HztmgFSANUlcjk,Kangaroo Point Bridge,City landing,Female,Walk ,,with one other person,No,,No,Wishart,Wishart,Fitness/exercise,,Rarely,No,Yes,Yes,Yes,No,No,Maybe,Yes,"Used Taxi/RideShare (Uber, Didi, etc)",18-24,4122,Bachelor Degree,Employed (paid work) typically working less than 35 hours a week,Yes,Car licence,0,0,4,
19/05/2025 15:34,R_9LZ1JW4Wy7B9rcv,Kangaroo Point Bridge,Kangaroo point landing,Female,Walk ,,alone,No,,No,Kp,City,Fitness/exercise,,Rarely,Yes,Yes,Yes,Yes,Yes,Yes,Yes,No,Used a ferry,18-24,4169,Years 10/11/12,Employed (paid work) typically working 35 hours or more in a week,No,Car licence,0,0,6,
19/05/2025 15:36,R_4JUBuILosqz3LBS,Kangaroo Point Bridge,City landing,Female,Walk ,,with one other person,No,,No,City,City,Fitness/exercise,,Rarely,Yes,Yes,Yes,Yes,No,No,No,Yes,Not travelled,18-24,3143,Bachelor Degree,Employed (paid work) typically working 35 hours or more in a week,No,Car licence,0,0,2,
19/05/2025 15:43,R_9afCznAOd3M7Zuh,Kangaroo Point Bridge,City landing,Female,Walk ,,with one other person,No,,Yes,Kangaroo point,Kangaroo point,Commute to study,,Daily,Yes,Yes,Yes,Yes,Yes,Yes,Yes,No,Used a ferry,18-24,4169,Years 10/11/12,Student receiving Youth Allowance/ Stipend,Yes,Car licence,0,0,3,
19/05/2025 15:44,R_414FHszxYyWrmfN,Kangaroo Point Bridge,Kangaroo point landing,Female,Walk ,,with one other person,No,,No,City,City,Commute to study,,Few times a week,No,Yes,Yes,Yes,Yes,No,No,Yes,Used a ferry,18-24,4169,Years 10/11/12,Employed (paid work) typically working less than 35 hours a week,Yes,Car licence,0,0,3,
19/05/2025 15:47,R_425CAcocX9IU4gM,Kangaroo Point Bridge,City landing,Female,Walk ,,alone,No,,Yes,St lucia,At lucia,Fitness/exercise,,Daily,Yes,Yes,Yes,Yes,No,No,No,Yes,Used a longer route,18-24,4067,Years 10/11/12,Employed (paid work) typically working less than 35 hours a week,Yes,Car licence,0,0,1,
19/05/2025 15:50,R_9P4WHljkoQVsAZW,Kangaroo Point Bridge,City landing,Female,Walk ,,alone,No,,Yes,Kangaroo point,Kangaroo point,Commute to my workplace,,Daily,No,Yes,Yes,Yes,Yes,Yes,Yes,No,Used a longer route,25-29,4169,Bachelor Degree,Employed (paid work) typically working 35 hours or more in a week,Yes,Car licence,0,0,2,
19/05/2025 15:51,R_9S7XgPDHpvpp0fr,Kangaroo Point Bridge,Kangaroo point landing,Female,Walk ,,with one other person,No,,Yes,Kangaroo point ,City,Fitness/exercise,,Daily,Yes,Yes,Yes,Yes,Yes,Yes,Yes,No,Used a ferry,80-84,4169,Postgraduate Degree,Retired or on an age pension,No,Car licence,0,0,2,
19/05/2025 15:52,R_4z8U1r7n0cKwEbq,Breakfast/ Yowoggera Bridge,Newstead landing,Female,Walk ,,with one other person,No,,Yes,Hamilton,Hamilton,Fitness/exercise,,Few times a week,Maybe,Yes,Yes,No,No,No,No,No,Used a longer route,55-59,4007,Bachelor Degree,Employed (paid work) typically working 35 hours or more in a week,No,Car licence,0,0,3,
19/05/2025 15:56,R_9lzS4IKqmMKHxxB,Kangaroo Point Bridge,City landing,Male,Walk ,,alone,No,,No,City,Kangaroo point,Fitness/exercise,,Rarely,Maybe,Yes,Maybe,Maybe,Yes,No,No,Yes,Used a longer route,25-29,4000,Bachelor Degree,Student receiving Youth Allowance/ Stipend,Yes,Car licence,0,0,1,
19/05/2025 16:03,R_4nrcsM32T9JlG5i,Kangaroo Point Bridge,Kangaroo point landing,Male,Walk ,,alone,No,,No,Kangaroo point,City,Commute to my workplace,,Daily,No,Yes,Yes,No,Yes,Yes,Yes,No,Used a ferry,50-54,4169,Years 10/11/12,Employed (paid work) typically working 35 hours or more in a week,No,"Car licence,Motorcycle licence,Other Licence",0,0,1,
19/05/2025 16:03,R_9P17usV5Q1rHhp0,Breakfast/ Yowoggera Bridge,Newstead landing,Female,Walk ,,with one other person,No,,No,Southbank,Southbank,Fitness/exercise,,Rarely,Yes,Yes,Yes,Yes,Yes,Yes,Yes,Yes,Used a bus,25-29,4101,Bachelor Degree,Employed (paid work) typically working less than 35 hours a week,No,Car licence,0,0,2,
19/05/2025 16:08,R_4NyYCNJerTHtheB,Kangaroo Point Bridge,Kangaroo point landing,Male,Walk ,,alone,No,,Yes,Kangaroo point,Kangaroo point ,Fitness/exercise,,Few times a week,Yes,Yes,Yes,Yes,Yes,Yes,Yes,No,Used a longer route,18-24,4151,Years 10/11/12,Employed (paid work) typically working less than 35 hours a week,Yes,Car licence,1,0,4,
19/05/2025 16:08,R_9zk6eF3jdpynS6Z,Kangaroo Point Bridge,City landing,Male,Walk ,,alone,No,,Yes,City,City,Fitness/exercise,,Rarely,Yes,Yes,Yes,Maybe,No,No,No,Yes,Used a ferry,35-39,2020,Bachelor Degree,Employed (paid work) typically working 35 hours or more in a week,No,Car licence,0,0,2,
19/05/2025 16:10,R_4lLx3YhY0jKlNRv,Breakfast/ Yowoggera Bridge,Newstead landing,Female,Walk ,,with one other person,No,,No,Hamilton,Hamlton,Fitness/exercise,,Few times a week,No,Yes,Yes,Yes,No,No,No,Yes,Used a longer route,30-34,4007,Postgraduate Degree,Employed (paid work) typically working 35 hours or more in a week,No,Car licence,0,0,1,Good bridge
19/05/2025 16:12,R_9pYU8hfoPl4mgUe,Kangaroo Point Bridge,City landing,Female,Walk ,,with more than two persons,No,,Yes,Kangaroo point,Kangaroo point,To go to a restaurant/ eat/drink,,Few times a week,Yes,Yes,Yes,Yes,No,No,No,Yes,Used a bus,18-24,4000,Postgraduate Degree,Student receiving Youth Allowance/ Stipend,Yes,Car licence,0,0,4,
19/05/2025 16:13,R_95CA7Cwl7QHeIRb,Kangaroo Point Bridge,Kangaroo point landing,Female,Walk ,,with two other persons,No,,No,City,Kangaroo point,Fitness/exercise,,Few times a month,Maybe,Yes,Yes,Yes,No,No,No,No,Used a ferry,18-24,4000,Certificate III & IV,Prefer not to answer,Yes,Car licence,0,0,4,
19/05/2025 16:16,R_9lFcOcMv2Hv1POu,Breakfast/ Yowoggera Bridge,Newstead landing,Female,Walk ,,alone,No,,Yes,Teneriife,Teneriife,To go shopping,,Rarely,No,No,No,No,No,No,No,No,Used a longer route,45-49,4005,Years 10/11/12,Employed (paid work) typically working 35 hours or more in a week,Yes,Car licence,0,0,1,Massive waste of tax money. A bridge not right next to the other would be good
19/05/2025 16:22,R_9P8cwuptkrlaUZH,Kangaroo Point Bridge,City landing,Female,Walk ,,with two other persons,No,,Yes,Kangaroo point,Kangaroo point,Fitness/exercise,,Few times a week,Maybe,Yes,Yes,Maybe,No,No,No,Yes,Not travelled,25-29,4169,Years 10/11/12,Employed (paid work) typically working less than 35 hours a week,No,Car licence,0,1,4,
19/05/2025 16:24,R_95TqMmcNLmvSYZr,Kangaroo Point Bridge,Kangaroo point landing,Male,Walk ,,with two other persons,No,,Yes,Kangaroo point,City,Visiting family/ friends/relatives/ social visit,,Rarely,Yes,Yes,Yes,Yes,Yes,Yes,Yes,No,"Used Taxi/RideShare (Uber, Didi, etc)",18-24,4169,Years 10/11/12,Employed (paid work) typically working less than 35 hours a week,Yes,No licence,1,0,4,
19/05/2025 16:37,R_4rA52ncnRetIqAn,Kangaroo Point Bridge,Kangaroo point landing,Male,Walk ,,alone,No,,No,Brisbane ,Kangaroo,Fitness/exercise,,Rarely,No,Yes,Yes,Yes,No,No,Yes,Yes,Not travelled,50-54,4000,Postgraduate Degree,Employed (paid work) typically working 35 hours or more in a week,No,"Car licence,Motorcycle licence",0,1,2,
19/05/2025 16:48,R_4fDoEQSDLrE5nBB,Breakfast/ Yowoggera Bridge,Newstead landing,Female,Walk ,,alone,No,,Yes,Hamilton,Hamilton,To go to a restaurant/ eat/drink,,Few times a month,No,Yes,Yes,No,No,No,No,No,Used a longer route,35-39,4007,Bachelor Degree,Employed (paid work) typically working 35 hours or more in a week,No,Car licence,0,0,2,
19/05/2025 16:52,R_4rAsCZAvJNWxBmb,Breakfast/ Yowoggera Bridge,Newstead landing,Female,Walk ,,with one other person,No,,Yes,Hamilton,Hamilton,Fitness/exercise,,Few times a week,Yes,Yes,Yes,No,No,No,No,No,Used a longer route,55-59,4007,Bachelor Degree,Employed (paid work) typically working 35 hours or more in a week,No,Car licence,0,0,3,
20/05/2025 7:59,R_9rYYffZhaekIP6K,Breakfast/ Yowoggera Bridge,Newstead landing,Male,Walk ,,alone,No,,Yes,Newstead,Newstead,Fitness/exercise,,Few times a week,Yes,Yes,Yes,Yes,Maybe,Yes,Yes,Yes,Not travelled,35-39,4007,Years 10/11/12,Employed (paid work) typically working 35 hours or more in a week,No,Car licence,0,0,2,
20/05/2025 8:14,R_4IaG5ohUwkPz3gH,Breakfast/ Yowoggera Bridge,Newstead landing,Female,Walk ,,with one other person,No,,Yes,Newfarm,Newfarm,Fitness/exercise,,Daily,Yes,Yes,Yes,Yes,No,Yes,Yes,Yes,Used a shorter route,18-24,4005,Bachelor Degree,Employed (paid work) typically working 35 hours or more in a week,No,Car licence,0,0,2,
20/05/2025 8:44,R_9pyamheTZCH43wR,Breakfast/ Yowoggera Bridge,Newstead landing,Male,Walk ,,alone,No,,Yes,Hamilton,Hamilton,Fitness/exercise,,Few times a week,No,Yes,Yes,Yes,Yes,No,No,Yes,Travelled to someplace else for the same purpose/reason/activity,50-54,4007,Postgraduate Degree,Employed (paid work) typically working 35 hours or more in a week,No,Car licence,1,1,2,
20/05/2025 9:06,R_4wBRlYtMGNg6lAx,Breakfast/ Yowoggera Bridge,Newstead landing,Male,Walk ,,with two other persons,No,,Yes,Newstead,Newstead,To visit a park,,Few times a month,Yes,Yes,Yes,Yes,Yes,Yes,Yes,Yes,Used a longer route,25-29,4006,Bachelor Degree,Employed (paid work) typically working 35 hours or more in a week,No,Car licence,0,0,3,
20/05/2025 9:49,R_9KjLdzQBS3amHXb,Kangaroo Point Bridge,Kangaroo point landing,Male,Personal E-bike  ,,with one other person,No,,Yes,Kangaroo point,Kangaroo point,Commute to my workplace,,Daily,Yes,Yes,Yes,Yes,No,Yes,Yes,Yes,Used a longer route,35-39,4169,Certificate III & IV,Employed (paid work) typically working 35 hours or more in a week,Yes,"Car licence,Motorcycle licence,Other Licence",1,0,2,It’s great
20/05/2025 9:50,R_9sWOOTfj0wy2xF0,Kangaroo Point Bridge,Kangaroo point landing,Male, Pushbike  ,,alone,No,,Yes,Bulimba,Bulimba,Fitness/exercise,,Few times a week,Yes,Yes,Yes,Yes,No,No,No,No,Used a longer route,60-64,4171,Graduate Diploma and Graduate Certificate,Retired or on an age pension,No,Car licence,0,0,3,Its good love the split lanes from pedestrians and cyclists
20/05/2025 10:02,R_9EwXM6Ur4Dcb6Pn,Kangaroo Point Bridge,City landing,Male, Pushbike  ,,alone,No,,Yes,Bulimba,Bulimba,Fitness/exercise,,Daily,Yes,Yes,Yes,Maybe,No,No,No,No,Used a longer route,40-44,4171,Postgraduate Degree,Employed (paid work) typically working 35 hours or more in a week,No,"Car licence,Motorcycle licence,Other Licence",1,0,2,Safety concern at the city landing of the bridge when the pedestrians and cyclists merge into one area. Will be a lot nicer when eagle pier opens up again to allow access to other areas. 
20/05/2025 10:03,R_487sJkDqivSbkeR,Kangaroo Point Bridge,Kangaroo point landing,Male,Personal E-bike  ,,alone,No,,No,Kangaroo Point,Kangaroo Point,"To do personal business (Healthcare, hairdresser etc)",,Daily,Yes,Yes,Yes,Yes,Yes,Yes,Yes,Yes,Used a bus,35-39,4169,Bachelor Degree,Employed (paid work) typically working less than 35 hours a week,Yes,Car licence,0,0,2,
20/05/2025 10:06,R_9s7JyL8wwMU0drD,Kangaroo Point Bridge,Kangaroo point landing,Female, Pushbike  ,,alone,No,,Yes,Hawthorn,City,Commute to my workplace,,Daily,Yes,Yes,Yes,Yes,Yes,No,Yes,Yes,Used a longer route,60-64,4171,Postgraduate Degree,Employed (paid work) typically working 35 hours or more in a week,No,Car licence,0,0,7,"Well designed, really pretty and super convenient. "
20/05/2025 10:10,R_923ivghhfCmVgat,Kangaroo Point Bridge,Kangaroo point landing,Male,"Shared E-bike (for example, Neuron)",,alone,No,,Yes,CBD,CBD,To visit a park,,Daily,Yes,Yes,Yes,Yes,Yes,Yes,Yes,Yes,Used a longer route,18-24,4000,Years 10/11/12,Employed (paid work) typically working less than 35 hours a week,No,Car licence,0,0,1,Very good convenient
20/05/2025 10:13,R_4Xemo6PQ8Ht2FDr,Kangaroo Point Bridge,Kangaroo point landing,Male, Pushbike  ,,alone,No,,Yes,Sherwood,Sherwood,Fitness/exercise,,Few times a month,Maybe,Yes,Yes,Yes,No,No,No,Yes,Used a longer route,75-79,4075,Postgraduate Degree,Retired or on an age pension,No,Car licence,0,0,2,"All positive, nice to have the restaurants at the end.  "
20/05/2025 10:19,R_9B9BP1OjYUjHUw2,Kangaroo Point Bridge,Kangaroo point landing,Male, Pushbike  ,,alone,No,,No,Kangaroo Point,Kangaroo Point,Fitness/exercise,,Daily,Yes,Yes,Yes,Yes,Yes,No,No,No,Used a longer route,25-29,4169,Bachelor Degree,Employed (paid work) typically working less than 35 hours a week,No,Car licence,0,0,3,
20/05/2025 10:19,R_939PFexEpYZH4dz,Kangaroo Point Bridge,Kangaroo point landing,Female, Pushbike  ,,alone,No,,Yes,East Brisbane ,City,Commute to my workplace,,Few times a week,Yes,Yes,Maybe,Yes,Yes,No,No,Yes,Used a bus,50-54,4169,Postgraduate Degree,Employed (paid work) typically working less than 35 hours a week,No,Car licence,0,1,2,"Nice bridge, great scenery and easy for transport. "
20/05/2025 10:23,R_9dvHUKTAvEaBK6J,Kangaroo Point Bridge,Kangaroo point landing,Male, Pushbike  ,,alone,No,,Yes,west end,West end,Fitness/exercise,,Rarely,No,No,No,No,No,No,No,No,Used a longer route,25-29,4101,Advanced Diploma and Diploma,Employed (paid work) typically working less than 35 hours a week,Yes,Car licence,0,0,3,
20/05/2025 10:25,R_9whGLXeKQztnui5,Kangaroo Point Bridge,Kangaroo point landing,Male,Personal E-bike  ,,alone,No,,Yes,Kangaroo Point,Kangaroo Point,To visit a park,,Daily,Yes,Yes,Yes,No,No,No,Maybe,Maybe,Used a longer route,60-64,4169,Bachelor Degree,Retired or on an age pension,No,No licence,0,0,4,"Hesitant at first being local to the area (lives directly adjacent), but it’s very convenient and use it regularly with story bridge closed. "
20/05/2025 10:30,R_9gZAcwmm2A4mYCs,Kangaroo Point Bridge,Kangaroo point landing,Male,Personal E-bike  ,,with one other person,No,,Yes,Kenmore,Kenmore,To go to a restaurant/ eat/drink,,Rarely,Yes,Yes,Yes,Yes,Yes,Yes,Yes,Yes,Used a longer route,65-69,4069,Years 10/11/12,Retired or on an age pension,No,"Car licence,Other Licence",0,0,2,
20/05/2025 10:30,R_42y6Y9MDosSUyfn,Kangaroo Point Bridge,Kangaroo point landing,Female,Personal E-bike  ,,with one other person,No,,Yes,Kenmore,South Bank,To visit a park,,Rarely,No,Yes,No,No,No,No,No,Yes,Used a longer route,60-64,4069,Postgraduate Degree,Retired or on an age pension,No,Car licence,0,0,2,
20/05/2025 10:41,R_4Eoa7C88RHFAhgH,Kangaroo Point Bridge,Kangaroo point landing,Male, Pushbike  ,,alone,No,,Yes,Norman Park,Norman Park,Fitness/exercise,,Daily,No,Yes,No,Yes,Yes,No,Yes,Yes,Not travelled,65-69,4170,Advanced Diploma and Diploma,Retired or on an age pension,No,Car licence,0,0,1,Brilliant
20/05/2025 10:44,R_9G23ILHaG8XW3sg,Kangaroo Point Bridge,Kangaroo point landing,Male, Pushbike  ,,alone,No,,No,Brisbane City,Airport,Fitness/exercise,,Few times a week,Yes,Yes,Yes,Yes,No,No,No,Yes,Travelled to someplace else for the same purpose/reason/activity,18-24,4000,Years 10/11/12,Not currently working for any other reason,Yes,No licence,0,0,2,
20/05/2025 10:48,R_9H2cjtyq1bdxOJX,Kangaroo Point Bridge,Kangaroo point landing,Female, Pushbike  ,,with one other person,No,,Yes,East Brisbane ,South bank,Fitness/exercise,,Daily,No,Yes,Yes,Yes,No,Yes,Yes,Yes,Used a bus,25-29,4169,Certificate III & IV,Employed (paid work) typically working 35 hours or more in a week,No,Car licence,0,0,2,
20/05/2025 10:57,R_99idCuujXgH7DUm,Kangaroo Point Bridge,Kangaroo point landing,Male, Pushbike  ,,alone,No,,Yes,Toowong,South Bank,Fitness/exercise,,Rarely,Yes,Yes,Yes,Yes,Yes,No,Yes,Yes,Travelled to someplace else for the same purpose/reason/activity,60-64,4068,Postgraduate Degree,Retired or on an age pension,No,Car licence,0,0,5,Very relaxing and pleasing to look at. 
20/05/2025 11:05,R_4niJimWntsqhvhF,Kangaroo Point Bridge,Kangaroo point landing,Male,Personal E-bike  ,,alone,No,,Yes,Southbank,Southbank,To experience the bridge,,Rarely,No,Yes,No,Yes,No,No,No,Yes,Used a longer route,75-79,4070,Bachelor Degree,Retired or on an age pension,No,Car licence,0,0,5,Very asthetically pleasing and beautifully designed
20/05/2025 11:10,R_9GwT6CALsD9uz38,Kangaroo Point Bridge,Kangaroo point landing,Male,Personal E-scooter   ,,alone,No,,Yes,Norman Park,City,Commute related to work,,Few times a week,Yes,Yes,Yes,Yes,Yes,No,Yes,No,Used a longer route,50-54,4170,Bachelor Degree,Employed (paid work) typically working 35 hours or more in a week,No,Car licence,1,0,5,Perfect location and great design
20/05/2025 11:12,R_9MGdpUfnTm9KdrE,Kangaroo Point Bridge,Kangaroo point landing,Male, Pushbike  ,,alone,No,,Yes,Forest Lake,Forest Lake,Fitness/exercise,,Rarely,No,Yes,No,No,No,No,No,Yes,Used a longer route,55-59,4078,Advanced Diploma and Diploma,Employed (paid work) typically working 35 hours or more in a week,No,"Car licence,Motorcycle licence",0,0,3,Great bridge
20/05/2025 11:16,R_4PqbBjgBiWNQ9zY,Kangaroo Point Bridge,Kangaroo point landing,Female, Pushbike  ,,with one other person,No,,Yes,Taragendi,Taragendi,Fitness/exercise,,Rarely,No,Yes,Yes,No,No,No,No,No,Used a longer route,50-54,4272,Prefer not to answer,Employed (paid work) typically working 35 hours or more in a week,No,Car licence,0,0,0,
20/05/2025 11:18,R_9aWRCef1j2iuK0i,Kangaroo Point Bridge,Kangaroo point landing,Male, Pushbike  ,,with one other person,No,,Yes,Taragindi ,Taragindi,Fitness/exercise,,Few times a month,No,Yes,Yes,Yes,No,No,No,Yes,Used a longer route,70-74,4272,Years 10/11/12,Retired or on an age pension,No,Car licence,0,0,2,Fantastic infrastructure and and super well connected in the city. Need more like it to get cars off the road. 
20/05/2025 11:45,R_4MMLuDbRubEAclL,Kangaroo Point Bridge,Kangaroo point landing,Male,Walk ,,alone,No,,Yes,East Brisbane,City,Fitness/exercise,,Few times a week,Yes,Yes,Yes,Yes,Yes,Maybe,No,Yes,Used a bus,25-29,4169,Years 10/11/12,Employed (paid work) typically working less than 35 hours a week,Yes,Car licence,0,0,3,
20/05/2025 15:06,R_42o8aNC9FFxAhKz,Kangaroo Point Bridge,City landing,Male,"Shared E-scooter (for example, Neuron or Lime) ",,with one other person,No,,Yes,Norman Park,Brisbane CBD,"To do personal business (Healthcare, hairdresser etc)",,Few times a week,Yes,Yes,Yes,Yes,No,No,Yes,No,Used a longer route,30-34,4170,Certificate III & IV,Employed (paid work) typically working less than 35 hours a week,No,Car licence,0,0,2,
20/05/2025 15:39,R_9HnmrK1VcdsorEL,Kangaroo Point Bridge,Kangaroo point landing,Male,Walk ,,alone,No,,Yes,City,Kangaroo point,Fitness/exercise,,Rarely,No,Yes,Yes,Yes,Yes,Yes,Yes,No,Used a ferry,60-64,4120,Bachelor Degree,Retired or on an age pension,No,Car licence,0,0,2,Great bridge and want more active transport bridges.
20/05/2025 15:54,R_900IilSQZLihKjz,Kangaroo Point Bridge,Kangaroo point landing,Male,Walk ,,alone,No,,Yes,Kangaroo Point ,City,Fitness/exercise,,Daily,Yes,Yes,No,Yes,Yes,Yes,Yes,Yes,Used a bus,70-74,4169,Certificate III & IV,Retired or on an age pension,No,Car licence,0,0,2,
20/05/2025 15:57,R_9GB1l1oW3LmVPIC,Kangaroo Point Bridge,Kangaroo point landing,Male,Walk ,,alone,No,,Yes,Kangaroo point,City,Fitness/exercise,,Daily,Yes,Yes,Yes,Yes,Yes,No,Yes,No,Used a ferry,75-79,4169,Years 10/11/12,Retired or on an age pension,No,Car licence,0,0,2,
20/05/2025 16:15,R_9ikGSujISS34lm6,Kangaroo Point Bridge,Kangaroo point landing,Male, Pushbike  ,,alone,No,,Yes,City,Dockside,Fitness/exercise,,Few times a week,Yes,Yes,No,No,No,Yes,Yes,No,Used a longer route,40-44,4169,Years 9 and below,Employed (paid work) typically working less than 35 hours a week,No,No licence,2,0,2,
20/05/2025 16:30,R_4YREDADof9CuuS3,Kangaroo Point Bridge,Kangaroo point landing,Male, Pushbike  ,,alone,No,,Yes,Carina ,CBD ,Commute to my workplace,,Daily,Yes,Yes,Yes,Yes,No,No,No,No,Used a longer route,50-54,4152,Advanced Diploma and Diploma,Employed (paid work) typically working 35 hours or more in a week,No,"Car licence,Motorcycle licence,Other Licence",0,0,3,
20/05/2025 16:43,R_9ojxWtExyFVENcd,Kangaroo Point Bridge,City landing,Female,Personal E-scooter   ,,alone,No,,Yes,Hawthorne,Milton,Commute to my workplace,,Daily,Yes,Yes,No,Yes,No,No,Yes,No,Used a longer route,30-34,4171,Postgraduate Degree,Employed (paid work) typically working 35 hours or more in a week,No,Car licence,0,0,3,
20/05/2025 16:52,R_9lmep9xc8vHdm8g,Breakfast/ Yowoggera Bridge,Newstead landing,Male,Walk ,,alone,No,,No,Hamilton,Hamilton,Fitness/exercise,,Few times a week,No,Yes,Yes,Maybe,Yes,Yes,No,No,Not travelled,30-34,4030,Bachelor Degree,Employed (paid work) typically working 35 hours or more in a week,No,Car licence,0,0,3,
20/05/2025 17:14,R_9cuXmhkULbpUuZo,Breakfast/ Yowoggera Bridge,Newstead landing,Male,Walk ,,alone,No,,Yes,Manly,Manly,Fitness/exercise,,Rarely,Maybe,Maybe,Yes,Yes,No,No,No,Yes,Travelled to someplace else for the same purpose/reason/activity,25-29,4179,Advanced Diploma and Diploma,Employed (paid work) typically working 35 hours or more in a week,No,Car licence,0,0,2,
20/05/2025 17:15,R_4I5ebPiXLKhkeIp,Breakfast/ Yowoggera Bridge,Newstead landing,Female,Walk ,,with one other person,No,,No,Ginos,Ginos,Fitness/exercise,,On most weekends,Yes,Yes,Yes,Yes,Yes,Yes,Yes,Yes,Used a longer route,25-29,4179,Years 10/11/12,Employed (paid work) typically working less than 35 hours a week,Yes,Car licence,0,0,2,Yes
20/05/2025 17:18,R_4SAKyaNgyuHgEFj,Breakfast/ Yowoggera Bridge,Newstead landing,Male,Walk ,,alone,No,,No,Fortitude,Hamilton,Commute related to work,,Few times a week,Yes,Yes,Yes,Maybe,No,No,Yes,No,Used a bus,30-34,4007,Bachelor Degree,Employed (paid work) typically working 35 hours or more in a week,No,Car licence,1,0,2,
20/05/2025 17:24,R_9m3grqaaHePlP57,Breakfast/ Yowoggera Bridge,Newstead landing,Female,Walk ,,alone,No,,No,Hamilton,Fortitude,Commute related to work,,Rarely,Maybe,Maybe,Yes,Maybe,No,No,No,No,Used a longer route,35-39,4006,Bachelor Degree,Employed (paid work) typically working less than 35 hours a week,No,Car licence,0,0,2,
20/05/2025 17:28,R_4LaK5Tx3qKunlzD,Breakfast/ Yowoggera Bridge,Newstead landing,Male,Walk ,,with one other person,No,,No,Newstead,Newstead,Fitness/exercise,,Few times a week,Maybe,Yes,Yes,Yes,No,No,No,No,Used a car (as a driver),30-34,4034,Bachelor Degree,Employed (paid work) typically working 35 hours or more in a week,No,Car licence,0,0,1,
20/05/2025 17:40,R_41gxiaK6kc1770H,Breakfast/ Yowoggera Bridge,Newstead landing,Female,Walk ,,with one other person,No,,,Hamilton,Hamilton,Fitness/exercise,,Few times a week,Maybe,Yes,Yes,Yes,Maybe,No,No,No,Used a longer route,18-24,4007,Postgraduate Degree,Student receiving Youth Allowance/ Stipend,Yes,Car licence,0,0,6,
20/05/2025 17:40,R_4oNRurzHNRVNQ21,Breakfast/ Yowoggera Bridge,Newstead landing,Female,Walk ,,with one other person,No,,Yes,Hamilton,Hamilton,Fitness/exercise,,Few times a week,No,Yes,Yes,Yes,Yes,No,No,No,Used a longer route,55-59,4007,Bachelor Degree,Employed (paid work) typically working 35 hours or more in a week,No,Car licence,0,0,6,
20/05/2025 17:42,R_4PAsziTtrh6vSmk,Breakfast/ Yowoggera Bridge,Newstead landing,Male,Walk ,,with one other person,No,,Yes,Hamilton,Hamilton,Fitness/exercise,,Few times a month,No,Yes,Yes,Yes,Yes,No,No,Yes,Used a longer route,30-34,4011,Postgraduate Degree,Employed (paid work) typically working 35 hours or more in a week,No,Car licence,0,0,2,More walking 
20/05/2025 17:43,R_4WvVng2FYNrMoJj,Breakfast/ Yowoggera Bridge,Newstead landing,Female,Walk ,,with one other person,No,,Yes,Hamilton,Hamilton,Fitness/exercise,,On most weekends,Yes,Yes,Yes,Yes,,,Yes,,Used a longer route,25-29,4011,Bachelor Degree,Employed (paid work) typically working 35 hours or more in a week,No,Car licence,0,0,2,
20/05/2025 17:48,R_4mszl7c8ZFwBGmD,Breakfast/ Yowoggera Bridge,Newstead landing,Female,Walk ,,with one other person,No,,Yes,Hamilton,Newstead,To go to a restaurant/ eat/drink,,Daily,Yes,Yes,Yes,Yes,No,No,Yes,Yes,Not travelled,25-29,4007,Postgraduate Degree,Employed (paid work) typically working 35 hours or more in a week,No,Car licence,3,0,2,
20/05/2025 17:49,R_4uGpNWxlSXWn6gh,Breakfast/ Yowoggera Bridge,Newstead landing,Male,Walk ,,with two other persons,No,,Yes,Hamilton,Hamilton,Fitness/exercise,,Few times a week,Yes,Yes,Yes,Yes,No,No,No,No,Used a longer route,35-39,4007,Graduate Diploma and Graduate Certificate,Employed (paid work) typically working 35 hours or more in a week,No,Car licence,3,0,2,
20/05/2025 17:55,R_4j1CLE8wPQKzkgc,Breakfast/ Yowoggera Bridge,Newstead landing,Male,Walk ,,alone,No,,No,Newstead,Hamilton,Commute related to work,,Few times a week,Yes,Yes,Yes,Maybe,Yes,No,No,No,Used a car (as a driver),30-34,4013,Bachelor Degree,Employed (paid work) typically working 35 hours or more in a week,No,Car licence,0,0,1,
20/05/2025 17:59,R_9RUw4svHFdnry1j,Breakfast/ Yowoggera Bridge,Newstead landing,Female,Walk ,,with one other person,No,,Yes,New farm,New farm,Fitness/exercise,,On most weekends,Yes,Yes,Yes,Yes,No,Yes,Yes,Yes,Used a longer route,25-29,4005,Postgraduate Degree,Employed (paid work) typically working 35 hours or more in a week,No,Car licence,0,0,1,
20/05/2025 17:59,R_9FDJvzm60g3J8Mn,Breakfast/ Yowoggera Bridge,Newstead landing,Female,Walk ,,alone,No,,Yes,Fortitude,Fortitude,Fitness/exercise,,Few times a week,Yes,Yes,Yes,Yes,No,No,Yes,Yes,Travelled to someplace else for the same purpose/reason/activity,50-54,4078,Advanced Diploma and Diploma,Employed (paid work) typically working 35 hours or more in a week,No,Car licence,0,1,2,
22/05/2025 9:38,R_91WLu7V3fwJ9Hf5,Kangaroo Point Bridge,Kangaroo point landing,Female,Walk ,,alone,No,,Yes,Kangaroo point,Kangaroo point ,"To do personal business (Healthcare, hairdresser etc)",,Few times a week,Yes,Yes,Yes,Yes,Yes,Yes,Yes,Yes,Used a ferry,40-44,4169,Bachelor Degree,Employed (paid work) typically working 35 hours or more in a week,No,Car licence,0,0,2,"Simple way to head into the city , easier than waiting for ferry  "
22/05/2025 9:44,R_4vjkBioAjJm907E,Kangaroo Point Bridge,City landing,Female,Walk ,,with one other person,No,,Yes,Carina Heights,Carina Heights,To experience the bridge,,Rarely,No,Yes,Yes,Yes,No,No,Yes,Yes,Not travelled,70-74,4152,Postgraduate Degree,Retired or on an age pension,No,Car licence,0,0,2,Really enjoy it
22/05/2025 9:58,R_4fjlPzaKRCNsXcr,Kangaroo Point Bridge,City landing,Female,Walk ,,with one other person,No,,Yes,Kangaroo Point,Kangaroo Point,To visit a park,,Rarely,Yes,Yes,Yes,Yes,No,No,No,Yes,Used a longer route,45-49,7250,Certificate III & IV,Employed (paid work) typically working 35 hours or more in a week,No,Car licence,1,0,2,Fantastic bridge
22/05/2025 9:59,R_9rZNHoGYKyE1oLB,Kangaroo Point Bridge,City landing,Female,Walk ,,alone,No,,No,Kangaroo point c,City,Commute related to work,,Daily,Yes,Yes,Yes,No,Yes,Yes,Yes,Yes,Used a bus,50-54,4169,Postgraduate Degree,Employed (paid work) typically working 35 hours or more in a week,No,Car licence,0,0,1,Increased connectivity and accessibility 
22/05/2025 10:10,R_4FsOHFUmNkgH3xv,Kangaroo Point Bridge,City landing,Female,Walk ,,with one other person,No,,Yes,CBD,CBD,To experience the bridge,,Rarely,No,No,No,No,No,No,No,Yes,Not travelled,40-44,4305,Bachelor Degree,Employed (paid work) typically working less than 35 hours a week,No,Car licence,2,0,2,Really nice 
22/05/2025 17:30,R_9EVYYOYJcAlQJ0O,Kangaroo Point Bridge,Kangaroo point landing,Male,Walk ,,alone,No,,No,CBD,CBD,Fitness/exercise,,Few times a week,No,Yes,Yes,Yes,No,No,No,No,Travelled to someplace else for the same purpose/reason/activity,18-24,4000,Bachelor Degree,Employed (paid work) typically working 35 hours or more in a week,Yes,Car licence,0,0,4,
22/05/2025 17:38,R_9zddbWgotJexU53,Kangaroo Point Bridge,Kangaroo point landing,Male,Walk ,,alone,No,,Yes,Kamgaroo point,City,To go shopping,,Daily,Yes,Yes,Yes,Yes,Yes,Yes,Yes,Yes,"Used Taxi/RideShare (Uber, Didi, etc)",35-39,4169,Bachelor Degree,Employed (paid work) typically working 35 hours or more in a week,No,No licence,0,0,1,
22/05/2025 17:42,R_4Fg4CJAKUJ8AGDn,Kangaroo Point Bridge,Kangaroo point landing,Male,Walk ,,alone,No,,No,Kangaroo Point,City,Visiting family/ friends/relatives/ social visit,,Rarely,Yes,Yes,Yes,Maybe,No,No,No,No,Used a bus,30-34,2194,Graduate Diploma and Graduate Certificate,Employed (paid work) typically working 35 hours or more in a week,No,"Car licence,Motorcycle licence",0,0,1,
22/05/2025 17:47,R_4ZDNbz1P29dSL7o,Kangaroo Point Bridge,Kangaroo point landing,Female,Walk ,,alone,No,,Yes,Kangaroo point,Kangaroo Point,Fitness/exercise,,Few times a week,Maybe,Yes,Yes,No,Yes,No,Yes,No,Used a ferry,60-64,4169,Graduate Diploma and Graduate Certificate,Retired or on an age pension,No,Car licence,0,0,1,
22/05/2025 17:54,R_4n9vOGsv90zrXLH,Kangaroo Point Bridge,Kangaroo point landing,Female,Walk ,,with one other person,No,,Yes,Kangaroo Point,Kangaroo Point,To go shopping,,Few times a week,Yes,Yes,Yes,Yes,Yes,No,Yes,Yes,Used a longer route,25-29,4169,Bachelor Degree,Employed (paid work) typically working 35 hours or more in a week,No,Car licence,0,0,3,
22/05/2025 17:58,R_4TKS23XPLfWmpt6,Kangaroo Point Bridge,Kangaroo point landing,Female,Walk ,,alone,No,,Yes,Kangaroo,Kangaroo,"Other activity, please specify",Pick something up,Few times a month,Yes,Yes,Yes,Maybe,Yes,Maybe,Yes,Yes,Used a longer route,35-39,4107,Graduate Diploma and Graduate Certificate,Employed (paid work) typically working 35 hours or more in a week,No,Car licence,2,0,2,
22/05/2025 18:30,R_488gZiAf7rpoFtT,Kangaroo Point Bridge,Kangaroo point landing,Female,Walk ,,with one other person,No,,No,Kangaroo point,Kangaroo point,To experience the bridge,,Rarely,Yes,Yes,Yes,Yes,Yes,No,No,Yes,"Used Taxi/RideShare (Uber, Didi, etc)",40-44,4503,Bachelor Degree,Employed (paid work) typically working 35 hours or more in a week,No,Car licence,2,0,2,Enjoyable bridge - increase walks into the city when in town
22/05/2025 18:32,R_4J2a4NBCujXEyI0,Kangaroo Point Bridge,Kangaroo point landing,Male,Walk ,,with one other person,No,,Yes,Kamgaroo,Kangaroo,"Other activity, please specify",Walk the dog,Few times a week,Yes,Yes,Yes,Yes,Yes,No,No,Yes,Travelled to someplace else for the same purpose/reason/activity,25-29,4169,Bachelor Degree,Employed (paid work) typically working 35 hours or more in a week,No,Car licence,0,0,2,
22/05/2025 18:36,R_4JOzTSKJDJAiBWP,Kangaroo Point Bridge,Kangaroo point landing,Male,Walk ,,alone,No,,Yes,East brisbane,CBD,Visiting family/ friends/relatives/ social visit,,Few times a month,No,Yes,Maybe,Maybe,Yes,No,No,No,"Used Taxi/RideShare (Uber, Didi, etc)",55-59,4101,Certificate I/II,Employed (paid work) typically working 35 hours or more in a week,No,Car licence,2,0,2,
22/05/2025 18:39,R_9fw9px0IFppCBl1,Kangaroo Point Bridge,Kangaroo point landing,Female,Walk ,,with one other person,No,,No,Kangaroo point,Kangaroo point ,Fitness/exercise,,Rarely,Yes,Yes,Yes,Yes,No,No,No,No,Used a car (as a driver),55-59,4128,Years 10/11/12,Employed (paid work) typically working 35 hours or more in a week,No,Car licence,0,0,2,"Nice design , enhances the city "
22/05/2025 18:45,R_92SHR9cWXwJtDtY,Kangaroo Point Bridge,Kangaroo point landing,Male,Walk ,,alone,No,,Yes,City ,City,Fitness/exercise,,Few times a month,Yes,Yes,Yes,Yes,Yes,No,No,No,Used a longer route,60-64,4000,Postgraduate Degree,Employed (paid work) typically working 35 hours or more in a week,No,"Car licence,Motorcycle licence",0,0,1,Ease of acccess 
22/05/2025 18:58,R_9FC2zkO0QMEQLJf,Kangaroo Point Bridge,Kangaroo point landing,Female,Walk ,,with one other person,No,,Yes,Bardon,Kangaroo point,Fitness/exercise,,Few times a week,Yes,Yes,Yes,Yes,Yes,No,No,Yes,Travelled to someplace else for the same purpose/reason/activity,70-74,4560,Bachelor Degree,Retired or on an age pension,No,Car licence,0,0,2,
22/05/2025 18:59,R_9hQpzalJXy1nDLn,Kangaroo Point Bridge,Kangaroo point landing,Male,Walk ,,alone,No,,Yes,Kangaroo point,Kangaroo point ,Fitness/exercise,,Daily,Yes,Yes,Yes,Yes,No,No,Yes,No,Used a longer route,55-59,4169,Certificate III & IV,Employed (paid work) typically working 35 hours or more in a week,No,Car licence,0,0,2,Ease of access
24/05/2025 8:20,R_9rjPfqv2ZeE8hDo,Breakfast/ Yowoggera Bridge,Newstead landing,Female, Pushbike  ,,with one other person,No,,Yes,Albion,Brisbane City,Commute to my workplace,,Few times a week,Yes,Yes,Yes,Yes,No,No,No,Yes,Used a bus,25-29,4010,Bachelor Degree,Employed (paid work) typically working less than 35 hours a week,No,Car licence,1,0,2,
24/05/2025 8:22,R_9ylzdpoBoMMZTR2,Breakfast/ Yowoggera Bridge,Newstead landing,Male,Walk ,,with two other persons,No,,Yes,Bowen Hills,Bowen Hills,Fitness/exercise,,Daily,No,Yes,Yes,Maybe,No,Yes,Yes,Yes,Travelled to someplace else for the same purpose/reason/activity,35-39,4006,Bachelor Degree,Employed (paid work) typically working 35 hours or more in a week,No,"Car licence,Other Licence",2,1,2,Nice track to go for a run
24/05/2025 8:35,R_4K3FexP4JPtKZZ8,Breakfast/ Yowoggera Bridge,Newstead landing,Male,Personal E-bike  ,,alone,No,,Yes,Bowen Hills ,Ascot,To experience the bridge,,Few times a month,Yes,Yes,Yes,Yes,Yes,Yes,Yes,Yes,Used a longer route,40-44,4006,Certificate III & IV,Employed (paid work) typically working 35 hours or more in a week,No,Car licence,1,0,2,
4/06/2025 16:16,R_4ql2Sn9DaECVu9a,Kangaroo Point Bridge,Kangaroo point landing,Male,Walk ,,alone,No,,No,Kangaroo point,Southbank,Fitness/exercise,,Few times a week,Yes,Yes,Yes,Yes,Yes,Yes,Yes,Yes,Used a longer route,30-34,4169,Bachelor Degree,Employed (paid work) typically working 35 hours or more in a week,No,Car licence,0,0,2,Great for leisure
