id,nij,alt,altij,choice,choicet,ptatt,cardays,taxidc,taxi80,taxi200,taxi300,taxi400,bikem,bikemw,bike30,bike30w,bike60,bike60w,scotm,scotmw,scot30,scot30w,scot60,scot60w,carpool,rtinfo,aiinfo,credit,points,subfee,gender,agecont,agez,agey,agex,ageb,agesilt,age1824,age2534,age3544,age4554,age5564,age65p,highed,mided,lowed,std,stduni,stdsec,carlic,motlic,othlic,nolic,ccars,cmot,cbike,cebike,cescot,cmic,hhinc,inc1,inc500,inc1250,inc3000,hhsize,hh15,hh1518,hh18,alone,couple,haskids,livpar,livrel,livsha,maasawar,prefsub,prefpayg,interest,fwt,ptw,scholar,volunt,caret,ret,unemp,wfhdays,wfhusr,phoncom,phonunc,appnav,apptra,apppay,cardusr,digpay,aftpay,worktyp,shoptyp,walktyp,mictyp,pttyp,cartyp,multmod,ptcost,fuelcost,parkcost,tollcost,rhcost,miccosts,maincost,currcost,postcode,postcend,ptappusr,rhappusr,nvappusr,mcappusr,csappusr,pkappusr,noappusr,pgchoice,prefno1,prefno2,prefno3,prefno4,prefno5,prefno6,prefno7,prefno8,prefno9,prefno10,prefno11,prefno12,prefno13,prefno14,maxwtp,travneed,trvneed1,trvneed2,trvneed3,trvneed4,hhneed,variable
1,2,maas,2,0,0,1,0,0,0,0,0,0,0,0,0,0,0,0,0,0,0,0,0,0,0,1,0,0,1,20,1,70,0,0,0,1,0,0,0,0,0,0,1,0,0,1,0,0,0,1,0,1,0,2,1,1,1,1,3,575,0,1,0,0,1,0,0,1,1,0,0,0,0,0,0,0,1,0,0,0,0,0,0,1,0,0,0,1,0,1,0,0,1,1,0,0,1,1,0,0,1,0,5,50,0,0,0,0,25,55,4300,4300,1,0,0,0,0,0,0,0,1,0,1,0,1,0,0,0,0,0,0,0,0,0,5,0,0,0,0,0,0,1
1,2,current,1,1,0,-999,-999,-999,-999,-999,-999,-999,-999,-999,-999,-999,-999,-999,-999,-999,-999,-999,-999,-999,-999,-999,-999,-999,-999,55,1,70,0,0,0,1,0,0,0,0,0,0,1,0,0,1,0,0,0,1,0,1,0,2,1,1,1,1,3,575,0,1,0,0,1,0,0,1,1,0,0,0,0,0,0,0,1,0,0,0,0,0,0,1,0,0,0,1,0,1,0,0,1,1,0,0,1,1,0,0,1,0,5,50,0,0,0,0,25,55,4300,4300,1,0,0,0,0,0,0,0,1,0,1,0,1,0,0,0,0,0,0,0,0,0,5,0,0,0,0,0,0,2
2,2,maas,2,0,0,1,1,0,0,0,0,0,30,0,1,0,0,0,0,0,0,0,0,0,0,0,0,0,1,100,0,42,0,0,1,0,0,0,0,1,0,0,0,1,0,0,0,0,0,1,0,0,0,6,1,4,1,1,6,4250,0,0,0,1,5,1,2,2,0,1,1,0,0,0,0,0,1,0,1,0,0,0,0,0,0,7,1,1,0,1,1,1,1,1,0,0,0,1,0,1,1,0,70,150,0,0,0,0,225,220,4280,4074,0,0,0,0,0,1,0,0,1,0,0,0,0,0,0,0,0,0,0,0,0,0,0,0,0,0,0,0,0,1
2,2,current,1,1,0,-999,-999,-999,-999,-999,-999,-999,-999,-999,-999,-999,-999,-999,-999,-999,-999,-999,-999,-999,-999,-999,-999,-999,-999,220,0,42,0,0,1,0,0,0,0,1,0,0,0,1,0,0,0,0,0,1,0,0,0,6,1,4,1,1,6,4250,0,0,0,1,5,1,2,2,0,1,1,0,0,0,0,0,1,0,1,0,0,0,0,0,0,7,1,1,0,1,1,1,1,1,0,0,0,1,0,1,1,0,70,150,0,0,0,0,225,220,4280,4074,0,0,0,0,0,1,0,0,1,0,0,0,0,0,0,0,0,0,0,0,0,0,0,0,0,0,0,0,0,2
3,2,maas,2,1,1,1,0,0,0,0,0,0,0,0,0,0,0,0,0,0,0,0,0,0,0,0,0,0,0,20,0,34,0,1,0,0,0,0,1,0,0,0,0,0,0,1,1,1,0,1,0,0,0,2,1,1,1,1,3,3750,0,0,0,1,0,0,0,0,1,0,0,0,0,0,0,1,0,1,1,0,0,0,0,0,0,7,1,1,0,1,1,1,1,1,0,0,0,1,1,1,0,1,50,350,75,125,225,125,75,950,4170,2470,0,1,0,1,0,0,0,1,1,0,0,0,0,0,0,0,0,0,0,0,0,0,0,1,1,0,0,0,1,1
3,2,current,1,0,1,-999,-999,-999,-999,-999,-999,-999,-999,-999,-999,-999,-999,-999,-999,-999,-999,-999,-999,-999,-999,-999,-999,-999,-999,950,0,34,0,1,0,0,0,0,1,0,0,0,0,0,0,1,1,1,0,1,0,0,0,2,1,1,1,1,3,3750,0,0,0,1,0,0,0,0,1,0,0,0,0,0,0,1,0,1,1,0,0,0,0,0,0,7,1,1,0,1,1,1,1,1,0,0,0,1,1,1,0,1,50,350,75,125,225,125,75,950,4170,2470,0,1,0,1,0,0,0,1,1,0,0,0,0,0,0,0,0,0,0,0,0,0,0,1,1,0,0,0,1,2
4,2,maas,2,0,0,1,0,0,0,0,0,0,0,0,0,0,0,0,0,0,0,0,0,0,0,0,0,1,0,30,1,47,0,0,1,0,0,0,0,0,1,0,0,0,0,1,0,0,0,0,0,0,1,1,1,2,1,1,4,9,0,0,0,0,2,0,0,2,0,0,0,0,1,0,0,1,0,0,0,0,0,0,0,0,1,0,0,0,1,0,0,1,0,0,0,0,0,1,0,0,0,0,0,0,0,0,0,0,0,0,4114,4114,0,0,0,0,0,0,1,0,0,0,0,0,1,0,0,1,0,0,0,0,0,0,0,0,0,0,0,0,0,1
4,2,current,1,1,0,-999,-999,-999,-999,-999,-999,-999,-999,-999,-999,-999,-999,-999,-999,-999,-999,-999,-999,-999,-999,-999,-999,-999,-999,0,1,47,0,0,1,0,0,0,0,0,1,0,0,0,0,1,0,0,0,0,0,0,1,1,1,2,1,1,4,9,0,0,0,0,2,0,0,2,0,0,0,0,1,0,0,1,0,0,0,0,0,0,0,0,1,0,0,0,1,0,0,1,0,0,0,0,0,1,0,0,0,0,0,0,0,0,0,0,0,0,4114,4114,0,0,0,0,0,0,1,0,0,0,0,0,1,0,0,1,0,0,0,0,0,0,0,0,0,0,0,0,0,2
5,2,maas,2,1,1,1,1,0,0,0,0,0,0,0,0,0,0,0,0,30,0,1,0,0,0,0,0,1,0,100,0,20,1,0,0,0,0,1,0,0,0,0,0,1,0,0,1,1,0,1,0,0,0,2,2,1,1,1,3,2750,0,0,1,0,2,0,0,2,0,1,0,0,0,0,1,1,0,1,1,0,0,0,0,0,0,7,1,1,0,1,1,1,1,1,1,0,0,0,1,1,0,0,30,250,125,175,125,125,125,830,4215,4011,0,1,1,0,1,1,0,1,0,1,0,1,1,0,0,0,0,0,0,0,0,0,0,0,0,0,0,0,0,1
5,2,current,1,0,1,-999,-999,-999,-999,-999,-999,-999,-999,-999,-999,-999,-999,-999,-999,-999,-999,-999,-999,-999,-999,-999,-999,-999,-999,830,0,20,1,0,0,0,0,1,0,0,0,0,0,1,0,0,1,1,0,1,0,0,0,2,2,1,1,1,3,2750,0,0,1,0,2,0,0,2,0,1,0,0,0,0,1,1,0,1,1,0,0,0,0,0,0,7,1,1,0,1,1,1,1,1,1,0,0,0,1,1,0,0,30,250,125,175,125,125,125,830,4215,4011,0,1,1,0,1,1,0,1,0,1,0,1,1,0,0,0,0,0,0,0,0,0,0,0,0,0,0,0,0,2
6,2,maas,2,1,1,0,0,0,0,0,0,0,0,0,0,0,0,0,0,0,0,0,0,0,0,1,0,0,1,0,0,50,0,0,1,0,0,0,0,0,1,0,0,0,1,0,0,0,0,1,0,0,0,3,1,1,1,1,3,1875,0,0,1,0,3,0,0,3,0,1,1,0,0,0,0,0,1,1,0,0,0,1,0,0,0,0,0,1,0,1,1,1,1,0,0,0,0,0,0,1,0,0,5,50,125,125,0,0,125,305,4122,4122,1,0,1,0,0,0,0,1,1,0,0,0,0,0,0,0,0,0,0,0,0,0,0,0,0,0,0,0,0,1
6,2,current,1,0,1,-999,-999,-999,-999,-999,-999,-999,-999,-999,-999,-999,-999,-999,-999,-999,-999,-999,-999,-999,-999,-999,-999,-999,-999,305,0,50,0,0,1,0,0,0,0,0,1,0,0,0,1,0,0,0,0,1,0,0,0,3,1,1,1,1,3,1875,0,0,1,0,3,0,0,3,0,1,1,0,0,0,0,0,1,1,0,0,0,1,0,0,0,0,0,1,0,1,1,1,1,0,0,0,0,0,0,1,0,0,5,50,125,125,0,0,125,305,4122,4122,1,0,1,0,0,0,0,1,1,0,0,0,0,0,0,0,0,0,0,0,0,0,0,0,0,0,0,0,0,2
7,2,maas,2,1,1,1,0,0,0,0,0,0,0,0,0,0,0,0,0,0,0,0,0,0,0,0,0,0,0,20,1,67,0,0,0,1,0,0,0,0,0,0,1,1,0,0,0,0,0,1,0,0,0,3,1,2,1,1,4,2750,0,0,1,0,2,0,0,2,0,1,0,0,0,0,0,0,1,1,1,0,0,0,0,0,0,7,1,1,0,1,0,1,1,1,0,1,0,0,0,0,1,0,0,150,225,25,0,0,125,400,4115,4029,1,0,1,0,0,0,0,1,0,0,0,0,0,0,0,0,0,0,1,0,0,0,0,0,0,0,0,0,0,1
7,2,current,1,0,1,-999,-999,-999,-999,-999,-999,-999,-999,-999,-999,-999,-999,-999,-999,-999,-999,-999,-999,-999,-999,-999,-999,-999,-999,400,1,67,0,0,0,1,0,0,0,0,0,0,1,1,0,0,0,0,0,1,0,0,0,3,1,2,1,1,4,2750,0,0,1,0,2,0,0,2,0,1,0,0,0,0,0,0,1,1,1,0,0,0,0,0,0,7,1,1,0,1,0,1,1,1,0,1,0,0,0,0,1,0,0,150,225,25,0,0,125,400,4115,4029,1,0,1,0,0,0,0,1,0,0,0,0,0,0,0,0,0,0,1,0,0,0,0,0,0,0,0,0,0,2
8,2,maas,2,0,0,1,0,0,0,0,0,0,0,0,0,0,0,0,0,0,0,0,0,0,0,0,0,0,0,20,0,18,1,0,0,0,0,1,0,0,0,0,0,0,0,1,1,1,0,1,0,0,0,1,1,2,1,1,4,225,1,0,0,0,4,1,0,3,0,0,0,1,0,0,1,0,1,1,0,0,1,0,0,0,0,0,0,1,0,1,1,1,1,1,0,0,1,0,0,0,1,0,5,0,25,0,0,0,0,30,4305,4305,0,0,1,0,0,0,0,1,0,1,0,0,0,0,0,0,0,0,0,0,0,0,2,0,0,0,0,0,0,1
8,2,current,1,1,0,-999,-999,-999,-999,-999,-999,-999,-999,-999,-999,-999,-999,-999,-999,-999,-999,-999,-999,-999,-999,-999,-999,-999,-999,30,0,18,1,0,0,0,0,1,0,0,0,0,0,0,0,1,1,1,0,1,0,0,0,1,1,2,1,1,4,225,1,0,0,0,4,1,0,3,0,0,0,1,0,0,1,0,1,1,0,0,1,0,0,0,0,0,0,1,0,1,1,1,1,1,0,0,1,0,0,0,1,0,5,0,25,0,0,0,0,30,4305,4305,0,0,1,0,0,0,0,1,0,1,0,0,0,0,0,0,0,0,0,0,0,0,2,0,0,0,0,0,0,2
9,2,maas,2,0,0,0,0,0,0,0,0,0,0,0,0,0,0,0,0,0,0,0,0,0,0,0,0,0,0,0,1,74,0,0,0,1,0,0,0,0,0,0,1,0,1,0,0,0,0,1,0,0,0,3,1,1,1,1,3,1375,0,0,1,0,2,0,0,2,0,1,0,0,0,0,1,1,0,0,0,0,0,0,0,1,0,0,0,0,0,1,0,0,1,0,0,0,1,0,0,0,1,0,0,50,175,0,0,0,75,225,4515,4515,0,0,1,0,0,0,0,0,1,0,0,0,0,0,0,0,0,0,0,0,0,0,0,0,0,0,0,0,0,1
9,2,current,1,1,0,-999,-999,-999,-999,-999,-999,-999,-999,-999,-999,-999,-999,-999,-999,-999,-999,-999,-999,-999,-999,-999,-999,-999,-999,225,1,74,0,0,0,1,0,0,0,0,0,0,1,0,1,0,0,0,0,1,0,0,0,3,1,1,1,1,3,1375,0,0,1,0,2,0,0,2,0,1,0,0,0,0,1,1,0,0,0,0,0,0,0,1,0,0,0,0,0,1,0,0,1,0,0,0,1,0,0,0,1,0,0,50,175,0,0,0,75,225,4515,4515,0,0,1,0,0,0,0,0,1,0,0,0,0,0,0,0,0,0,0,0,0,0,0,0,0,0,0,0,0,2
10,2,maas,2,1,1,1,3,80,1,0,0,0,60,0,0,0,1,0,60,0,0,0,1,0,1,1,0,1,1,380,1,52,0,0,1,0,0,0,0,0,1,0,0,1,0,0,1,1,0,1,0,0,0,3,1,2,1,1,4,350,1,0,0,0,1,0,0,1,1,0,0,0,0,0,0,0,1,0,1,0,0,0,0,0,0,7,1,1,0,1,1,1,1,1,1,1,0,1,0,1,0,0,15,50,125,125,125,125,125,565,4218,4000,1,1,1,0,0,0,0,1,0,0,0,0,0,0,0,0,0,0,0,0,0,1,0,1,1,1,0,1,0,1
10,2,current,1,0,1,-999,-999,-999,-999,-999,-999,-999,-999,-999,-999,-999,-999,-999,-999,-999,-999,-999,-999,-999,-999,-999,-999,-999,-999,565,1,52,0,0,1,0,0,0,0,0,1,0,0,1,0,0,1,1,0,1,0,0,0,3,1,2,1,1,4,350,1,0,0,0,1,0,0,1,1,0,0,0,0,0,0,0,1,0,1,0,0,0,0,0,0,7,1,1,0,1,1,1,1,1,1,1,0,1,0,1,0,0,15,50,125,125,125,125,125,565,4218,4000,1,1,1,0,0,0,0,1,0,0,0,0,0,0,0,0,0,0,0,0,0,1,0,1,1,1,0,1,0,2
11,2,maas,2,0,0,0,0,0,0,0,0,0,0,0,0,0,0,0,0,0,0,0,0,0,0,0,0,0,1,0,0,73,0,0,0,1,0,0,0,0,0,0,1,0,0,1,0,0,0,1,0,0,0,2,1,1,1,1,3,1625,0,0,1,0,3,0,0,3,0,0,0,0,0,1,0,0,1,0,0,0,0,0,0,1,0,0,0,0,1,1,0,1,1,1,0,0,0,0,0,0,1,0,0,50,0,25,0,0,25,75,4556,4556,0,0,0,0,1,0,0,0,1,0,0,0,0,0,0,0,0,0,0,0,0,0,10,0,0,0,0,0,0,1
11,2,current,1,1,0,-999,-999,-999,-999,-999,-999,-999,-999,-999,-999,-999,-999,-999,-999,-999,-999,-999,-999,-999,-999,-999,-999,-999,-999,75,0,73,0,0,0,1,0,0,0,0,0,0,1,0,0,1,0,0,0,1,0,0,0,2,1,1,1,1,3,1625,0,0,1,0,3,0,0,3,0,0,0,0,0,1,0,0,1,0,0,0,0,0,0,1,0,0,0,0,1,1,0,1,1,1,0,0,0,0,0,0,1,0,0,50,0,25,0,0,25,75,4556,4556,0,0,0,0,1,0,0,0,1,0,0,0,0,0,0,0,0,0,0,0,0,0,10,0,0,0,0,0,0,2
12,2,maas,2,1,1,1,0,0,0,0,0,0,0,0,0,0,0,0,0,0,0,0,0,0,0,1,0,0,0,20,1,63,0,0,0,1,0,0,0,0,0,1,0,0,1,0,0,0,0,1,0,0,0,3,1,1,1,1,3,2750,0,0,1,0,2,0,0,2,0,1,0,0,0,0,0,0,1,1,1,0,0,0,0,0,0,7,1,1,0,1,0,1,1,0,0,0,0,0,0,0,1,0,15,50,75,25,75,0,25,240,4127,4127,0,1,1,0,0,0,0,1,0,0,0,0,0,0,0,0,0,0,1,0,0,0,0,0,0,0,0,0,0,1
12,2,current,1,0,1,-999,-999,-999,-999,-999,-999,-999,-999,-999,-999,-999,-999,-999,-999,-999,-999,-999,-999,-999,-999,-999,-999,-999,-999,240,1,63,0,0,0,1,0,0,0,0,0,1,0,0,1,0,0,0,0,1,0,0,0,3,1,1,1,1,3,2750,0,0,1,0,2,0,0,2,0,1,0,0,0,0,0,0,1,1,1,0,0,0,0,0,0,7,1,1,0,1,0,1,1,0,0,0,0,0,0,0,1,0,15,50,75,25,75,0,25,240,4127,4127,0,1,1,0,0,0,0,1,0,0,0,0,0,0,0,0,0,0,1,0,0,0,0,0,0,0,0,0,0,2
13,2,maas,2,0,0,0,0,0,0,0,0,0,0,0,0,0,0,0,0,0,0,0,0,0,0,1,0,0,0,0,1,54,0,0,1,0,0,0,0,0,1,0,0,1,0,0,0,0,0,1,0,0,0,2,1,1,1,1,3,5500,0,0,0,1,2,0,0,2,0,1,0,0,0,0,0,0,1,0,1,0,0,0,0,0,0,7,1,0,0,1,0,0,1,1,0,1,0,0,0,0,1,0,30,50,0,0,0,0,75,80,4280,4280,0,0,1,0,0,0,0,0,1,1,0,0,0,0,0,0,0,0,0,0,0,0,0,0,0,0,0,0,0,1
13,2,current,1,1,0,-999,-999,-999,-999,-999,-999,-999,-999,-999,-999,-999,-999,-999,-999,-999,-999,-999,-999,-999,-999,-999,-999,-999,-999,80,1,54,0,0,1,0,0,0,0,0,1,0,0,1,0,0,0,0,0,1,0,0,0,2,1,1,1,1,3,5500,0,0,0,1,2,0,0,2,0,1,0,0,0,0,0,0,1,0,1,0,0,0,0,0,0,7,1,0,0,1,0,0,1,1,0,1,0,0,0,0,1,0,30,50,0,0,0,0,75,80,4280,4280,0,0,1,0,0,0,0,0,1,1,0,0,0,0,0,0,0,0,0,0,0,0,0,0,0,0,0,0,0,2
14,2,maas,2,1,1,1,4,200,0,1,0,0,30,0,1,0,0,0,30,0,1,0,0,0,1,0,0,0,0,420,1,69,0,0,0,1,0,0,0,0,0,0,1,1,0,0,1,1,0,1,0,0,0,3,1,1,1,1,3,2750,0,0,1,0,4,3,0,1,0,1,1,0,0,0,0,0,1,1,1,0,0,0,0,0,0,7,1,1,0,1,1,1,1,1,0,1,0,0,0,0,1,0,5,50,75,75,75,25,125,305,4128,4128,1,1,0,0,0,1,0,1,0,0,0,0,0,0,0,0,0,0,0,1,0,0,0,0,0,0,0,0,0,1
14,2,current,1,0,1,-999,-999,-999,-999,-999,-999,-999,-999,-999,-999,-999,-999,-999,-999,-999,-999,-999,-999,-999,-999,-999,-999,-999,-999,305,1,69,0,0,0,1,0,0,0,0,0,0,1,1,0,0,1,1,0,1,0,0,0,3,1,1,1,1,3,2750,0,0,1,0,4,3,0,1,0,1,1,0,0,0,0,0,1,1,1,0,0,0,0,0,0,7,1,1,0,1,1,1,1,1,0,1,0,0,0,0,1,0,5,50,75,75,75,25,125,305,4128,4128,1,1,0,0,0,1,0,1,0,0,0,0,0,0,0,0,0,0,0,1,0,0,0,0,0,0,0,0,0,2
15,2,maas,2,1,1,0,0,0,0,0,0,0,0,0,0,0,0,0,0,0,0,0,0,0,1,0,0,0,0,20,0,71,0,0,0,1,0,0,0,0,0,0,1,0,0,1,0,0,0,1,0,0,0,2,1,1,1,1,3,1875,0,0,1,0,2,0,0,2,0,1,0,0,0,0,0,0,1,0,0,0,0,0,0,1,0,0,0,1,0,1,0,1,1,0,0,0,0,0,0,0,1,0,70,250,0,25,0,0,175,345,4104,4000,1,0,1,0,0,0,0,0,0,1,0,0,0,0,0,0,0,0,0,0,0,0,0,0,0,0,0,0,0,1
15,2,current,1,0,1,-999,-999,-999,-999,-999,-999,-999,-999,-999,-999,-999,-999,-999,-999,-999,-999,-999,-999,-999,-999,-999,-999,-999,-999,345,0,71,0,0,0,1,0,0,0,0,0,0,1,0,0,1,0,0,0,1,0,0,0,2,1,1,1,1,3,1875,0,0,1,0,2,0,0,2,0,1,0,0,0,0,0,0,1,0,0,0,0,0,0,1,0,0,0,1,0,1,0,1,1,0,0,0,0,0,0,0,1,0,70,250,0,25,0,0,175,345,4104,4000,1,0,1,0,0,0,0,0,0,1,0,0,0,0,0,0,0,0,0,0,0,0,0,0,0,0,0,0,0,2
16,2,maas,2,0,0,0,0,0,0,0,0,0,0,0,0,0,0,0,0,0,0,0,0,0,0,1,0,0,0,0,0,66,0,0,0,1,0,0,0,0,0,0,1,0,1,0,0,0,0,1,0,0,0,2,1,1,1,1,3,850,0,1,0,0,2,0,0,2,0,1,0,0,0,0,0,0,1,0,0,1,0,0,0,0,0,7,1,1,0,1,1,1,1,1,0,0,0,1,0,0,1,0,5,50,0,0,25,0,125,80,4510,4510,0,1,1,0,0,1,0,0,1,0,0,0,0,0,0,0,1,0,0,0,0,0,5,0,0,0,0,0,0,1
16,2,current,1,1,0,-999,-999,-999,-999,-999,-999,-999,-999,-999,-999,-999,-999,-999,-999,-999,-999,-999,-999,-999,-999,-999,-999,-999,-999,80,0,66,0,0,0,1,0,0,0,0,0,0,1,0,1,0,0,0,0,1,0,0,0,2,1,1,1,1,3,850,0,1,0,0,2,0,0,2,0,1,0,0,0,0,0,0,1,0,0,1,0,0,0,0,0,7,1,1,0,1,1,1,1,1,0,0,0,1,0,0,1,0,5,50,0,0,25,0,125,80,4510,4510,0,1,1,0,0,1,0,0,1,0,0,0,0,0,0,0,1,0,0,0,0,0,5,0,0,0,0,0,0,2
17,2,maas,2,1,1,0,0,0,0,0,0,0,0,0,0,0,0,0,0,30,0,1,0,0,0,0,0,0,0,30,0,40,0,1,0,0,0,0,0,1,0,0,0,1,0,0,0,0,0,1,0,0,0,3,2,2,2,1,5,2750,0,0,1,0,3,1,0,2,0,1,1,0,0,0,1,1,0,1,1,0,0,0,0,0,0,7,1,1,0,1,1,1,1,1,0,1,0,1,0,1,1,1,70,250,75,75,125,25,175,620,4500,4000,1,1,1,0,1,0,0,1,0,1,0,0,1,0,0,0,0,0,0,0,0,0,0,0,0,0,0,0,1,1
17,2,current,1,0,1,-999,-999,-999,-999,-999,-999,-999,-999,-999,-999,-999,-999,-999,-999,-999,-999,-999,-999,-999,-999,-999,-999,-999,-999,620,0,40,0,1,0,0,0,0,0,1,0,0,0,1,0,0,0,0,0,1,0,0,0,3,2,2,2,1,5,2750,0,0,1,0,3,1,0,2,0,1,1,0,0,0,1,1,0,1,1,0,0,0,0,0,0,7,1,1,0,1,1,1,1,1,0,1,0,1,0,1,1,1,70,250,75,75,125,25,175,620,4500,4000,1,1,1,0,1,0,0,1,0,1,0,0,1,0,0,0,0,0,0,0,0,0,0,0,0,0,0,0,1,2
18,2,maas,2,0,0,1,0,0,0,0,0,0,0,0,0,0,0,0,0,30,0,1,0,0,0,1,0,1,1,60,0,24,1,0,0,0,0,1,0,0,0,0,0,1,0,0,0,0,0,1,0,0,0,4,1,1,1,1,3,3250,0,0,0,1,3,0,0,3,0,0,0,1,0,0,0,1,0,0,1,0,0,0,0,0,0,7,1,1,0,1,0,1,1,1,0,1,0,0,0,0,1,0,0,350,75,0,0,0,75,425,4078,4300,0,0,1,0,0,0,0,0,1,0,0,0,0,0,0,0,0,0,0,0,0,0,40,0,0,0,0,0,0,1
18,2,current,1,1,0,-999,-999,-999,-999,-999,-999,-999,-999,-999,-999,-999,-999,-999,-999,-999,-999,-999,-999,-999,-999,-999,-999,-999,-999,425,0,24,1,0,0,0,0,1,0,0,0,0,0,1,0,0,0,0,0,1,0,0,0,4,1,1,1,1,3,3250,0,0,0,1,3,0,0,3,0,0,0,1,0,0,0,1,0,0,1,0,0,0,0,0,0,7,1,1,0,1,0,1,1,1,0,1,0,0,0,0,1,0,0,350,75,0,0,0,75,425,4078,4300,0,0,1,0,0,0,0,0,1,0,0,0,0,0,0,0,0,0,0,0,0,0,40,0,0,0,0,0,0,2
19,2,maas,2,0,0,1,0,0,0,0,0,0,0,0,0,0,0,0,0,0,0,0,0,0,0,0,0,0,0,20,0,42,0,0,1,0,0,0,0,1,0,0,0,1,0,0,0,0,0,1,0,0,0,3,1,1,1,1,3,2250,0,0,1,0,5,1,2,2,0,1,1,0,0,0,0,0,1,0,1,0,0,0,0,0,0,7,1,1,0,1,0,1,1,1,0,0,0,0,0,0,1,0,70,150,25,0,0,0,0,245,4280,4280,0,0,0,0,0,1,0,0,1,0,0,0,0,0,0,0,0,0,0,0,0,0,10,0,0,0,0,0,0,1
19,2,current,1,1,0,-999,-999,-999,-999,-999,-999,-999,-999,-999,-999,-999,-999,-999,-999,-999,-999,-999,-999,-999,-999,-999,-999,-999,-999,245,0,42,0,0,1,0,0,0,0,1,0,0,0,1,0,0,0,0,0,1,0,0,0,3,1,1,1,1,3,2250,0,0,1,0,5,1,2,2,0,1,1,0,0,0,0,0,1,0,1,0,0,0,0,0,0,7,1,1,0,1,0,1,1,1,0,0,0,0,0,0,1,0,70,150,25,0,0,0,0,245,4280,4280,0,0,0,0,0,1,0,0,1,0,0,0,0,0,0,0,0,0,0,0,0,0,10,0,0,0,0,0,0,2
20,2,maas,2,0,0,0,0,0,0,0,0,0,0,0,0,0,0,0,0,0,0,0,0,0,0,1,0,0,0,0,1,80,0,0,0,0,1,0,0,0,0,0,1,1,0,0,0,0,0,0,0,0,1,3,1,1,1,1,3,1625,0,0,1,0,2,0,0,2,0,1,0,0,0,0,0,0,1,0,0,1,0,0,0,0,0,7,1,0,1,0,0,0,1,1,0,0,1,0,0,0,1,0,0,150,25,25,0,0,25,200,4500,4500,0,0,0,0,0,0,1,0,1,0,0,0,0,0,0,0,0,0,0,0,0,0,50,1,1,1,1,0,0,1
20,2,current,1,1,0,-999,-999,-999,-999,-999,-999,-999,-999,-999,-999,-999,-999,-999,-999,-999,-999,-999,-999,-999,-999,-999,-999,-999,-999,200,1,80,0,0,0,0,1,0,0,0,0,0,1,1,0,0,0,0,0,0,0,0,1,3,1,1,1,1,3,1625,0,0,1,0,2,0,0,2,0,1,0,0,0,0,0,0,1,0,0,1,0,0,0,0,0,7,1,0,1,0,0,0,1,1,0,0,1,0,0,0,1,0,0,150,25,25,0,0,25,200,4500,4500,0,0,0,0,0,0,1,0,1,0,0,0,0,0,0,0,0,0,0,0,0,0,50,1,1,1,1,0,0,2
21,2,maas,2,1,1,1,0,0,0,0,0,0,0,0,0,0,0,0,0,0,0,0,0,0,0,1,0,0,0,20,0,58,0,0,0,1,0,0,0,0,0,1,0,1,0,0,0,0,0,1,0,0,0,3,1,2,1,1,4,2250,0,0,1,0,2,0,0,2,0,0,1,0,0,0,0,0,1,0,1,0,0,0,0,0,0,7,1,1,0,1,1,1,1,1,0,1,0,0,0,0,1,0,15,150,0,0,25,0,175,190,4557,4557,0,1,1,0,0,1,0,1,1,0,0,0,0,0,0,0,0,0,0,0,0,0,0,0,0,0,0,0,0,1
21,2,current,1,0,1,-999,-999,-999,-999,-999,-999,-999,-999,-999,-999,-999,-999,-999,-999,-999,-999,-999,-999,-999,-999,-999,-999,-999,-999,190,0,58,0,0,0,1,0,0,0,0,0,1,0,1,0,0,0,0,0,1,0,0,0,3,1,2,1,1,4,2250,0,0,1,0,2,0,0,2,0,0,1,0,0,0,0,0,1,0,1,0,0,0,0,0,0,7,1,1,0,1,1,1,1,1,0,1,0,0,0,0,1,0,15,150,0,0,25,0,175,190,4557,4557,0,1,1,0,0,1,0,1,1,0,0,0,0,0,0,0,0,0,0,0,0,0,0,0,0,0,0,0,0,2
22,2,maas,2,0,0,1,0,0,0,0,0,0,0,0,0,0,0,0,0,0,0,0,0,0,0,1,0,0,1,20,1,38,0,1,0,0,0,0,0,1,0,0,0,1,0,0,0,0,0,1,0,0,0,2,1,1,1,1,3,575,0,1,0,0,4,0,0,4,0,0,0,1,0,0,0,1,0,0,0,0,0,0,0,0,1,0,0,1,0,0,0,0,1,1,0,0,0,0,0,0,1,0,0,50,0,0,0,0,125,50,4113,4113,0,0,0,0,0,0,1,0,1,0,0,0,0,0,0,0,0,0,0,0,0,0,60,0,0,0,0,0,0,1
22,2,current,1,1,0,-999,-999,-999,-999,-999,-999,-999,-999,-999,-999,-999,-999,-999,-999,-999,-999,-999,-999,-999,-999,-999,-999,-999,-999,50,1,38,0,1,0,0,0,0,0,1,0,0,0,1,0,0,0,0,0,1,0,0,0,2,1,1,1,1,3,575,0,1,0,0,4,0,0,4,0,0,0,1,0,0,0,1,0,0,0,0,0,0,0,0,1,0,0,1,0,0,0,0,1,1,0,0,0,0,0,0,1,0,0,50,0,0,0,0,125,50,4113,4113,0,0,0,0,0,0,1,0,1,0,0,0,0,0,0,0,0,0,0,0,0,0,60,0,0,0,0,0,0,2
23,2,maas,2,0,0,0,0,0,0,0,0,0,0,0,0,0,0,0,0,0,0,0,0,0,0,1,0,0,0,0,0,71,0,0,0,1,0,0,0,0,0,0,1,0,0,1,0,0,0,1,0,0,0,2,1,1,1,1,3,575,0,1,0,0,2,0,0,2,0,1,0,0,0,0,0,0,1,0,0,0,0,0,0,1,0,0,0,0,1,0,0,1,1,0,1,0,0,0,0,0,1,0,0,50,0,0,0,0,75,50,4510,4510,0,0,0,0,0,0,1,0,1,0,0,0,0,0,0,0,0,0,0,0,0,0,0,0,0,0,0,0,0,1
23,2,current,1,1,0,-999,-999,-999,-999,-999,-999,-999,-999,-999,-999,-999,-999,-999,-999,-999,-999,-999,-999,-999,-999,-999,-999,-999,-999,50,0,71,0,0,0,1,0,0,0,0,0,0,1,0,0,1,0,0,0,1,0,0,0,2,1,1,1,1,3,575,0,1,0,0,2,0,0,2,0,1,0,0,0,0,0,0,1,0,0,0,0,0,0,1,0,0,0,0,1,0,0,1,1,0,1,0,0,0,0,0,1,0,0,50,0,0,0,0,75,50,4510,4510,0,0,0,0,0,0,1,0,1,0,0,0,0,0,0,0,0,0,0,0,0,0,0,0,0,0,0,0,0,2
24,2,maas,2,0,0,0,0,0,0,0,0,0,0,0,0,0,0,0,0,0,0,0,0,0,0,0,0,0,1,0,1,41,0,1,0,0,0,0,0,1,0,0,0,0,1,0,0,0,0,1,0,0,0,3,1,1,1,1,3,1875,0,0,1,0,5,3,0,2,0,1,1,0,0,0,0,0,1,0,1,0,0,0,0,0,0,7,1,0,1,1,0,0,1,1,0,0,0,0,0,0,1,0,0,150,0,25,0,0,125,175,4017,4017,0,0,0,0,0,0,1,0,1,0,0,0,0,0,0,0,0,0,0,0,0,0,326,0,0,0,0,0,0,1
24,2,current,1,1,0,-999,-999,-999,-999,-999,-999,-999,-999,-999,-999,-999,-999,-999,-999,-999,-999,-999,-999,-999,-999,-999,-999,-999,-999,175,1,41,0,1,0,0,0,0,0,1,0,0,0,0,1,0,0,0,0,1,0,0,0,3,1,1,1,1,3,1875,0,0,1,0,5,3,0,2,0,1,1,0,0,0,0,0,1,0,1,0,0,0,0,0,0,7,1,0,1,1,0,0,1,1,0,0,0,0,0,0,1,0,0,150,0,25,0,0,125,175,4017,4017,0,0,0,0,0,0,1,0,1,0,0,0,0,0,0,0,0,0,0,0,0,0,326,0,0,0,0,0,0,2
25,2,maas,2,0,0,0,0,0,0,0,0,0,0,0,0,0,0,0,0,0,0,0,0,0,0,1,0,0,0,0,1,36,0,1,0,0,0,0,0,1,0,0,0,0,1,0,1,1,0,1,0,0,0,2,1,1,1,1,3,350,1,0,0,0,1,0,0,1,1,0,0,0,0,0,1,0,1,0,0,0,0,0,0,0,1,0,0,0,0,1,1,1,1,1,0,0,0,0,0,1,0,0,5,50,25,25,25,25,25,155,4030,4030,1,1,0,0,0,0,0,0,0,0,1,1,1,0,0,0,0,0,0,0,0,0,50,0,0,0,0,0,0,1
25,2,current,1,1,0,-999,-999,-999,-999,-999,-999,-999,-999,-999,-999,-999,-999,-999,-999,-999,-999,-999,-999,-999,-999,-999,-999,-999,-999,155,1,36,0,1,0,0,0,0,0,1,0,0,0,0,1,0,1,1,0,1,0,0,0,2,1,1,1,1,3,350,1,0,0,0,1,0,0,1,1,0,0,0,0,0,1,0,1,0,0,0,0,0,0,0,1,0,0,0,0,1,1,1,1,1,0,0,0,0,0,1,0,0,5,50,25,25,25,25,25,155,4030,4030,1,1,0,0,0,0,0,0,0,0,1,1,1,0,0,0,0,0,0,0,0,0,50,0,0,0,0,0,0,2
26,2,maas,2,1,1,1,0,0,0,0,0,0,0,0,0,0,0,0,0,0,0,0,0,0,0,0,0,1,1,30,0,48,0,0,1,0,0,0,0,0,1,0,0,0,0,1,0,0,0,1,0,0,0,2,1,1,1,2,4,850,0,1,0,0,2,0,0,2,0,1,0,0,0,0,0,0,1,1,0,0,0,0,0,0,1,0,0,1,0,1,0,1,1,1,0,0,1,1,0,1,1,1,5,350,0,0,0,0,225,355,4510,4506,1,1,1,0,0,0,0,1,1,0,0,0,0,0,0,0,0,0,0,0,0,0,0,0,0,0,0,0,0,1
26,2,current,1,0,1,-999,-999,-999,-999,-999,-999,-999,-999,-999,-999,-999,-999,-999,-999,-999,-999,-999,-999,-999,-999,-999,-999,-999,-999,355,0,48,0,0,1,0,0,0,0,0,1,0,0,0,0,1,0,0,0,1,0,0,0,2,1,1,1,2,4,850,0,1,0,0,2,0,0,2,0,1,0,0,0,0,0,0,1,1,0,0,0,0,0,0,1,0,0,1,0,1,0,1,1,1,0,0,1,1,0,1,1,1,5,350,0,0,0,0,225,355,4510,4506,1,1,1,0,0,0,0,1,1,0,0,0,0,0,0,0,0,0,0,0,0,0,0,0,0,0,0,0,0,2
27,2,maas,2,1,1,0,0,0,0,0,0,0,0,0,0,0,0,0,0,0,0,0,0,0,1,0,0,0,0,20,0,24,1,0,0,0,0,1,0,0,0,0,0,0,1,0,0,0,0,1,0,0,0,2,3,2,4,1,7,2750,0,0,1,0,2,0,0,2,1,0,0,0,0,0,1,1,0,1,1,0,0,0,0,0,0,7,1,1,0,1,1,1,0,1,0,0,0,0,0,0,1,1,30,50,25,175,25,25,25,330,4218,4218,0,0,0,0,1,0,0,1,0,1,1,0,0,0,0,0,1,0,0,0,0,0,0,0,0,0,0,0,0,1
27,2,current,1,0,1,-999,-999,-999,-999,-999,-999,-999,-999,-999,-999,-999,-999,-999,-999,-999,-999,-999,-999,-999,-999,-999,-999,-999,-999,330,0,24,1,0,0,0,0,1,0,0,0,0,0,0,1,0,0,0,0,1,0,0,0,2,3,2,4,1,7,2750,0,0,1,0,2,0,0,2,1,0,0,0,0,0,1,1,0,1,1,0,0,0,0,0,0,7,1,1,0,1,1,1,0,1,0,0,0,0,0,0,1,1,30,50,25,175,25,25,25,330,4218,4218,0,0,0,0,1,0,0,1,0,1,1,0,0,0,0,0,1,0,0,0,0,0,0,0,0,0,0,0,0,2
28,2,maas,2,0,0,0,0,0,0,0,0,0,30,0,1,0,0,0,0,0,0,0,0,0,0,0,0,0,0,40,1,37,0,1,0,0,0,0,0,1,0,0,0,0,0,1,0,0,0,1,0,0,0,2,1,3,1,1,5,1875,0,0,1,0,3,1,0,2,0,1,1,0,0,0,0,1,0,0,1,0,0,0,0,0,0,7,1,1,0,1,1,1,1,0,0,0,0,1,1,0,0,0,15,150,125,75,25,75,125,465,4005,4000,1,0,0,0,0,0,0,1,1,0,0,0,0,0,0,0,0,0,0,0,0,0,40,0,0,0,0,0,0,1
28,2,current,1,1,0,-999,-999,-999,-999,-999,-999,-999,-999,-999,-999,-999,-999,-999,-999,-999,-999,-999,-999,-999,-999,-999,-999,-999,-999,465,1,37,0,1,0,0,0,0,0,1,0,0,0,0,0,1,0,0,0,1,0,0,0,2,1,3,1,1,5,1875,0,0,1,0,3,1,0,2,0,1,1,0,0,0,0,1,0,0,1,0,0,0,0,0,0,7,1,1,0,1,1,1,1,0,0,0,0,1,1,0,0,0,15,150,125,75,25,75,125,465,4005,4000,1,0,0,0,0,0,0,1,1,0,0,0,0,0,0,0,0,0,0,0,0,0,40,0,0,0,0,0,0,2
29,2,maas,2,0,0,1,0,0,0,0,0,0,0,0,0,0,0,0,0,0,0,0,0,0,0,0,0,0,0,20,1,75,0,0,0,1,0,0,0,0,0,0,1,0,0,1,0,0,0,1,0,0,0,2,1,1,1,1,3,575,0,1,0,0,1,0,0,1,1,0,0,0,0,0,0,0,1,0,0,0,0,0,0,1,0,0,0,0,0,0,0,0,1,1,0,0,0,0,0,0,1,0,5,50,0,0,0,0,25,55,4213,4226,1,0,0,0,0,0,0,0,1,1,0,0,1,0,0,0,0,0,0,0,0,0,25,0,0,0,0,0,0,1
29,2,current,1,1,0,-999,-999,-999,-999,-999,-999,-999,-999,-999,-999,-999,-999,-999,-999,-999,-999,-999,-999,-999,-999,-999,-999,-999,-999,55,1,75,0,0,0,1,0,0,0,0,0,0,1,0,0,1,0,0,0,1,0,0,0,2,1,1,1,1,3,575,0,1,0,0,1,0,0,1,1,0,0,0,0,0,0,0,1,0,0,0,0,0,0,1,0,0,0,0,0,0,0,0,1,1,0,0,0,0,0,0,1,0,5,50,0,0,0,0,25,55,4213,4226,1,0,0,0,0,0,0,0,1,1,0,0,1,0,0,0,0,0,0,0,0,0,25,0,0,0,0,0,0,2
30,2,maas,2,0,0,1,0,0,0,0,0,0,0,0,0,0,0,0,0,0,0,0,0,0,0,0,0,0,0,20,0,57,0,0,1,0,0,0,0,0,0,1,0,0,1,0,0,0,0,0,0,0,1,2,1,1,1,1,3,225,1,0,0,0,2,0,0,2,0,1,0,0,0,0,0,0,1,0,0,0,0,0,0,1,0,0,0,1,0,0,0,1,1,1,0,0,1,0,0,0,1,0,0,50,0,0,0,0,75,50,4510,4510,0,0,0,0,0,0,1,0,0,0,0,0,0,0,0,0,0,0,0,0,1,0,10,0,0,0,0,0,0,1
30,2,current,1,1,0,-999,-999,-999,-999,-999,-999,-999,-999,-999,-999,-999,-999,-999,-999,-999,-999,-999,-999,-999,-999,-999,-999,-999,-999,50,0,57,0,0,1,0,0,0,0,0,0,1,0,0,1,0,0,0,0,0,0,0,1,2,1,1,1,1,3,225,1,0,0,0,2,0,0,2,0,1,0,0,0,0,0,0,1,0,0,0,0,0,0,1,0,0,0,1,0,0,0,1,1,1,0,0,1,0,0,0,1,0,0,50,0,0,0,0,75,50,4510,4510,0,0,0,0,0,0,1,0,0,0,0,0,0,0,0,0,0,0,0,0,1,0,10,0,0,0,0,0,0,2
31,2,maas,2,0,0,0,0,400,0,0,0,1,0,0,0,0,0,0,0,0,0,0,0,0,0,0,0,0,0,280,1,72,0,0,0,1,0,0,0,0,0,0,1,0,1,0,0,0,0,1,0,0,0,2,1,1,1,1,3,850,0,1,0,0,2,0,0,2,0,1,0,0,0,0,0,0,1,0,1,0,0,0,0,0,0,7,1,0,1,0,0,0,1,1,0,0,0,0,0,0,1,0,0,50,0,0,0,0,125,50,4215,4215,1,0,1,0,0,0,0,0,0,1,0,0,0,0,0,0,0,0,0,0,0,0,50,0,0,0,0,0,1,1
31,2,current,1,1,0,-999,-999,-999,-999,-999,-999,-999,-999,-999,-999,-999,-999,-999,-999,-999,-999,-999,-999,-999,-999,-999,-999,-999,-999,50,1,72,0,0,0,1,0,0,0,0,0,0,1,0,1,0,0,0,0,1,0,0,0,2,1,1,1,1,3,850,0,1,0,0,2,0,0,2,0,1,0,0,0,0,0,0,1,0,1,0,0,0,0,0,0,7,1,0,1,0,0,0,1,1,0,0,0,0,0,0,1,0,0,50,0,0,0,0,125,50,4215,4215,1,0,1,0,0,0,0,0,0,1,0,0,0,0,0,0,0,0,0,0,0,0,50,0,0,0,0,0,1,2
32,2,maas,2,1,1,1,0,0,0,0,0,0,0,0,0,0,0,0,0,0,0,0,0,0,0,1,0,0,0,20,0,41,0,1,0,0,0,0,0,1,0,0,0,0,1,0,0,0,0,0,0,0,1,1,1,1,1,1,3,850,0,1,0,0,3,0,0,3,0,0,0,0,0,1,0,0,1,0,0,0,0,0,0,0,1,0,0,1,0,1,0,1,1,0,0,0,1,0,0,1,0,0,5,50,0,75,0,0,75,130,4300,4300,1,0,0,0,0,0,0,1,0,0,0,0,0,0,0,0,0,1,0,0,0,0,0,0,0,0,0,0,0,1
32,2,current,1,0,1,-999,-999,-999,-999,-999,-999,-999,-999,-999,-999,-999,-999,-999,-999,-999,-999,-999,-999,-999,-999,-999,-999,-999,-999,130,0,41,0,1,0,0,0,0,0,1,0,0,0,0,1,0,0,0,0,0,0,0,1,1,1,1,1,1,3,850,0,1,0,0,3,0,0,3,0,0,0,0,0,1,0,0,1,0,0,0,0,0,0,0,1,0,0,1,0,1,0,1,1,0,0,0,1,0,0,1,0,0,5,50,0,75,0,0,75,130,4300,4300,1,0,0,0,0,0,0,1,0,0,0,0,0,0,0,0,0,1,0,0,0,0,0,0,0,0,0,0,0,2
33,2,maas,2,1,1,0,0,0,0,0,0,0,0,0,0,0,0,0,0,0,0,0,0,0,1,0,0,0,0,20,0,71,0,0,0,1,0,0,0,0,0,0,1,0,0,1,0,0,0,1,0,0,0,2,1,1,1,1,3,1875,0,0,1,0,2,0,0,2,0,1,0,0,0,0,0,0,1,0,0,0,0,0,0,1,0,0,0,1,0,1,0,1,1,0,0,0,0,0,0,0,1,0,70,350,0,25,0,0,175,445,4104,4000,1,0,0,0,0,0,0,0,1,0,0,0,0,0,0,0,0,0,0,0,0,0,0,0,0,0,0,0,0,1
33,2,current,1,0,1,-999,-999,-999,-999,-999,-999,-999,-999,-999,-999,-999,-999,-999,-999,-999,-999,-999,-999,-999,-999,-999,-999,-999,-999,445,0,71,0,0,0,1,0,0,0,0,0,0,1,0,0,1,0,0,0,1,0,0,0,2,1,1,1,1,3,1875,0,0,1,0,2,0,0,2,0,1,0,0,0,0,0,0,1,0,0,0,0,0,0,1,0,0,0,1,0,1,0,1,1,0,0,0,0,0,0,0,1,0,70,350,0,25,0,0,175,445,4104,4000,1,0,0,0,0,0,0,0,1,0,0,0,0,0,0,0,0,0,0,0,0,0,0,0,0,0,0,0,0,2
34,2,maas,2,0,0,0,0,200,0,1,0,0,0,0,0,0,0,0,0,0,0,0,0,0,0,0,0,0,0,130,1,79,0,0,0,0,1,0,0,0,0,0,1,0,1,0,0,0,0,1,0,0,0,2,1,1,1,1,3,575,0,1,0,0,1,0,0,1,1,0,0,0,0,0,0,0,1,0,0,1,0,1,0,0,0,7,1,1,0,0,0,0,1,0,0,0,1,0,0,0,1,0,0,150,0,0,0,0,175,150,4562,4566,0,0,1,0,0,0,0,0,1,1,0,0,0,0,0,0,0,0,0,0,0,0,0,0,0,0,0,0,0,1
34,2,current,1,1,0,-999,-999,-999,-999,-999,-999,-999,-999,-999,-999,-999,-999,-999,-999,-999,-999,-999,-999,-999,-999,-999,-999,-999,-999,150,1,79,0,0,0,0,1,0,0,0,0,0,1,0,1,0,0,0,0,1,0,0,0,2,1,1,1,1,3,575,0,1,0,0,1,0,0,1,1,0,0,0,0,0,0,0,1,0,0,1,0,1,0,0,0,7,1,1,0,0,0,0,1,0,0,0,1,0,0,0,1,0,0,150,0,0,0,0,175,150,4562,4566,0,0,1,0,0,0,0,0,1,1,0,0,0,0,0,0,0,0,0,0,0,0,0,0,0,0,0,0,0,2
35,2,maas,2,1,1,1,0,0,0,0,0,0,0,0,0,0,0,0,0,0,0,0,0,0,0,0,0,0,0,20,1,78,0,0,0,0,1,0,0,0,0,0,1,1,0,0,0,0,0,1,0,0,0,2,1,1,1,1,3,850,0,1,0,0,2,0,0,2,0,1,0,0,0,0,0,0,1,1,0,0,0,0,0,1,0,0,0,1,0,1,0,1,1,0,0,0,0,0,0,0,1,0,5,50,25,0,0,0,75,80,4127,4178,0,0,0,0,0,0,1,1,0,1,0,0,0,0,0,0,0,0,0,0,0,0,0,0,0,0,0,0,0,1
35,2,current,1,0,1,-999,-999,-999,-999,-999,-999,-999,-999,-999,-999,-999,-999,-999,-999,-999,-999,-999,-999,-999,-999,-999,-999,-999,-999,80,1,78,0,0,0,0,1,0,0,0,0,0,1,1,0,0,0,0,0,1,0,0,0,2,1,1,1,1,3,850,0,1,0,0,2,0,0,2,0,1,0,0,0,0,0,0,1,1,0,0,0,0,0,1,0,0,0,1,0,1,0,1,1,0,0,0,0,0,0,0,1,0,5,50,25,0,0,0,75,80,4127,4178,0,0,0,0,0,0,1,1,0,1,0,0,0,0,0,0,0,0,0,0,0,0,0,0,0,0,0,0,0,2
36,2,maas,2,0,0,0,0,0,0,0,0,0,0,0,0,0,0,0,0,0,0,0,0,0,0,0,0,0,1,0,0,80,0,0,0,0,1,0,0,0,0,0,1,0,0,1,0,0,0,1,0,0,0,2,1,1,1,1,3,575,0,1,0,0,1,0,0,1,0,0,0,0,0,0,1,0,1,0,0,0,0,0,0,0,1,0,0,0,1,0,0,0,1,1,0,0,0,0,0,0,1,0,0,50,25,25,25,25,25,150,4350,4350,0,0,0,0,0,0,1,0,0,0,0,0,0,0,0,0,0,0,0,1,0,0,1000,0,0,0,0,0,0,1
36,2,current,1,1,0,-999,-999,-999,-999,-999,-999,-999,-999,-999,-999,-999,-999,-999,-999,-999,-999,-999,-999,-999,-999,-999,-999,-999,-999,150,0,80,0,0,0,0,1,0,0,0,0,0,1,0,0,1,0,0,0,1,0,0,0,2,1,1,1,1,3,575,0,1,0,0,1,0,0,1,0,0,0,0,0,0,1,0,1,0,0,0,0,0,0,0,1,0,0,0,1,0,0,0,1,1,0,0,0,0,0,0,1,0,0,50,25,25,25,25,25,150,4350,4350,0,0,0,0,0,0,1,0,0,0,0,0,0,0,0,0,0,0,0,1,0,0,1000,0,0,0,0,0,0,2
37,2,maas,2,0,0,1,2,300,0,0,1,0,0,30,0,1,0,0,30,0,1,0,0,0,0,0,0,0,0,370,1,69,0,0,0,1,0,0,0,0,0,0,1,1,0,0,1,1,0,1,0,0,0,3,1,1,1,1,3,2750,0,0,1,0,4,3,0,1,0,1,1,0,0,0,0,0,1,1,1,0,0,0,0,0,0,7,1,1,0,1,1,1,1,1,0,1,0,0,0,0,1,0,15,150,75,75,75,75,75,465,4128,4128,1,1,1,0,0,0,0,1,1,0,0,0,0,0,0,0,0,0,0,0,0,0,250,0,0,0,0,0,0,1
37,2,current,1,1,0,-999,-999,-999,-999,-999,-999,-999,-999,-999,-999,-999,-999,-999,-999,-999,-999,-999,-999,-999,-999,-999,-999,-999,-999,465,1,69,0,0,0,1,0,0,0,0,0,0,1,1,0,0,1,1,0,1,0,0,0,3,1,1,1,1,3,2750,0,0,1,0,4,3,0,1,0,1,1,0,0,0,0,0,1,1,1,0,0,0,0,0,0,7,1,1,0,1,1,1,1,1,0,1,0,0,0,0,1,0,15,150,75,75,75,75,75,465,4128,4128,1,1,1,0,0,0,0,1,1,0,0,0,0,0,0,0,0,0,0,0,0,0,250,0,0,0,0,0,0,2
38,2,maas,2,0,0,0,0,80,1,0,0,0,0,0,0,0,0,0,0,0,0,0,0,0,0,1,0,0,0,70,0,62,0,0,0,1,0,0,0,0,0,1,0,0,0,1,0,0,0,1,0,0,0,3,1,2,1,1,4,1375,0,0,1,0,2,0,0,2,0,1,0,0,0,0,0,0,1,0,0,0,0,0,0,1,0,0,0,1,0,1,0,1,1,1,1,0,0,1,0,0,1,0,0,50,0,25,25,0,125,100,4225,4227,0,1,0,0,0,0,0,1,1,0,0,0,0,0,0,0,1,0,0,0,0,0,100,0,0,0,0,0,0,1
38,2,current,1,1,0,-999,-999,-999,-999,-999,-999,-999,-999,-999,-999,-999,-999,-999,-999,-999,-999,-999,-999,-999,-999,-999,-999,-999,-999,100,0,62,0,0,0,1,0,0,0,0,0,1,0,0,0,1,0,0,0,1,0,0,0,3,1,2,1,1,4,1375,0,0,1,0,2,0,0,2,0,1,0,0,0,0,0,0,1,0,0,0,0,0,0,1,0,0,0,1,0,1,0,1,1,1,1,0,0,1,0,0,1,0,0,50,0,25,25,0,125,100,4225,4227,0,1,0,0,0,0,0,1,1,0,0,0,0,0,0,0,1,0,0,0,0,0,100,0,0,0,0,0,0,2
39,2,maas,2,0,0,1,0,0,0,0,0,0,0,0,0,0,0,0,0,0,0,0,0,0,0,0,0,0,0,20,1,78,0,0,0,0,1,0,0,0,0,0,1,0,1,0,0,0,0,1,0,0,0,2,1,1,1,1,3,350,1,0,0,0,1,0,0,1,1,0,0,0,0,0,0,1,0,0,0,0,0,0,0,1,0,0,0,1,0,0,0,0,1,1,0,0,1,0,0,0,1,0,0,50,0,25,25,0,25,100,4074,4074,1,0,0,0,0,0,0,0,1,0,0,0,0,0,0,0,0,0,0,0,0,0,0,0,0,0,0,0,0,1
39,2,current,1,1,0,-999,-999,-999,-999,-999,-999,-999,-999,-999,-999,-999,-999,-999,-999,-999,-999,-999,-999,-999,-999,-999,-999,-999,-999,100,1,78,0,0,0,0,1,0,0,0,0,0,1,0,1,0,0,0,0,1,0,0,0,2,1,1,1,1,3,350,1,0,0,0,1,0,0,1,1,0,0,0,0,0,0,1,0,0,0,0,0,0,0,1,0,0,0,1,0,0,0,0,1,1,0,0,1,0,0,0,1,0,0,50,0,25,25,0,25,100,4074,4074,1,0,0,0,0,0,0,0,1,0,0,0,0,0,0,0,0,0,0,0,0,0,0,0,0,0,0,0,0,2
40,2,maas,2,1,1,0,0,0,0,0,0,0,0,0,0,0,0,0,0,0,0,0,0,0,0,1,0,0,1,0,1,76,0,0,0,0,1,0,0,0,0,0,1,0,1,0,0,0,0,1,0,0,0,2,1,2,1,1,4,1875,0,0,1,0,2,0,0,2,0,1,0,0,0,0,0,1,0,0,0,0,0,0,0,1,0,0,0,1,0,1,0,0,1,1,0,0,1,0,0,0,1,0,5,50,0,0,0,0,75,55,4074,4074,1,0,1,0,0,0,0,0,0,0,0,0,0,0,0,0,0,0,0,0,1,0,0,0,0,0,0,0,0,1
40,2,current,1,0,1,-999,-999,-999,-999,-999,-999,-999,-999,-999,-999,-999,-999,-999,-999,-999,-999,-999,-999,-999,-999,-999,-999,-999,-999,55,1,76,0,0,0,0,1,0,0,0,0,0,1,0,1,0,0,0,0,1,0,0,0,2,1,2,1,1,4,1875,0,0,1,0,2,0,0,2,0,1,0,0,0,0,0,1,0,0,0,0,0,0,0,1,0,0,0,1,0,1,0,0,1,1,0,0,1,0,0,0,1,0,5,50,0,0,0,0,75,55,4074,4074,1,0,1,0,0,0,0,0,0,0,0,0,0,0,0,0,0,0,0,0,1,0,0,0,0,0,0,0,0,2
41,2,maas,2,0,0,1,0,80,1,0,0,0,0,0,0,0,0,0,0,0,0,0,0,0,0,0,0,0,0,90,0,88,0,0,0,0,1,0,0,0,0,0,1,0,0,1,0,0,0,0,0,0,1,1,1,1,1,1,3,350,1,0,0,0,1,0,0,1,1,0,0,0,0,0,0,0,1,0,0,0,0,0,0,1,0,0,0,0,1,0,0,0,1,1,0,0,0,0,0,0,1,0,0,50,0,0,0,0,0,50,4032,4037,0,0,0,0,0,0,1,1,0,0,0,0,0,0,0,0,0,0,1,0,0,0,50,1,1,1,1,0,0,1
41,2,current,1,1,0,-999,-999,-999,-999,-999,-999,-999,-999,-999,-999,-999,-999,-999,-999,-999,-999,-999,-999,-999,-999,-999,-999,-999,-999,50,0,88,0,0,0,0,1,0,0,0,0,0,1,0,0,1,0,0,0,0,0,0,1,1,1,1,1,1,3,350,1,0,0,0,1,0,0,1,1,0,0,0,0,0,0,0,1,0,0,0,0,0,0,1,0,0,0,0,1,0,0,0,1,1,0,0,0,0,0,0,1,0,0,50,0,0,0,0,0,50,4032,4037,0,0,0,0,0,0,1,1,0,0,0,0,0,0,0,0,0,0,1,0,0,0,50,1,1,1,1,0,0,2
42,2,maas,2,0,0,1,0,0,0,0,0,0,0,0,0,0,0,0,0,0,0,0,0,0,0,0,0,0,0,20,0,83,0,0,0,0,1,0,0,0,0,0,1,0,0,1,0,0,0,1,0,0,0,2,1,1,1,1,3,725,0,1,0,0,1,0,0,1,1,0,0,0,0,0,0,0,1,0,0,0,0,0,0,1,0,0,0,0,1,0,0,0,1,1,0,0,1,1,0,1,1,0,5,50,25,0,0,0,125,80,4551,4551,0,0,0,0,0,0,1,0,1,0,0,0,0,0,0,0,1,0,0,0,0,0,0,0,0,0,0,0,0,1
42,2,current,1,1,0,-999,-999,-999,-999,-999,-999,-999,-999,-999,-999,-999,-999,-999,-999,-999,-999,-999,-999,-999,-999,-999,-999,-999,-999,80,0,83,0,0,0,0,1,0,0,0,0,0,1,0,0,1,0,0,0,1,0,0,0,2,1,1,1,1,3,725,0,1,0,0,1,0,0,1,1,0,0,0,0,0,0,0,1,0,0,0,0,0,0,1,0,0,0,0,1,0,0,0,1,1,0,0,1,1,0,1,1,0,5,50,25,0,0,0,125,80,4551,4551,0,0,0,0,0,0,1,0,1,0,0,0,0,0,0,0,1,0,0,0,0,0,0,0,0,0,0,0,0,2
43,2,maas,2,0,0,1,0,80,1,0,0,0,60,0,0,0,1,0,0,30,0,1,0,0,1,1,0,1,1,210,0,35,0,1,0,0,0,0,0,1,0,0,0,0,0,1,0,0,0,1,0,0,0,3,1,2,1,1,4,1375,0,0,1,0,6,4,0,2,0,1,1,0,0,0,0,0,1,0,0,0,0,0,1,0,0,0,0,0,0,1,0,0,1,1,0,0,0,0,0,0,1,0,0,250,0,25,0,0,125,275,4350,4350,0,0,0,0,0,0,1,0,1,0,0,0,0,0,0,0,0,0,0,0,0,0,10,0,0,0,0,0,0,1
43,2,current,1,1,0,-999,-999,-999,-999,-999,-999,-999,-999,-999,-999,-999,-999,-999,-999,-999,-999,-999,-999,-999,-999,-999,-999,-999,-999,275,0,35,0,1,0,0,0,0,0,1,0,0,0,0,0,1,0,0,0,1,0,0,0,3,1,2,1,1,4,1375,0,0,1,0,6,4,0,2,0,1,1,0,0,0,0,0,1,0,0,0,0,0,1,0,0,0,0,0,0,1,0,0,1,1,0,0,0,0,0,0,1,0,0,250,0,25,0,0,125,275,4350,4350,0,0,0,0,0,0,1,0,1,0,0,0,0,0,0,0,0,0,0,0,0,0,10,0,0,0,0,0,0,2
44,2,maas,2,0,0,0,0,80,1,0,0,0,0,0,0,0,0,0,0,0,0,0,0,0,0,0,0,0,0,70,1,63,0,0,0,1,0,0,0,0,0,1,0,1,0,0,0,0,0,1,1,1,0,2,1,1,1,1,3,850,0,1,0,0,2,0,0,2,0,1,0,0,0,0,0,0,1,0,0,0,0,0,0,1,0,0,0,0,0,1,1,0,1,0,0,0,0,0,0,0,1,0,0,50,0,0,25,0,25,75,4000,4000,0,1,0,0,0,0,0,0,1,0,0,0,0,0,0,0,0,0,0,0,0,0,0,0,0,0,0,0,0,1
44,2,current,1,1,0,-999,-999,-999,-999,-999,-999,-999,-999,-999,-999,-999,-999,-999,-999,-999,-999,-999,-999,-999,-999,-999,-999,-999,-999,75,1,63,0,0,0,1,0,0,0,0,0,1,0,1,0,0,0,0,0,1,1,1,0,2,1,1,1,1,3,850,0,1,0,0,2,0,0,2,0,1,0,0,0,0,0,0,1,0,0,0,0,0,0,1,0,0,0,0,0,1,1,0,1,0,0,0,0,0,0,0,1,0,0,50,0,0,25,0,25,75,4000,4000,0,1,0,0,0,0,0,0,1,0,0,0,0,0,0,0,0,0,0,0,0,0,0,0,0,0,0,0,0,2
45,2,maas,2,1,1,0,0,80,1,0,0,0,0,0,0,0,0,0,0,0,0,0,0,0,0,1,0,0,1,70,0,30,0,1,0,0,0,0,1,0,0,0,0,0,1,0,0,0,0,1,0,0,0,3,1,1,1,1,3,850,0,1,0,0,5,2,0,3,0,1,1,0,1,0,0,0,1,1,0,1,0,0,0,0,0,7,1,1,0,1,1,1,1,1,0,1,0,0,0,0,1,0,15,150,25,25,25,25,175,265,4077,4110,1,1,0,0,0,0,0,1,1,0,0,0,0,0,0,0,0,0,0,0,0,0,0,0,0,0,0,0,0,1
45,2,current,1,0,1,-999,-999,-999,-999,-999,-999,-999,-999,-999,-999,-999,-999,-999,-999,-999,-999,-999,-999,-999,-999,-999,-999,-999,-999,265,0,30,0,1,0,0,0,0,1,0,0,0,0,0,1,0,0,0,0,1,0,0,0,3,1,1,1,1,3,850,0,1,0,0,5,2,0,3,0,1,1,0,1,0,0,0,1,1,0,1,0,0,0,0,0,7,1,1,0,1,1,1,1,1,0,1,0,0,0,0,1,0,15,150,25,25,25,25,175,265,4077,4110,1,1,0,0,0,0,0,1,1,0,0,0,0,0,0,0,0,0,0,0,0,0,0,0,0,0,0,0,0,2
46,2,maas,2,0,0,1,0,80,1,0,0,0,30,0,1,0,0,0,30,0,1,0,0,0,1,1,0,1,1,210,1,57,0,0,1,0,0,0,0,0,0,1,0,1,0,0,0,0,0,1,0,0,0,3,1,2,2,1,5,3250,0,0,0,1,2,0,0,2,0,0,0,0,1,0,0,0,1,0,1,0,0,0,0,0,0,7,1,0,0,1,0,0,1,0,0,1,0,0,0,0,1,0,0,50,0,0,25,0,75,75,4170,4170,0,1,1,0,0,0,0,0,1,0,0,0,0,0,0,0,0,0,0,0,0,0,10,0,0,0,0,0,0,1
46,2,current,1,1,0,-999,-999,-999,-999,-999,-999,-999,-999,-999,-999,-999,-999,-999,-999,-999,-999,-999,-999,-999,-999,-999,-999,-999,-999,75,1,57,0,0,1,0,0,0,0,0,0,1,0,1,0,0,0,0,0,1,0,0,0,3,1,2,2,1,5,3250,0,0,0,1,2,0,0,2,0,0,0,0,1,0,0,0,1,0,1,0,0,0,0,0,0,7,1,0,0,1,0,0,1,0,0,1,0,0,0,0,1,0,0,50,0,0,25,0,75,75,4170,4170,0,1,1,0,0,0,0,0,1,0,0,0,0,0,0,0,0,0,0,0,0,0,10,0,0,0,0,0,0,2
47,2,maas,2,0,0,0,0,200,0,1,0,0,0,0,0,0,0,0,0,0,0,0,0,0,0,0,0,0,0,130,1,26,0,1,0,0,0,0,1,0,0,0,0,1,0,0,0,0,0,1,0,0,0,2,1,1,1,1,3,225,1,0,0,0,3,0,0,3,0,0,0,1,1,0,0,0,1,0,0,0,0,0,0,0,1,0,0,1,0,1,0,1,1,1,1,0,0,0,0,0,1,0,5,50,0,0,0,0,225,55,4005,4005,0,1,0,0,0,0,0,1,1,0,0,0,0,0,0,0,0,0,0,0,0,0,500,0,0,0,0,0,0,1
47,2,current,1,1,0,-999,-999,-999,-999,-999,-999,-999,-999,-999,-999,-999,-999,-999,-999,-999,-999,-999,-999,-999,-999,-999,-999,-999,-999,55,1,26,0,1,0,0,0,0,1,0,0,0,0,1,0,0,0,0,0,1,0,0,0,2,1,1,1,1,3,225,1,0,0,0,3,0,0,3,0,0,0,1,1,0,0,0,1,0,0,0,0,0,0,0,1,0,0,1,0,1,0,1,1,1,1,0,0,0,0,0,1,0,5,50,0,0,0,0,225,55,4005,4005,0,1,0,0,0,0,0,1,1,0,0,0,0,0,0,0,0,0,0,0,0,0,500,0,0,0,0,0,0,2
48,2,maas,2,1,1,0,0,80,1,0,0,0,0,0,0,0,0,0,30,0,1,0,0,0,0,0,0,0,0,120,0,72,0,0,0,1,0,0,0,0,0,0,1,0,0,1,0,0,0,0,0,0,1,3,1,2,1,1,4,1125,0,1,0,0,2,0,0,2,0,0,1,0,0,0,1,1,0,1,0,0,0,0,0,1,0,0,0,1,0,1,1,1,1,0,1,0,1,0,0,1,1,0,15,50,25,25,75,25,125,215,4165,4157,1,1,1,0,0,0,0,1,0,1,1,1,0,0,0,0,0,0,0,0,0,0,0,0,0,0,0,0,0,1
48,2,current,1,0,1,-999,-999,-999,-999,-999,-999,-999,-999,-999,-999,-999,-999,-999,-999,-999,-999,-999,-999,-999,-999,-999,-999,-999,-999,215,0,72,0,0,0,1,0,0,0,0,0,0,1,0,0,1,0,0,0,0,0,0,1,3,1,2,1,1,4,1125,0,1,0,0,2,0,0,2,0,0,1,0,0,0,1,1,0,1,0,0,0,0,0,1,0,0,0,1,0,1,1,1,1,0,1,0,1,0,0,1,1,0,15,50,25,25,75,25,125,215,4165,4157,1,1,1,0,0,0,0,1,0,1,1,1,0,0,0,0,0,0,0,0,0,0,0,0,0,0,0,0,0,2
49,2,maas,2,0,0,1,0,80,1,0,0,0,0,0,0,0,0,0,0,0,0,0,0,0,0,1,0,0,0,90,0,55,0,0,1,0,0,0,0,0,0,1,0,0,1,0,0,0,0,0,0,0,1,1,1,1,1,1,3,1125,0,1,0,0,2,0,0,2,0,0,1,0,0,0,0,0,1,0,0,0,0,0,0,0,1,0,0,0,0,1,1,1,1,1,1,0,1,1,0,1,0,1,30,0,0,0,75,0,0,105,4036,4036,1,1,1,0,0,0,0,0,1,0,0,0,0,0,0,1,1,0,0,0,0,0,50,0,0,0,0,0,0,1
49,2,current,1,1,0,-999,-999,-999,-999,-999,-999,-999,-999,-999,-999,-999,-999,-999,-999,-999,-999,-999,-999,-999,-999,-999,-999,-999,-999,105,0,55,0,0,1,0,0,0,0,0,0,1,0,0,1,0,0,0,0,0,0,0,1,1,1,1,1,1,3,1125,0,1,0,0,2,0,0,2,0,0,1,0,0,0,0,0,1,0,0,0,0,0,0,0,1,0,0,0,0,1,1,1,1,1,1,0,1,1,0,1,0,1,30,0,0,0,75,0,0,105,4036,4036,1,1,1,0,0,0,0,0,1,0,0,0,0,0,0,1,1,0,0,0,0,0,50,0,0,0,0,0,0,2
50,2,maas,2,1,1,1,0,0,0,0,0,0,0,0,0,0,0,0,0,0,0,0,0,0,0,0,0,0,0,20,0,77,0,0,0,0,1,0,0,0,0,0,1,0,1,0,0,0,0,1,0,0,0,2,1,1,1,1,3,450,1,0,0,0,1,0,0,1,1,0,0,0,0,0,0,0,1,0,0,0,0,0,0,1,0,0,0,0,1,1,0,0,1,0,0,0,0,0,0,0,1,0,0,150,0,75,0,0,225,225,4160,2025,1,0,0,0,0,0,0,0,0,0,0,0,0,0,0,0,0,0,0,0,1,0,0,1,1,0,1,0,0,1
50,2,current,1,0,1,-999,-999,-999,-999,-999,-999,-999,-999,-999,-999,-999,-999,-999,-999,-999,-999,-999,-999,-999,-999,-999,-999,-999,-999,225,0,77,0,0,0,0,1,0,0,0,0,0,1,0,1,0,0,0,0,1,0,0,0,2,1,1,1,1,3,450,1,0,0,0,1,0,0,1,1,0,0,0,0,0,0,0,1,0,0,0,0,0,0,1,0,0,0,0,1,1,0,0,1,0,0,0,0,0,0,0,1,0,0,150,0,75,0,0,225,225,4160,2025,1,0,0,0,0,0,0,0,0,0,0,0,0,0,0,0,0,0,0,0,1,0,0,1,1,0,1,0,0,2
51,2,maas,2,1,1,0,0,0,0,0,0,0,0,0,0,0,0,0,0,0,0,0,0,0,0,0,0,1,0,10,0,88,0,0,0,0,1,0,0,0,0,0,1,1,0,0,0,0,0,1,0,0,0,2,1,1,1,1,3,725,0,1,0,0,2,0,0,2,0,1,0,0,0,0,0,1,0,1,0,0,0,0,0,1,0,0,0,1,0,0,0,0,1,0,0,0,0,1,0,0,0,0,5,50,0,0,0,0,25,55,4122,4122,0,0,0,0,0,0,1,1,1,0,0,0,0,0,0,0,0,0,0,0,0,0,0,1,1,0,0,0,0,1
51,2,current,1,0,1,-999,-999,-999,-999,-999,-999,-999,-999,-999,-999,-999,-999,-999,-999,-999,-999,-999,-999,-999,-999,-999,-999,-999,-999,55,0,88,0,0,0,0,1,0,0,0,0,0,1,1,0,0,0,0,0,1,0,0,0,2,1,1,1,1,3,725,0,1,0,0,2,0,0,2,0,1,0,0,0,0,0,1,0,1,0,0,0,0,0,1,0,0,0,1,0,0,0,0,1,0,0,0,0,1,0,0,0,0,5,50,0,0,0,0,25,55,4122,4122,0,0,0,0,0,0,1,1,1,0,0,0,0,0,0,0,0,0,0,0,0,0,0,1,1,0,0,0,0,2
52,2,maas,2,1,1,1,0,0,0,0,0,0,0,0,0,0,0,0,30,0,1,0,0,0,0,1,0,0,1,70,1,43,0,0,1,0,0,0,0,1,0,0,0,1,0,0,0,0,0,1,0,0,0,1,1,1,1,1,3,1375,0,0,1,0,1,0,0,1,1,0,0,0,0,0,0,0,1,1,1,0,0,0,0,0,0,7,1,1,0,1,1,1,1,1,0,1,0,1,0,0,0,0,5,0,0,0,25,0,0,30,4000,4000,1,1,1,0,0,0,0,1,1,0,0,0,0,0,1,0,1,0,0,0,0,0,0,0,0,0,0,0,0,1
52,2,current,1,0,1,-999,-999,-999,-999,-999,-999,-999,-999,-999,-999,-999,-999,-999,-999,-999,-999,-999,-999,-999,-999,-999,-999,-999,-999,30,1,43,0,0,1,0,0,0,0,1,0,0,0,1,0,0,0,0,0,1,0,0,0,1,1,1,1,1,3,1375,0,0,1,0,1,0,0,1,1,0,0,0,0,0,0,0,1,1,1,0,0,0,0,0,0,7,1,1,0,1,1,1,1,1,0,1,0,1,0,0,0,0,5,0,0,0,25,0,0,30,4000,4000,1,1,1,0,0,0,0,1,1,0,0,0,0,0,1,0,1,0,0,0,0,0,0,0,0,0,0,0,0,2
53,2,maas,2,1,1,0,0,80,1,0,0,0,0,0,0,0,0,0,0,0,0,0,0,0,0,0,0,0,0,70,1,77,0,0,0,0,1,0,0,0,0,0,1,0,0,1,0,0,0,1,0,0,0,2,1,1,1,1,3,725,0,1,0,0,2,0,0,2,0,1,0,0,0,0,0,0,1,1,0,0,0,0,0,1,0,0,0,1,0,0,1,0,1,0,0,0,1,0,0,1,1,0,5,50,0,25,0,0,75,80,4152,4000,1,1,0,0,0,1,0,1,1,0,0,1,0,1,0,0,0,0,0,0,0,0,0,0,0,0,0,0,0,1
53,2,current,1,0,1,-999,-999,-999,-999,-999,-999,-999,-999,-999,-999,-999,-999,-999,-999,-999,-999,-999,-999,-999,-999,-999,-999,-999,-999,80,1,77,0,0,0,0,1,0,0,0,0,0,1,0,0,1,0,0,0,1,0,0,0,2,1,1,1,1,3,725,0,1,0,0,2,0,0,2,0,1,0,0,0,0,0,0,1,1,0,0,0,0,0,1,0,0,0,1,0,0,1,0,1,0,0,0,1,0,0,1,1,0,5,50,0,25,0,0,75,80,4152,4000,1,1,0,0,0,1,0,1,1,0,0,1,0,1,0,0,0,0,0,0,0,0,0,0,0,0,0,0,0,2
54,2,maas,2,0,0,1,0,0,0,0,0,0,0,0,0,0,0,0,0,0,0,0,0,0,0,0,0,1,1,30,1,53,0,0,1,0,0,0,0,0,1,0,0,0,1,0,0,0,0,1,0,0,0,1,1,2,1,1,4,75,1,0,0,0,1,0,0,1,1,0,0,0,0,0,0,1,0,0,0,0,0,0,0,1,0,0,0,1,0,1,0,1,1,1,0,0,0,1,0,1,1,1,5,0,0,0,0,0,0,5,4184,4107,1,0,1,0,0,0,0,0,0,0,0,0,0,0,0,0,1,0,0,0,0,0,5,0,0,0,0,0,0,1
54,2,current,1,1,0,-999,-999,-999,-999,-999,-999,-999,-999,-999,-999,-999,-999,-999,-999,-999,-999,-999,-999,-999,-999,-999,-999,-999,-999,5,1,53,0,0,1,0,0,0,0,0,1,0,0,0,1,0,0,0,0,1,0,0,0,1,1,2,1,1,4,75,1,0,0,0,1,0,0,1,1,0,0,0,0,0,0,1,0,0,0,0,0,0,0,1,0,0,0,1,0,1,0,1,1,1,0,0,0,1,0,1,1,1,5,0,0,0,0,0,0,5,4184,4107,1,0,1,0,0,0,0,0,0,0,0,0,0,0,0,0,1,0,0,0,0,0,5,0,0,0,0,0,0,2
55,2,maas,2,1,1,0,0,0,0,0,0,0,0,0,0,0,0,0,0,0,0,0,0,0,0,0,1,0,0,10,0,50,0,0,1,0,0,0,0,0,1,0,0,0,1,0,0,0,0,0,0,0,1,2,1,1,1,1,3,1375,0,0,1,0,4,0,2,2,0,1,1,0,0,0,0,0,1,1,0,1,0,0,0,0,0,7,1,1,0,1,1,1,1,1,0,1,0,0,0,0,1,0,0,50,0,0,25,0,75,75,4350,4350,0,1,1,0,0,0,0,1,0,0,0,0,0,0,0,0,0,0,1,0,0,0,0,0,0,0,0,0,1,1
55,2,current,1,0,1,-999,-999,-999,-999,-999,-999,-999,-999,-999,-999,-999,-999,-999,-999,-999,-999,-999,-999,-999,-999,-999,-999,-999,-999,75,0,50,0,0,1,0,0,0,0,0,1,0,0,0,1,0,0,0,0,0,0,0,1,2,1,1,1,1,3,1375,0,0,1,0,4,0,2,2,0,1,1,0,0,0,0,0,1,1,0,1,0,0,0,0,0,7,1,1,0,1,1,1,1,1,0,1,0,0,0,0,1,0,0,50,0,0,25,0,75,75,4350,4350,0,1,1,0,0,0,0,1,0,0,0,0,0,0,0,0,0,0,1,0,0,0,0,0,0,0,0,0,1,2
56,2,maas,2,0,0,0,0,0,0,0,0,0,0,0,0,0,0,0,0,0,0,0,0,0,0,0,0,0,1,0,1,77,0,0,0,0,1,0,0,0,0,0,1,0,1,0,0,0,0,1,0,0,0,2,1,1,1,1,3,450,1,0,0,0,1,0,0,1,1,0,0,0,0,0,0,0,1,0,0,0,0,0,0,1,0,0,0,0,1,0,0,0,0,1,0,0,0,0,0,0,1,0,0,150,0,25,0,0,175,175,4074,4306,0,0,0,0,0,0,1,0,1,0,1,0,0,1,0,0,0,0,0,0,0,0,10,0,0,0,0,0,0,1
56,2,current,1,1,0,-999,-999,-999,-999,-999,-999,-999,-999,-999,-999,-999,-999,-999,-999,-999,-999,-999,-999,-999,-999,-999,-999,-999,-999,175,1,77,0,0,0,0,1,0,0,0,0,0,1,0,1,0,0,0,0,1,0,0,0,2,1,1,1,1,3,450,1,0,0,0,1,0,0,1,1,0,0,0,0,0,0,0,1,0,0,0,0,0,0,1,0,0,0,0,1,0,0,0,0,1,0,0,0,0,0,0,1,0,0,150,0,25,0,0,175,175,4074,4306,0,0,0,0,0,0,1,0,1,0,1,0,0,1,0,0,0,0,0,0,0,0,10,0,0,0,0,0,0,2
57,2,maas,2,1,1,1,0,0,0,0,0,0,0,0,0,0,0,0,0,0,0,0,0,0,0,0,0,0,0,20,0,18,1,0,0,0,0,1,0,0,0,0,0,0,0,1,1,1,0,1,0,0,0,2,1,2,1,1,4,725,0,1,0,0,4,1,0,3,0,0,0,0,1,0,1,0,1,0,0,0,1,0,0,0,0,0,0,1,0,1,1,1,1,1,0,0,0,0,0,0,1,0,5,0,25,75,0,25,0,130,4305,4305,1,0,1,0,0,0,0,1,0,0,0,1,0,0,0,0,0,0,0,0,0,0,0,0,0,0,0,0,0,1
57,2,current,1,0,1,-999,-999,-999,-999,-999,-999,-999,-999,-999,-999,-999,-999,-999,-999,-999,-999,-999,-999,-999,-999,-999,-999,-999,-999,130,0,18,1,0,0,0,0,1,0,0,0,0,0,0,0,1,1,1,0,1,0,0,0,2,1,2,1,1,4,725,0,1,0,0,4,1,0,3,0,0,0,0,1,0,1,0,1,0,0,0,1,0,0,0,0,0,0,1,0,1,1,1,1,1,0,0,0,0,0,0,1,0,5,0,25,75,0,25,0,130,4305,4305,1,0,1,0,0,0,0,1,0,0,0,1,0,0,0,0,0,0,0,0,0,0,0,0,0,0,0,0,0,2
58,2,maas,2,1,1,0,0,0,0,0,0,0,0,0,0,0,0,0,0,0,0,0,0,0,0,1,0,0,1,0,0,85,0,0,0,0,1,0,0,0,0,0,1,0,0,1,0,0,0,1,0,0,0,2,1,1,1,1,3,1125,0,1,0,0,1,0,0,1,0,1,0,0,0,0,0,0,1,0,0,0,0,0,0,1,0,0,0,1,0,1,0,0,1,1,0,0,1,0,0,0,1,0,0,50,25,0,0,0,75,75,4227,4220,0,0,0,0,0,0,1,0,0,0,0,0,0,0,0,0,0,0,0,1,0,0,0,0,0,0,0,0,1,1
58,2,current,1,0,1,-999,-999,-999,-999,-999,-999,-999,-999,-999,-999,-999,-999,-999,-999,-999,-999,-999,-999,-999,-999,-999,-999,-999,-999,75,0,85,0,0,0,0,1,0,0,0,0,0,1,0,0,1,0,0,0,1,0,0,0,2,1,1,1,1,3,1125,0,1,0,0,1,0,0,1,0,1,0,0,0,0,0,0,1,0,0,0,0,0,0,1,0,0,0,1,0,1,0,0,1,1,0,0,1,0,0,0,1,0,0,50,25,0,0,0,75,75,4227,4220,0,0,0,0,0,0,1,0,0,0,0,0,0,0,0,0,0,0,0,1,0,0,0,0,0,0,0,0,1,2
59,2,maas,2,1,1,1,0,80,1,0,0,0,0,0,0,0,0,0,0,0,0,0,0,0,1,0,0,0,1,110,0,38,0,1,0,0,0,0,0,1,0,0,0,1,0,0,0,0,0,0,0,0,1,3,1,1,1,1,3,2250,0,0,1,0,5,1,0,4,0,1,1,0,1,0,0,0,1,1,1,0,0,0,0,0,0,7,1,1,0,1,1,1,1,1,0,1,0,0,0,0,1,0,5,150,0,0,0,0,225,155,4113,4170,1,0,1,0,0,0,0,1,0,1,0,0,0,0,0,0,0,0,0,0,0,0,0,0,0,0,0,0,0,1
59,2,current,1,0,1,-999,-999,-999,-999,-999,-999,-999,-999,-999,-999,-999,-999,-999,-999,-999,-999,-999,-999,-999,-999,-999,-999,-999,-999,155,0,38,0,1,0,0,0,0,0,1,0,0,0,1,0,0,0,0,0,0,0,0,1,3,1,1,1,1,3,2250,0,0,1,0,5,1,0,4,0,1,1,0,1,0,0,0,1,1,1,0,0,0,0,0,0,7,1,1,0,1,1,1,1,1,0,1,0,0,0,0,1,0,5,150,0,0,0,0,225,155,4113,4170,1,0,1,0,0,0,0,1,0,1,0,0,0,0,0,0,0,0,0,0,0,0,0,0,0,0,0,0,0,2
60,2,maas,2,1,1,1,0,0,0,0,0,0,0,0,0,0,0,0,0,0,0,0,0,0,0,1,0,0,0,20,0,75,0,0,0,1,0,0,0,0,0,0,1,0,1,0,0,0,0,1,0,0,0,2,1,1,1,1,3,350,1,0,0,0,1,0,0,1,1,0,0,0,0,0,0,0,1,1,0,0,0,1,0,0,0,0,0,1,0,1,0,1,1,1,0,0,0,0,0,0,1,0,15,50,25,25,0,0,25,115,4558,4556,0,0,0,0,0,0,1,1,0,0,0,0,0,0,0,0,0,1,0,0,0,0,0,0,0,0,0,0,0,1
60,2,current,1,0,1,-999,-999,-999,-999,-999,-999,-999,-999,-999,-999,-999,-999,-999,-999,-999,-999,-999,-999,-999,-999,-999,-999,-999,-999,115,0,75,0,0,0,1,0,0,0,0,0,0,1,0,1,0,0,0,0,1,0,0,0,2,1,1,1,1,3,350,1,0,0,0,1,0,0,1,1,0,0,0,0,0,0,0,1,1,0,0,0,1,0,0,0,0,0,1,0,1,0,1,1,1,0,0,0,0,0,0,1,0,15,50,25,25,0,0,25,115,4558,4556,0,0,0,0,0,0,1,1,0,0,0,0,0,0,0,0,0,1,0,0,0,0,0,0,0,0,0,0,0,2
61,2,maas,2,0,0,1,0,80,1,0,0,0,0,30,0,1,0,0,0,30,0,1,0,0,1,0,1,1,1,180,0,29,0,1,0,0,0,0,1,0,0,0,0,0,0,1,0,0,0,1,0,0,0,3,1,3,1,1,5,2750,0,0,1,0,4,2,0,2,0,1,1,0,0,0,0,0,1,0,0,1,0,0,0,0,0,7,1,1,0,1,1,1,1,1,0,1,0,0,0,0,1,0,0,50,0,0,0,0,125,50,4500,4500,1,1,1,0,0,0,0,0,1,0,0,0,0,0,0,0,1,0,0,0,0,0,100,0,0,0,0,0,0,1
61,2,current,1,1,0,-999,-999,-999,-999,-999,-999,-999,-999,-999,-999,-999,-999,-999,-999,-999,-999,-999,-999,-999,-999,-999,-999,-999,-999,50,0,29,0,1,0,0,0,0,1,0,0,0,0,0,0,1,0,0,0,1,0,0,0,3,1,3,1,1,5,2750,0,0,1,0,4,2,0,2,0,1,1,0,0,0,0,0,1,0,0,1,0,0,0,0,0,7,1,1,0,1,1,1,1,1,0,1,0,0,0,0,1,0,0,50,0,0,0,0,125,50,4500,4500,1,1,1,0,0,0,0,0,1,0,0,0,0,0,0,0,1,0,0,0,0,0,100,0,0,0,0,0,0,2
62,2,maas,2,0,0,1,0,0,0,0,0,0,0,0,0,0,0,0,0,0,0,0,0,0,0,1,0,1,1,30,1,59,0,0,0,1,0,0,0,0,0,1,0,0,0,1,0,0,0,0,0,0,1,1,1,2,1,1,4,75,1,0,0,0,1,0,0,1,1,0,0,0,0,0,1,0,1,0,0,0,0,0,0,0,1,0,0,1,0,1,0,1,1,1,0,0,0,1,0,1,0,1,5,0,0,0,25,0,0,30,4005,4006,1,0,1,0,0,0,0,0,1,0,0,0,0,0,0,0,0,0,0,0,0,0,60,0,0,0,0,0,0,1
62,2,current,1,1,0,-999,-999,-999,-999,-999,-999,-999,-999,-999,-999,-999,-999,-999,-999,-999,-999,-999,-999,-999,-999,-999,-999,-999,-999,30,1,59,0,0,0,1,0,0,0,0,0,1,0,0,0,1,0,0,0,0,0,0,1,1,1,2,1,1,4,75,1,0,0,0,1,0,0,1,1,0,0,0,0,0,1,0,1,0,0,0,0,0,0,0,1,0,0,1,0,1,0,1,1,1,0,0,0,1,0,1,0,1,5,0,0,0,25,0,0,30,4005,4006,1,0,1,0,0,0,0,0,1,0,0,0,0,0,0,0,0,0,0,0,0,0,60,0,0,0,0,0,0,2
63,2,maas,2,1,1,1,0,200,0,1,0,0,0,0,0,0,0,0,30,0,1,0,0,0,0,1,0,1,1,210,0,25,1,0,0,0,0,0,1,0,0,0,0,1,0,0,1,1,0,0,0,0,1,2,1,1,1,1,3,1375,0,0,1,0,6,0,1,5,0,0,0,0,0,1,0,1,0,1,0,1,0,0,0,0,0,7,1,1,0,1,1,1,1,1,0,0,0,0,0,1,0,0,15,0,0,0,25,0,0,40,4216,4214,1,1,1,0,0,0,0,1,1,1,1,0,0,0,0,0,0,0,0,0,0,0,0,0,0,0,0,0,0,1
63,2,current,1,0,1,-999,-999,-999,-999,-999,-999,-999,-999,-999,-999,-999,-999,-999,-999,-999,-999,-999,-999,-999,-999,-999,-999,-999,-999,40,0,25,1,0,0,0,0,0,1,0,0,0,0,1,0,0,1,1,0,0,0,0,1,2,1,1,1,1,3,1375,0,0,1,0,6,0,1,5,0,0,0,0,0,1,0,1,0,1,0,1,0,0,0,0,0,7,1,1,0,1,1,1,1,1,0,0,0,0,0,1,0,0,15,0,0,0,25,0,0,40,4216,4214,1,1,1,0,0,0,0,1,1,1,1,0,0,0,0,0,0,0,0,0,0,0,0,0,0,0,0,0,0,2
64,2,maas,2,0,0,1,0,0,0,0,0,0,0,0,0,0,0,0,0,0,0,0,0,0,0,0,0,0,0,20,1,79,0,0,0,0,1,0,0,0,0,0,1,1,0,0,0,0,0,1,0,0,0,2,1,1,1,1,3,1875,0,0,1,0,2,0,0,2,0,1,0,0,0,0,0,0,1,0,0,0,0,0,0,1,0,0,0,0,1,0,0,0,1,0,0,0,0,1,0,0,1,0,5,50,0,0,0,0,125,55,4104,4104,0,0,0,0,0,0,1,0,0,0,0,0,0,0,0,0,1,0,0,0,0,0,25,0,0,0,0,0,1,1
64,2,current,1,1,0,-999,-999,-999,-999,-999,-999,-999,-999,-999,-999,-999,-999,-999,-999,-999,-999,-999,-999,-999,-999,-999,-999,-999,-999,55,1,79,0,0,0,0,1,0,0,0,0,0,1,1,0,0,0,0,0,1,0,0,0,2,1,1,1,1,3,1875,0,0,1,0,2,0,0,2,0,1,0,0,0,0,0,0,1,0,0,0,0,0,0,1,0,0,0,0,1,0,0,0,1,0,0,0,0,1,0,0,1,0,5,50,0,0,0,0,125,55,4104,4104,0,0,0,0,0,0,1,0,0,0,0,0,0,0,0,0,1,0,0,0,0,0,25,0,0,0,0,0,1,2
65,2,maas,2,1,1,1,0,0,0,0,0,0,0,0,0,0,0,0,0,0,0,0,0,0,0,0,0,0,0,20,0,29,0,1,0,0,0,0,1,0,0,0,0,1,0,0,0,0,0,1,0,0,0,3,1,1,1,1,3,3250,0,0,0,1,3,0,1,2,0,1,1,0,0,0,1,1,0,1,1,0,0,0,0,0,0,7,1,1,0,1,0,1,1,1,0,1,0,0,0,1,0,0,30,150,25,25,25,25,125,280,4152,4000,1,0,0,0,0,0,0,0,0,0,1,0,1,1,0,0,0,0,0,0,0,0,0,0,0,0,0,0,0,1
65,2,current,1,0,1,-999,-999,-999,-999,-999,-999,-999,-999,-999,-999,-999,-999,-999,-999,-999,-999,-999,-999,-999,-999,-999,-999,-999,-999,280,0,29,0,1,0,0,0,0,1,0,0,0,0,1,0,0,0,0,0,1,0,0,0,3,1,1,1,1,3,3250,0,0,0,1,3,0,1,2,0,1,1,0,0,0,1,1,0,1,1,0,0,0,0,0,0,7,1,1,0,1,0,1,1,1,0,1,0,0,0,1,0,0,30,150,25,25,25,25,125,280,4152,4000,1,0,0,0,0,0,0,0,0,0,1,0,1,1,0,0,0,0,0,0,0,0,0,0,0,0,0,0,0,2
66,2,maas,2,0,0,1,0,0,0,0,0,0,0,0,0,0,0,0,0,0,0,0,0,0,0,0,0,0,0,20,0,45,0,0,1,0,0,0,0,0,1,0,0,1,0,0,1,1,0,1,0,0,0,2,1,1,1,1,3,850,0,1,0,0,1,0,1,0,0,1,1,0,0,0,1,0,1,0,1,0,0,0,0,0,0,7,1,0,0,1,0,1,1,1,0,0,1,0,0,0,1,0,15,50,75,75,75,75,175,365,4519,4518,1,0,0,0,1,0,0,0,0,0,0,0,0,0,0,0,0,1,0,0,0,0,250,0,0,0,0,0,0,1
66,2,current,1,1,0,-999,-999,-999,-999,-999,-999,-999,-999,-999,-999,-999,-999,-999,-999,-999,-999,-999,-999,-999,-999,-999,-999,-999,-999,365,0,45,0,0,1,0,0,0,0,0,1,0,0,1,0,0,1,1,0,1,0,0,0,2,1,1,1,1,3,850,0,1,0,0,1,0,1,0,0,1,1,0,0,0,1,0,1,0,1,0,0,0,0,0,0,7,1,0,0,1,0,1,1,1,0,0,1,0,0,0,1,0,15,50,75,75,75,75,175,365,4519,4518,1,0,0,0,1,0,0,0,0,0,0,0,0,0,0,0,0,1,0,0,0,0,250,0,0,0,0,0,0,2
67,2,maas,2,1,1,0,0,0,0,0,0,0,0,0,0,0,0,0,0,0,0,0,0,0,0,1,0,0,0,0,0,43,0,0,1,0,0,0,0,1,0,0,0,0,0,1,0,0,0,1,0,0,0,3,2,1,1,3,5,1375,0,0,1,0,4,0,2,2,0,1,1,0,0,0,1,0,1,0,0,1,0,0,0,0,0,7,1,0,0,1,0,1,1,1,0,1,0,0,0,0,1,0,0,150,25,125,0,0,225,300,4301,4285,1,0,1,0,0,0,0,0,1,0,0,0,0,0,0,0,0,0,0,0,0,0,0,0,0,0,0,0,1,1
67,2,current,1,0,1,-999,-999,-999,-999,-999,-999,-999,-999,-999,-999,-999,-999,-999,-999,-999,-999,-999,-999,-999,-999,-999,-999,-999,-999,300,0,43,0,0,1,0,0,0,0,1,0,0,0,0,0,1,0,0,0,1,0,0,0,3,2,1,1,3,5,1375,0,0,1,0,4,0,2,2,0,1,1,0,0,0,1,0,1,0,0,1,0,0,0,0,0,7,1,0,0,1,0,1,1,1,0,1,0,0,0,0,1,0,0,150,25,125,0,0,225,300,4301,4285,1,0,1,0,0,0,0,0,1,0,0,0,0,0,0,0,0,0,0,0,0,0,0,0,0,0,0,0,1,2
68,2,maas,2,1,1,1,0,80,1,0,0,0,30,0,1,0,0,0,30,0,1,0,0,0,1,1,0,1,1,210,1,50,0,0,1,0,0,0,0,0,1,0,0,1,0,0,0,0,0,1,0,1,0,3,1,2,2,1,5,725,0,1,0,0,2,0,1,1,0,0,1,0,0,0,0,0,1,1,0,1,0,0,0,0,0,7,1,1,0,1,1,1,1,1,0,1,0,0,0,0,1,0,5,150,175,0,0,0,175,330,4350,4350,0,0,1,0,0,0,0,1,1,0,0,0,0,0,0,0,0,0,0,0,0,0,0,0,0,0,0,0,0,1
68,2,current,1,0,1,-999,-999,-999,-999,-999,-999,-999,-999,-999,-999,-999,-999,-999,-999,-999,-999,-999,-999,-999,-999,-999,-999,-999,-999,330,1,50,0,0,1,0,0,0,0,0,1,0,0,1,0,0,0,0,0,1,0,1,0,3,1,2,2,1,5,725,0,1,0,0,2,0,1,1,0,0,1,0,0,0,0,0,1,1,0,1,0,0,0,0,0,7,1,1,0,1,1,1,1,1,0,1,0,0,0,0,1,0,5,150,175,0,0,0,175,330,4350,4350,0,0,1,0,0,0,0,1,1,0,0,0,0,0,0,0,0,0,0,0,0,0,0,0,0,0,0,0,0,2
69,2,maas,2,1,1,1,0,0,0,0,0,0,0,0,0,0,0,0,0,0,0,0,0,0,0,0,0,0,0,20,0,18,1,0,0,0,0,1,0,0,0,0,0,0,0,1,1,1,0,1,0,0,0,1,1,1,1,1,3,850,0,1,0,0,3,0,0,3,0,0,0,1,0,0,0,0,1,0,0,0,1,0,0,0,0,0,0,1,0,1,1,1,1,1,0,1,0,0,0,0,1,0,0,0,25,0,25,25,0,75,4305,4305,1,0,1,0,0,0,0,1,1,0,0,0,0,0,0,0,0,0,0,0,0,0,0,0,0,0,0,0,0,1
69,2,current,1,0,1,-999,-999,-999,-999,-999,-999,-999,-999,-999,-999,-999,-999,-999,-999,-999,-999,-999,-999,-999,-999,-999,-999,-999,-999,75,0,18,1,0,0,0,0,1,0,0,0,0,0,0,0,1,1,1,0,1,0,0,0,1,1,1,1,1,3,850,0,1,0,0,3,0,0,3,0,0,0,1,0,0,0,0,1,0,0,0,1,0,0,0,0,0,0,1,0,1,1,1,1,1,0,1,0,0,0,0,1,0,0,0,25,0,25,25,0,75,4305,4305,1,0,1,0,0,0,0,1,1,0,0,0,0,0,0,0,0,0,0,0,0,0,0,0,0,0,0,0,0,2
70,2,maas,2,1,1,1,0,0,0,0,0,0,0,0,0,0,0,0,0,0,0,0,0,0,0,1,0,0,0,20,1,73,0,0,0,1,0,0,0,0,0,0,1,0,0,1,0,0,0,1,0,0,0,2,1,1,1,1,3,575,0,1,0,0,2,0,0,2,0,1,0,0,0,0,0,0,1,1,0,0,0,0,0,1,0,0,0,1,0,1,1,1,1,1,1,0,1,0,0,1,1,1,15,50,0,0,0,0,75,65,4210,4220,1,0,1,0,0,0,0,1,0,0,0,0,0,0,0,0,0,0,0,0,1,0,0,0,0,0,0,0,0,1
70,2,current,1,0,1,-999,-999,-999,-999,-999,-999,-999,-999,-999,-999,-999,-999,-999,-999,-999,-999,-999,-999,-999,-999,-999,-999,-999,-999,65,1,73,0,0,0,1,0,0,0,0,0,0,1,0,0,1,0,0,0,1,0,0,0,2,1,1,1,1,3,575,0,1,0,0,2,0,0,2,0,1,0,0,0,0,0,0,1,1,0,0,0,0,0,1,0,0,0,1,0,1,1,1,1,1,1,0,1,0,0,1,1,1,15,50,0,0,0,0,75,65,4210,4220,1,0,1,0,0,0,0,1,0,0,0,0,0,0,0,0,0,0,0,0,1,0,0,0,0,0,0,0,0,2
71,2,maas,2,0,0,1,0,0,0,0,0,0,0,0,0,0,0,0,0,0,0,0,0,0,0,0,0,0,0,20,1,66,0,0,0,1,0,0,0,0,0,0,1,0,0,1,0,0,0,1,0,0,0,2,1,1,1,1,3,850,0,1,0,0,1,0,0,1,1,0,0,0,0,0,0,0,1,0,0,1,0,0,0,0,0,7,1,1,0,1,0,0,1,1,0,1,0,0,0,1,0,0,5,50,0,0,0,0,25,55,4103,4000,0,0,0,0,0,0,1,0,1,0,0,0,0,0,0,0,0,0,0,0,0,0,2,0,0,0,0,0,0,1
71,2,current,1,1,0,-999,-999,-999,-999,-999,-999,-999,-999,-999,-999,-999,-999,-999,-999,-999,-999,-999,-999,-999,-999,-999,-999,-999,-999,55,1,66,0,0,0,1,0,0,0,0,0,0,1,0,0,1,0,0,0,1,0,0,0,2,1,1,1,1,3,850,0,1,0,0,1,0,0,1,1,0,0,0,0,0,0,0,1,0,0,1,0,0,0,0,0,7,1,1,0,1,0,0,1,1,0,1,0,0,0,1,0,0,5,50,0,0,0,0,25,55,4103,4000,0,0,0,0,0,0,1,0,1,0,0,0,0,0,0,0,0,0,0,0,0,0,2,0,0,0,0,0,0,2
72,2,maas,2,0,0,0,0,0,0,0,0,0,0,0,0,0,0,0,0,0,0,0,0,0,0,1,0,1,1,10,1,75,0,0,0,1,0,0,0,0,0,0,1,1,0,0,0,0,0,1,1,1,0,2,1,2,1,1,4,1625,0,0,1,0,2,0,0,2,0,1,0,0,0,0,0,0,1,0,1,0,0,0,0,0,0,7,1,1,0,1,0,0,1,1,0,1,0,0,0,0,1,0,0,150,0,25,0,0,75,175,4504,4130,0,0,0,0,0,0,1,1,0,0,0,0,0,0,0,0,0,0,0,1,0,0,10,0,0,0,0,0,1,1
72,2,current,1,1,0,-999,-999,-999,-999,-999,-999,-999,-999,-999,-999,-999,-999,-999,-999,-999,-999,-999,-999,-999,-999,-999,-999,-999,-999,175,1,75,0,0,0,1,0,0,0,0,0,0,1,1,0,0,0,0,0,1,1,1,0,2,1,2,1,1,4,1625,0,0,1,0,2,0,0,2,0,1,0,0,0,0,0,0,1,0,1,0,0,0,0,0,0,7,1,1,0,1,0,0,1,1,0,1,0,0,0,0,1,0,0,150,0,25,0,0,75,175,4504,4130,0,0,0,0,0,0,1,1,0,0,0,0,0,0,0,0,0,0,0,1,0,0,10,0,0,0,0,0,1,2
73,2,maas,2,0,0,1,0,0,0,0,0,0,0,0,0,0,0,0,0,0,0,0,0,0,0,0,0,0,0,20,0,39,0,1,0,0,0,0,0,1,0,0,0,0,1,0,0,0,0,1,0,0,0,2,1,1,1,1,3,4250,0,0,0,1,3,1,0,2,0,1,0,0,0,0,0,0,1,0,1,0,0,0,0,0,0,7,1,1,0,1,1,1,1,0,0,0,0,0,0,1,1,0,15,250,125,25,75,125,75,615,4069,4000,1,0,1,0,1,0,0,0,0,1,0,0,0,0,0,0,0,0,0,0,0,0,10,0,0,0,0,0,0,1
73,2,current,1,1,0,-999,-999,-999,-999,-999,-999,-999,-999,-999,-999,-999,-999,-999,-999,-999,-999,-999,-999,-999,-999,-999,-999,-999,-999,615,0,39,0,1,0,0,0,0,0,1,0,0,0,0,1,0,0,0,0,1,0,0,0,2,1,1,1,1,3,4250,0,0,0,1,3,1,0,2,0,1,0,0,0,0,0,0,1,0,1,0,0,0,0,0,0,7,1,1,0,1,1,1,1,0,0,0,0,0,0,1,1,0,15,250,125,25,75,125,75,615,4069,4000,1,0,1,0,1,0,0,0,0,1,0,0,0,0,0,0,0,0,0,0,0,0,10,0,0,0,0,0,0,2
74,2,maas,2,1,1,0,0,80,1,0,0,0,0,0,0,0,0,0,0,0,0,0,0,0,0,0,0,0,0,70,0,32,0,1,0,0,0,0,1,0,0,0,0,1,0,0,1,1,0,1,0,0,0,2,1,1,1,1,3,2250,0,0,1,0,4,2,0,2,0,1,1,0,0,0,1,1,0,0,0,1,0,0,0,0,0,7,1,0,0,1,1,1,1,0,0,0,0,0,0,0,1,1,15,50,0,0,0,0,25,65,4350,4350,0,0,0,0,0,0,1,1,0,0,1,0,0,0,0,0,0,0,0,0,0,0,0,0,0,0,0,0,0,1
74,2,current,1,0,1,-999,-999,-999,-999,-999,-999,-999,-999,-999,-999,-999,-999,-999,-999,-999,-999,-999,-999,-999,-999,-999,-999,-999,-999,65,0,32,0,1,0,0,0,0,1,0,0,0,0,1,0,0,1,1,0,1,0,0,0,2,1,1,1,1,3,2250,0,0,1,0,4,2,0,2,0,1,1,0,0,0,1,1,0,0,0,1,0,0,0,0,0,7,1,0,0,1,1,1,1,0,0,0,0,0,0,0,1,1,15,50,0,0,0,0,25,65,4350,4350,0,0,0,0,0,0,1,1,0,0,1,0,0,0,0,0,0,0,0,0,0,0,0,0,0,0,0,0,0,2
75,2,maas,2,1,1,0,0,0,0,0,0,0,0,0,0,0,0,0,0,0,0,0,0,0,0,0,1,1,1,20,0,55,0,0,1,0,0,0,0,0,0,1,0,1,0,0,0,0,0,1,0,0,0,2,1,1,1,1,3,2250,0,0,1,0,3,0,0,3,0,0,0,0,1,0,0,0,1,1,0,1,0,0,0,0,0,7,1,0,1,1,0,0,1,0,0,1,0,0,0,0,1,0,30,50,25,0,25,0,0,130,4214,4215,0,0,0,0,0,0,1,1,1,1,0,0,0,0,0,0,1,0,0,0,0,0,0,0,0,0,0,0,1,1
75,2,current,1,0,1,-999,-999,-999,-999,-999,-999,-999,-999,-999,-999,-999,-999,-999,-999,-999,-999,-999,-999,-999,-999,-999,-999,-999,-999,130,0,55,0,0,1,0,0,0,0,0,0,1,0,1,0,0,0,0,0,1,0,0,0,2,1,1,1,1,3,2250,0,0,1,0,3,0,0,3,0,0,0,0,1,0,0,0,1,1,0,1,0,0,0,0,0,7,1,0,1,1,0,0,1,0,0,1,0,0,0,0,1,0,30,50,25,0,25,0,0,130,4214,4215,0,0,0,0,0,0,1,1,1,1,0,0,0,0,0,0,1,0,0,0,0,0,0,0,0,0,0,0,1,2
76,2,maas,2,1,1,0,0,80,1,0,0,0,0,0,0,0,0,0,0,0,0,0,0,0,0,0,0,0,0,70,1,77,0,0,0,0,1,0,0,0,0,0,1,1,0,0,0,0,0,1,0,0,0,1,1,1,1,1,3,725,0,1,0,0,1,0,0,1,1,0,0,0,0,0,0,1,0,1,0,0,0,0,0,1,0,0,0,1,0,0,1,1,1,0,0,0,0,0,0,0,0,0,50,0,0,0,25,0,0,75,4109,4109,0,0,0,0,0,0,1,1,0,1,0,0,1,0,0,1,0,0,0,0,0,0,0,0,0,0,0,0,0,1
76,2,current,1,0,1,-999,-999,-999,-999,-999,-999,-999,-999,-999,-999,-999,-999,-999,-999,-999,-999,-999,-999,-999,-999,-999,-999,-999,-999,75,1,77,0,0,0,0,1,0,0,0,0,0,1,1,0,0,0,0,0,1,0,0,0,1,1,1,1,1,3,725,0,1,0,0,1,0,0,1,1,0,0,0,0,0,0,1,0,1,0,0,0,0,0,1,0,0,0,1,0,0,1,1,1,0,0,0,0,0,0,0,0,0,50,0,0,0,25,0,0,75,4109,4109,0,0,0,0,0,0,1,1,0,1,0,0,1,0,0,1,0,0,0,0,0,0,0,0,0,0,0,0,0,2
77,2,maas,2,1,1,0,0,80,1,0,0,0,0,0,0,0,0,0,0,0,0,0,0,0,0,0,0,0,0,70,0,40,0,1,0,0,0,0,0,1,0,0,0,0,0,1,0,0,0,0,0,0,1,1,1,5,1,1,7,575,0,1,0,0,4,2,0,2,0,1,1,0,0,0,0,1,0,1,0,0,0,0,0,0,1,0,0,1,0,1,1,1,1,1,0,0,0,1,1,1,0,1,50,0,0,0,25,0,0,75,4019,4020,1,1,1,0,0,0,0,1,0,0,0,0,0,0,0,0,1,0,0,0,0,0,0,1,1,1,0,0,0,1
77,2,current,1,0,1,-999,-999,-999,-999,-999,-999,-999,-999,-999,-999,-999,-999,-999,-999,-999,-999,-999,-999,-999,-999,-999,-999,-999,-999,75,0,40,0,1,0,0,0,0,0,1,0,0,0,0,0,1,0,0,0,0,0,0,1,1,1,5,1,1,7,575,0,1,0,0,4,2,0,2,0,1,1,0,0,0,0,1,0,1,0,0,0,0,0,0,1,0,0,1,0,1,1,1,1,1,0,0,0,1,1,1,0,1,50,0,0,0,25,0,0,75,4019,4020,1,1,1,0,0,0,0,1,0,0,0,0,0,0,0,0,1,0,0,0,0,0,0,1,1,1,0,0,0,2
78,2,maas,2,0,0,0,0,0,0,0,0,0,0,0,0,0,0,0,0,0,0,0,0,0,0,1,0,0,1,0,0,73,0,0,0,1,0,0,0,0,0,0,1,0,0,1,0,0,0,1,0,0,0,2,1,1,1,1,3,850,0,1,0,0,2,0,0,2,0,1,0,0,0,0,0,0,1,0,0,0,0,0,0,1,0,0,0,1,0,1,0,1,1,1,1,0,0,0,0,0,1,0,0,50,25,25,25,0,125,125,4509,4509,0,0,1,0,0,0,0,0,0,0,0,0,0,0,0,0,0,0,0,1,0,0,10,1,1,1,1,0,0,1
78,2,current,1,1,0,-999,-999,-999,-999,-999,-999,-999,-999,-999,-999,-999,-999,-999,-999,-999,-999,-999,-999,-999,-999,-999,-999,-999,-999,125,0,73,0,0,0,1,0,0,0,0,0,0,1,0,0,1,0,0,0,1,0,0,0,2,1,1,1,1,3,850,0,1,0,0,2,0,0,2,0,1,0,0,0,0,0,0,1,0,0,0,0,0,0,1,0,0,0,1,0,1,0,1,1,1,1,0,0,0,0,0,1,0,0,50,25,25,25,0,125,125,4509,4509,0,0,1,0,0,0,0,0,0,0,0,0,0,0,0,0,0,0,0,1,0,0,10,1,1,1,1,0,0,2
79,2,maas,2,1,1,0,0,0,0,0,0,0,0,0,0,0,0,0,0,0,0,0,0,0,0,0,0,0,1,0,0,41,0,1,0,0,0,0,0,1,0,0,0,1,0,0,0,0,0,1,0,0,0,2,1,1,1,1,3,0,0,0,0,0,4,2,0,2,0,1,1,0,0,0,0,0,1,1,0,1,0,0,0,0,0,7,1,0,0,0,0,1,0,0,0,1,0,0,0,0,1,0,0,50,0,0,0,0,125,50,4034,4034,0,0,0,0,0,0,1,1,1,1,0,1,0,0,0,0,0,0,0,0,0,0,0,0,0,0,0,0,0,1
79,2,current,1,0,1,-999,-999,-999,-999,-999,-999,-999,-999,-999,-999,-999,-999,-999,-999,-999,-999,-999,-999,-999,-999,-999,-999,-999,-999,50,0,41,0,1,0,0,0,0,0,1,0,0,0,1,0,0,0,0,0,1,0,0,0,2,1,1,1,1,3,0,0,0,0,0,4,2,0,2,0,1,1,0,0,0,0,0,1,1,0,1,0,0,0,0,0,7,1,0,0,0,0,1,0,0,0,1,0,0,0,0,1,0,0,50,0,0,0,0,125,50,4034,4034,0,0,0,0,0,0,1,1,1,1,0,1,0,0,0,0,0,0,0,0,0,0,0,0,0,0,0,0,0,2
80,2,maas,2,1,1,0,0,80,1,0,0,0,0,0,0,0,0,0,0,0,0,0,0,0,0,0,0,0,0,70,1,42,0,0,1,0,0,0,0,1,0,0,0,1,0,0,0,0,0,1,0,0,0,2,1,3,1,1,5,225,1,0,0,0,1,0,0,1,0,0,0,0,0,1,1,0,1,1,0,1,0,0,0,0,0,7,1,1,0,1,1,1,1,0,0,0,0,0,1,0,0,0,70,150,25,0,75,0,175,320,4218,4218,0,1,1,0,0,0,0,1,1,0,0,0,0,0,0,0,0,0,0,0,0,0,0,0,0,0,0,0,0,1
80,2,current,1,0,1,-999,-999,-999,-999,-999,-999,-999,-999,-999,-999,-999,-999,-999,-999,-999,-999,-999,-999,-999,-999,-999,-999,-999,-999,320,1,42,0,0,1,0,0,0,0,1,0,0,0,1,0,0,0,0,0,1,0,0,0,2,1,3,1,1,5,225,1,0,0,0,1,0,0,1,0,0,0,0,0,1,1,0,1,1,0,1,0,0,0,0,0,7,1,1,0,1,1,1,1,0,0,0,0,0,1,0,0,0,70,150,25,0,75,0,175,320,4218,4218,0,1,1,0,0,0,0,1,1,0,0,0,0,0,0,0,0,0,0,0,0,0,0,0,0,0,0,0,0,2
81,2,maas,2,1,1,0,0,80,1,0,0,0,0,0,0,0,0,0,0,0,0,0,0,0,0,1,0,0,1,70,1,67,0,0,0,1,0,0,0,0,0,0,1,1,0,0,0,0,0,1,0,0,0,3,1,1,1,1,3,2750,0,0,1,0,2,0,0,2,0,1,0,0,0,0,0,0,1,1,0,0,0,0,0,1,0,0,0,1,0,1,0,1,1,1,0,0,1,0,0,0,1,0,0,150,0,25,25,0,125,200,4053,4051,1,0,1,0,0,0,0,1,0,0,0,0,0,0,0,0,0,0,0,1,0,0,0,0,0,0,0,0,0,1
81,2,current,1,0,1,-999,-999,-999,-999,-999,-999,-999,-999,-999,-999,-999,-999,-999,-999,-999,-999,-999,-999,-999,-999,-999,-999,-999,-999,200,1,67,0,0,0,1,0,0,0,0,0,0,1,1,0,0,0,0,0,1,0,0,0,3,1,1,1,1,3,2750,0,0,1,0,2,0,0,2,0,1,0,0,0,0,0,0,1,1,0,0,0,0,0,1,0,0,0,1,0,1,0,1,1,1,0,0,1,0,0,0,1,0,0,150,0,25,25,0,125,200,4053,4051,1,0,1,0,0,0,0,1,0,0,0,0,0,0,0,0,0,0,0,1,0,0,0,0,0,0,0,0,0,2
82,2,maas,2,0,0,0,0,0,0,0,0,0,0,0,0,0,0,0,0,0,0,0,0,0,0,1,0,0,0,0,0,70,0,0,0,1,0,0,0,0,0,0,1,0,1,0,0,0,0,1,0,0,0,3,1,1,1,1,3,850,0,1,0,0,2,0,0,2,0,1,0,0,0,0,0,0,1,0,0,0,0,0,0,1,0,0,0,1,0,0,0,0,1,1,1,0,1,0,0,0,1,0,0,150,0,0,0,0,75,150,4508,4508,0,0,0,0,0,0,1,0,1,0,0,0,0,0,0,0,0,0,0,0,0,0,0,0,0,0,0,0,0,1
82,2,current,1,1,0,-999,-999,-999,-999,-999,-999,-999,-999,-999,-999,-999,-999,-999,-999,-999,-999,-999,-999,-999,-999,-999,-999,-999,-999,150,0,70,0,0,0,1,0,0,0,0,0,0,1,0,1,0,0,0,0,1,0,0,0,3,1,1,1,1,3,850,0,1,0,0,2,0,0,2,0,1,0,0,0,0,0,0,1,0,0,0,0,0,0,1,0,0,0,1,0,0,0,0,1,1,1,0,1,0,0,0,1,0,0,150,0,0,0,0,75,150,4508,4508,0,0,0,0,0,0,1,0,1,0,0,0,0,0,0,0,0,0,0,0,0,0,0,0,0,0,0,0,0,2
83,2,maas,2,0,0,0,0,0,0,0,0,0,0,0,0,0,0,0,0,0,0,0,0,0,0,0,0,0,1,0,1,72,0,0,0,1,0,0,0,0,0,0,1,0,1,0,0,0,0,1,0,0,0,2,1,1,1,1,3,850,0,1,0,0,2,0,0,2,0,1,0,0,0,0,0,0,1,0,0,0,0,0,0,1,0,0,0,0,1,0,0,0,1,0,0,0,1,0,0,0,1,0,0,50,0,0,0,0,25,50,4551,4551,0,0,0,0,0,0,1,0,0,0,0,0,0,0,0,0,0,0,1,0,0,0,0,0,0,0,0,0,0,1
83,2,current,1,1,0,-999,-999,-999,-999,-999,-999,-999,-999,-999,-999,-999,-999,-999,-999,-999,-999,-999,-999,-999,-999,-999,-999,-999,-999,50,1,72,0,0,0,1,0,0,0,0,0,0,1,0,1,0,0,0,0,1,0,0,0,2,1,1,1,1,3,850,0,1,0,0,2,0,0,2,0,1,0,0,0,0,0,0,1,0,0,0,0,0,0,1,0,0,0,0,1,0,0,0,1,0,0,0,1,0,0,0,1,0,0,50,0,0,0,0,25,50,4551,4551,0,0,0,0,0,0,1,0,0,0,0,0,0,0,0,0,0,0,1,0,0,0,0,0,0,0,0,0,0,2
84,2,maas,2,0,0,1,0,0,0,0,0,0,0,0,0,0,0,0,0,0,0,0,0,0,0,0,0,0,0,20,1,76,0,0,0,0,1,0,0,0,0,0,1,1,0,0,0,0,0,1,0,0,0,2,1,2,1,1,4,575,0,1,0,0,1,0,0,1,1,0,0,0,0,0,0,0,1,0,0,0,0,0,0,1,0,0,0,0,0,1,0,0,1,1,0,0,1,0,0,0,1,0,5,50,25,0,0,0,25,80,4305,4305,0,0,0,0,0,0,1,0,0,0,0,0,0,0,0,0,0,0,1,0,0,0,0,0,0,0,0,0,0,1
84,2,current,1,1,0,-999,-999,-999,-999,-999,-999,-999,-999,-999,-999,-999,-999,-999,-999,-999,-999,-999,-999,-999,-999,-999,-999,-999,-999,80,1,76,0,0,0,0,1,0,0,0,0,0,1,1,0,0,0,0,0,1,0,0,0,2,1,2,1,1,4,575,0,1,0,0,1,0,0,1,1,0,0,0,0,0,0,0,1,0,0,0,0,0,0,1,0,0,0,0,0,1,0,0,1,1,0,0,1,0,0,0,1,0,5,50,25,0,0,0,25,80,4305,4305,0,0,0,0,0,0,1,0,0,0,0,0,0,0,0,0,0,0,1,0,0,0,0,0,0,0,0,0,0,2
85,2,maas,2,1,1,0,0,0,0,0,0,0,0,0,0,0,0,0,0,0,0,0,0,0,0,1,0,1,1,10,1,66,0,0,0,1,0,0,0,0,0,0,1,0,1,0,0,0,0,0,0,0,1,1,1,1,1,1,3,1375,0,0,1,0,1,0,0,1,1,0,0,0,0,0,0,0,1,0,1,0,0,0,0,0,0,7,1,1,0,0,0,1,1,1,0,1,0,0,0,1,0,1,15,0,0,0,0,0,0,15,4005,4102,1,0,0,0,0,0,0,1,0,0,0,0,0,0,0,0,0,0,1,0,0,0,0,0,0,0,0,0,0,1
85,2,current,1,0,1,-999,-999,-999,-999,-999,-999,-999,-999,-999,-999,-999,-999,-999,-999,-999,-999,-999,-999,-999,-999,-999,-999,-999,-999,15,1,66,0,0,0,1,0,0,0,0,0,0,1,0,1,0,0,0,0,0,0,0,1,1,1,1,1,1,3,1375,0,0,1,0,1,0,0,1,1,0,0,0,0,0,0,0,1,0,1,0,0,0,0,0,0,7,1,1,0,0,0,1,1,1,0,1,0,0,0,1,0,1,15,0,0,0,0,0,0,15,4005,4102,1,0,0,0,0,0,0,1,0,0,0,0,0,0,0,0,0,0,1,0,0,0,0,0,0,0,0,0,0,2
86,2,maas,2,0,0,1,0,0,0,0,0,0,0,0,0,0,0,0,0,0,0,0,0,0,0,0,0,1,1,30,1,73,0,0,0,1,0,0,0,0,0,0,1,0,0,1,0,0,0,1,0,0,0,2,1,1,1,1,3,1375,0,0,1,0,1,0,0,1,0,1,0,0,0,0,0,0,1,0,0,1,0,0,0,0,0,7,1,1,0,1,0,0,1,1,0,1,0,0,0,0,1,0,0,150,25,25,0,0,75,200,4503,4000,0,0,1,0,0,1,0,0,1,0,0,0,0,0,0,0,0,0,0,0,0,0,10,0,0,0,0,0,1,1
86,2,current,1,1,0,-999,-999,-999,-999,-999,-999,-999,-999,-999,-999,-999,-999,-999,-999,-999,-999,-999,-999,-999,-999,-999,-999,-999,-999,200,1,73,0,0,0,1,0,0,0,0,0,0,1,0,0,1,0,0,0,1,0,0,0,2,1,1,1,1,3,1375,0,0,1,0,1,0,0,1,0,1,0,0,0,0,0,0,1,0,0,1,0,0,0,0,0,7,1,1,0,1,0,0,1,1,0,1,0,0,0,0,1,0,0,150,25,25,0,0,75,200,4503,4000,0,0,1,0,0,1,0,0,1,0,0,0,0,0,0,0,0,0,0,0,0,0,10,0,0,0,0,0,1,2
87,2,maas,2,0,0,0,0,0,0,0,0,0,0,0,0,0,0,0,0,0,0,0,0,0,0,1,0,0,0,0,0,66,0,0,0,1,0,0,0,0,0,0,1,1,0,0,0,0,0,1,0,0,0,3,2,1,2,1,4,2250,0,0,1,0,2,0,0,2,0,1,0,0,0,0,0,0,1,0,0,1,0,0,0,0,0,7,1,1,0,1,0,1,1,1,0,0,1,0,0,0,1,0,0,50,0,0,25,0,75,75,4000,4000,1,1,1,0,0,0,0,0,1,0,0,0,0,0,0,0,0,1,0,0,0,0,0,0,0,0,0,0,0,1
87,2,current,1,1,0,-999,-999,-999,-999,-999,-999,-999,-999,-999,-999,-999,-999,-999,-999,-999,-999,-999,-999,-999,-999,-999,-999,-999,-999,75,0,66,0,0,0,1,0,0,0,0,0,0,1,1,0,0,0,0,0,1,0,0,0,3,2,1,2,1,4,2250,0,0,1,0,2,0,0,2,0,1,0,0,0,0,0,0,1,0,0,1,0,0,0,0,0,7,1,1,0,1,0,1,1,1,0,0,1,0,0,0,1,0,0,50,0,0,25,0,75,75,4000,4000,1,1,1,0,0,0,0,0,1,0,0,0,0,0,0,0,0,1,0,0,0,0,0,0,0,0,0,0,0,2
88,2,maas,2,1,1,1,0,0,0,0,0,0,0,30,0,1,0,0,0,30,0,1,0,0,0,0,0,0,0,70,1,25,1,0,0,0,0,0,1,0,0,0,0,1,0,0,0,0,0,1,0,0,0,2,2,2,1,2,5,1375,0,0,1,0,1,0,0,1,1,0,0,0,0,0,1,1,0,1,1,0,0,0,0,0,0,7,1,1,0,1,1,1,1,1,0,1,0,0,0,0,1,0,30,250,125,125,75,75,125,680,4051,4051,1,0,0,0,1,0,0,1,0,1,0,0,1,0,0,0,0,0,0,0,0,0,0,0,0,0,0,0,0,1
88,2,current,1,0,1,-999,-999,-999,-999,-999,-999,-999,-999,-999,-999,-999,-999,-999,-999,-999,-999,-999,-999,-999,-999,-999,-999,-999,-999,680,1,25,1,0,0,0,0,0,1,0,0,0,0,1,0,0,0,0,0,1,0,0,0,2,2,2,1,2,5,1375,0,0,1,0,1,0,0,1,1,0,0,0,0,0,1,1,0,1,1,0,0,0,0,0,0,7,1,1,0,1,1,1,1,1,0,1,0,0,0,0,1,0,30,250,125,125,75,75,125,680,4051,4051,1,0,0,0,1,0,0,1,0,1,0,0,1,0,0,0,0,0,0,0,0,0,0,0,0,0,0,0,0,2
89,2,maas,2,1,1,1,0,0,0,0,0,0,0,0,0,0,0,0,0,0,0,0,0,0,0,0,0,0,1,20,0,39,0,1,0,0,0,0,0,1,0,0,0,0,0,1,0,0,0,1,0,0,0,6,1,1,1,1,3,450,1,0,0,0,4,1,0,3,0,1,1,0,0,0,1,0,1,0,0,0,0,0,0,0,1,0,0,0,0,1,0,1,0,0,0,0,1,0,0,0,1,0,0,50,0,0,0,0,25,50,4030,4030,0,0,0,0,0,0,1,1,0,0,0,0,0,0,0,0,0,0,0,0,1,0,0,0,0,0,0,0,0,1
89,2,current,1,0,1,-999,-999,-999,-999,-999,-999,-999,-999,-999,-999,-999,-999,-999,-999,-999,-999,-999,-999,-999,-999,-999,-999,-999,-999,50,0,39,0,1,0,0,0,0,0,1,0,0,0,0,0,1,0,0,0,1,0,0,0,6,1,1,1,1,3,450,1,0,0,0,4,1,0,3,0,1,1,0,0,0,1,0,1,0,0,0,0,0,0,0,1,0,0,0,0,1,0,1,0,0,0,0,1,0,0,0,1,0,0,50,0,0,0,0,25,50,4030,4030,0,0,0,0,0,0,1,1,0,0,0,0,0,0,0,0,0,0,0,0,1,0,0,0,0,0,0,0,0,2
90,2,maas,2,0,0,0,0,0,0,0,0,0,0,0,0,0,0,0,0,0,0,0,0,0,0,0,0,1,0,10,0,54,0,0,1,0,0,0,0,0,1,0,0,0,1,0,0,0,0,1,0,0,0,2,1,1,1,1,3,1625,0,0,1,0,2,0,0,2,0,1,0,0,0,0,0,0,1,0,0,0,0,0,0,0,1,0,0,1,0,1,0,1,1,1,0,0,1,0,0,0,1,0,0,150,0,25,0,0,75,175,4301,4301,0,0,1,0,0,0,0,0,1,0,1,0,0,0,1,0,0,0,0,0,0,0,0,0,0,0,0,0,0,1
90,2,current,1,1,0,-999,-999,-999,-999,-999,-999,-999,-999,-999,-999,-999,-999,-999,-999,-999,-999,-999,-999,-999,-999,-999,-999,-999,-999,175,0,54,0,0,1,0,0,0,0,0,1,0,0,0,1,0,0,0,0,1,0,0,0,2,1,1,1,1,3,1625,0,0,1,0,2,0,0,2,0,1,0,0,0,0,0,0,1,0,0,0,0,0,0,0,1,0,0,1,0,1,0,1,1,1,0,0,1,0,0,0,1,0,0,150,0,25,0,0,75,175,4301,4301,0,0,1,0,0,0,0,0,1,0,1,0,0,0,1,0,0,0,0,0,0,0,0,0,0,0,0,0,0,2
91,2,maas,2,1,1,0,1,0,0,0,0,0,0,0,0,0,0,0,0,0,0,0,0,0,0,0,0,0,0,40,1,67,0,0,0,1,0,0,0,0,0,0,1,1,0,0,0,0,0,1,0,0,0,2,1,1,1,1,3,725,0,1,0,0,2,0,0,2,0,1,0,0,0,0,0,0,1,1,0,1,0,0,0,0,0,7,1,1,0,1,0,1,1,0,0,1,0,0,0,0,1,0,0,50,0,0,0,0,75,50,4280,4280,1,0,1,0,0,1,0,1,0,0,0,0,0,0,0,0,0,0,0,0,1,0,0,0,0,0,0,0,0,1
91,2,current,1,0,1,-999,-999,-999,-999,-999,-999,-999,-999,-999,-999,-999,-999,-999,-999,-999,-999,-999,-999,-999,-999,-999,-999,-999,-999,50,1,67,0,0,0,1,0,0,0,0,0,0,1,1,0,0,0,0,0,1,0,0,0,2,1,1,1,1,3,725,0,1,0,0,2,0,0,2,0,1,0,0,0,0,0,0,1,1,0,1,0,0,0,0,0,7,1,1,0,1,0,1,1,0,0,1,0,0,0,0,1,0,0,50,0,0,0,0,75,50,4280,4280,1,0,1,0,0,1,0,1,0,0,0,0,0,0,0,0,0,0,0,0,1,0,0,0,0,0,0,0,0,2
92,2,maas,2,0,0,0,0,80,1,0,0,0,0,0,0,0,0,0,0,0,0,0,0,0,0,0,0,0,0,70,1,71,0,0,0,1,0,0,0,0,0,0,1,1,0,0,0,0,0,1,0,0,0,2,1,1,1,1,3,1125,0,1,0,0,2,0,0,2,0,1,0,0,0,0,0,1,0,0,0,0,0,0,0,1,0,0,0,1,0,1,0,1,1,1,0,0,1,0,0,0,1,0,5,150,0,0,0,0,75,155,4226,4226,0,0,0,0,0,0,1,0,1,0,0,1,0,0,0,0,0,0,0,0,0,1,0,0,0,0,0,0,0,1
92,2,current,1,1,0,-999,-999,-999,-999,-999,-999,-999,-999,-999,-999,-999,-999,-999,-999,-999,-999,-999,-999,-999,-999,-999,-999,-999,-999,155,1,71,0,0,0,1,0,0,0,0,0,0,1,1,0,0,0,0,0,1,0,0,0,2,1,1,1,1,3,1125,0,1,0,0,2,0,0,2,0,1,0,0,0,0,0,1,0,0,0,0,0,0,0,1,0,0,0,1,0,1,0,1,1,1,0,0,1,0,0,0,1,0,5,150,0,0,0,0,75,155,4226,4226,0,0,0,0,0,0,1,0,1,0,0,1,0,0,0,0,0,0,0,0,0,1,0,0,0,0,0,0,0,2
93,2,maas,2,0,0,0,0,0,0,0,0,0,0,0,0,0,0,0,0,0,0,0,0,0,0,1,0,0,1,0,0,44,0,0,1,0,0,0,0,1,0,0,0,0,0,1,0,0,0,1,0,0,0,2,1,1,1,1,3,725,0,1,0,0,2,0,0,2,0,1,0,0,0,0,0,0,1,0,0,0,0,0,0,0,1,0,0,1,0,0,0,1,1,0,1,0,0,0,0,1,0,1,5,50,25,0,0,0,225,80,4510,4506,1,0,0,0,0,0,0,0,1,0,0,0,0,0,0,0,0,0,0,0,0,0,0,0,0,0,0,0,0,1
93,2,current,1,1,0,-999,-999,-999,-999,-999,-999,-999,-999,-999,-999,-999,-999,-999,-999,-999,-999,-999,-999,-999,-999,-999,-999,-999,-999,80,0,44,0,0,1,0,0,0,0,1,0,0,0,0,0,1,0,0,0,1,0,0,0,2,1,1,1,1,3,725,0,1,0,0,2,0,0,2,0,1,0,0,0,0,0,0,1,0,0,0,0,0,0,0,1,0,0,1,0,0,0,1,1,0,1,0,0,0,0,1,0,1,5,50,25,0,0,0,225,80,4510,4506,1,0,0,0,0,0,0,0,1,0,0,0,0,0,0,0,0,0,0,0,0,0,0,0,0,0,0,0,0,2
94,2,maas,2,0,0,1,0,0,0,0,0,0,0,0,0,0,0,0,0,0,0,0,0,0,0,0,0,0,0,20,0,75,0,0,0,1,0,0,0,0,0,0,1,0,0,1,0,0,0,0,0,0,1,2,1,1,1,1,3,850,0,1,0,0,2,0,0,2,0,1,0,0,0,0,0,0,1,0,0,0,0,0,0,1,0,0,0,0,1,0,0,0,1,1,0,0,1,1,0,1,0,1,5,50,0,0,0,0,25,55,4551,4551,0,0,0,0,0,0,1,0,1,0,0,0,0,0,0,0,1,0,0,0,0,0,5,0,0,0,0,0,0,1
94,2,current,1,1,0,-999,-999,-999,-999,-999,-999,-999,-999,-999,-999,-999,-999,-999,-999,-999,-999,-999,-999,-999,-999,-999,-999,-999,-999,55,0,75,0,0,0,1,0,0,0,0,0,0,1,0,0,1,0,0,0,0,0,0,1,2,1,1,1,1,3,850,0,1,0,0,2,0,0,2,0,1,0,0,0,0,0,0,1,0,0,0,0,0,0,1,0,0,0,0,1,0,0,0,1,1,0,0,1,1,0,1,0,1,5,50,0,0,0,0,25,55,4551,4551,0,0,0,0,0,0,1,0,1,0,0,0,0,0,0,0,1,0,0,0,0,0,5,0,0,0,0,0,0,2
95,2,maas,2,0,0,1,0,0,0,0,0,0,0,0,0,0,0,0,0,0,0,0,0,0,1,0,0,0,0,40,0,31,0,1,0,0,0,0,1,0,0,0,0,1,0,0,0,0,0,1,0,0,0,3,1,2,1,1,4,850,0,1,0,0,4,2,0,2,0,1,1,0,0,0,0,0,1,0,1,0,0,0,0,0,0,7,1,1,0,1,1,1,1,1,0,1,0,0,0,0,1,0,0,250,25,25,25,0,125,325,4501,4501,1,1,1,0,0,0,0,1,1,0,0,0,0,0,0,0,0,0,0,0,0,0,40,0,0,0,0,0,0,1
95,2,current,1,1,0,-999,-999,-999,-999,-999,-999,-999,-999,-999,-999,-999,-999,-999,-999,-999,-999,-999,-999,-999,-999,-999,-999,-999,-999,325,0,31,0,1,0,0,0,0,1,0,0,0,0,1,0,0,0,0,0,1,0,0,0,3,1,2,1,1,4,850,0,1,0,0,4,2,0,2,0,1,1,0,0,0,0,0,1,0,1,0,0,0,0,0,0,7,1,1,0,1,1,1,1,1,0,1,0,0,0,0,1,0,0,250,25,25,25,0,125,325,4501,4501,1,1,1,0,0,0,0,1,1,0,0,0,0,0,0,0,0,0,0,0,0,0,40,0,0,0,0,0,0,2
96,2,maas,2,1,1,0,0,0,0,0,0,0,0,0,0,0,0,0,0,0,0,0,0,0,0,0,1,0,0,10,1,73,0,0,0,1,0,0,0,0,0,0,1,0,0,1,0,0,0,1,0,0,0,2,2,1,1,1,3,450,1,0,0,0,1,0,0,1,0,0,0,0,0,1,0,0,1,1,0,0,0,0,0,1,0,0,0,1,0,1,1,1,1,0,0,0,0,0,0,0,0,1,30,0,0,0,25,0,0,55,4217,3181,1,0,1,0,0,0,0,1,1,0,0,0,0,0,0,0,0,0,0,0,0,0,0,0,0,0,0,0,0,1
96,2,current,1,0,1,-999,-999,-999,-999,-999,-999,-999,-999,-999,-999,-999,-999,-999,-999,-999,-999,-999,-999,-999,-999,-999,-999,-999,-999,55,1,73,0,0,0,1,0,0,0,0,0,0,1,0,0,1,0,0,0,1,0,0,0,2,2,1,1,1,3,450,1,0,0,0,1,0,0,1,0,0,0,0,0,1,0,0,1,1,0,0,0,0,0,1,0,0,0,1,0,1,1,1,1,0,0,0,0,0,0,0,0,1,30,0,0,0,25,0,0,55,4217,3181,1,0,1,0,0,0,0,1,1,0,0,0,0,0,0,0,0,0,0,0,0,0,0,0,0,0,0,0,0,2
97,2,maas,2,0,0,0,0,0,0,0,0,0,0,0,0,0,0,0,0,30,0,1,0,0,0,0,0,0,0,30,1,41,0,1,0,0,0,0,0,1,0,0,0,1,0,0,0,0,0,0,0,1,0,1,1,3,1,2,6,3750,0,0,0,1,1,1,0,0,0,1,1,0,0,0,1,1,0,1,1,0,0,0,0,0,0,7,1,1,0,1,1,0,1,1,0,0,0,0,1,1,0,0,30,150,75,25,75,75,25,430,4172,4172,0,0,1,1,0,0,0,0,0,1,0,1,0,0,0,0,0,0,0,0,0,0,30,0,0,0,0,0,0,1
97,2,current,1,1,0,-999,-999,-999,-999,-999,-999,-999,-999,-999,-999,-999,-999,-999,-999,-999,-999,-999,-999,-999,-999,-999,-999,-999,-999,430,1,41,0,1,0,0,0,0,0,1,0,0,0,1,0,0,0,0,0,0,0,1,0,1,1,3,1,2,6,3750,0,0,0,1,1,1,0,0,0,1,1,0,0,0,1,1,0,1,1,0,0,0,0,0,0,7,1,1,0,1,1,0,1,1,0,0,0,0,1,1,0,0,30,150,75,25,75,75,25,430,4172,4172,0,0,1,1,0,0,0,0,0,1,0,1,0,0,0,0,0,0,0,0,0,0,30,0,0,0,0,0,0,2
98,2,maas,2,0,0,0,0,0,0,0,0,0,0,0,0,0,0,0,0,0,0,0,0,0,0,1,0,1,1,10,0,50,0,0,1,0,0,0,0,0,1,0,0,0,0,1,0,0,0,1,0,0,0,2,1,1,1,1,3,2250,0,0,1,0,4,0,1,3,0,0,1,0,0,0,0,0,1,0,0,0,0,0,1,0,0,0,0,1,0,1,0,1,1,1,0,0,1,0,0,0,1,0,0,50,0,0,0,0,75,50,4510,4510,1,0,1,0,0,0,0,0,1,0,0,0,0,0,0,0,0,0,0,0,0,0,0,0,0,0,0,0,1,1
98,2,current,1,1,0,-999,-999,-999,-999,-999,-999,-999,-999,-999,-999,-999,-999,-999,-999,-999,-999,-999,-999,-999,-999,-999,-999,-999,-999,50,0,50,0,0,1,0,0,0,0,0,1,0,0,0,0,1,0,0,0,1,0,0,0,2,1,1,1,1,3,2250,0,0,1,0,4,0,1,3,0,0,1,0,0,0,0,0,1,0,0,0,0,0,1,0,0,0,0,1,0,1,0,1,1,1,0,0,1,0,0,0,1,0,0,50,0,0,0,0,75,50,4510,4510,1,0,1,0,0,0,0,0,1,0,0,0,0,0,0,0,0,0,0,0,0,0,0,0,0,0,0,0,1,2
99,2,maas,2,1,1,1,0,0,0,0,0,0,0,0,0,0,0,0,30,0,1,0,0,0,1,0,0,0,1,90,0,35,0,1,0,0,0,0,0,1,0,0,0,0,0,1,1,1,0,1,0,0,0,2,2,2,2,2,6,1625,0,0,1,0,3,1,0,2,0,1,1,0,0,0,1,1,0,1,1,0,0,0,0,0,0,7,1,1,0,1,1,1,1,1,0,0,1,0,0,1,1,0,15,150,75,75,75,75,75,465,4123,4123,1,0,1,0,0,0,0,1,1,0,1,0,1,0,0,0,0,0,0,0,0,0,0,1,1,0,0,0,1,1
99,2,current,1,0,1,-999,-999,-999,-999,-999,-999,-999,-999,-999,-999,-999,-999,-999,-999,-999,-999,-999,-999,-999,-999,-999,-999,-999,-999,465,0,35,0,1,0,0,0,0,0,1,0,0,0,0,0,1,1,1,0,1,0,0,0,2,2,2,2,2,6,1625,0,0,1,0,3,1,0,2,0,1,1,0,0,0,1,1,0,1,1,0,0,0,0,0,0,7,1,1,0,1,1,1,1,1,0,0,1,0,0,1,1,0,15,150,75,75,75,75,75,465,4123,4123,1,0,1,0,0,0,0,1,1,0,1,0,1,0,0,0,0,0,0,0,0,0,0,1,1,0,0,0,1,2
100,2,maas,2,1,1,0,0,80,1,0,0,0,30,0,1,0,0,0,0,0,0,0,0,0,0,0,0,0,0,110,0,22,1,0,0,0,0,1,0,0,0,0,0,1,0,0,0,0,0,1,0,0,0,2,1,1,1,1,3,2750,0,0,1,0,3,0,0,3,0,0,0,1,0,0,0,0,1,0,0,1,0,0,0,0,0,7,1,1,0,1,1,1,1,1,1,0,0,0,0,0,1,0,0,150,25,0,0,0,25,175,4000,4010,0,1,1,0,0,0,0,1,0,0,0,0,1,0,0,0,0,1,0,0,0,0,0,0,0,0,0,0,0,1
100,2,current,1,0,1,-999,-999,-999,-999,-999,-999,-999,-999,-999,-999,-999,-999,-999,-999,-999,-999,-999,-999,-999,-999,-999,-999,-999,-999,175,0,22,1,0,0,0,0,1,0,0,0,0,0,1,0,0,0,0,0,1,0,0,0,2,1,1,1,1,3,2750,0,0,1,0,3,0,0,3,0,0,0,1,0,0,0,0,1,0,0,1,0,0,0,0,0,7,1,1,0,1,1,1,1,1,1,0,0,0,0,0,1,0,0,150,25,0,0,0,25,175,4000,4010,0,1,1,0,0,0,0,1,0,0,0,0,1,0,0,0,0,1,0,0,0,0,0,0,0,0,0,0,0,2
101,2,maas,2,1,1,0,0,0,0,0,0,0,0,0,0,0,0,0,0,0,0,0,0,0,0,0,0,1,0,10,1,40,0,1,0,0,0,0,0,1,0,0,0,0,1,0,0,0,0,1,0,0,0,6,1,3,1,2,6,4750,0,0,0,1,6,0,1,5,0,0,0,0,1,0,0,0,1,1,0,1,0,0,0,0,0,7,1,1,0,1,1,1,1,1,0,0,1,0,0,0,0,0,50,250,25,75,25,0,125,425,4109,4118,1,1,1,0,0,0,0,1,0,0,0,0,0,0,0,0,0,0,0,1,0,0,0,1,0,1,0,0,1,1
101,2,current,1,0,1,-999,-999,-999,-999,-999,-999,-999,-999,-999,-999,-999,-999,-999,-999,-999,-999,-999,-999,-999,-999,-999,-999,-999,-999,425,1,40,0,1,0,0,0,0,0,1,0,0,0,0,1,0,0,0,0,1,0,0,0,6,1,3,1,2,6,4750,0,0,0,1,6,0,1,5,0,0,0,0,1,0,0,0,1,1,0,1,0,0,0,0,0,7,1,1,0,1,1,1,1,1,0,0,1,0,0,0,0,0,50,250,25,75,25,0,125,425,4109,4118,1,1,1,0,0,0,0,1,0,0,0,0,0,0,0,0,0,0,0,1,0,0,0,1,0,1,0,0,1,2
102,2,maas,2,0,0,1,0,0,0,0,0,0,0,0,0,0,0,0,0,0,0,0,0,0,0,1,0,1,0,30,0,33,0,1,0,0,0,0,1,0,0,0,0,1,0,0,0,0,0,1,0,0,0,2,1,1,1,1,3,1125,0,1,0,0,1,0,0,1,1,0,0,0,0,0,0,1,0,0,1,0,0,0,0,0,0,7,1,1,0,1,0,1,1,1,0,1,0,0,0,0,1,0,0,150,0,0,0,0,75,150,4130,4122,0,1,1,0,0,1,0,1,0,0,0,1,0,0,0,0,0,0,0,0,0,0,30,0,0,0,0,0,0,1
102,2,current,1,1,0,-999,-999,-999,-999,-999,-999,-999,-999,-999,-999,-999,-999,-999,-999,-999,-999,-999,-999,-999,-999,-999,-999,-999,-999,150,0,33,0,1,0,0,0,0,1,0,0,0,0,1,0,0,0,0,0,1,0,0,0,2,1,1,1,1,3,1125,0,1,0,0,1,0,0,1,1,0,0,0,0,0,0,1,0,0,1,0,0,0,0,0,0,7,1,1,0,1,0,1,1,1,0,1,0,0,0,0,1,0,0,150,0,0,0,0,75,150,4130,4122,0,1,1,0,0,1,0,1,0,0,0,1,0,0,0,0,0,0,0,0,0,0,30,0,0,0,0,0,0,2
103,2,maas,2,0,0,0,0,0,0,0,0,0,0,0,0,0,0,0,0,0,0,0,0,0,1,0,0,0,0,20,1,25,1,0,0,0,0,0,1,0,0,0,0,0,1,0,0,0,0,1,0,0,0,3,1,1,1,1,3,1125,0,1,0,0,3,0,0,3,0,1,0,0,0,0,0,1,0,1,1,0,0,0,0,0,0,7,1,1,0,1,1,1,0,1,0,1,0,0,0,0,1,0,0,50,0,0,0,0,0,50,4560,4570,1,1,1,0,0,0,0,0,0,1,0,0,0,0,0,0,0,0,0,0,0,0,100,0,0,0,0,0,1,1
103,2,current,1,1,0,-999,-999,-999,-999,-999,-999,-999,-999,-999,-999,-999,-999,-999,-999,-999,-999,-999,-999,-999,-999,-999,-999,-999,-999,50,1,25,1,0,0,0,0,0,1,0,0,0,0,0,1,0,0,0,0,1,0,0,0,3,1,1,1,1,3,1125,0,1,0,0,3,0,0,3,0,1,0,0,0,0,0,1,0,1,1,0,0,0,0,0,0,7,1,1,0,1,1,1,0,1,0,1,0,0,0,0,1,0,0,50,0,0,0,0,0,50,4560,4570,1,1,1,0,0,0,0,0,0,1,0,0,0,0,0,0,0,0,0,0,0,0,100,0,0,0,0,0,1,2
104,2,maas,2,0,0,1,0,0,0,0,0,0,0,0,0,0,0,0,0,0,0,0,0,0,0,0,0,0,1,20,1,70,0,0,0,1,0,0,0,0,0,0,1,1,0,0,0,0,0,1,0,0,0,2,1,1,1,1,3,1875,0,0,1,0,1,0,0,1,1,0,0,0,0,0,0,0,1,0,0,0,0,0,0,1,0,0,0,1,0,1,0,1,1,1,0,0,0,0,0,0,1,0,0,50,0,0,0,0,125,50,4507,4507,0,0,1,0,0,0,0,0,0,0,0,0,0,0,0,0,0,0,0,0,1,0,0,0,0,0,0,0,0,1
104,2,current,1,1,0,-999,-999,-999,-999,-999,-999,-999,-999,-999,-999,-999,-999,-999,-999,-999,-999,-999,-999,-999,-999,-999,-999,-999,-999,50,1,70,0,0,0,1,0,0,0,0,0,0,1,1,0,0,0,0,0,1,0,0,0,2,1,1,1,1,3,1875,0,0,1,0,1,0,0,1,1,0,0,0,0,0,0,0,1,0,0,0,0,0,0,1,0,0,0,1,0,1,0,1,1,1,0,0,0,0,0,0,1,0,0,50,0,0,0,0,125,50,4507,4507,0,0,1,0,0,0,0,0,0,0,0,0,0,0,0,0,0,0,0,0,1,0,0,0,0,0,0,0,0,2
105,2,maas,2,1,1,1,0,0,0,0,0,0,0,0,0,0,0,0,0,0,0,0,0,0,0,0,1,0,0,30,0,78,0,0,0,0,1,0,0,0,0,0,1,0,1,0,0,0,0,1,0,0,0,2,1,1,1,1,3,1625,0,0,1,0,2,0,0,2,0,1,0,0,0,0,0,0,1,1,0,0,0,0,0,1,0,0,0,1,0,1,1,1,1,1,0,0,0,0,0,1,1,1,15,150,75,75,0,0,125,315,4159,4131,1,0,1,0,0,1,0,1,0,0,0,0,0,0,0,0,0,0,0,0,1,0,0,0,0,0,0,0,0,1
105,2,current,1,0,1,-999,-999,-999,-999,-999,-999,-999,-999,-999,-999,-999,-999,-999,-999,-999,-999,-999,-999,-999,-999,-999,-999,-999,-999,315,0,78,0,0,0,0,1,0,0,0,0,0,1,0,1,0,0,0,0,1,0,0,0,2,1,1,1,1,3,1625,0,0,1,0,2,0,0,2,0,1,0,0,0,0,0,0,1,1,0,0,0,0,0,1,0,0,0,1,0,1,1,1,1,1,0,0,0,0,0,1,1,1,15,150,75,75,0,0,125,315,4159,4131,1,0,1,0,0,1,0,1,0,0,0,0,0,0,0,0,0,0,0,0,1,0,0,0,0,0,0,0,0,2
106,2,maas,2,0,0,1,5,80,1,0,0,0,0,30,0,1,0,0,0,30,0,1,0,0,1,1,0,1,1,370,1,54,0,0,1,0,0,0,0,0,1,0,0,1,0,0,0,0,0,1,0,0,0,2,1,1,1,1,3,5500,0,0,0,1,2,0,0,2,0,1,0,0,0,0,0,1,0,0,1,0,0,0,0,0,0,7,1,1,0,1,0,0,1,1,0,1,0,0,0,0,1,0,0,150,0,0,0,0,175,150,4280,4280,0,0,1,0,0,0,0,0,1,0,0,0,0,0,0,0,0,0,0,0,0,0,50,0,0,0,0,0,0,1
106,2,current,1,1,0,-999,-999,-999,-999,-999,-999,-999,-999,-999,-999,-999,-999,-999,-999,-999,-999,-999,-999,-999,-999,-999,-999,-999,-999,150,1,54,0,0,1,0,0,0,0,0,1,0,0,1,0,0,0,0,0,1,0,0,0,2,1,1,1,1,3,5500,0,0,0,1,2,0,0,2,0,1,0,0,0,0,0,1,0,0,1,0,0,0,0,0,0,7,1,1,0,1,0,0,1,1,0,1,0,0,0,0,1,0,0,150,0,0,0,0,175,150,4280,4280,0,0,1,0,0,0,0,0,1,0,0,0,0,0,0,0,0,0,0,0,0,0,50,0,0,0,0,0,0,2
107,2,maas,2,0,0,1,0,0,0,0,0,0,0,0,0,0,0,0,0,0,0,0,0,0,0,0,0,1,1,30,0,61,0,0,0,1,0,0,0,0,0,1,0,0,1,0,0,0,0,1,0,0,0,4,1,1,1,1,3,3750,0,0,0,1,4,0,0,4,0,1,0,0,0,0,0,0,1,0,0,0,0,0,0,0,1,0,0,1,0,1,0,1,1,1,1,0,0,0,0,0,1,0,0,50,0,25,0,0,225,75,4179,4121,0,0,0,0,0,0,1,1,1,0,0,0,0,0,0,0,0,0,0,0,0,0,0,0,0,0,0,0,1,1
107,2,current,1,1,0,-999,-999,-999,-999,-999,-999,-999,-999,-999,-999,-999,-999,-999,-999,-999,-999,-999,-999,-999,-999,-999,-999,-999,-999,75,0,61,0,0,0,1,0,0,0,0,0,1,0,0,1,0,0,0,0,1,0,0,0,4,1,1,1,1,3,3750,0,0,0,1,4,0,0,4,0,1,0,0,0,0,0,0,1,0,0,0,0,0,0,0,1,0,0,1,0,1,0,1,1,1,1,0,0,0,0,0,1,0,0,50,0,25,0,0,225,75,4179,4121,0,0,0,0,0,0,1,1,1,0,0,0,0,0,0,0,0,0,0,0,0,0,0,0,0,0,0,0,1,2
108,2,maas,2,1,1,1,0,0,0,0,0,0,0,0,0,0,0,0,0,0,0,0,0,0,0,0,0,0,0,20,0,46,0,0,1,0,0,0,0,0,1,0,0,1,0,0,1,1,0,1,0,0,0,3,1,1,1,1,3,5500,0,0,0,1,5,2,0,3,0,0,0,0,1,0,0,0,1,1,1,0,0,0,0,0,0,7,1,1,0,0,0,1,1,1,0,0,0,0,0,1,1,0,0,50,125,0,0,0,225,175,4077,4077,1,1,1,0,0,1,0,1,1,0,0,0,0,0,0,0,0,0,0,0,0,0,0,1,0,0,1,0,1,1
108,2,current,1,0,1,-999,-999,-999,-999,-999,-999,-999,-999,-999,-999,-999,-999,-999,-999,-999,-999,-999,-999,-999,-999,-999,-999,-999,-999,175,0,46,0,0,1,0,0,0,0,0,1,0,0,1,0,0,1,1,0,1,0,0,0,3,1,1,1,1,3,5500,0,0,0,1,5,2,0,3,0,0,0,0,1,0,0,0,1,1,1,0,0,0,0,0,0,7,1,1,0,0,0,1,1,1,0,0,0,0,0,1,1,0,0,50,125,0,0,0,225,175,4077,4077,1,1,1,0,0,1,0,1,1,0,0,0,0,0,0,0,0,0,0,0,0,0,0,1,0,0,1,0,1,2
109,2,maas,2,1,1,0,2,200,0,1,0,0,0,0,0,0,0,0,0,0,0,0,0,0,0,0,0,0,0,210,1,20,1,0,0,0,0,1,0,0,0,0,0,0,0,1,1,1,0,1,0,0,0,3,1,1,1,1,3,725,0,1,0,0,3,0,1,2,0,1,0,0,0,0,0,0,1,1,0,1,0,0,0,0,0,7,1,1,0,1,1,1,0,0,0,0,0,0,0,1,0,0,15,150,25,25,0,75,0,290,4124,4124,1,0,0,0,0,0,0,1,0,1,0,0,0,0,0,0,0,0,0,0,0,0,0,0,0,0,0,0,0,1
109,2,current,1,0,1,-999,-999,-999,-999,-999,-999,-999,-999,-999,-999,-999,-999,-999,-999,-999,-999,-999,-999,-999,-999,-999,-999,-999,-999,290,1,20,1,0,0,0,0,1,0,0,0,0,0,0,0,1,1,1,0,1,0,0,0,3,1,1,1,1,3,725,0,1,0,0,3,0,1,2,0,1,0,0,0,0,0,0,1,1,0,1,0,0,0,0,0,7,1,1,0,1,1,1,0,0,0,0,0,0,0,1,0,0,15,150,25,25,0,75,0,290,4124,4124,1,0,0,0,0,0,0,1,0,1,0,0,0,0,0,0,0,0,0,0,0,0,0,0,0,0,0,0,0,2
110,2,maas,2,1,1,1,0,0,0,0,0,0,0,0,0,0,0,0,0,0,0,0,0,0,0,0,1,0,1,30,0,42,0,0,1,0,0,0,0,1,0,0,0,1,0,0,0,0,0,1,0,0,0,3,1,1,1,1,3,3750,0,0,0,1,5,1,2,2,0,1,1,0,0,0,0,0,1,1,1,0,0,0,0,0,0,7,1,1,0,1,0,1,1,1,0,0,0,1,0,1,1,1,5,150,25,25,25,0,0,230,4280,4280,0,1,0,0,0,1,0,1,1,0,0,0,0,0,0,0,0,0,0,0,0,0,0,0,0,0,0,0,0,1
110,2,current,1,0,1,-999,-999,-999,-999,-999,-999,-999,-999,-999,-999,-999,-999,-999,-999,-999,-999,-999,-999,-999,-999,-999,-999,-999,-999,230,0,42,0,0,1,0,0,0,0,1,0,0,0,1,0,0,0,0,0,1,0,0,0,3,1,1,1,1,3,3750,0,0,0,1,5,1,2,2,0,1,1,0,0,0,0,0,1,1,1,0,0,0,0,0,0,7,1,1,0,1,0,1,1,1,0,0,0,1,0,1,1,1,5,150,25,25,25,0,0,230,4280,4280,0,1,0,0,0,1,0,1,1,0,0,0,0,0,0,0,0,0,0,0,0,0,0,0,0,0,0,0,0,2
111,2,maas,2,1,1,0,3,0,0,0,0,0,0,0,0,0,0,0,0,0,0,0,0,0,0,0,0,0,0,120,0,26,0,1,0,0,0,0,1,0,0,0,0,0,0,1,0,0,0,1,0,0,0,2,1,1,1,1,3,1125,0,1,0,0,3,1,0,2,0,1,1,0,0,0,0,0,1,0,0,0,0,0,1,0,0,0,0,1,0,1,0,1,0,1,1,0,0,0,0,0,1,0,5,150,0,0,0,0,225,155,4350,4350,0,1,1,0,0,0,0,1,1,0,0,0,0,0,0,0,0,0,0,0,0,0,0,0,0,0,0,0,0,1
111,2,current,1,0,1,-999,-999,-999,-999,-999,-999,-999,-999,-999,-999,-999,-999,-999,-999,-999,-999,-999,-999,-999,-999,-999,-999,-999,-999,155,0,26,0,1,0,0,0,0,1,0,0,0,0,0,0,1,0,0,0,1,0,0,0,2,1,1,1,1,3,1125,0,1,0,0,3,1,0,2,0,1,1,0,0,0,0,0,1,0,0,0,0,0,1,0,0,0,0,1,0,1,0,1,0,1,1,0,0,0,0,0,1,0,5,150,0,0,0,0,225,155,4350,4350,0,1,1,0,0,0,0,1,1,0,0,0,0,0,0,0,0,0,0,0,0,0,0,0,0,0,0,0,0,2
112,2,maas,2,0,0,0,0,0,0,0,0,0,0,0,0,0,0,0,0,0,0,0,0,0,0,1,0,0,1,0,1,48,0,0,1,0,0,0,0,0,1,0,0,1,0,0,0,0,0,1,0,0,0,2,1,1,3,1,5,2250,0,0,1,0,2,0,0,2,0,1,0,0,0,0,1,0,1,0,0,0,0,0,0,1,0,0,0,1,0,1,0,1,1,1,0,0,0,0,0,0,1,0,0,150,0,0,0,0,75,150,4573,4573,0,1,1,1,0,1,0,0,0,0,0,0,0,0,0,0,0,0,0,0,1,0,0,0,0,0,0,0,0,1
112,2,current,1,1,0,-999,-999,-999,-999,-999,-999,-999,-999,-999,-999,-999,-999,-999,-999,-999,-999,-999,-999,-999,-999,-999,-999,-999,-999,150,1,48,0,0,1,0,0,0,0,0,1,0,0,1,0,0,0,0,0,1,0,0,0,2,1,1,3,1,5,2250,0,0,1,0,2,0,0,2,0,1,0,0,0,0,1,0,1,0,0,0,0,0,0,1,0,0,0,1,0,1,0,1,1,1,0,0,0,0,0,0,1,0,0,150,0,0,0,0,75,150,4573,4573,0,1,1,1,0,1,0,0,0,0,0,0,0,0,0,0,0,0,0,0,1,0,0,0,0,0,0,0,0,2
113,2,maas,2,0,0,1,0,0,0,0,0,0,0,0,0,0,0,0,0,0,0,0,0,0,0,0,0,0,0,20,1,29,0,1,0,0,0,0,1,0,0,0,0,0,1,0,0,0,0,1,0,0,0,3,1,2,1,1,4,575,0,1,0,0,4,1,2,1,0,0,0,1,0,0,1,0,1,1,0,1,0,0,0,0,0,7,1,1,0,1,1,1,1,0,0,0,0,1,1,1,1,0,30,150,25,25,75,25,225,330,4008,4008,1,0,0,0,0,0,0,1,1,0,0,0,0,0,0,0,0,0,0,0,0,0,10,0,0,0,0,0,1,1
113,2,current,1,1,0,-999,-999,-999,-999,-999,-999,-999,-999,-999,-999,-999,-999,-999,-999,-999,-999,-999,-999,-999,-999,-999,-999,-999,-999,330,1,29,0,1,0,0,0,0,1,0,0,0,0,0,1,0,0,0,0,1,0,0,0,3,1,2,1,1,4,575,0,1,0,0,4,1,2,1,0,0,0,1,0,0,1,0,1,1,0,1,0,0,0,0,0,7,1,1,0,1,1,1,1,0,0,0,0,1,1,1,1,0,30,150,25,25,75,25,225,330,4008,4008,1,0,0,0,0,0,0,1,1,0,0,0,0,0,0,0,0,0,0,0,0,0,10,0,0,0,0,0,1,2
114,2,maas,2,0,0,1,0,0,0,0,0,0,0,0,0,0,0,0,0,0,0,0,0,0,0,0,0,0,0,20,1,73,0,0,0,1,0,0,0,0,0,0,1,0,1,0,0,0,0,1,0,0,0,2,1,1,1,1,3,1375,0,0,1,0,2,0,0,2,0,1,0,0,0,0,0,0,1,1,0,0,0,0,0,1,0,0,0,1,0,0,0,0,1,1,0,0,1,0,0,0,1,0,5,50,0,0,0,0,25,55,4075,4074,1,1,1,0,0,0,0,1,1,0,0,0,0,0,0,0,0,0,0,0,0,0,50,0,0,0,0,0,0,1
114,2,current,1,1,0,-999,-999,-999,-999,-999,-999,-999,-999,-999,-999,-999,-999,-999,-999,-999,-999,-999,-999,-999,-999,-999,-999,-999,-999,55,1,73,0,0,0,1,0,0,0,0,0,0,1,0,1,0,0,0,0,1,0,0,0,2,1,1,1,1,3,1375,0,0,1,0,2,0,0,2,0,1,0,0,0,0,0,0,1,1,0,0,0,0,0,1,0,0,0,1,0,0,0,0,1,1,0,0,1,0,0,0,1,0,5,50,0,0,0,0,25,55,4075,4074,1,1,1,0,0,0,0,1,1,0,0,0,0,0,0,0,0,0,0,0,0,0,50,0,0,0,0,0,0,2
115,2,maas,2,0,0,0,0,0,0,0,0,0,0,0,0,0,0,0,0,0,0,0,0,0,1,0,0,0,0,20,0,21,1,0,0,0,0,1,0,0,0,0,0,0,0,1,0,0,0,0,0,0,1,2,1,1,1,1,3,75,1,0,0,0,5,5,0,0,0,1,1,0,0,0,0,0,1,0,0,0,0,0,0,1,0,0,0,1,0,0,0,0,1,1,1,0,0,0,0,0,1,0,70,50,0,75,0,0,0,195,4114,4114,0,0,0,0,0,0,1,0,0,0,0,0,0,0,0,1,0,0,0,0,0,0,0,0,0,0,0,0,0,1
115,2,current,1,1,0,-999,-999,-999,-999,-999,-999,-999,-999,-999,-999,-999,-999,-999,-999,-999,-999,-999,-999,-999,-999,-999,-999,-999,-999,195,0,21,1,0,0,0,0,1,0,0,0,0,0,0,0,1,0,0,0,0,0,0,1,2,1,1,1,1,3,75,1,0,0,0,5,5,0,0,0,1,1,0,0,0,0,0,1,0,0,0,0,0,0,1,0,0,0,1,0,0,0,0,1,1,1,0,0,0,0,0,1,0,70,50,0,75,0,0,0,195,4114,4114,0,0,0,0,0,0,1,0,0,0,0,0,0,0,0,1,0,0,0,0,0,0,0,0,0,0,0,0,0,2
116,2,maas,2,0,0,0,0,80,1,0,0,0,0,0,0,0,0,0,0,0,0,0,0,0,0,0,0,0,1,70,0,23,1,0,0,0,0,1,0,0,0,0,0,1,0,0,0,0,0,1,0,0,0,2,1,1,1,1,3,4250,0,0,0,1,2,0,0,2,0,1,0,0,0,0,0,0,1,0,0,1,0,0,0,0,0,7,1,1,0,1,1,1,1,1,0,1,0,0,0,0,1,0,15,50,25,0,0,0,125,90,4350,4350,0,1,1,0,0,0,0,0,1,0,0,0,0,0,0,0,0,0,0,0,0,0,40,0,0,0,0,0,0,1
116,2,current,1,1,0,-999,-999,-999,-999,-999,-999,-999,-999,-999,-999,-999,-999,-999,-999,-999,-999,-999,-999,-999,-999,-999,-999,-999,-999,90,0,23,1,0,0,0,0,1,0,0,0,0,0,1,0,0,0,0,0,1,0,0,0,2,1,1,1,1,3,4250,0,0,0,1,2,0,0,2,0,1,0,0,0,0,0,0,1,0,0,1,0,0,0,0,0,7,1,1,0,1,1,1,1,1,0,1,0,0,0,0,1,0,15,50,25,0,0,0,125,90,4350,4350,0,1,1,0,0,0,0,0,1,0,0,0,0,0,0,0,0,0,0,0,0,0,40,0,0,0,0,0,0,2
117,2,maas,2,1,1,0,3,300,0,0,1,0,0,30,0,1,0,0,0,30,0,1,0,0,1,0,1,1,1,410,1,62,0,0,0,1,0,0,0,0,0,1,0,1,0,0,0,0,0,1,0,0,0,2,1,1,1,1,3,5500,0,0,0,1,2,0,0,2,0,0,0,0,1,0,1,0,1,0,1,0,0,0,0,0,0,7,1,0,0,1,1,1,1,1,1,0,0,1,0,1,0,0,15,50,25,25,25,25,25,165,4215,4215,1,0,0,0,0,0,0,0,1,0,0,0,0,0,0,0,0,0,0,0,0,0,0,0,0,0,0,0,0,1
117,2,current,1,0,1,-999,-999,-999,-999,-999,-999,-999,-999,-999,-999,-999,-999,-999,-999,-999,-999,-999,-999,-999,-999,-999,-999,-999,-999,165,1,62,0,0,0,1,0,0,0,0,0,1,0,1,0,0,0,0,0,1,0,0,0,2,1,1,1,1,3,5500,0,0,0,1,2,0,0,2,0,0,0,0,1,0,1,0,1,0,1,0,0,0,0,0,0,7,1,0,0,1,1,1,1,1,1,0,0,1,0,1,0,0,15,50,25,25,25,25,25,165,4215,4215,1,0,0,0,0,0,0,0,1,0,0,0,0,0,0,0,0,0,0,0,0,0,0,0,0,0,0,0,0,2
118,2,maas,2,0,0,1,0,0,0,0,0,0,0,0,0,0,0,0,0,0,0,0,0,0,0,0,0,0,0,20,1,65,0,0,0,1,0,0,0,0,0,0,1,0,1,0,0,0,0,1,0,0,0,3,1,1,1,1,3,2250,0,0,1,0,3,0,0,3,0,1,1,0,0,0,0,0,1,0,1,0,0,0,0,0,0,7,1,0,0,1,0,0,1,1,1,1,0,0,0,1,1,0,5,150,0,25,0,0,175,180,4116,4178,1,0,1,0,0,0,0,0,1,0,0,0,0,0,1,0,0,0,0,0,0,1,0,0,0,0,0,0,0,1
118,2,current,1,1,0,-999,-999,-999,-999,-999,-999,-999,-999,-999,-999,-999,-999,-999,-999,-999,-999,-999,-999,-999,-999,-999,-999,-999,-999,180,1,65,0,0,0,1,0,0,0,0,0,0,1,0,1,0,0,0,0,1,0,0,0,3,1,1,1,1,3,2250,0,0,1,0,3,0,0,3,0,1,1,0,0,0,0,0,1,0,1,0,0,0,0,0,0,7,1,0,0,1,0,0,1,1,1,1,0,0,0,1,1,0,5,150,0,25,0,0,175,180,4116,4178,1,0,1,0,0,0,0,0,1,0,0,0,0,0,1,0,0,0,0,0,0,1,0,0,0,0,0,0,0,2
119,2,maas,2,0,0,1,2,200,0,1,0,0,30,0,1,0,0,0,30,0,1,0,0,0,0,1,0,1,1,330,0,41,0,1,0,0,0,0,0,1,0,0,0,0,0,1,0,0,0,1,0,0,0,3,1,1,1,1,3,350,1,0,0,0,8,4,2,2,0,0,1,0,0,0,0,0,1,0,1,0,0,0,0,0,0,7,1,1,0,1,0,1,1,1,0,0,0,0,0,0,1,0,0,150,0,0,0,0,125,150,4216,4216,1,0,1,0,0,0,0,0,1,0,0,0,0,0,0,0,0,0,0,0,0,0,240,0,0,0,0,0,0,1
119,2,current,1,1,0,-999,-999,-999,-999,-999,-999,-999,-999,-999,-999,-999,-999,-999,-999,-999,-999,-999,-999,-999,-999,-999,-999,-999,-999,150,0,41,0,1,0,0,0,0,0,1,0,0,0,0,0,1,0,0,0,1,0,0,0,3,1,1,1,1,3,350,1,0,0,0,8,4,2,2,0,0,1,0,0,0,0,0,1,0,1,0,0,0,0,0,0,7,1,1,0,1,0,1,1,1,0,0,0,0,0,0,1,0,0,150,0,0,0,0,125,150,4216,4216,1,0,1,0,0,0,0,0,1,0,0,0,0,0,0,0,0,0,0,0,0,0,240,0,0,0,0,0,0,2
120,2,maas,2,1,1,1,1,80,1,0,0,0,30,0,1,0,0,0,30,0,1,0,0,0,1,1,0,1,1,250,1,40,0,1,0,0,0,0,0,1,0,0,0,0,1,0,0,0,0,1,0,0,0,2,1,3,1,1,5,1125,0,1,0,0,2,0,0,2,0,1,0,0,0,0,0,0,1,1,1,0,0,0,0,0,0,7,1,1,0,1,1,1,1,1,1,0,0,0,0,1,1,1,70,150,75,25,25,25,25,370,4109,4000,1,1,1,0,0,1,0,0,1,0,0,0,0,0,0,0,0,0,0,0,0,0,0,0,0,0,0,0,0,1
120,2,current,1,0,1,-999,-999,-999,-999,-999,-999,-999,-999,-999,-999,-999,-999,-999,-999,-999,-999,-999,-999,-999,-999,-999,-999,-999,-999,370,1,40,0,1,0,0,0,0,0,1,0,0,0,0,1,0,0,0,0,1,0,0,0,2,1,3,1,1,5,1125,0,1,0,0,2,0,0,2,0,1,0,0,0,0,0,0,1,1,1,0,0,0,0,0,0,7,1,1,0,1,1,1,1,1,1,0,0,0,0,1,1,1,70,150,75,25,25,25,25,370,4109,4000,1,1,1,0,0,1,0,0,1,0,0,0,0,0,0,0,0,0,0,0,0,0,0,0,0,0,0,0,0,2
121,2,maas,2,0,0,1,0,0,0,0,0,0,0,0,0,0,0,0,0,0,0,0,0,0,0,0,0,0,0,20,1,33,0,1,0,0,0,0,1,0,0,0,0,1,0,0,0,0,0,1,0,0,0,2,1,1,1,1,3,4750,0,0,0,1,1,0,0,1,1,0,0,0,0,0,1,0,1,0,1,0,0,0,0,0,0,7,1,1,0,1,1,1,1,1,0,0,0,0,1,1,0,1,30,250,125,225,125,175,75,930,4122,4122,1,1,1,1,1,0,0,0,0,1,0,0,0,0,0,0,0,0,0,0,0,0,56,0,0,0,0,0,0,1
121,2,current,1,1,0,-999,-999,-999,-999,-999,-999,-999,-999,-999,-999,-999,-999,-999,-999,-999,-999,-999,-999,-999,-999,-999,-999,-999,-999,930,1,33,0,1,0,0,0,0,1,0,0,0,0,1,0,0,0,0,0,1,0,0,0,2,1,1,1,1,3,4750,0,0,0,1,1,0,0,1,1,0,0,0,0,0,1,0,1,0,1,0,0,0,0,0,0,7,1,1,0,1,1,1,1,1,0,0,0,0,1,1,0,1,30,250,125,225,125,175,75,930,4122,4122,1,1,1,1,1,0,0,0,0,1,0,0,0,0,0,0,0,0,0,0,0,0,56,0,0,0,0,0,0,2
122,2,maas,2,1,1,1,0,80,1,0,0,0,0,0,0,0,0,0,0,0,0,0,0,0,0,0,1,1,1,110,0,27,0,1,0,0,0,0,1,0,0,0,0,1,0,0,0,0,0,1,0,0,0,4,2,2,1,1,4,1625,0,0,1,0,8,4,2,2,0,0,0,1,0,0,0,0,1,1,1,0,0,0,0,0,0,7,1,1,0,1,1,1,1,1,0,1,0,0,0,0,1,0,5,150,25,125,25,0,75,330,4068,4103,0,1,1,0,0,0,0,1,0,0,0,0,0,0,0,0,0,0,0,1,0,0,0,0,0,0,0,0,1,1
122,2,current,1,0,1,-999,-999,-999,-999,-999,-999,-999,-999,-999,-999,-999,-999,-999,-999,-999,-999,-999,-999,-999,-999,-999,-999,-999,-999,330,0,27,0,1,0,0,0,0,1,0,0,0,0,1,0,0,0,0,0,1,0,0,0,4,2,2,1,1,4,1625,0,0,1,0,8,4,2,2,0,0,0,1,0,0,0,0,1,1,1,0,0,0,0,0,0,7,1,1,0,1,1,1,1,1,0,1,0,0,0,0,1,0,5,150,25,125,25,0,75,330,4068,4103,0,1,1,0,0,0,0,1,0,0,0,0,0,0,0,0,0,0,0,1,0,0,0,0,0,0,0,0,1,2
123,2,maas,2,0,0,1,1,0,0,0,0,0,0,0,0,0,0,0,0,0,0,0,0,0,0,0,0,0,1,60,0,28,0,1,0,0,0,0,1,0,0,0,0,0,1,0,0,0,0,1,0,0,0,3,1,2,1,1,4,2750,0,0,1,0,2,0,0,2,0,1,0,0,0,0,0,0,1,1,0,1,0,0,0,0,0,7,1,1,0,1,0,1,1,1,0,1,0,0,0,0,1,0,0,250,25,25,0,0,125,300,4564,4564,0,0,1,0,0,1,0,0,1,1,0,0,0,0,0,0,0,0,0,0,0,0,400,0,0,0,0,0,0,1
123,2,current,1,1,0,-999,-999,-999,-999,-999,-999,-999,-999,-999,-999,-999,-999,-999,-999,-999,-999,-999,-999,-999,-999,-999,-999,-999,-999,300,0,28,0,1,0,0,0,0,1,0,0,0,0,0,1,0,0,0,0,1,0,0,0,3,1,2,1,1,4,2750,0,0,1,0,2,0,0,2,0,1,0,0,0,0,0,0,1,1,0,1,0,0,0,0,0,7,1,1,0,1,0,1,1,1,0,1,0,0,0,0,1,0,0,250,25,25,0,0,125,300,4564,4564,0,0,1,0,0,1,0,0,1,1,0,0,0,0,0,0,0,0,0,0,0,0,400,0,0,0,0,0,0,2
124,2,maas,2,1,1,1,0,80,1,0,0,0,0,0,0,0,0,0,0,0,0,0,0,0,0,0,1,1,1,110,0,36,0,1,0,0,0,0,0,1,0,0,0,1,0,0,0,0,0,1,1,0,0,3,2,4,1,1,6,4750,0,0,0,1,4,2,0,2,0,1,1,0,0,0,0,0,1,0,1,0,0,0,0,0,0,7,1,1,0,1,1,1,1,1,1,1,0,0,0,1,1,0,50,250,0,0,25,0,125,325,4215,4215,1,1,1,0,0,0,0,1,0,0,0,0,0,0,0,0,0,0,0,0,1,0,0,0,0,0,0,0,1,1
124,2,current,1,0,1,-999,-999,-999,-999,-999,-999,-999,-999,-999,-999,-999,-999,-999,-999,-999,-999,-999,-999,-999,-999,-999,-999,-999,-999,325,0,36,0,1,0,0,0,0,0,1,0,0,0,1,0,0,0,0,0,1,1,0,0,3,2,4,1,1,6,4750,0,0,0,1,4,2,0,2,0,1,1,0,0,0,0,0,1,0,1,0,0,0,0,0,0,7,1,1,0,1,1,1,1,1,1,1,0,0,0,1,1,0,50,250,0,0,25,0,125,325,4215,4215,1,1,1,0,0,0,0,1,0,0,0,0,0,0,0,0,0,0,0,0,1,0,0,0,0,0,0,0,1,2
125,2,maas,2,1,1,0,0,0,0,0,0,0,0,0,0,0,0,0,0,0,0,0,0,0,0,0,1,0,0,10,1,33,0,1,0,0,0,0,1,0,0,0,0,0,1,0,0,0,0,1,0,0,0,3,1,1,1,1,3,2750,0,0,1,0,2,0,0,2,0,1,0,0,0,0,1,0,1,1,1,0,0,0,0,0,0,7,1,1,0,1,1,1,1,1,1,0,0,0,0,0,1,0,5,150,25,25,25,0,75,230,4215,4226,1,1,1,0,0,1,0,1,0,0,1,0,1,0,0,0,1,0,0,0,0,0,0,0,0,0,0,0,0,1
125,2,current,1,0,1,-999,-999,-999,-999,-999,-999,-999,-999,-999,-999,-999,-999,-999,-999,-999,-999,-999,-999,-999,-999,-999,-999,-999,-999,230,1,33,0,1,0,0,0,0,1,0,0,0,0,0,1,0,0,0,0,1,0,0,0,3,1,1,1,1,3,2750,0,0,1,0,2,0,0,2,0,1,0,0,0,0,1,0,1,1,1,0,0,0,0,0,0,7,1,1,0,1,1,1,1,1,1,0,0,0,0,0,1,0,5,150,25,25,25,0,75,230,4215,4226,1,1,1,0,0,1,0,1,0,0,1,0,1,0,0,0,1,0,0,0,0,0,0,0,0,0,0,0,0,2
126,2,maas,2,1,1,0,3,0,0,0,0,0,0,0,0,0,0,0,0,0,0,0,0,0,0,0,0,0,0,120,0,66,0,0,0,1,0,0,0,0,0,0,1,0,0,1,0,0,0,1,0,0,0,3,1,1,1,1,3,350,1,0,0,0,1,0,0,1,1,0,0,0,0,0,0,1,0,0,0,0,0,1,0,0,0,0,0,1,0,0,0,1,1,1,1,0,0,0,0,1,1,1,15,50,0,0,0,0,25,65,4184,4165,1,0,0,0,0,0,0,0,0,0,1,0,0,0,0,0,1,0,0,0,0,0,0,0,0,0,0,0,0,1
126,2,current,1,0,1,-999,-999,-999,-999,-999,-999,-999,-999,-999,-999,-999,-999,-999,-999,-999,-999,-999,-999,-999,-999,-999,-999,-999,-999,65,0,66,0,0,0,1,0,0,0,0,0,0,1,0,0,1,0,0,0,1,0,0,0,3,1,1,1,1,3,350,1,0,0,0,1,0,0,1,1,0,0,0,0,0,0,1,0,0,0,0,0,1,0,0,0,0,0,1,0,0,0,1,1,1,1,0,0,0,0,1,1,1,15,50,0,0,0,0,25,65,4184,4165,1,0,0,0,0,0,0,0,0,0,1,0,0,0,0,0,1,0,0,0,0,0,0,0,0,0,0,0,0,2
127,2,maas,2,1,1,1,2,0,0,0,0,0,0,0,0,0,0,0,0,0,0,0,0,0,0,0,1,0,1,110,0,23,1,0,0,0,0,1,0,0,0,0,0,0,0,1,1,1,0,1,0,0,0,4,1,3,1,1,5,2250,0,0,1,0,2,0,0,2,0,1,0,0,0,0,0,0,1,1,0,1,0,0,0,0,0,7,1,1,0,1,1,1,1,0,0,1,0,0,0,0,1,0,5,250,25,25,25,25,125,355,4165,4164,0,1,1,0,0,0,0,1,0,0,0,1,0,0,0,0,0,0,0,0,0,0,0,0,0,0,0,0,0,1
127,2,current,1,0,1,-999,-999,-999,-999,-999,-999,-999,-999,-999,-999,-999,-999,-999,-999,-999,-999,-999,-999,-999,-999,-999,-999,-999,-999,355,0,23,1,0,0,0,0,1,0,0,0,0,0,0,0,1,1,1,0,1,0,0,0,4,1,3,1,1,5,2250,0,0,1,0,2,0,0,2,0,1,0,0,0,0,0,0,1,1,0,1,0,0,0,0,0,7,1,1,0,1,1,1,1,0,0,1,0,0,0,0,1,0,5,250,25,25,25,25,125,355,4165,4164,0,1,1,0,0,0,0,1,0,0,0,1,0,0,0,0,0,0,0,0,0,0,0,0,0,0,0,0,0,2
128,2,maas,2,1,1,1,0,0,0,0,0,0,0,0,0,0,0,0,0,0,0,0,0,0,0,0,0,0,0,20,0,24,1,0,0,0,0,1,0,0,0,0,0,1,0,0,0,0,0,1,0,0,0,2,1,2,1,1,4,2750,0,0,1,0,2,0,0,2,0,1,0,0,0,0,1,1,0,1,0,1,0,0,0,0,0,7,1,1,0,1,1,1,1,1,0,1,0,0,0,1,0,0,30,250,75,25,25,25,125,430,4102,4127,1,1,1,1,1,1,0,1,1,0,1,1,0,0,0,0,0,0,0,0,0,0,0,0,0,0,0,0,0,1
128,2,current,1,0,1,-999,-999,-999,-999,-999,-999,-999,-999,-999,-999,-999,-999,-999,-999,-999,-999,-999,-999,-999,-999,-999,-999,-999,-999,430,0,24,1,0,0,0,0,1,0,0,0,0,0,1,0,0,0,0,0,1,0,0,0,2,1,2,1,1,4,2750,0,0,1,0,2,0,0,2,0,1,0,0,0,0,1,1,0,1,0,1,0,0,0,0,0,7,1,1,0,1,1,1,1,1,0,1,0,0,0,1,0,0,30,250,75,25,25,25,125,430,4102,4127,1,1,1,1,1,1,0,1,1,0,1,1,0,0,0,0,0,0,0,0,0,0,0,0,0,0,0,0,0,2
129,2,maas,2,1,1,1,0,0,0,0,0,0,0,0,0,0,0,0,0,0,0,0,0,0,0,1,0,0,1,20,0,24,1,0,0,0,0,1,0,0,0,0,0,1,0,0,0,0,0,1,0,0,0,2,1,1,1,1,3,450,1,0,0,0,0,0,0,0,1,0,0,0,0,0,0,0,1,1,0,0,0,0,0,0,1,0,0,1,0,1,1,1,1,1,0,0,1,0,0,0,1,0,5,50,0,25,25,0,25,105,4508,4508,1,1,1,0,0,0,0,1,0,0,0,1,0,0,0,0,0,1,0,0,0,0,0,0,0,0,0,0,0,1
129,2,current,1,0,1,-999,-999,-999,-999,-999,-999,-999,-999,-999,-999,-999,-999,-999,-999,-999,-999,-999,-999,-999,-999,-999,-999,-999,-999,105,0,24,1,0,0,0,0,1,0,0,0,0,0,1,0,0,0,0,0,1,0,0,0,2,1,1,1,1,3,450,1,0,0,0,0,0,0,0,1,0,0,0,0,0,0,0,1,1,0,0,0,0,0,0,1,0,0,1,0,1,1,1,1,1,0,0,1,0,0,0,1,0,5,50,0,25,25,0,25,105,4508,4508,1,1,1,0,0,0,0,1,0,0,0,1,0,0,0,0,0,1,0,0,0,0,0,0,0,0,0,0,0,2
130,2,maas,2,1,1,0,15,0,0,0,0,0,0,0,0,0,0,0,0,0,0,0,0,0,0,0,0,0,0,600,0,33,0,1,0,0,0,0,1,0,0,0,0,1,0,0,0,0,0,1,0,0,0,2,1,1,1,1,3,2750,0,0,1,0,3,1,0,2,0,1,1,0,0,0,0,0,1,1,1,0,0,0,0,0,0,7,1,1,0,1,1,1,1,1,1,0,1,0,0,0,1,0,5,50,25,0,25,0,25,105,4000,4000,1,1,1,0,0,0,0,1,0,0,0,0,0,0,0,0,0,0,1,0,0,0,0,0,0,0,0,0,0,1
130,2,current,1,0,1,-999,-999,-999,-999,-999,-999,-999,-999,-999,-999,-999,-999,-999,-999,-999,-999,-999,-999,-999,-999,-999,-999,-999,-999,105,0,33,0,1,0,0,0,0,1,0,0,0,0,1,0,0,0,0,0,1,0,0,0,2,1,1,1,1,3,2750,0,0,1,0,3,1,0,2,0,1,1,0,0,0,0,0,1,1,1,0,0,0,0,0,0,7,1,1,0,1,1,1,1,1,1,0,1,0,0,0,1,0,5,50,25,0,25,0,25,105,4000,4000,1,1,1,0,0,0,0,1,0,0,0,0,0,0,0,0,0,0,1,0,0,0,0,0,0,0,0,0,0,2
131,2,maas,2,1,1,0,0,0,0,0,0,0,0,0,0,0,0,0,0,0,0,0,0,0,0,1,0,0,0,0,0,20,1,0,0,0,0,1,0,0,0,0,0,1,0,0,1,1,0,0,0,0,1,1,1,1,1,1,3,9,0,0,0,0,1,0,0,1,1,0,0,0,0,0,0,0,1,0,0,0,0,0,0,0,1,0,0,1,0,1,0,1,1,1,0,0,0,0,0,1,0,0,15,0,0,0,0,0,0,15,4102,4102,0,0,1,0,0,0,0,0,0,0,0,0,0,0,0,0,0,0,0,1,0,0,0,0,0,0,0,0,0,1
131,2,current,1,0,1,-999,-999,-999,-999,-999,-999,-999,-999,-999,-999,-999,-999,-999,-999,-999,-999,-999,-999,-999,-999,-999,-999,-999,-999,15,0,20,1,0,0,0,0,1,0,0,0,0,0,1,0,0,1,1,0,0,0,0,1,1,1,1,1,1,3,9,0,0,0,0,1,0,0,1,1,0,0,0,0,0,0,0,1,0,0,0,0,0,0,0,1,0,0,1,0,1,0,1,1,1,0,0,0,0,0,1,0,0,15,0,0,0,0,0,0,15,4102,4102,0,0,1,0,0,0,0,0,0,0,0,0,0,0,0,0,0,0,0,1,0,0,0,0,0,0,0,0,0,2
132,2,maas,2,1,1,1,0,0,0,0,0,0,0,0,0,0,0,0,0,0,0,0,0,0,0,0,0,0,1,20,0,33,0,1,0,0,0,0,1,0,0,0,0,0,1,0,0,0,0,1,0,0,0,3,1,1,1,1,3,575,0,1,0,0,2,0,0,2,0,1,0,0,0,0,0,0,1,1,1,0,0,0,0,0,0,7,1,1,0,1,1,1,1,0,0,1,0,1,0,1,0,0,30,150,25,25,25,0,125,255,4170,4101,1,0,0,0,0,0,0,1,1,0,0,0,0,0,0,0,0,0,0,0,0,0,0,0,0,0,0,0,0,1
132,2,current,1,0,1,-999,-999,-999,-999,-999,-999,-999,-999,-999,-999,-999,-999,-999,-999,-999,-999,-999,-999,-999,-999,-999,-999,-999,-999,255,0,33,0,1,0,0,0,0,1,0,0,0,0,0,1,0,0,0,0,1,0,0,0,3,1,1,1,1,3,575,0,1,0,0,2,0,0,2,0,1,0,0,0,0,0,0,1,1,1,0,0,0,0,0,0,7,1,1,0,1,1,1,1,0,0,1,0,1,0,1,0,0,30,150,25,25,25,0,125,255,4170,4101,1,0,0,0,0,0,0,1,1,0,0,0,0,0,0,0,0,0,0,0,0,0,0,0,0,0,0,0,0,2
133,2,maas,2,0,0,0,0,80,1,0,0,0,30,0,1,0,0,0,30,0,1,0,0,0,0,0,0,1,0,170,0,33,0,1,0,0,0,0,1,0,0,0,0,1,0,0,1,1,0,1,0,0,0,3,1,1,1,1,3,1625,0,0,1,0,3,1,0,2,0,1,1,0,0,0,0,1,0,0,0,1,0,0,0,0,0,7,1,1,0,1,0,1,1,0,0,1,0,1,0,0,0,1,5,150,0,0,0,0,125,155,4508,4508,1,1,1,0,0,0,0,0,1,0,0,0,0,0,0,0,1,0,0,0,0,0,50,0,0,0,0,0,0,1
133,2,current,1,1,0,-999,-999,-999,-999,-999,-999,-999,-999,-999,-999,-999,-999,-999,-999,-999,-999,-999,-999,-999,-999,-999,-999,-999,-999,155,0,33,0,1,0,0,0,0,1,0,0,0,0,1,0,0,1,1,0,1,0,0,0,3,1,1,1,1,3,1625,0,0,1,0,3,1,0,2,0,1,1,0,0,0,0,1,0,0,0,1,0,0,0,0,0,7,1,1,0,1,0,1,1,0,0,1,0,1,0,0,0,1,5,150,0,0,0,0,125,155,4508,4508,1,1,1,0,0,0,0,0,1,0,0,0,0,0,0,0,1,0,0,0,0,0,50,0,0,0,0,0,0,2
134,2,maas,2,1,1,0,1,0,0,0,0,0,0,0,0,0,0,0,0,0,0,0,0,0,0,0,0,0,0,40,0,45,0,0,1,0,0,0,0,0,1,0,0,0,1,0,0,0,0,0,0,0,1,2,1,3,1,1,5,75,1,0,0,0,4,1,1,2,0,1,1,0,0,0,1,0,1,0,0,0,0,0,0,0,1,0,0,0,0,1,0,1,1,1,0,0,0,1,0,0,1,0,0,0,0,0,0,0,0,0,4218,4218,0,0,0,0,0,0,1,1,0,1,0,0,0,0,0,0,0,0,0,0,0,0,0,0,0,0,0,0,0,1
134,2,current,1,0,1,-999,-999,-999,-999,-999,-999,-999,-999,-999,-999,-999,-999,-999,-999,-999,-999,-999,-999,-999,-999,-999,-999,-999,-999,0,0,45,0,0,1,0,0,0,0,0,1,0,0,0,1,0,0,0,0,0,0,0,1,2,1,3,1,1,5,75,1,0,0,0,4,1,1,2,0,1,1,0,0,0,1,0,1,0,0,0,0,0,0,0,1,0,0,0,0,1,0,1,1,1,0,0,0,1,0,0,1,0,0,0,0,0,0,0,0,0,4218,4218,0,0,0,0,0,0,1,1,0,1,0,0,0,0,0,0,0,0,0,0,0,0,0,0,0,0,0,0,0,2
135,2,maas,2,1,1,1,0,200,0,1,0,0,0,0,0,0,0,0,0,0,0,0,0,0,0,0,0,0,0,150,1,23,1,0,0,0,0,1,0,0,0,0,0,0,1,0,1,1,0,1,0,0,0,2,1,2,1,1,4,1625,0,0,1,0,1,0,0,1,1,0,0,0,0,0,1,0,1,1,0,1,0,0,0,0,0,7,1,1,0,1,1,1,1,0,0,1,0,0,0,1,1,1,30,350,125,25,75,25,125,630,4132,4132,0,1,1,0,0,0,0,1,0,1,1,1,0,0,0,0,0,0,0,0,0,0,0,0,0,0,0,0,0,1
135,2,current,1,0,1,-999,-999,-999,-999,-999,-999,-999,-999,-999,-999,-999,-999,-999,-999,-999,-999,-999,-999,-999,-999,-999,-999,-999,-999,630,1,23,1,0,0,0,0,1,0,0,0,0,0,0,1,0,1,1,0,1,0,0,0,2,1,2,1,1,4,1625,0,0,1,0,1,0,0,1,1,0,0,0,0,0,1,0,1,1,0,1,0,0,0,0,0,7,1,1,0,1,1,1,1,0,0,1,0,0,0,1,1,1,30,350,125,25,75,25,125,630,4132,4132,0,1,1,0,0,0,0,1,0,1,1,1,0,0,0,0,0,0,0,0,0,0,0,0,0,0,0,0,0,2
136,2,maas,2,1,1,0,0,80,1,0,0,0,0,0,0,0,0,0,0,0,0,0,0,0,0,1,0,0,1,70,0,36,0,1,0,0,0,0,0,1,0,0,0,0,0,1,0,0,0,0,0,0,1,3,2,1,1,1,3,3750,0,0,0,1,5,2,1,2,0,0,0,0,1,0,0,0,1,1,0,0,0,0,0,0,1,0,0,1,0,1,0,1,1,1,0,0,1,1,0,0,1,0,50,150,25,25,75,0,75,325,4509,4509,1,0,1,0,0,0,0,1,0,0,0,0,0,0,0,0,0,0,0,0,1,0,0,0,0,0,0,0,0,1
136,2,current,1,0,1,-999,-999,-999,-999,-999,-999,-999,-999,-999,-999,-999,-999,-999,-999,-999,-999,-999,-999,-999,-999,-999,-999,-999,-999,325,0,36,0,1,0,0,0,0,0,1,0,0,0,0,0,1,0,0,0,0,0,0,1,3,2,1,1,1,3,3750,0,0,0,1,5,2,1,2,0,0,0,0,1,0,0,0,1,1,0,0,0,0,0,0,1,0,0,1,0,1,0,1,1,1,0,0,1,1,0,0,1,0,50,150,25,25,75,0,75,325,4509,4509,1,0,1,0,0,0,0,1,0,0,0,0,0,0,0,0,0,0,0,0,1,0,0,0,0,0,0,0,0,2
137,2,maas,2,1,1,1,4,0,0,0,0,0,0,0,0,0,0,0,0,0,0,0,0,0,0,0,0,0,0,180,1,52,0,0,1,0,0,0,0,0,1,0,0,1,0,0,0,0,0,1,1,0,0,4,1,3,1,1,5,3250,0,0,0,1,4,0,1,3,0,1,1,0,0,0,0,0,1,1,1,0,0,0,0,0,0,7,1,1,0,1,1,1,1,1,0,1,0,0,0,0,1,0,5,150,0,75,25,0,225,255,4075,4068,0,1,1,1,0,1,0,1,0,0,0,0,0,0,0,0,0,0,0,1,0,0,0,0,0,0,0,0,0,1
137,2,current,1,0,1,-999,-999,-999,-999,-999,-999,-999,-999,-999,-999,-999,-999,-999,-999,-999,-999,-999,-999,-999,-999,-999,-999,-999,-999,255,1,52,0,0,1,0,0,0,0,0,1,0,0,1,0,0,0,0,0,1,1,0,0,4,1,3,1,1,5,3250,0,0,0,1,4,0,1,3,0,1,1,0,0,0,0,0,1,1,1,0,0,0,0,0,0,7,1,1,0,1,1,1,1,1,0,1,0,0,0,0,1,0,5,150,0,75,25,0,225,255,4075,4068,0,1,1,1,0,1,0,1,0,0,0,0,0,0,0,0,0,0,0,1,0,0,0,0,0,0,0,0,0,2
138,2,maas,2,0,0,0,0,0,0,0,0,0,0,0,0,0,0,0,0,0,0,0,0,0,0,0,0,0,0,0,0,24,1,0,0,0,0,1,0,0,0,0,0,1,0,0,0,0,0,1,0,0,0,2,1,1,1,1,3,3250,0,0,0,1,2,0,0,2,0,1,0,0,0,0,0,0,1,0,1,0,0,0,0,0,0,7,1,1,0,1,1,1,1,1,0,1,0,1,0,1,1,1,15,50,25,25,25,0,125,140,4067,4067,1,1,1,0,0,1,0,0,1,0,0,0,0,0,0,0,0,0,0,0,0,0,10,0,0,0,0,0,0,1
138,2,current,1,1,0,-999,-999,-999,-999,-999,-999,-999,-999,-999,-999,-999,-999,-999,-999,-999,-999,-999,-999,-999,-999,-999,-999,-999,-999,140,0,24,1,0,0,0,0,1,0,0,0,0,0,1,0,0,0,0,0,1,0,0,0,2,1,1,1,1,3,3250,0,0,0,1,2,0,0,2,0,1,0,0,0,0,0,0,1,0,1,0,0,0,0,0,0,7,1,1,0,1,1,1,1,1,0,1,0,1,0,1,1,1,15,50,25,25,25,0,125,140,4067,4067,1,1,1,0,0,1,0,0,1,0,0,0,0,0,0,0,0,0,0,0,0,0,10,0,0,0,0,0,0,2
139,2,maas,2,0,0,1,0,0,0,0,0,0,0,0,0,0,0,0,0,0,0,0,0,0,0,0,0,0,1,20,0,18,1,0,0,0,0,1,0,0,0,0,0,0,1,0,1,1,0,1,0,0,0,6,2,1,1,1,3,1125,0,1,0,0,4,0,0,4,0,0,0,1,0,0,0,0,1,0,0,1,0,0,0,0,0,7,1,1,0,1,0,1,1,1,0,1,0,0,0,0,1,0,0,150,25,25,0,0,75,200,4061,4064,0,0,1,0,0,1,0,0,1,0,0,0,0,0,0,1,0,0,0,0,0,0,20,0,0,0,0,0,0,1
139,2,current,1,1,0,-999,-999,-999,-999,-999,-999,-999,-999,-999,-999,-999,-999,-999,-999,-999,-999,-999,-999,-999,-999,-999,-999,-999,-999,200,0,18,1,0,0,0,0,1,0,0,0,0,0,0,1,0,1,1,0,1,0,0,0,6,2,1,1,1,3,1125,0,1,0,0,4,0,0,4,0,0,0,1,0,0,0,0,1,0,0,1,0,0,0,0,0,7,1,1,0,1,0,1,1,1,0,1,0,0,0,0,1,0,0,150,25,25,0,0,75,200,4061,4064,0,0,1,0,0,1,0,0,1,0,0,0,0,0,0,1,0,0,0,0,0,0,20,0,0,0,0,0,0,2
140,2,maas,2,0,0,1,0,0,0,0,0,0,0,0,0,0,0,0,0,0,0,0,0,0,0,0,0,1,0,30,0,67,0,0,0,1,0,0,0,0,0,0,1,0,1,0,0,0,0,1,0,0,0,3,1,1,1,1,3,1375,0,0,1,0,1,0,0,1,0,1,0,0,0,0,0,0,1,0,0,0,0,0,0,0,1,0,0,1,0,1,0,1,1,1,0,0,1,0,0,0,1,0,5,50,0,0,0,0,25,55,4311,4311,1,0,1,0,0,0,0,0,1,0,0,0,1,0,0,0,1,0,0,0,0,0,10,0,0,0,0,0,0,1
140,2,current,1,1,0,-999,-999,-999,-999,-999,-999,-999,-999,-999,-999,-999,-999,-999,-999,-999,-999,-999,-999,-999,-999,-999,-999,-999,-999,55,0,67,0,0,0,1,0,0,0,0,0,0,1,0,1,0,0,0,0,1,0,0,0,3,1,1,1,1,3,1375,0,0,1,0,1,0,0,1,0,1,0,0,0,0,0,0,1,0,0,0,0,0,0,0,1,0,0,1,0,1,0,1,1,1,0,0,1,0,0,0,1,0,5,50,0,0,0,0,25,55,4311,4311,1,0,1,0,0,0,0,0,1,0,0,0,1,0,0,0,1,0,0,0,0,0,10,0,0,0,0,0,0,2
141,2,maas,2,0,0,1,1,80,1,0,0,0,0,60,0,0,0,1,30,0,1,0,0,0,1,0,1,1,1,270,0,23,1,0,0,0,0,1,0,0,0,0,0,0,1,0,1,0,0,1,0,0,0,2,2,1,1,1,3,575,0,1,0,0,2,0,0,2,0,1,0,0,0,0,0,0,1,0,0,1,0,0,0,0,0,7,1,1,0,1,1,1,1,1,0,0,0,1,0,1,1,1,5,50,75,125,125,25,175,405,4053,4053,1,1,1,0,0,0,0,0,1,0,0,0,0,0,0,0,0,0,0,0,0,0,100,0,0,0,0,0,0,1
141,2,current,1,1,0,-999,-999,-999,-999,-999,-999,-999,-999,-999,-999,-999,-999,-999,-999,-999,-999,-999,-999,-999,-999,-999,-999,-999,-999,405,0,23,1,0,0,0,0,1,0,0,0,0,0,0,1,0,1,0,0,1,0,0,0,2,2,1,1,1,3,575,0,1,0,0,2,0,0,2,0,1,0,0,0,0,0,0,1,0,0,1,0,0,0,0,0,7,1,1,0,1,1,1,1,1,0,0,0,1,0,1,1,1,5,50,75,125,125,25,175,405,4053,4053,1,1,1,0,0,0,0,0,1,0,0,0,0,0,0,0,0,0,0,0,0,0,100,0,0,0,0,0,0,2
142,2,maas,2,0,0,0,0,0,0,0,0,0,0,0,0,0,0,0,0,0,0,0,0,0,0,1,0,1,1,10,0,38,0,1,0,0,0,0,0,1,0,0,0,0,0,1,0,0,0,1,0,0,0,3,1,1,1,1,3,3250,0,0,0,1,3,3,0,0,0,1,1,0,0,0,0,0,1,0,0,1,0,0,0,0,0,7,1,1,0,1,1,1,1,1,1,0,0,0,0,0,1,0,5,150,25,25,25,0,75,230,4213,4213,0,1,1,0,0,1,0,0,1,1,0,0,0,0,0,0,1,0,0,0,0,0,5,0,0,0,0,0,0,1
142,2,current,1,1,0,-999,-999,-999,-999,-999,-999,-999,-999,-999,-999,-999,-999,-999,-999,-999,-999,-999,-999,-999,-999,-999,-999,-999,-999,230,0,38,0,1,0,0,0,0,0,1,0,0,0,0,0,1,0,0,0,1,0,0,0,3,1,1,1,1,3,3250,0,0,0,1,3,3,0,0,0,1,1,0,0,0,0,0,1,0,0,1,0,0,0,0,0,7,1,1,0,1,1,1,1,1,1,0,0,0,0,0,1,0,5,150,25,25,25,0,75,230,4213,4213,0,1,1,0,0,1,0,0,1,1,0,0,0,0,0,0,1,0,0,0,0,0,5,0,0,0,0,0,0,2
143,2,maas,2,1,1,0,0,0,0,0,0,0,0,30,0,1,0,0,0,0,0,0,0,0,0,0,0,0,0,20,1,39,0,1,0,0,0,0,0,1,0,0,0,1,0,0,0,0,0,1,0,0,0,2,1,1,1,1,3,3250,0,0,0,1,2,0,0,2,0,1,0,0,0,0,0,0,1,1,1,0,0,0,0,0,0,7,1,1,0,1,1,1,1,1,0,1,0,1,0,1,0,1,30,150,25,25,25,0,175,255,4169,4000,1,1,1,0,0,1,0,1,0,0,0,0,0,0,0,0,0,0,0,1,0,0,0,0,0,0,0,0,0,1
143,2,current,1,0,1,-999,-999,-999,-999,-999,-999,-999,-999,-999,-999,-999,-999,-999,-999,-999,-999,-999,-999,-999,-999,-999,-999,-999,-999,255,1,39,0,1,0,0,0,0,0,1,0,0,0,1,0,0,0,0,0,1,0,0,0,2,1,1,1,1,3,3250,0,0,0,1,2,0,0,2,0,1,0,0,0,0,0,0,1,1,1,0,0,0,0,0,0,7,1,1,0,1,1,1,1,1,0,1,0,1,0,1,0,1,30,150,25,25,25,0,175,255,4169,4000,1,1,1,0,0,1,0,1,0,0,0,0,0,0,0,0,0,0,0,1,0,0,0,0,0,0,0,0,0,2
144,2,maas,2,1,1,0,0,0,0,0,0,0,0,60,0,0,0,1,0,0,0,0,0,0,0,0,0,0,1,50,0,43,0,0,1,0,0,0,0,1,0,0,0,0,0,1,0,0,0,1,0,0,0,2,2,5,1,1,7,2750,0,0,1,0,5,3,0,2,0,1,1,0,0,0,0,0,1,1,1,0,0,0,0,0,0,7,1,1,0,1,1,1,1,1,1,1,0,1,0,0,1,0,5,450,0,0,25,0,175,480,4226,4220,1,1,1,0,0,1,0,0,0,0,0,0,0,0,0,0,0,0,0,1,0,0,0,0,0,0,0,0,0,1
144,2,current,1,0,1,-999,-999,-999,-999,-999,-999,-999,-999,-999,-999,-999,-999,-999,-999,-999,-999,-999,-999,-999,-999,-999,-999,-999,-999,480,0,43,0,0,1,0,0,0,0,1,0,0,0,0,0,1,0,0,0,1,0,0,0,2,2,5,1,1,7,2750,0,0,1,0,5,3,0,2,0,1,1,0,0,0,0,0,1,1,1,0,0,0,0,0,0,7,1,1,0,1,1,1,1,1,1,1,0,1,0,0,1,0,5,450,0,0,25,0,175,480,4226,4220,1,1,1,0,0,1,0,0,0,0,0,0,0,0,0,0,0,0,0,1,0,0,0,0,0,0,0,0,0,2
145,2,maas,2,1,1,1,3,200,0,1,0,0,0,0,0,0,0,0,0,30,0,1,0,0,0,0,0,0,0,300,0,23,1,0,0,0,0,1,0,0,0,0,0,0,0,1,0,0,0,1,0,0,0,3,1,1,1,1,3,1125,0,1,0,0,4,1,0,3,0,1,0,0,0,0,0,1,0,1,1,0,0,0,0,0,0,7,1,1,0,1,1,1,1,1,0,1,0,0,0,1,1,1,50,350,75,75,175,25,125,750,4300,4306,1,1,1,1,0,0,0,0,0,0,0,0,0,1,0,0,1,0,0,0,0,0,0,0,0,0,0,0,0,1
145,2,current,1,0,1,-999,-999,-999,-999,-999,-999,-999,-999,-999,-999,-999,-999,-999,-999,-999,-999,-999,-999,-999,-999,-999,-999,-999,-999,750,0,23,1,0,0,0,0,1,0,0,0,0,0,0,0,1,0,0,0,1,0,0,0,3,1,1,1,1,3,1125,0,1,0,0,4,1,0,3,0,1,0,0,0,0,0,1,0,1,1,0,0,0,0,0,0,7,1,1,0,1,1,1,1,1,0,1,0,0,0,1,1,1,50,350,75,75,175,25,125,750,4300,4306,1,1,1,1,0,0,0,0,0,0,0,0,0,1,0,0,1,0,0,0,0,0,0,0,0,0,0,0,0,2
146,2,maas,2,0,0,1,0,0,0,0,0,0,0,0,0,0,0,0,0,0,0,0,0,0,0,0,0,0,0,20,1,76,0,0,0,0,1,0,0,0,0,0,1,0,1,0,0,0,0,1,0,0,0,3,1,1,1,1,3,2250,0,0,1,0,2,0,0,2,0,1,0,0,0,0,0,0,1,0,0,0,0,0,0,1,0,0,0,1,0,0,0,1,1,1,0,0,0,0,0,0,1,0,0,50,0,0,0,0,75,50,4123,4123,0,0,0,0,0,0,1,0,1,0,0,0,0,0,0,0,0,0,0,0,0,0,0,0,0,0,0,0,0,1
146,2,current,1,1,0,-999,-999,-999,-999,-999,-999,-999,-999,-999,-999,-999,-999,-999,-999,-999,-999,-999,-999,-999,-999,-999,-999,-999,-999,50,1,76,0,0,0,0,1,0,0,0,0,0,1,0,1,0,0,0,0,1,0,0,0,3,1,1,1,1,3,2250,0,0,1,0,2,0,0,2,0,1,0,0,0,0,0,0,1,0,0,0,0,0,0,1,0,0,0,1,0,0,0,1,1,1,0,0,0,0,0,0,1,0,0,50,0,0,0,0,75,50,4123,4123,0,0,0,0,0,0,1,0,1,0,0,0,0,0,0,0,0,0,0,0,0,0,0,0,0,0,0,0,0,2
147,2,maas,2,0,0,1,0,0,0,0,0,0,0,0,0,0,0,0,0,0,0,0,0,0,0,1,0,1,0,30,0,77,0,0,0,0,1,0,0,0,0,0,1,1,0,0,0,0,0,1,0,0,0,2,1,1,1,1,3,1875,0,0,1,0,2,0,0,2,0,1,0,0,0,0,0,0,1,0,0,0,0,0,0,1,0,0,0,1,0,1,0,1,1,1,0,0,1,0,0,1,0,0,5,50,25,25,0,0,225,105,4218,4220,1,1,1,0,0,0,0,0,0,1,0,0,0,0,0,0,1,0,0,0,0,0,50,0,0,0,0,0,0,1
147,2,current,1,1,0,-999,-999,-999,-999,-999,-999,-999,-999,-999,-999,-999,-999,-999,-999,-999,-999,-999,-999,-999,-999,-999,-999,-999,-999,105,0,77,0,0,0,0,1,0,0,0,0,0,1,1,0,0,0,0,0,1,0,0,0,2,1,1,1,1,3,1875,0,0,1,0,2,0,0,2,0,1,0,0,0,0,0,0,1,0,0,0,0,0,0,1,0,0,0,1,0,1,0,1,1,1,0,0,1,0,0,1,0,0,5,50,25,25,0,0,225,105,4218,4220,1,1,1,0,0,0,0,0,0,1,0,0,0,0,0,0,1,0,0,0,0,0,50,0,0,0,0,0,0,2
148,2,maas,2,1,1,1,0,0,0,0,0,0,0,0,0,0,0,0,0,0,0,0,0,0,0,0,0,0,1,20,1,18,1,0,0,0,0,1,0,0,0,0,0,0,0,1,1,1,0,0,0,0,1,2,1,2,1,1,4,850,0,1,0,0,2,0,1,1,0,0,0,1,0,0,0,0,1,1,0,0,0,0,0,0,1,0,0,1,0,1,0,1,1,1,0,0,0,1,0,1,0,0,15,0,0,0,0,0,0,15,4067,4068,1,0,1,0,0,0,0,0,1,0,0,0,0,0,0,0,0,0,0,0,0,0,0,0,0,0,0,0,0,1
148,2,current,1,0,1,-999,-999,-999,-999,-999,-999,-999,-999,-999,-999,-999,-999,-999,-999,-999,-999,-999,-999,-999,-999,-999,-999,-999,-999,15,1,18,1,0,0,0,0,1,0,0,0,0,0,0,0,1,1,1,0,0,0,0,1,2,1,2,1,1,4,850,0,1,0,0,2,0,1,1,0,0,0,1,0,0,0,0,1,1,0,0,0,0,0,0,1,0,0,1,0,1,0,1,1,1,0,0,0,1,0,1,0,0,15,0,0,0,0,0,0,15,4067,4068,1,0,1,0,0,0,0,0,1,0,0,0,0,0,0,0,0,0,0,0,0,0,0,0,0,0,0,0,0,2
149,2,maas,2,1,1,1,0,0,0,0,0,0,0,0,0,0,0,0,0,0,0,0,0,0,0,0,0,0,0,20,0,74,0,0,0,1,0,0,0,0,0,0,1,0,1,0,0,0,0,1,0,0,0,2,1,1,1,1,3,725,0,1,0,0,1,0,0,1,1,0,0,0,0,0,0,0,1,0,0,0,0,0,0,1,0,0,0,1,0,0,0,0,0,0,0,0,0,0,0,1,1,1,5,50,0,0,0,0,75,55,4124,4109,1,0,0,0,0,0,0,1,1,0,0,0,0,0,1,0,0,0,0,0,0,1,0,0,0,0,0,0,0,1
149,2,current,1,0,1,-999,-999,-999,-999,-999,-999,-999,-999,-999,-999,-999,-999,-999,-999,-999,-999,-999,-999,-999,-999,-999,-999,-999,-999,55,0,74,0,0,0,1,0,0,0,0,0,0,1,0,1,0,0,0,0,1,0,0,0,2,1,1,1,1,3,725,0,1,0,0,1,0,0,1,1,0,0,0,0,0,0,0,1,0,0,0,0,0,0,1,0,0,0,1,0,0,0,0,0,0,0,0,0,0,0,1,1,1,5,50,0,0,0,0,75,55,4124,4109,1,0,0,0,0,0,0,1,1,0,0,0,0,0,1,0,0,0,0,0,0,1,0,0,0,0,0,0,0,2
150,2,maas,2,1,1,1,0,0,0,0,0,0,60,0,0,0,1,0,0,0,0,0,0,0,0,0,0,1,1,90,1,52,0,0,1,0,0,0,0,0,1,0,0,0,0,1,0,0,0,1,1,0,0,2,2,2,1,1,4,350,1,0,0,0,4,2,0,2,0,1,1,0,0,0,1,1,0,1,0,1,0,0,0,0,0,7,1,1,0,1,0,1,0,1,0,1,0,0,0,0,0,0,5,50,25,75,75,0,175,230,4350,4350,1,0,0,1,0,0,0,1,1,0,0,0,0,0,0,0,0,0,0,0,0,0,0,0,0,0,0,0,0,1
150,2,current,1,0,1,-999,-999,-999,-999,-999,-999,-999,-999,-999,-999,-999,-999,-999,-999,-999,-999,-999,-999,-999,-999,-999,-999,-999,-999,230,1,52,0,0,1,0,0,0,0,0,1,0,0,0,0,1,0,0,0,1,1,0,0,2,2,2,1,1,4,350,1,0,0,0,4,2,0,2,0,1,1,0,0,0,1,1,0,1,0,1,0,0,0,0,0,7,1,1,0,1,0,1,0,1,0,1,0,0,0,0,0,0,5,50,25,75,75,0,175,230,4350,4350,1,0,0,1,0,0,0,1,1,0,0,0,0,0,0,0,0,0,0,0,0,0,0,0,0,0,0,0,0,2
151,2,maas,2,1,1,0,0,0,0,0,0,0,0,0,0,0,0,0,0,0,0,0,0,0,0,0,1,1,1,20,0,27,0,1,0,0,0,0,1,0,0,0,0,0,1,0,0,0,0,1,0,0,0,2,1,1,1,1,3,575,0,1,0,0,3,1,0,2,0,0,0,0,0,1,0,1,0,1,0,0,0,1,0,0,0,0,0,1,0,1,0,1,1,1,1,0,0,0,0,0,1,0,0,350,0,75,25,0,175,450,4500,4569,0,0,1,0,0,0,0,1,1,0,0,0,0,0,0,0,1,1,0,0,0,0,0,1,0,1,0,0,0,1
151,2,current,1,0,1,-999,-999,-999,-999,-999,-999,-999,-999,-999,-999,-999,-999,-999,-999,-999,-999,-999,-999,-999,-999,-999,-999,-999,-999,450,0,27,0,1,0,0,0,0,1,0,0,0,0,0,1,0,0,0,0,1,0,0,0,2,1,1,1,1,3,575,0,1,0,0,3,1,0,2,0,0,0,0,0,1,0,1,0,1,0,0,0,1,0,0,0,0,0,1,0,1,0,1,1,1,1,0,0,0,0,0,1,0,0,350,0,75,25,0,175,450,4500,4569,0,0,1,0,0,0,0,1,1,0,0,0,0,0,0,0,1,1,0,0,0,0,0,1,0,1,0,0,0,2
152,2,maas,2,0,0,1,0,0,0,0,0,0,0,0,0,0,0,0,0,0,0,0,0,0,0,1,0,0,1,20,1,53,0,0,1,0,0,0,0,0,1,0,0,0,1,0,0,0,0,1,1,0,0,2,1,2,1,1,4,3250,0,0,0,1,2,0,0,2,0,1,0,0,0,0,0,0,1,1,1,0,0,0,0,0,0,7,1,1,0,1,1,1,1,1,1,1,0,0,0,0,1,0,5,150,0,0,25,0,125,180,4018,4010,0,1,1,0,0,0,0,1,1,0,0,0,0,0,0,0,0,0,0,0,0,0,20,0,0,0,0,0,0,1
152,2,current,1,1,0,-999,-999,-999,-999,-999,-999,-999,-999,-999,-999,-999,-999,-999,-999,-999,-999,-999,-999,-999,-999,-999,-999,-999,-999,180,1,53,0,0,1,0,0,0,0,0,1,0,0,0,1,0,0,0,0,1,1,0,0,2,1,2,1,1,4,3250,0,0,0,1,2,0,0,2,0,1,0,0,0,0,0,0,1,1,1,0,0,0,0,0,0,7,1,1,0,1,1,1,1,1,1,1,0,0,0,0,1,0,5,150,0,0,25,0,125,180,4018,4010,0,1,1,0,0,0,0,1,1,0,0,0,0,0,0,0,0,0,0,0,0,0,20,0,0,0,0,0,0,2
153,2,maas,2,1,1,1,0,0,0,0,0,0,0,0,0,0,0,0,0,0,0,0,0,0,0,0,0,0,0,20,0,24,1,0,0,0,0,1,0,0,0,0,0,1,0,0,1,1,0,1,0,1,0,3,1,3,1,2,6,2250,0,0,1,0,4,2,0,2,0,1,1,0,0,0,0,0,1,0,1,0,0,0,0,0,0,7,1,1,0,1,1,1,1,1,1,0,0,0,0,0,1,0,70,50,175,225,75,25,125,620,4013,4019,1,0,0,1,0,1,0,0,1,0,0,0,0,0,0,0,0,0,0,0,0,0,0,0,0,0,0,0,0,1
153,2,current,1,0,1,-999,-999,-999,-999,-999,-999,-999,-999,-999,-999,-999,-999,-999,-999,-999,-999,-999,-999,-999,-999,-999,-999,-999,-999,620,0,24,1,0,0,0,0,1,0,0,0,0,0,1,0,0,1,1,0,1,0,1,0,3,1,3,1,2,6,2250,0,0,1,0,4,2,0,2,0,1,1,0,0,0,0,0,1,0,1,0,0,0,0,0,0,7,1,1,0,1,1,1,1,1,1,0,0,0,0,0,1,0,70,50,175,225,75,25,125,620,4013,4019,1,0,0,1,0,1,0,0,1,0,0,0,0,0,0,0,0,0,0,0,0,0,0,0,0,0,0,0,0,2
154,2,maas,2,0,0,1,0,0,0,0,0,0,0,0,0,0,0,0,0,0,0,0,0,0,0,0,0,1,1,30,0,40,0,1,0,0,0,0,0,1,0,0,0,0,1,0,0,0,0,1,1,0,0,3,2,4,1,1,6,225,1,0,0,0,3,1,0,2,0,1,1,0,0,0,0,0,1,0,1,0,0,0,0,0,0,7,1,1,0,1,0,1,1,0,0,1,0,0,0,1,1,0,15,150,75,0,0,0,175,240,4151,4151,0,0,0,0,0,1,0,0,1,0,0,0,0,0,0,0,0,0,0,0,0,0,0,0,0,0,0,0,0,1
154,2,current,1,1,0,-999,-999,-999,-999,-999,-999,-999,-999,-999,-999,-999,-999,-999,-999,-999,-999,-999,-999,-999,-999,-999,-999,-999,-999,240,0,40,0,1,0,0,0,0,0,1,0,0,0,0,1,0,0,0,0,1,1,0,0,3,2,4,1,1,6,225,1,0,0,0,3,1,0,2,0,1,1,0,0,0,0,0,1,0,1,0,0,0,0,0,0,7,1,1,0,1,0,1,1,0,0,1,0,0,0,1,1,0,15,150,75,0,0,0,175,240,4151,4151,0,0,0,0,0,1,0,0,1,0,0,0,0,0,0,0,0,0,0,0,0,0,0,0,0,0,0,0,0,2
155,2,maas,2,1,1,1,1,80,1,0,0,0,30,0,1,0,0,0,30,0,1,0,0,0,1,0,1,1,1,260,1,47,0,0,1,0,0,0,0,0,1,0,0,0,1,0,0,0,0,1,0,0,0,2,1,1,2,2,5,1875,0,0,1,0,1,0,0,1,1,0,0,0,0,0,0,0,1,1,1,0,0,0,0,0,0,7,1,1,0,1,1,1,1,1,0,1,0,0,0,1,1,0,5,50,25,25,0,0,125,105,4104,4104,1,0,1,0,0,1,0,1,0,0,0,0,0,0,0,0,0,0,0,1,0,0,0,0,0,0,0,0,0,1
155,2,current,1,0,1,-999,-999,-999,-999,-999,-999,-999,-999,-999,-999,-999,-999,-999,-999,-999,-999,-999,-999,-999,-999,-999,-999,-999,-999,105,1,47,0,0,1,0,0,0,0,0,1,0,0,0,1,0,0,0,0,1,0,0,0,2,1,1,2,2,5,1875,0,0,1,0,1,0,0,1,1,0,0,0,0,0,0,0,1,1,1,0,0,0,0,0,0,7,1,1,0,1,1,1,1,1,0,1,0,0,0,1,1,0,5,50,25,25,0,0,125,105,4104,4104,1,0,1,0,0,1,0,1,0,0,0,0,0,0,0,0,0,0,0,1,0,0,0,0,0,0,0,0,0,2
156,2,maas,2,1,1,1,0,0,0,0,0,0,0,0,0,0,0,0,0,0,0,0,0,0,0,0,1,0,1,30,0,38,0,1,0,0,0,0,0,1,0,0,0,1,0,0,0,0,0,1,0,0,0,3,1,1,1,1,3,5500,0,0,0,1,2,1,0,1,0,1,0,0,0,0,0,0,1,1,0,1,0,0,0,0,0,7,1,1,0,1,0,1,1,1,0,0,0,0,0,0,1,0,0,50,0,25,0,0,25,75,4070,4070,0,1,1,0,0,0,0,1,0,0,1,0,0,0,0,0,0,0,0,0,0,0,0,0,0,0,0,0,0,1
156,2,current,1,0,1,-999,-999,-999,-999,-999,-999,-999,-999,-999,-999,-999,-999,-999,-999,-999,-999,-999,-999,-999,-999,-999,-999,-999,-999,75,0,38,0,1,0,0,0,0,0,1,0,0,0,1,0,0,0,0,0,1,0,0,0,3,1,1,1,1,3,5500,0,0,0,1,2,1,0,1,0,1,0,0,0,0,0,0,1,1,0,1,0,0,0,0,0,7,1,1,0,1,0,1,1,1,0,0,0,0,0,0,1,0,0,50,0,25,0,0,25,75,4070,4070,0,1,1,0,0,0,0,1,0,0,1,0,0,0,0,0,0,0,0,0,0,0,0,0,0,0,0,0,0,2
157,2,maas,2,1,1,1,0,0,0,0,0,0,0,0,0,0,0,0,0,0,0,0,0,0,0,1,0,1,1,30,0,21,1,0,0,0,0,1,0,0,0,0,0,1,0,0,0,0,0,1,0,0,0,3,1,1,1,1,3,2250,0,0,1,0,4,0,1,3,0,0,0,1,0,0,0,0,1,1,0,1,0,0,0,0,0,7,1,1,0,1,1,1,1,1,1,1,0,1,0,1,0,1,30,150,75,25,25,0,75,305,4074,4074,1,1,1,0,0,0,0,1,0,0,1,1,1,0,0,0,0,0,0,0,0,0,0,0,0,0,0,0,0,1
157,2,current,1,0,1,-999,-999,-999,-999,-999,-999,-999,-999,-999,-999,-999,-999,-999,-999,-999,-999,-999,-999,-999,-999,-999,-999,-999,-999,305,0,21,1,0,0,0,0,1,0,0,0,0,0,1,0,0,0,0,0,1,0,0,0,3,1,1,1,1,3,2250,0,0,1,0,4,0,1,3,0,0,0,1,0,0,0,0,1,1,0,1,0,0,0,0,0,7,1,1,0,1,1,1,1,1,1,1,0,1,0,1,0,1,30,150,75,25,25,0,75,305,4074,4074,1,1,1,0,0,0,0,1,0,0,1,1,1,0,0,0,0,0,0,0,0,0,0,0,0,0,0,0,0,2
158,2,maas,2,1,1,1,3,200,0,1,0,0,0,30,0,1,0,0,0,30,0,1,0,0,1,1,0,1,1,350,0,19,1,0,0,0,0,1,0,0,0,0,0,0,0,1,1,1,0,1,0,0,0,4,1,5,1,1,7,2250,0,0,1,0,4,0,1,3,0,0,0,1,0,0,0,0,1,0,0,1,0,0,0,0,0,7,1,1,0,1,1,1,1,1,0,0,0,0,0,0,1,0,5,250,25,25,25,0,75,330,4073,4075,1,1,0,0,1,1,0,1,0,0,0,0,0,0,0,0,1,0,0,0,0,0,0,0,0,0,0,0,1,1
158,2,current,1,0,1,-999,-999,-999,-999,-999,-999,-999,-999,-999,-999,-999,-999,-999,-999,-999,-999,-999,-999,-999,-999,-999,-999,-999,-999,330,0,19,1,0,0,0,0,1,0,0,0,0,0,0,0,1,1,1,0,1,0,0,0,4,1,5,1,1,7,2250,0,0,1,0,4,0,1,3,0,0,0,1,0,0,0,0,1,0,0,1,0,0,0,0,0,7,1,1,0,1,1,1,1,1,0,0,0,0,0,0,1,0,5,250,25,25,25,0,75,330,4073,4075,1,1,0,0,1,1,0,1,0,0,0,0,0,0,0,0,1,0,0,0,0,0,0,0,0,0,0,0,1,2
159,2,maas,2,1,1,0,0,0,0,0,0,0,0,0,0,0,0,0,0,0,0,0,0,0,0,1,0,0,0,0,0,41,0,1,0,0,0,0,0,1,0,0,0,1,0,0,1,0,0,1,0,0,0,2,1,3,1,1,5,1375,0,0,1,0,3,0,1,2,0,0,1,0,0,0,0,0,1,1,1,0,0,0,0,0,0,7,1,1,0,1,0,1,1,1,1,1,0,0,0,0,1,0,5,250,25,25,25,0,125,330,4506,4500,1,1,1,0,0,1,0,1,0,1,1,1,0,0,0,0,0,0,0,0,0,0,0,0,0,0,0,0,0,1
159,2,current,1,0,1,-999,-999,-999,-999,-999,-999,-999,-999,-999,-999,-999,-999,-999,-999,-999,-999,-999,-999,-999,-999,-999,-999,-999,-999,330,0,41,0,1,0,0,0,0,0,1,0,0,0,1,0,0,1,0,0,1,0,0,0,2,1,3,1,1,5,1375,0,0,1,0,3,0,1,2,0,0,1,0,0,0,0,0,1,1,1,0,0,0,0,0,0,7,1,1,0,1,0,1,1,1,1,1,0,0,0,0,1,0,5,250,25,25,25,0,125,330,4506,4500,1,1,1,0,0,1,0,1,0,1,1,1,0,0,0,0,0,0,0,0,0,0,0,0,0,0,0,0,0,2
160,2,maas,2,0,0,0,0,0,0,0,0,0,0,0,0,0,0,0,0,0,0,0,0,0,0,0,0,0,1,0,1,81,0,0,0,0,1,0,0,0,0,0,1,1,0,0,0,0,0,1,0,0,0,3,1,1,1,1,3,1875,0,0,1,0,2,0,0,2,0,1,0,0,0,0,0,0,1,0,0,0,0,0,0,1,0,0,0,0,1,0,0,0,1,0,0,0,1,0,0,0,1,0,0,50,0,0,0,0,125,50,4350,4350,0,0,0,0,0,0,1,0,1,0,0,1,0,0,0,0,0,0,0,0,0,0,0,0,0,0,0,0,0,1
160,2,current,1,1,0,-999,-999,-999,-999,-999,-999,-999,-999,-999,-999,-999,-999,-999,-999,-999,-999,-999,-999,-999,-999,-999,-999,-999,-999,50,1,81,0,0,0,0,1,0,0,0,0,0,1,1,0,0,0,0,0,1,0,0,0,3,1,1,1,1,3,1875,0,0,1,0,2,0,0,2,0,1,0,0,0,0,0,0,1,0,0,0,0,0,0,1,0,0,0,0,1,0,0,0,1,0,0,0,1,0,0,0,1,0,0,50,0,0,0,0,125,50,4350,4350,0,0,0,0,0,0,1,0,1,0,0,1,0,0,0,0,0,0,0,0,0,0,0,0,0,0,0,0,0,2
161,2,maas,2,1,1,1,0,80,1,0,0,0,0,0,0,0,0,0,60,0,0,0,1,0,1,0,0,0,1,190,0,30,0,1,0,0,0,0,1,0,0,0,0,1,0,0,0,0,0,1,0,0,0,3,1,3,1,1,5,2250,0,0,1,0,4,2,0,2,0,1,1,0,0,0,0,0,1,1,1,0,0,0,0,0,0,7,1,1,0,1,1,1,1,1,0,1,0,0,0,0,1,0,0,250,25,75,75,0,175,425,4575,4556,1,1,1,0,0,0,0,1,1,0,0,0,0,0,0,0,0,0,0,0,0,0,0,0,0,0,0,0,1,1
161,2,current,1,0,1,-999,-999,-999,-999,-999,-999,-999,-999,-999,-999,-999,-999,-999,-999,-999,-999,-999,-999,-999,-999,-999,-999,-999,-999,425,0,30,0,1,0,0,0,0,1,0,0,0,0,1,0,0,0,0,0,1,0,0,0,3,1,3,1,1,5,2250,0,0,1,0,4,2,0,2,0,1,1,0,0,0,0,0,1,1,1,0,0,0,0,0,0,7,1,1,0,1,1,1,1,1,0,1,0,0,0,0,1,0,0,250,25,75,75,0,175,425,4575,4556,1,1,1,0,0,0,0,1,1,0,0,0,0,0,0,0,0,0,0,0,0,0,0,0,0,0,0,0,1,2
162,2,maas,2,0,0,0,0,80,1,0,0,0,0,0,0,0,0,0,0,0,0,0,0,0,0,0,0,0,0,70,0,55,0,0,1,0,0,0,0,0,0,1,0,0,0,1,0,0,0,1,0,0,0,2,1,1,1,1,3,725,0,1,0,0,1,0,0,1,1,0,0,0,0,0,0,0,1,0,0,0,0,0,0,1,0,0,0,1,0,1,0,1,1,0,1,0,1,0,0,0,1,0,0,50,0,0,0,0,75,50,4350,4350,0,0,1,0,0,0,0,1,0,0,0,0,0,0,0,0,0,0,1,0,0,0,0,0,0,0,0,0,0,1
162,2,current,1,1,0,-999,-999,-999,-999,-999,-999,-999,-999,-999,-999,-999,-999,-999,-999,-999,-999,-999,-999,-999,-999,-999,-999,-999,-999,50,0,55,0,0,1,0,0,0,0,0,0,1,0,0,0,1,0,0,0,1,0,0,0,2,1,1,1,1,3,725,0,1,0,0,1,0,0,1,1,0,0,0,0,0,0,0,1,0,0,0,0,0,0,1,0,0,0,1,0,1,0,1,1,0,1,0,1,0,0,0,1,0,0,50,0,0,0,0,75,50,4350,4350,0,0,1,0,0,0,0,1,0,0,0,0,0,0,0,0,0,0,1,0,0,0,0,0,0,0,0,0,0,2
163,2,maas,2,0,0,1,1,80,1,0,0,0,0,0,0,0,0,0,0,0,0,0,0,0,0,1,0,1,1,140,1,63,0,0,0,1,0,0,0,0,0,1,0,0,0,1,0,0,0,1,0,0,0,2,1,2,2,1,5,1125,0,1,0,0,2,0,0,2,0,1,0,0,0,0,0,1,0,0,0,0,0,0,0,1,0,0,0,1,0,0,0,1,1,0,1,0,0,0,0,1,1,1,5,50,25,25,25,0,25,130,4184,4124,0,0,0,0,1,0,0,0,1,0,0,0,0,0,0,0,0,0,0,0,0,0,20,1,1,1,1,0,0,1
163,2,current,1,1,0,-999,-999,-999,-999,-999,-999,-999,-999,-999,-999,-999,-999,-999,-999,-999,-999,-999,-999,-999,-999,-999,-999,-999,-999,130,1,63,0,0,0,1,0,0,0,0,0,1,0,0,0,1,0,0,0,1,0,0,0,2,1,2,2,1,5,1125,0,1,0,0,2,0,0,2,0,1,0,0,0,0,0,1,0,0,0,0,0,0,0,1,0,0,0,1,0,0,0,1,1,0,1,0,0,0,0,1,1,1,5,50,25,25,25,0,25,130,4184,4124,0,0,0,0,1,0,0,0,1,0,0,0,0,0,0,0,0,0,0,0,0,0,20,1,1,1,1,0,0,2
164,2,maas,2,1,1,1,0,0,0,0,0,0,0,0,0,0,0,0,0,0,0,0,0,0,0,1,0,1,1,30,0,54,0,0,1,0,0,0,0,0,1,0,0,0,1,0,0,0,0,1,0,0,0,2,1,2,1,1,4,1125,0,1,0,0,4,1,0,3,0,0,1,0,0,0,1,0,1,0,0,0,0,0,0,0,1,0,0,1,0,1,1,1,1,1,0,0,0,0,0,0,1,0,5,50,0,25,25,0,75,105,4506,4506,1,1,1,0,0,0,0,0,0,0,0,0,0,0,0,0,0,0,0,0,1,0,0,0,0,0,0,0,1,1
164,2,current,1,0,1,-999,-999,-999,-999,-999,-999,-999,-999,-999,-999,-999,-999,-999,-999,-999,-999,-999,-999,-999,-999,-999,-999,-999,-999,105,0,54,0,0,1,0,0,0,0,0,1,0,0,0,1,0,0,0,0,1,0,0,0,2,1,2,1,1,4,1125,0,1,0,0,4,1,0,3,0,0,1,0,0,0,1,0,1,0,0,0,0,0,0,0,1,0,0,1,0,1,1,1,1,1,0,0,0,0,0,0,1,0,5,50,0,25,25,0,75,105,4506,4506,1,1,1,0,0,0,0,0,0,0,0,0,0,0,0,0,0,0,0,0,1,0,0,0,0,0,0,0,1,2
165,2,maas,2,1,1,0,0,80,1,0,0,0,0,0,0,0,0,0,0,0,0,0,0,0,0,0,0,0,0,70,0,32,0,1,0,0,0,0,1,0,0,0,0,0,0,1,0,0,0,1,0,0,0,3,1,1,1,1,3,7000,0,0,0,1,3,0,0,3,0,0,0,0,1,0,0,0,1,1,0,0,0,1,0,0,0,0,0,1,0,1,1,1,1,1,0,0,0,1,0,1,1,0,15,50,25,25,75,75,75,265,4000,4000,1,0,0,0,0,0,0,0,1,0,0,0,0,0,0,0,0,0,0,0,0,0,0,1,1,0,0,0,0,1
165,2,current,1,0,1,-999,-999,-999,-999,-999,-999,-999,-999,-999,-999,-999,-999,-999,-999,-999,-999,-999,-999,-999,-999,-999,-999,-999,-999,265,0,32,0,1,0,0,0,0,1,0,0,0,0,0,0,1,0,0,0,1,0,0,0,3,1,1,1,1,3,7000,0,0,0,1,3,0,0,3,0,0,0,0,1,0,0,0,1,1,0,0,0,1,0,0,0,0,0,1,0,1,1,1,1,1,0,0,0,1,0,1,1,0,15,50,25,25,75,75,75,265,4000,4000,1,0,0,0,0,0,0,0,1,0,0,0,0,0,0,0,0,0,0,0,0,0,0,1,1,0,0,0,0,2
166,2,maas,2,0,0,1,1,300,0,0,1,0,0,30,0,1,0,0,0,30,0,1,0,0,1,0,1,1,1,350,0,25,1,0,0,0,0,0,1,0,0,0,0,0,0,1,1,1,0,1,0,0,0,2,1,1,1,1,3,9,0,0,0,0,2,0,0,2,0,1,0,0,0,0,0,0,1,0,0,0,0,0,0,0,1,0,0,1,0,1,0,1,1,1,1,0,1,0,0,0,1,0,0,350,0,0,0,0,125,350,4305,4304,0,0,0,0,0,0,1,0,1,0,0,0,0,0,0,0,0,0,0,0,0,0,5,0,0,0,0,0,0,1
166,2,current,1,1,0,-999,-999,-999,-999,-999,-999,-999,-999,-999,-999,-999,-999,-999,-999,-999,-999,-999,-999,-999,-999,-999,-999,-999,-999,350,0,25,1,0,0,0,0,0,1,0,0,0,0,0,0,1,1,1,0,1,0,0,0,2,1,1,1,1,3,9,0,0,0,0,2,0,0,2,0,1,0,0,0,0,0,0,1,0,0,0,0,0,0,0,1,0,0,1,0,1,0,1,1,1,1,0,1,0,0,0,1,0,0,350,0,0,0,0,125,350,4305,4304,0,0,0,0,0,0,1,0,1,0,0,0,0,0,0,0,0,0,0,0,0,0,5,0,0,0,0,0,0,2
167,2,maas,2,0,0,0,0,0,0,0,0,0,0,0,0,0,0,0,0,0,0,0,0,0,0,0,0,0,1,0,0,70,0,0,0,1,0,0,0,0,0,0,1,0,1,0,0,0,0,1,0,0,0,2,1,1,1,1,3,575,0,1,0,0,2,0,0,2,0,1,0,0,0,0,0,0,1,0,0,0,0,0,0,1,0,0,0,1,0,0,0,0,1,1,1,0,0,0,0,0,1,0,5,50,25,0,0,0,25,80,4000,4670,0,0,0,0,0,0,1,0,0,1,0,0,0,0,0,0,0,0,0,0,0,0,0,0,0,0,0,0,0,1
167,2,current,1,1,0,-999,-999,-999,-999,-999,-999,-999,-999,-999,-999,-999,-999,-999,-999,-999,-999,-999,-999,-999,-999,-999,-999,-999,-999,80,0,70,0,0,0,1,0,0,0,0,0,0,1,0,1,0,0,0,0,1,0,0,0,2,1,1,1,1,3,575,0,1,0,0,2,0,0,2,0,1,0,0,0,0,0,0,1,0,0,0,0,0,0,1,0,0,0,1,0,0,0,0,1,1,1,0,0,0,0,0,1,0,5,50,25,0,0,0,25,80,4000,4670,0,0,0,0,0,0,1,0,0,1,0,0,0,0,0,0,0,0,0,0,0,0,0,0,0,0,0,0,0,2
168,2,maas,2,1,1,1,0,0,0,0,0,0,0,0,0,0,0,0,0,0,0,0,0,0,0,0,0,0,0,20,0,27,0,1,0,0,0,0,1,0,0,0,0,0,1,0,0,0,0,1,0,0,0,3,1,1,1,1,3,4750,0,0,0,1,2,0,0,2,0,1,0,1,0,0,0,0,1,1,1,0,0,0,0,0,0,7,1,1,0,1,0,1,1,1,0,0,0,0,0,0,1,0,30,150,25,25,25,0,125,255,4300,4306,1,0,1,0,0,1,0,0,1,0,1,0,1,0,0,0,0,0,0,0,0,0,0,0,0,0,0,0,1,1
168,2,current,1,0,1,-999,-999,-999,-999,-999,-999,-999,-999,-999,-999,-999,-999,-999,-999,-999,-999,-999,-999,-999,-999,-999,-999,-999,-999,255,0,27,0,1,0,0,0,0,1,0,0,0,0,0,1,0,0,0,0,1,0,0,0,3,1,1,1,1,3,4750,0,0,0,1,2,0,0,2,0,1,0,1,0,0,0,0,1,1,1,0,0,0,0,0,0,7,1,1,0,1,0,1,1,1,0,0,0,0,0,0,1,0,30,150,25,25,25,0,125,255,4300,4306,1,0,1,0,0,1,0,0,1,0,1,0,1,0,0,0,0,0,0,0,0,0,0,0,0,0,0,0,1,2
169,2,maas,2,1,1,1,0,0,0,0,0,0,0,0,0,0,0,0,0,0,0,0,0,0,0,1,0,0,0,20,1,35,0,1,0,0,0,0,0,1,0,0,0,1,0,0,0,0,0,1,0,0,0,3,1,3,1,1,5,1875,0,0,1,0,4,2,0,2,0,1,1,0,0,0,0,0,1,1,1,0,0,0,0,0,0,7,1,1,0,1,1,1,1,1,1,0,0,1,1,1,1,0,30,50,0,25,0,0,225,105,4000,4000,1,1,1,0,0,1,0,1,1,0,0,0,0,0,0,0,0,0,0,0,0,0,0,0,0,0,0,0,0,1
169,2,current,1,0,1,-999,-999,-999,-999,-999,-999,-999,-999,-999,-999,-999,-999,-999,-999,-999,-999,-999,-999,-999,-999,-999,-999,-999,-999,105,1,35,0,1,0,0,0,0,0,1,0,0,0,1,0,0,0,0,0,1,0,0,0,3,1,3,1,1,5,1875,0,0,1,0,4,2,0,2,0,1,1,0,0,0,0,0,1,1,1,0,0,0,0,0,0,7,1,1,0,1,1,1,1,1,1,0,0,1,1,1,1,0,30,50,0,25,0,0,225,105,4000,4000,1,1,1,0,0,1,0,1,1,0,0,0,0,0,0,0,0,0,0,0,0,0,0,0,0,0,0,0,0,2
170,2,maas,2,0,0,0,0,0,0,0,0,0,0,0,0,0,0,0,0,0,0,0,0,0,0,1,0,0,0,0,1,27,0,1,0,0,0,0,1,0,0,0,0,1,0,0,1,1,0,1,0,0,0,3,1,1,1,1,3,1625,0,0,1,0,4,1,0,3,0,0,0,0,1,0,0,1,0,0,0,1,0,0,0,0,0,7,1,1,0,1,1,1,0,1,1,1,0,0,0,1,0,0,15,50,0,0,25,25,0,115,4113,4122,1,1,1,0,0,0,0,0,0,0,0,0,0,0,0,0,1,0,0,0,0,0,5,0,0,0,0,0,0,1
170,2,current,1,1,0,-999,-999,-999,-999,-999,-999,-999,-999,-999,-999,-999,-999,-999,-999,-999,-999,-999,-999,-999,-999,-999,-999,-999,-999,115,1,27,0,1,0,0,0,0,1,0,0,0,0,1,0,0,1,1,0,1,0,0,0,3,1,1,1,1,3,1625,0,0,1,0,4,1,0,3,0,0,0,0,1,0,0,1,0,0,0,1,0,0,0,0,0,7,1,1,0,1,1,1,0,1,1,1,0,0,0,1,0,0,15,50,0,0,25,25,0,115,4113,4122,1,1,1,0,0,0,0,0,0,0,0,0,0,0,0,0,1,0,0,0,0,0,5,0,0,0,0,0,0,2
171,2,maas,2,1,1,0,9,200,0,1,0,0,30,0,1,0,0,0,30,0,1,0,0,0,1,0,0,1,0,610,0,25,1,0,0,0,0,0,1,0,0,0,0,1,0,0,0,0,0,1,0,0,0,5,1,1,1,1,3,5500,0,0,0,1,4,0,0,4,0,0,0,1,0,0,0,0,1,0,1,0,0,0,0,0,0,7,1,1,0,1,1,1,1,1,0,1,0,0,0,0,1,0,70,450,175,175,0,0,225,870,4000,4305,1,1,1,0,0,1,0,0,0,0,1,0,0,0,1,0,0,0,0,0,0,0,0,0,0,0,0,0,0,1
171,2,current,1,0,1,-999,-999,-999,-999,-999,-999,-999,-999,-999,-999,-999,-999,-999,-999,-999,-999,-999,-999,-999,-999,-999,-999,-999,-999,870,0,25,1,0,0,0,0,0,1,0,0,0,0,1,0,0,0,0,0,1,0,0,0,5,1,1,1,1,3,5500,0,0,0,1,4,0,0,4,0,0,0,1,0,0,0,0,1,0,1,0,0,0,0,0,0,7,1,1,0,1,1,1,1,1,0,1,0,0,0,0,1,0,70,450,175,175,0,0,225,870,4000,4305,1,1,1,0,0,1,0,0,0,0,1,0,0,0,1,0,0,0,0,0,0,0,0,0,0,0,0,0,0,2
172,2,maas,2,0,0,1,0,0,0,0,0,0,0,0,0,0,0,0,0,0,0,0,0,0,0,0,0,0,0,20,0,28,0,1,0,0,0,0,1,0,0,0,0,1,0,0,1,1,0,1,0,0,0,3,1,5,1,2,8,3750,0,0,0,1,2,0,0,2,0,1,0,0,0,0,0,0,1,0,0,1,0,0,0,0,0,7,1,0,0,1,0,1,1,1,0,1,0,0,0,0,1,0,5,150,0,0,25,0,25,180,4121,4120,1,0,1,0,0,0,0,0,0,0,1,0,0,0,0,0,1,0,0,0,0,0,30,0,0,0,0,0,0,1
172,2,current,1,1,0,-999,-999,-999,-999,-999,-999,-999,-999,-999,-999,-999,-999,-999,-999,-999,-999,-999,-999,-999,-999,-999,-999,-999,-999,180,0,28,0,1,0,0,0,0,1,0,0,0,0,1,0,0,1,1,0,1,0,0,0,3,1,5,1,2,8,3750,0,0,0,1,2,0,0,2,0,1,0,0,0,0,0,0,1,0,0,1,0,0,0,0,0,7,1,0,0,1,0,1,1,1,0,1,0,0,0,0,1,0,5,150,0,0,25,0,25,180,4121,4120,1,0,1,0,0,0,0,0,0,0,1,0,0,0,0,0,1,0,0,0,0,0,30,0,0,0,0,0,0,2
173,2,maas,2,0,0,0,0,0,0,0,0,0,0,0,0,0,0,0,0,0,0,0,0,0,0,0,0,0,1,0,0,23,1,0,0,0,0,1,0,0,0,0,0,0,1,0,0,0,0,1,0,0,0,2,1,1,1,1,3,75,1,0,0,0,2,0,0,2,0,0,0,1,0,0,0,0,1,0,0,0,0,0,1,0,1,0,0,0,0,0,0,0,0,0,0,0,0,0,0,0,1,0,0,0,0,0,0,0,0,0,4350,4350,0,0,0,0,0,0,1,1,1,0,0,0,0,0,0,0,0,0,0,0,0,0,5,0,0,0,0,0,0,1
173,2,current,1,1,0,-999,-999,-999,-999,-999,-999,-999,-999,-999,-999,-999,-999,-999,-999,-999,-999,-999,-999,-999,-999,-999,-999,-999,-999,0,0,23,1,0,0,0,0,1,0,0,0,0,0,0,1,0,0,0,0,1,0,0,0,2,1,1,1,1,3,75,1,0,0,0,2,0,0,2,0,0,0,1,0,0,0,0,1,0,0,0,0,0,1,0,1,0,0,0,0,0,0,0,0,0,0,0,0,0,0,0,1,0,0,0,0,0,0,0,0,0,4350,4350,0,0,0,0,0,0,1,1,1,0,0,0,0,0,0,0,0,0,0,0,0,0,5,0,0,0,0,0,0,2
174,2,maas,2,1,1,0,0,80,1,0,0,0,30,0,1,0,0,0,30,0,1,0,0,0,0,0,0,0,0,160,0,24,1,0,0,0,0,1,0,0,0,0,0,0,0,1,1,1,0,1,0,0,0,4,1,3,2,2,7,850,0,1,0,0,2,0,0,2,0,1,0,0,0,0,0,0,1,1,1,0,0,0,0,0,0,7,1,1,0,1,1,1,0,0,1,0,1,1,1,0,1,0,0,250,125,25,75,25,225,500,4220,4220,0,1,1,1,0,0,0,1,0,0,0,0,0,0,0,0,0,0,1,0,0,0,0,0,0,0,0,0,0,1
174,2,current,1,0,1,-999,-999,-999,-999,-999,-999,-999,-999,-999,-999,-999,-999,-999,-999,-999,-999,-999,-999,-999,-999,-999,-999,-999,-999,500,0,24,1,0,0,0,0,1,0,0,0,0,0,0,0,1,1,1,0,1,0,0,0,4,1,3,2,2,7,850,0,1,0,0,2,0,0,2,0,1,0,0,0,0,0,0,1,1,1,0,0,0,0,0,0,7,1,1,0,1,1,1,0,0,1,0,1,1,1,0,1,0,0,250,125,25,75,25,225,500,4220,4220,0,1,1,1,0,0,0,1,0,0,0,0,0,0,0,0,0,0,1,0,0,0,0,0,0,0,0,0,0,2
175,2,maas,2,1,1,1,0,0,0,0,0,0,0,0,0,0,0,0,0,0,0,0,0,0,0,1,0,0,1,20,0,27,0,1,0,0,0,0,1,0,0,0,0,0,1,0,0,0,0,1,0,0,0,2,1,3,1,1,5,2750,0,0,1,0,3,0,0,3,0,0,0,0,0,1,0,0,1,1,1,0,0,0,0,0,0,7,1,1,0,1,1,1,1,1,1,1,0,1,0,0,1,0,50,50,75,0,25,0,125,200,4215,4215,0,1,1,0,0,1,0,0,0,0,0,0,0,0,0,0,0,0,1,0,0,0,0,0,0,0,0,0,0,1
175,2,current,1,0,1,-999,-999,-999,-999,-999,-999,-999,-999,-999,-999,-999,-999,-999,-999,-999,-999,-999,-999,-999,-999,-999,-999,-999,-999,200,0,27,0,1,0,0,0,0,1,0,0,0,0,0,1,0,0,0,0,1,0,0,0,2,1,3,1,1,5,2750,0,0,1,0,3,0,0,3,0,0,0,0,0,1,0,0,1,1,1,0,0,0,0,0,0,7,1,1,0,1,1,1,1,1,1,1,0,1,0,0,1,0,50,50,75,0,25,0,125,200,4215,4215,0,1,1,0,0,1,0,0,0,0,0,0,0,0,0,0,0,0,1,0,0,0,0,0,0,0,0,0,0,2
176,2,maas,2,1,1,1,0,0,0,0,0,0,0,0,0,0,0,0,0,0,0,0,0,0,0,0,0,0,0,20,0,51,0,0,1,0,0,0,0,0,1,0,0,0,1,0,0,0,0,1,0,0,0,2,1,1,1,1,3,350,1,0,0,0,1,0,0,1,1,0,0,0,0,0,0,1,0,0,0,0,0,0,0,0,1,0,0,0,0,0,0,0,1,0,0,0,0,0,0,0,1,0,0,50,0,0,0,0,75,50,4133,4133,0,0,0,0,0,0,1,0,1,0,0,0,0,0,0,0,0,0,0,0,0,0,0,0,0,0,0,0,0,1
176,2,current,1,0,1,-999,-999,-999,-999,-999,-999,-999,-999,-999,-999,-999,-999,-999,-999,-999,-999,-999,-999,-999,-999,-999,-999,-999,-999,50,0,51,0,0,1,0,0,0,0,0,1,0,0,0,1,0,0,0,0,1,0,0,0,2,1,1,1,1,3,350,1,0,0,0,1,0,0,1,1,0,0,0,0,0,0,1,0,0,0,0,0,0,0,0,1,0,0,0,0,0,0,0,1,0,0,0,0,0,0,0,1,0,0,50,0,0,0,0,75,50,4133,4133,0,0,0,0,0,0,1,0,1,0,0,0,0,0,0,0,0,0,0,0,0,0,0,0,0,0,0,0,0,2
177,2,maas,2,0,0,1,0,80,1,0,0,0,0,0,0,0,0,0,0,0,0,0,0,0,0,1,0,1,1,100,0,37,0,1,0,0,0,0,0,1,0,0,0,1,0,0,1,1,0,1,1,0,0,3,1,3,1,3,7,3250,0,0,0,1,5,3,0,2,0,1,1,0,0,0,0,0,1,0,0,1,0,0,0,0,0,7,1,1,0,1,1,1,1,1,0,0,0,0,0,0,1,0,5,150,75,125,25,0,125,380,4178,4178,1,1,1,0,0,1,0,1,0,0,0,0,0,0,0,0,0,0,0,1,0,0,5,0,0,0,0,0,0,1
177,2,current,1,1,0,-999,-999,-999,-999,-999,-999,-999,-999,-999,-999,-999,-999,-999,-999,-999,-999,-999,-999,-999,-999,-999,-999,-999,-999,380,0,37,0,1,0,0,0,0,0,1,0,0,0,1,0,0,1,1,0,1,1,0,0,3,1,3,1,3,7,3250,0,0,0,1,5,3,0,2,0,1,1,0,0,0,0,0,1,0,0,1,0,0,0,0,0,7,1,1,0,1,1,1,1,1,0,0,0,0,0,0,1,0,5,150,75,125,25,0,125,380,4178,4178,1,1,1,0,0,1,0,1,0,0,0,0,0,0,0,0,0,0,0,1,0,0,5,0,0,0,0,0,0,2
178,2,maas,2,0,0,0,2,0,0,0,0,0,0,0,0,0,0,0,0,0,0,0,0,0,0,1,0,1,1,90,0,49,0,0,1,0,0,0,0,0,1,0,0,0,1,0,0,0,0,1,0,0,0,3,1,3,1,1,5,75,1,0,0,0,2,0,0,2,0,1,0,0,0,0,0,0,1,1,1,0,0,0,0,0,0,7,1,1,0,1,1,1,1,1,0,0,0,0,0,0,1,0,0,350,25,25,25,0,125,425,4165,4101,0,0,1,0,0,1,0,0,1,1,0,0,0,0,0,0,1,0,0,0,0,0,50,0,0,0,0,0,0,1
178,2,current,1,1,0,-999,-999,-999,-999,-999,-999,-999,-999,-999,-999,-999,-999,-999,-999,-999,-999,-999,-999,-999,-999,-999,-999,-999,-999,425,0,49,0,0,1,0,0,0,0,0,1,0,0,0,1,0,0,0,0,1,0,0,0,3,1,3,1,1,5,75,1,0,0,0,2,0,0,2,0,1,0,0,0,0,0,0,1,1,1,0,0,0,0,0,0,7,1,1,0,1,1,1,1,1,0,0,0,0,0,0,1,0,0,350,25,25,25,0,125,425,4165,4101,0,0,1,0,0,1,0,0,1,1,0,0,0,0,0,0,1,0,0,0,0,0,50,0,0,0,0,0,0,2
179,2,maas,2,1,1,0,0,0,0,0,0,0,0,0,0,0,0,0,0,0,0,0,0,0,0,0,0,0,1,0,0,23,1,0,0,0,0,1,0,0,0,0,0,0,1,0,0,0,0,1,0,0,0,2,1,1,1,1,3,75,1,0,0,0,2,0,0,2,0,0,0,1,0,0,0,0,1,0,0,0,0,0,0,0,1,0,0,0,0,0,0,0,1,0,0,0,1,0,0,0,1,0,0,0,0,0,0,0,0,0,4350,4350,0,0,1,0,0,0,0,1,1,0,0,0,0,0,0,0,0,0,0,0,0,0,0,0,0,0,0,0,0,1
179,2,current,1,0,1,-999,-999,-999,-999,-999,-999,-999,-999,-999,-999,-999,-999,-999,-999,-999,-999,-999,-999,-999,-999,-999,-999,-999,-999,0,0,23,1,0,0,0,0,1,0,0,0,0,0,0,1,0,0,0,0,1,0,0,0,2,1,1,1,1,3,75,1,0,0,0,2,0,0,2,0,0,0,1,0,0,0,0,1,0,0,0,0,0,0,0,1,0,0,0,0,0,0,0,1,0,0,0,1,0,0,0,1,0,0,0,0,0,0,0,0,0,4350,4350,0,0,1,0,0,0,0,1,1,0,0,0,0,0,0,0,0,0,0,0,0,0,0,0,0,0,0,0,0,2
180,2,maas,2,0,0,0,0,0,0,0,0,0,0,0,0,0,0,0,0,0,0,0,0,0,0,0,0,0,1,0,1,28,0,1,0,0,0,0,1,0,0,0,0,0,1,0,0,0,0,1,0,0,0,4,1,1,1,1,3,3250,0,0,0,1,3,0,0,3,0,0,0,0,0,1,1,0,1,0,1,0,0,0,0,0,0,7,1,1,0,0,1,1,1,1,1,0,0,0,0,1,1,1,15,150,0,0,25,0,125,190,4078,4078,1,1,1,0,0,0,0,0,1,0,0,0,0,0,0,0,0,0,0,0,0,0,10,0,0,0,0,0,0,1
180,2,current,1,1,0,-999,-999,-999,-999,-999,-999,-999,-999,-999,-999,-999,-999,-999,-999,-999,-999,-999,-999,-999,-999,-999,-999,-999,-999,190,1,28,0,1,0,0,0,0,1,0,0,0,0,0,1,0,0,0,0,1,0,0,0,4,1,1,1,1,3,3250,0,0,0,1,3,0,0,3,0,0,0,0,0,1,1,0,1,0,1,0,0,0,0,0,0,7,1,1,0,0,1,1,1,1,1,0,0,0,0,1,1,1,15,150,0,0,25,0,125,190,4078,4078,1,1,1,0,0,0,0,0,1,0,0,0,0,0,0,0,0,0,0,0,0,0,10,0,0,0,0,0,0,2
181,2,maas,2,0,0,1,0,0,0,0,0,0,0,0,0,0,0,0,0,0,0,0,0,0,0,0,0,0,0,20,1,48,0,0,1,0,0,0,0,0,1,0,0,1,0,0,0,0,0,1,1,0,0,2,4,2,1,1,4,1875,0,0,1,0,2,0,0,2,0,0,0,0,1,0,0,0,1,0,1,0,0,0,0,0,0,7,1,1,0,1,1,0,1,1,0,0,1,0,0,0,1,0,5,150,0,0,25,0,225,180,4066,4064,1,1,1,0,0,1,0,0,1,0,0,0,0,0,0,0,0,0,0,0,0,1,0,0,0,0,0,0,0,1
181,2,current,1,1,0,-999,-999,-999,-999,-999,-999,-999,-999,-999,-999,-999,-999,-999,-999,-999,-999,-999,-999,-999,-999,-999,-999,-999,-999,180,1,48,0,0,1,0,0,0,0,0,1,0,0,1,0,0,0,0,0,1,1,0,0,2,4,2,1,1,4,1875,0,0,1,0,2,0,0,2,0,0,0,0,1,0,0,0,1,0,1,0,0,0,0,0,0,7,1,1,0,1,1,0,1,1,0,0,1,0,0,0,1,0,5,150,0,0,25,0,225,180,4066,4064,1,1,1,0,0,1,0,0,1,0,0,0,0,0,0,0,0,0,0,0,0,1,0,0,0,0,0,0,0,2
182,2,maas,2,1,1,1,0,0,0,0,0,0,0,0,0,0,0,0,0,0,0,0,0,0,0,0,1,1,1,40,0,65,0,0,0,1,0,0,0,0,0,0,1,1,0,0,0,0,0,1,0,0,0,3,1,2,1,1,4,2750,0,0,1,0,2,0,0,2,0,1,0,0,0,0,0,0,1,0,0,0,0,0,0,1,0,0,0,1,0,1,0,1,1,0,0,0,0,0,0,0,1,0,5,250,0,0,0,0,225,255,4000,4061,1,1,1,0,0,0,0,1,0,0,0,0,0,0,0,0,0,0,0,1,0,0,0,0,0,0,0,0,0,1
182,2,current,1,0,1,-999,-999,-999,-999,-999,-999,-999,-999,-999,-999,-999,-999,-999,-999,-999,-999,-999,-999,-999,-999,-999,-999,-999,-999,255,0,65,0,0,0,1,0,0,0,0,0,0,1,1,0,0,0,0,0,1,0,0,0,3,1,2,1,1,4,2750,0,0,1,0,2,0,0,2,0,1,0,0,0,0,0,0,1,0,0,0,0,0,0,1,0,0,0,1,0,1,0,1,1,0,0,0,0,0,0,0,1,0,5,250,0,0,0,0,225,255,4000,4061,1,1,1,0,0,0,0,1,0,0,0,0,0,0,0,0,0,0,0,1,0,0,0,0,0,0,0,0,0,2
183,2,maas,2,1,1,1,0,80,1,0,0,0,0,0,0,0,0,0,0,0,0,0,0,0,0,1,0,0,0,90,1,53,0,0,1,0,0,0,0,0,1,0,0,1,0,0,0,0,0,1,0,0,0,2,1,4,1,1,6,3750,0,0,0,1,3,0,1,2,0,1,1,0,0,0,1,0,1,0,1,0,0,0,0,0,0,7,1,1,0,1,1,1,1,1,0,1,0,0,0,0,1,0,5,250,25,25,75,0,125,380,4019,4504,1,1,1,0,0,0,0,1,1,0,0,0,0,0,0,1,0,1,0,0,0,0,0,0,0,0,0,0,0,1
183,2,current,1,0,1,-999,-999,-999,-999,-999,-999,-999,-999,-999,-999,-999,-999,-999,-999,-999,-999,-999,-999,-999,-999,-999,-999,-999,-999,380,1,53,0,0,1,0,0,0,0,0,1,0,0,1,0,0,0,0,0,1,0,0,0,2,1,4,1,1,6,3750,0,0,0,1,3,0,1,2,0,1,1,0,0,0,1,0,1,0,1,0,0,0,0,0,0,7,1,1,0,1,1,1,1,1,0,1,0,0,0,0,1,0,5,250,25,25,75,0,125,380,4019,4504,1,1,1,0,0,0,0,1,1,0,0,0,0,0,0,1,0,1,0,0,0,0,0,0,0,0,0,0,0,2
184,2,maas,2,1,1,1,0,0,0,0,0,0,0,0,0,0,0,0,0,0,0,0,0,0,1,1,0,0,1,40,0,33,0,1,0,0,0,0,1,0,0,0,0,1,0,0,1,1,0,1,0,0,0,3,1,1,1,1,3,1625,0,0,1,0,3,1,0,2,0,1,1,0,0,0,0,1,0,0,0,1,0,0,0,0,0,7,1,1,0,1,0,1,1,0,0,1,0,1,0,1,0,1,5,150,0,0,25,0,75,180,4509,4503,1,1,1,0,0,0,0,0,1,0,0,0,0,0,0,0,0,0,0,0,0,0,0,0,0,0,0,0,0,1
184,2,current,1,0,1,-999,-999,-999,-999,-999,-999,-999,-999,-999,-999,-999,-999,-999,-999,-999,-999,-999,-999,-999,-999,-999,-999,-999,-999,180,0,33,0,1,0,0,0,0,1,0,0,0,0,1,0,0,1,1,0,1,0,0,0,3,1,1,1,1,3,1625,0,0,1,0,3,1,0,2,0,1,1,0,0,0,0,1,0,0,0,1,0,0,0,0,0,7,1,1,0,1,0,1,1,0,0,1,0,1,0,1,0,1,5,150,0,0,25,0,75,180,4509,4503,1,1,1,0,0,0,0,0,1,0,0,0,0,0,0,0,0,0,0,0,0,0,0,0,0,0,0,0,0,2
185,2,maas,2,1,1,0,0,0,0,0,0,0,60,0,0,0,1,0,0,0,0,0,0,0,0,0,0,0,0,60,1,24,1,0,0,0,0,1,0,0,0,0,0,0,0,1,0,0,0,0,1,0,0,3,2,1,1,1,3,3750,0,0,0,1,1,0,0,1,1,0,0,0,0,0,0,1,0,1,1,0,0,0,0,0,0,7,1,1,0,1,1,1,1,1,0,1,0,1,0,1,0,0,50,150,125,225,125,25,125,700,4223,4223,0,1,0,1,0,0,0,0,1,0,0,1,0,0,0,0,0,0,0,0,0,0,0,1,1,0,0,0,1,1
185,2,current,1,0,1,-999,-999,-999,-999,-999,-999,-999,-999,-999,-999,-999,-999,-999,-999,-999,-999,-999,-999,-999,-999,-999,-999,-999,-999,700,1,24,1,0,0,0,0,1,0,0,0,0,0,0,0,1,0,0,0,0,1,0,0,3,2,1,1,1,3,3750,0,0,0,1,1,0,0,1,1,0,0,0,0,0,0,1,0,1,1,0,0,0,0,0,0,7,1,1,0,1,1,1,1,1,0,1,0,1,0,1,0,0,50,150,125,225,125,25,125,700,4223,4223,0,1,0,1,0,0,0,0,1,0,0,1,0,0,0,0,0,0,0,0,0,0,0,1,1,0,0,0,1,2
186,2,maas,2,0,0,1,0,0,0,0,0,0,0,0,0,0,0,0,0,0,0,0,0,0,0,1,0,1,1,30,1,54,0,0,1,0,0,0,0,0,1,0,0,1,0,0,0,0,0,1,0,0,0,2,1,1,1,1,3,4750,0,0,0,1,2,0,0,2,0,1,0,0,0,0,0,0,1,0,1,0,0,0,0,0,0,7,1,1,0,1,0,0,1,1,0,1,0,1,0,0,0,0,5,50,0,0,25,0,25,80,4005,4000,1,1,1,0,0,0,0,0,1,0,0,0,0,0,0,0,1,0,0,0,0,0,5,0,0,0,0,0,0,1
186,2,current,1,1,0,-999,-999,-999,-999,-999,-999,-999,-999,-999,-999,-999,-999,-999,-999,-999,-999,-999,-999,-999,-999,-999,-999,-999,-999,80,1,54,0,0,1,0,0,0,0,0,1,0,0,1,0,0,0,0,0,1,0,0,0,2,1,1,1,1,3,4750,0,0,0,1,2,0,0,2,0,1,0,0,0,0,0,0,1,0,1,0,0,0,0,0,0,7,1,1,0,1,0,0,1,1,0,1,0,1,0,0,0,0,5,50,0,0,25,0,25,80,4005,4000,1,1,1,0,0,0,0,0,1,0,0,0,0,0,0,0,1,0,0,0,0,0,5,0,0,0,0,0,0,2
187,2,maas,2,1,1,1,0,0,0,0,0,0,0,0,0,0,0,0,0,0,0,0,0,0,0,0,1,1,1,40,1,55,0,0,1,0,0,0,0,0,0,1,0,0,1,0,1,1,0,0,0,0,1,4,1,1,1,1,3,4750,0,0,0,1,6,2,0,4,0,0,0,1,0,0,0,0,1,1,0,1,0,0,0,0,0,7,1,1,0,1,0,1,1,1,0,0,0,0,0,0,1,0,5,150,25,25,25,0,0,230,4121,4121,1,0,1,0,0,0,0,1,1,0,0,0,0,0,0,0,0,0,0,0,0,0,0,0,0,0,0,0,0,1
187,2,current,1,0,1,-999,-999,-999,-999,-999,-999,-999,-999,-999,-999,-999,-999,-999,-999,-999,-999,-999,-999,-999,-999,-999,-999,-999,-999,230,1,55,0,0,1,0,0,0,0,0,0,1,0,0,1,0,1,1,0,0,0,0,1,4,1,1,1,1,3,4750,0,0,0,1,6,2,0,4,0,0,0,1,0,0,0,0,1,1,0,1,0,0,0,0,0,7,1,1,0,1,0,1,1,1,0,0,0,0,0,0,1,0,5,150,25,25,25,0,0,230,4121,4121,1,0,1,0,0,0,0,1,1,0,0,0,0,0,0,0,0,0,0,0,0,0,0,0,0,0,0,0,0,2
188,2,maas,2,1,1,1,1,80,1,0,0,0,0,30,0,1,0,0,0,30,0,1,0,0,1,0,1,1,1,220,0,39,0,1,0,0,0,0,0,1,0,0,0,0,1,0,0,0,0,1,0,0,0,3,1,6,1,1,8,1375,0,0,1,0,7,4,2,1,0,1,1,0,0,0,1,0,1,1,0,0,0,0,1,0,0,0,0,1,0,1,1,1,1,1,1,0,0,0,0,0,1,0,30,250,0,0,25,0,175,305,4510,4510,1,0,1,0,0,0,0,1,1,0,0,1,0,0,0,0,0,0,0,0,0,0,0,0,0,0,0,0,1,1
188,2,current,1,0,1,-999,-999,-999,-999,-999,-999,-999,-999,-999,-999,-999,-999,-999,-999,-999,-999,-999,-999,-999,-999,-999,-999,-999,-999,305,0,39,0,1,0,0,0,0,0,1,0,0,0,0,1,0,0,0,0,1,0,0,0,3,1,6,1,1,8,1375,0,0,1,0,7,4,2,1,0,1,1,0,0,0,1,0,1,1,0,0,0,0,1,0,0,0,0,1,0,1,1,1,1,1,1,0,0,0,0,0,1,0,30,250,0,0,25,0,175,305,4510,4510,1,0,1,0,0,0,0,1,1,0,0,1,0,0,0,0,0,0,0,0,0,0,0,0,0,0,0,0,1,2
189,2,maas,2,0,0,1,1,80,1,0,0,0,0,0,0,0,0,0,0,0,0,0,0,0,1,1,0,1,1,160,0,42,0,0,1,0,0,0,0,1,0,0,0,0,0,1,0,0,0,1,0,0,0,4,1,4,1,1,6,9,0,0,0,0,4,1,0,3,0,0,0,0,1,0,0,0,1,0,0,0,0,0,0,0,1,0,0,1,0,1,0,1,1,1,0,0,0,0,0,0,1,0,0,450,0,25,0,0,75,475,4300,4301,1,0,1,0,0,1,0,0,1,1,0,0,0,0,0,0,0,0,0,0,0,0,0,0,0,0,0,0,1,1
189,2,current,1,1,0,-999,-999,-999,-999,-999,-999,-999,-999,-999,-999,-999,-999,-999,-999,-999,-999,-999,-999,-999,-999,-999,-999,-999,-999,475,0,42,0,0,1,0,0,0,0,1,0,0,0,0,0,1,0,0,0,1,0,0,0,4,1,4,1,1,6,9,0,0,0,0,4,1,0,3,0,0,0,0,1,0,0,0,1,0,0,0,0,0,0,0,1,0,0,1,0,1,0,1,1,1,0,0,0,0,0,0,1,0,0,450,0,25,0,0,75,475,4300,4301,1,0,1,0,0,1,0,0,1,1,0,0,0,0,0,0,0,0,0,0,0,0,0,0,0,0,0,0,1,2
190,2,maas,2,1,1,1,0,0,0,0,0,0,0,0,0,0,0,0,0,0,0,0,0,0,0,0,0,0,0,20,1,44,0,0,1,0,0,0,0,1,0,0,0,0,0,1,0,0,0,0,0,0,1,1,1,1,1,1,3,225,1,0,0,0,1,0,0,1,1,0,0,0,0,0,0,1,0,1,0,0,0,0,0,0,1,0,0,1,0,1,0,1,1,1,0,0,0,1,0,1,0,1,50,0,0,0,0,0,0,50,4114,4114,1,1,0,0,0,0,0,0,0,0,0,0,0,1,0,0,0,0,0,0,0,0,0,0,0,0,0,0,0,1
190,2,current,1,0,1,-999,-999,-999,-999,-999,-999,-999,-999,-999,-999,-999,-999,-999,-999,-999,-999,-999,-999,-999,-999,-999,-999,-999,-999,50,1,44,0,0,1,0,0,0,0,1,0,0,0,0,0,1,0,0,0,0,0,0,1,1,1,1,1,1,3,225,1,0,0,0,1,0,0,1,1,0,0,0,0,0,0,1,0,1,0,0,0,0,0,0,1,0,0,1,0,1,0,1,1,1,0,0,0,1,0,1,0,1,50,0,0,0,0,0,0,50,4114,4114,1,1,0,0,0,0,0,0,0,0,0,0,0,1,0,0,0,0,0,0,0,0,0,0,0,0,0,0,0,2
191,2,maas,2,1,1,0,0,0,0,0,0,0,0,0,0,0,0,0,0,0,0,0,0,0,0,1,0,0,0,0,0,32,0,1,0,0,0,0,1,0,0,0,0,0,0,1,0,0,0,1,0,0,0,1,1,1,1,1,3,75,1,0,0,0,3,0,0,3,0,0,0,0,1,0,0,0,1,1,0,1,0,0,0,0,0,7,1,1,0,1,1,1,1,1,0,1,0,1,0,1,0,1,15,50,25,25,25,25,25,165,4101,4101,1,0,0,0,0,0,0,1,0,0,0,0,0,0,0,0,0,0,0,1,0,0,0,0,0,0,0,0,0,1
191,2,current,1,0,1,-999,-999,-999,-999,-999,-999,-999,-999,-999,-999,-999,-999,-999,-999,-999,-999,-999,-999,-999,-999,-999,-999,-999,-999,165,0,32,0,1,0,0,0,0,1,0,0,0,0,0,0,1,0,0,0,1,0,0,0,1,1,1,1,1,3,75,1,0,0,0,3,0,0,3,0,0,0,0,1,0,0,0,1,1,0,1,0,0,0,0,0,7,1,1,0,1,1,1,1,1,0,1,0,1,0,1,0,1,15,50,25,25,25,25,25,165,4101,4101,1,0,0,0,0,0,0,1,0,0,0,0,0,0,0,0,0,0,0,1,0,0,0,0,0,0,0,0,0,2
192,2,maas,2,0,0,1,0,0,0,0,0,0,0,0,0,0,0,0,0,0,0,0,0,0,0,0,0,0,0,20,1,49,0,0,1,0,0,0,0,0,1,0,0,0,0,1,0,0,0,1,0,0,0,2,1,1,1,1,3,575,0,1,0,0,2,1,0,1,0,0,1,0,0,0,0,0,1,0,0,1,0,0,0,0,0,7,1,1,0,0,0,1,1,1,1,0,1,0,0,0,1,0,5,150,0,0,0,0,25,155,4060,4060,0,0,0,0,0,0,1,0,1,0,0,0,0,0,0,0,0,0,0,0,0,0,0,0,0,0,0,0,0,1
192,2,current,1,1,0,-999,-999,-999,-999,-999,-999,-999,-999,-999,-999,-999,-999,-999,-999,-999,-999,-999,-999,-999,-999,-999,-999,-999,-999,155,1,49,0,0,1,0,0,0,0,0,1,0,0,0,0,1,0,0,0,1,0,0,0,2,1,1,1,1,3,575,0,1,0,0,2,1,0,1,0,0,1,0,0,0,0,0,1,0,0,1,0,0,0,0,0,7,1,1,0,0,0,1,1,1,1,0,1,0,0,0,1,0,5,150,0,0,0,0,25,155,4060,4060,0,0,0,0,0,0,1,0,1,0,0,0,0,0,0,0,0,0,0,0,0,0,0,0,0,0,0,0,0,2
193,2,maas,2,0,0,1,6,80,1,0,0,0,0,0,0,0,0,0,0,0,0,0,0,0,0,0,0,0,0,330,1,39,0,1,0,0,0,0,0,1,0,0,0,1,0,0,0,0,0,1,0,0,0,2,1,2,1,1,4,3250,0,0,0,1,1,0,0,1,1,0,0,0,0,0,0,0,1,1,1,0,0,0,0,0,0,7,1,1,0,1,1,1,1,1,0,1,0,0,1,0,0,0,5,50,0,0,25,0,25,80,4005,4006,0,1,1,0,0,0,0,1,1,0,0,0,0,0,0,0,1,0,0,0,0,0,200,0,0,0,0,0,0,1
193,2,current,1,1,0,-999,-999,-999,-999,-999,-999,-999,-999,-999,-999,-999,-999,-999,-999,-999,-999,-999,-999,-999,-999,-999,-999,-999,-999,80,1,39,0,1,0,0,0,0,0,1,0,0,0,1,0,0,0,0,0,1,0,0,0,2,1,2,1,1,4,3250,0,0,0,1,1,0,0,1,1,0,0,0,0,0,0,0,1,1,1,0,0,0,0,0,0,7,1,1,0,1,1,1,1,1,0,1,0,0,1,0,0,0,5,50,0,0,25,0,25,80,4005,4006,0,1,1,0,0,0,0,1,1,0,0,0,0,0,0,0,1,0,0,0,0,0,200,0,0,0,0,0,0,2
194,2,maas,2,0,0,1,0,0,0,0,0,0,0,0,0,0,0,0,0,0,0,0,0,0,0,1,0,1,1,30,1,18,1,0,0,0,0,1,0,0,0,0,0,0,0,1,1,1,0,1,0,0,0,3,1,1,1,1,3,1875,0,0,1,0,4,0,0,4,0,0,0,1,1,0,0,0,1,0,0,1,1,0,0,0,0,7,1,1,0,1,1,1,1,1,0,0,0,1,0,1,0,0,15,50,25,0,25,0,75,115,4123,4072,1,0,1,0,0,1,0,0,1,0,0,0,0,0,0,0,0,0,0,0,0,0,25,0,0,0,0,0,0,1
194,2,current,1,1,0,-999,-999,-999,-999,-999,-999,-999,-999,-999,-999,-999,-999,-999,-999,-999,-999,-999,-999,-999,-999,-999,-999,-999,-999,115,1,18,1,0,0,0,0,1,0,0,0,0,0,0,0,1,1,1,0,1,0,0,0,3,1,1,1,1,3,1875,0,0,1,0,4,0,0,4,0,0,0,1,1,0,0,0,1,0,0,1,1,0,0,0,0,7,1,1,0,1,1,1,1,1,0,0,0,1,0,1,0,0,15,50,25,0,25,0,75,115,4123,4072,1,0,1,0,0,1,0,0,1,0,0,0,0,0,0,0,0,0,0,0,0,0,25,0,0,0,0,0,0,2
195,2,maas,2,1,1,0,0,0,0,0,0,0,0,0,0,0,0,0,0,0,0,0,0,0,0,0,1,0,0,10,1,44,0,0,1,0,0,0,0,1,0,0,0,1,0,0,0,0,0,1,0,0,0,2,1,1,1,1,3,1375,0,0,1,0,2,0,0,2,0,1,0,0,0,0,0,0,1,1,0,0,0,0,0,0,1,0,0,1,0,1,1,1,1,1,0,0,0,1,0,1,0,0,5,50,25,0,25,0,25,105,4006,4030,1,1,1,0,0,0,0,0,0,1,0,0,0,0,0,0,0,0,0,0,0,0,0,0,0,0,0,0,0,1
195,2,current,1,0,1,-999,-999,-999,-999,-999,-999,-999,-999,-999,-999,-999,-999,-999,-999,-999,-999,-999,-999,-999,-999,-999,-999,-999,-999,105,1,44,0,0,1,0,0,0,0,1,0,0,0,1,0,0,0,0,0,1,0,0,0,2,1,1,1,1,3,1375,0,0,1,0,2,0,0,2,0,1,0,0,0,0,0,0,1,1,0,0,0,0,0,0,1,0,0,1,0,1,1,1,1,1,0,0,0,1,0,1,0,0,5,50,25,0,25,0,25,105,4006,4030,1,1,1,0,0,0,0,0,0,1,0,0,0,0,0,0,0,0,0,0,0,0,0,0,0,0,0,0,0,2
196,2,maas,2,0,0,1,0,0,0,0,0,0,0,0,0,0,0,0,0,0,0,0,0,0,0,0,0,0,0,20,0,25,1,0,0,0,0,0,1,0,0,0,0,0,1,0,0,0,0,1,0,0,0,2,1,1,1,1,3,3250,0,0,0,1,2,0,0,2,0,0,0,0,0,1,0,1,0,0,1,0,0,0,0,0,0,7,1,1,0,1,1,1,1,1,0,1,0,1,0,1,0,0,30,0,0,0,0,0,0,30,4103,4103,1,0,0,0,0,0,0,0,1,0,0,0,0,0,0,0,0,0,0,0,0,0,20,0,0,0,0,0,0,1
196,2,current,1,1,0,-999,-999,-999,-999,-999,-999,-999,-999,-999,-999,-999,-999,-999,-999,-999,-999,-999,-999,-999,-999,-999,-999,-999,-999,30,0,25,1,0,0,0,0,0,1,0,0,0,0,0,1,0,0,0,0,1,0,0,0,2,1,1,1,1,3,3250,0,0,0,1,2,0,0,2,0,0,0,0,0,1,0,1,0,0,1,0,0,0,0,0,0,7,1,1,0,1,1,1,1,1,0,1,0,1,0,1,0,0,30,0,0,0,0,0,0,30,4103,4103,1,0,0,0,0,0,0,0,1,0,0,0,0,0,0,0,0,0,0,0,0,0,20,0,0,0,0,0,0,2
197,2,maas,2,1,1,1,0,80,1,0,0,0,0,30,0,1,0,0,0,0,0,0,0,0,1,1,0,1,1,140,1,54,0,0,1,0,0,0,0,0,1,0,0,1,0,0,0,0,0,1,0,0,0,3,2,6,1,1,8,1875,0,0,1,0,4,1,1,2,0,0,1,0,0,0,0,1,0,1,1,0,0,0,0,0,0,7,1,1,0,0,1,1,1,1,0,1,0,0,0,0,1,0,50,150,25,25,25,25,125,300,4507,4507,0,0,0,1,1,1,0,0,1,0,1,1,0,0,0,0,0,0,0,0,0,0,0,0,0,0,0,0,0,1
197,2,current,1,0,1,-999,-999,-999,-999,-999,-999,-999,-999,-999,-999,-999,-999,-999,-999,-999,-999,-999,-999,-999,-999,-999,-999,-999,-999,300,1,54,0,0,1,0,0,0,0,0,1,0,0,1,0,0,0,0,0,1,0,0,0,3,2,6,1,1,8,1875,0,0,1,0,4,1,1,2,0,0,1,0,0,0,0,1,0,1,1,0,0,0,0,0,0,7,1,1,0,0,1,1,1,1,0,1,0,0,0,0,1,0,50,150,25,25,25,25,125,300,4507,4507,0,0,0,1,1,1,0,0,1,0,1,1,0,0,0,0,0,0,0,0,0,0,0,0,0,0,0,0,0,2
198,2,maas,2,0,0,1,0,0,0,0,0,0,0,0,0,0,0,0,0,0,0,0,0,0,0,0,0,0,0,20,0,42,0,0,1,0,0,0,0,1,0,0,0,0,0,1,0,0,0,1,0,0,0,4,1,5,1,1,7,1125,0,1,0,0,4,2,0,2,0,1,0,0,0,0,0,0,1,0,0,1,0,0,0,0,0,7,1,0,0,1,0,1,1,1,0,1,0,0,0,0,1,0,70,50,0,0,0,0,0,120,4506,4720,0,0,1,0,0,0,0,0,1,0,0,0,0,0,0,0,0,0,0,0,0,0,20,0,0,0,0,0,1,1
198,2,current,1,1,0,-999,-999,-999,-999,-999,-999,-999,-999,-999,-999,-999,-999,-999,-999,-999,-999,-999,-999,-999,-999,-999,-999,-999,-999,120,0,42,0,0,1,0,0,0,0,1,0,0,0,0,0,1,0,0,0,1,0,0,0,4,1,5,1,1,7,1125,0,1,0,0,4,2,0,2,0,1,0,0,0,0,0,0,1,0,0,1,0,0,0,0,0,7,1,0,0,1,0,1,1,1,0,1,0,0,0,0,1,0,70,50,0,0,0,0,0,120,4506,4720,0,0,1,0,0,0,0,0,1,0,0,0,0,0,0,0,0,0,0,0,0,0,20,0,0,0,0,0,1,2
199,2,maas,2,0,0,1,0,0,0,0,0,0,0,0,0,0,0,0,0,0,0,0,0,0,0,1,0,0,0,20,1,46,0,0,1,0,0,0,0,0,1,0,0,1,0,0,0,0,0,1,0,0,0,2,1,1,2,1,4,1125,0,1,0,0,3,1,0,2,0,1,1,0,0,0,0,0,1,0,0,0,0,0,0,0,1,0,0,1,0,1,0,1,1,1,0,0,0,0,0,0,1,0,5,150,25,25,0,0,175,205,4109,4109,1,0,1,0,0,0,0,0,0,0,0,0,0,0,0,0,0,0,1,0,0,0,50,1,1,1,0,0,0,1
199,2,current,1,1,0,-999,-999,-999,-999,-999,-999,-999,-999,-999,-999,-999,-999,-999,-999,-999,-999,-999,-999,-999,-999,-999,-999,-999,-999,205,1,46,0,0,1,0,0,0,0,0,1,0,0,1,0,0,0,0,0,1,0,0,0,2,1,1,2,1,4,1125,0,1,0,0,3,1,0,2,0,1,1,0,0,0,0,0,1,0,0,0,0,0,0,0,1,0,0,1,0,1,0,1,1,1,0,0,0,0,0,0,1,0,5,150,25,25,0,0,175,205,4109,4109,1,0,1,0,0,0,0,0,0,0,0,0,0,0,0,0,0,0,1,0,0,0,50,1,1,1,0,0,0,2
200,2,maas,2,1,1,0,0,0,0,0,0,0,0,0,0,0,0,0,0,0,0,0,0,0,0,1,0,0,0,0,0,67,0,0,0,1,0,0,0,0,0,0,1,0,1,0,0,0,0,1,0,0,0,2,1,1,1,1,3,850,0,1,0,0,1,0,0,1,0,1,0,0,0,0,0,0,1,0,0,0,0,0,0,1,0,0,0,1,0,1,1,1,1,1,0,0,1,1,0,1,1,0,5,50,25,25,75,25,75,205,4505,4500,1,0,1,0,0,0,0,1,1,0,0,0,0,0,0,0,0,0,0,0,0,0,0,0,0,0,0,0,0,1
200,2,current,1,0,1,-999,-999,-999,-999,-999,-999,-999,-999,-999,-999,-999,-999,-999,-999,-999,-999,-999,-999,-999,-999,-999,-999,-999,-999,205,0,67,0,0,0,1,0,0,0,0,0,0,1,0,1,0,0,0,0,1,0,0,0,2,1,1,1,1,3,850,0,1,0,0,1,0,0,1,0,1,0,0,0,0,0,0,1,0,0,0,0,0,0,1,0,0,0,1,0,1,1,1,1,1,0,0,1,1,0,1,1,0,5,50,25,25,75,25,75,205,4505,4500,1,0,1,0,0,0,0,1,1,0,0,0,0,0,0,0,0,0,0,0,0,0,0,0,0,0,0,0,0,2
201,2,maas,2,0,0,0,1,0,0,0,0,0,0,0,0,0,0,0,0,0,0,0,0,0,0,0,0,0,0,40,0,71,0,0,0,1,0,0,0,0,0,0,1,0,0,1,0,0,0,1,0,0,0,2,1,1,1,1,3,575,0,1,0,0,2,0,0,2,0,1,0,0,0,0,0,0,1,0,0,0,0,0,0,1,0,0,0,0,1,0,0,0,1,0,1,0,1,0,0,0,1,0,30,50,0,0,0,0,25,80,4510,4510,0,0,0,0,0,0,1,0,0,0,0,0,0,0,0,0,1,0,0,0,0,0,0,0,0,0,0,0,0,1
201,2,current,1,1,0,-999,-999,-999,-999,-999,-999,-999,-999,-999,-999,-999,-999,-999,-999,-999,-999,-999,-999,-999,-999,-999,-999,-999,-999,80,0,71,0,0,0,1,0,0,0,0,0,0,1,0,0,1,0,0,0,1,0,0,0,2,1,1,1,1,3,575,0,1,0,0,2,0,0,2,0,1,0,0,0,0,0,0,1,0,0,0,0,0,0,1,0,0,0,0,1,0,0,0,1,0,1,0,1,0,0,0,1,0,30,50,0,0,0,0,25,80,4510,4510,0,0,0,0,0,0,1,0,0,0,0,0,0,0,0,0,1,0,0,0,0,0,0,0,0,0,0,0,0,2
202,2,maas,2,0,0,1,0,0,0,0,0,0,0,0,0,0,0,0,0,0,0,0,0,0,0,0,0,0,0,20,0,78,0,0,0,0,1,0,0,0,0,0,1,0,0,1,0,0,0,1,0,0,0,2,1,1,1,1,3,575,0,1,0,0,1,0,0,1,1,0,0,0,0,0,0,0,1,0,0,0,0,0,0,1,0,0,0,0,0,1,0,1,1,0,0,0,0,0,0,0,1,0,5,50,0,0,0,0,125,55,4511,4511,1,0,1,0,0,0,0,0,1,0,0,0,0,0,0,0,0,0,0,0,0,0,90,0,0,0,0,0,0,1
202,2,current,1,1,0,-999,-999,-999,-999,-999,-999,-999,-999,-999,-999,-999,-999,-999,-999,-999,-999,-999,-999,-999,-999,-999,-999,-999,-999,55,0,78,0,0,0,0,1,0,0,0,0,0,1,0,0,1,0,0,0,1,0,0,0,2,1,1,1,1,3,575,0,1,0,0,1,0,0,1,1,0,0,0,0,0,0,0,1,0,0,0,0,0,0,1,0,0,0,0,0,1,0,1,1,0,0,0,0,0,0,0,1,0,5,50,0,0,0,0,125,55,4511,4511,1,0,1,0,0,0,0,0,1,0,0,0,0,0,0,0,0,0,0,0,0,0,90,0,0,0,0,0,0,2
203,2,maas,2,0,0,0,0,80,1,0,0,0,0,0,0,0,0,0,0,0,0,0,0,0,0,1,0,0,0,70,1,44,0,0,1,0,0,0,0,1,0,0,0,0,1,0,0,0,0,1,1,0,0,2,2,5,1,1,7,3750,0,0,0,1,4,0,2,2,0,1,1,0,0,0,0,0,1,0,1,0,0,0,0,0,0,7,1,1,0,1,1,0,1,1,0,1,0,0,0,0,1,0,15,50,25,25,25,0,75,140,4078,4000,1,1,1,0,0,0,0,0,1,0,0,0,0,0,0,0,0,0,0,0,0,0,350,0,0,0,0,0,0,1
203,2,current,1,1,0,-999,-999,-999,-999,-999,-999,-999,-999,-999,-999,-999,-999,-999,-999,-999,-999,-999,-999,-999,-999,-999,-999,-999,-999,140,1,44,0,0,1,0,0,0,0,1,0,0,0,0,1,0,0,0,0,1,1,0,0,2,2,5,1,1,7,3750,0,0,0,1,4,0,2,2,0,1,1,0,0,0,0,0,1,0,1,0,0,0,0,0,0,7,1,1,0,1,1,0,1,1,0,1,0,0,0,0,1,0,15,50,25,25,25,0,75,140,4078,4000,1,1,1,0,0,0,0,0,1,0,0,0,0,0,0,0,0,0,0,0,0,0,350,0,0,0,0,0,0,2
204,2,maas,2,0,0,0,0,0,0,0,0,0,0,0,0,0,0,0,0,0,0,0,0,0,0,0,0,1,1,10,1,56,0,0,1,0,0,0,0,0,0,1,0,1,0,0,0,0,0,1,0,0,0,4,1,4,1,1,6,7000,0,0,0,1,3,0,0,3,0,1,1,0,0,0,0,0,1,0,1,0,0,0,0,0,0,7,1,1,0,1,1,1,1,1,1,0,1,0,0,0,1,0,15,50,25,125,25,0,175,240,4078,4078,1,1,1,0,0,1,0,0,0,0,0,0,0,0,0,0,1,0,0,0,0,0,0,0,0,0,0,0,0,1
204,2,current,1,1,0,-999,-999,-999,-999,-999,-999,-999,-999,-999,-999,-999,-999,-999,-999,-999,-999,-999,-999,-999,-999,-999,-999,-999,-999,240,1,56,0,0,1,0,0,0,0,0,0,1,0,1,0,0,0,0,0,1,0,0,0,4,1,4,1,1,6,7000,0,0,0,1,3,0,0,3,0,1,1,0,0,0,0,0,1,0,1,0,0,0,0,0,0,7,1,1,0,1,1,1,1,1,1,0,1,0,0,0,1,0,15,50,25,125,25,0,175,240,4078,4078,1,1,1,0,0,1,0,0,0,0,0,0,0,0,0,0,1,0,0,0,0,0,0,0,0,0,0,0,0,2
205,2,maas,2,1,1,0,0,0,0,0,0,0,0,0,0,0,0,0,0,0,0,0,0,0,1,0,0,0,0,20,1,29,0,1,0,0,0,0,1,0,0,0,0,0,1,0,1,1,0,1,0,0,0,3,1,2,1,3,6,450,1,0,0,0,4,0,2,2,0,1,1,1,1,0,1,1,0,1,0,0,1,0,0,0,0,0,0,0,0,1,1,0,0,1,0,0,1,0,1,0,0,0,15,250,175,25,175,125,75,765,4103,4103,1,0,0,0,0,0,0,1,1,0,0,0,0,0,0,0,0,0,0,0,0,0,0,1,1,0,0,0,1,1
205,2,current,1,0,1,-999,-999,-999,-999,-999,-999,-999,-999,-999,-999,-999,-999,-999,-999,-999,-999,-999,-999,-999,-999,-999,-999,-999,-999,765,1,29,0,1,0,0,0,0,1,0,0,0,0,0,1,0,1,1,0,1,0,0,0,3,1,2,1,3,6,450,1,0,0,0,4,0,2,2,0,1,1,1,1,0,1,1,0,1,0,0,1,0,0,0,0,0,0,0,0,1,1,0,0,1,0,0,1,0,1,0,0,0,15,250,175,25,175,125,75,765,4103,4103,1,0,0,0,0,0,0,1,1,0,0,0,0,0,0,0,0,0,0,0,0,0,0,1,1,0,0,0,1,2
206,2,maas,2,1,1,1,0,0,0,0,0,0,0,0,0,0,0,0,0,0,0,0,0,0,0,0,0,0,0,20,1,19,1,0,0,0,0,1,0,0,0,0,0,0,0,1,1,1,0,0,0,0,1,1,1,1,1,1,3,9,0,0,0,0,2,0,0,2,0,0,0,0,0,1,0,0,1,0,0,0,0,0,0,0,1,0,0,1,0,1,0,1,1,0,0,0,0,0,0,1,0,1,5,0,0,0,0,0,0,5,4000,4072,0,0,1,0,0,0,0,0,1,0,0,0,0,0,0,0,0,0,0,0,0,0,0,0,0,0,0,0,0,1
206,2,current,1,0,1,-999,-999,-999,-999,-999,-999,-999,-999,-999,-999,-999,-999,-999,-999,-999,-999,-999,-999,-999,-999,-999,-999,-999,-999,5,1,19,1,0,0,0,0,1,0,0,0,0,0,0,0,1,1,1,0,0,0,0,1,1,1,1,1,1,3,9,0,0,0,0,2,0,0,2,0,0,0,0,0,1,0,0,1,0,0,0,0,0,0,0,1,0,0,1,0,1,0,1,1,0,0,0,0,0,0,1,0,1,5,0,0,0,0,0,0,5,4000,4072,0,0,1,0,0,0,0,0,1,0,0,0,0,0,0,0,0,0,0,0,0,0,0,0,0,0,0,0,0,2
207,2,maas,2,1,1,0,0,200,0,1,0,0,0,30,0,1,0,0,0,30,0,1,0,0,1,0,0,0,0,200,1,22,1,0,0,0,0,1,0,0,0,0,0,0,1,0,0,0,0,1,0,0,0,2,1,2,1,1,4,1375,0,0,1,0,3,0,0,3,1,0,0,0,0,0,1,0,1,1,0,1,0,0,0,0,0,7,1,1,0,1,0,1,1,0,0,1,0,1,1,0,1,0,5,350,25,25,25,0,125,430,4350,4350,0,1,1,1,1,0,0,1,0,1,0,0,0,0,0,0,0,0,0,0,0,0,0,0,0,0,0,0,0,1
207,2,current,1,0,1,-999,-999,-999,-999,-999,-999,-999,-999,-999,-999,-999,-999,-999,-999,-999,-999,-999,-999,-999,-999,-999,-999,-999,-999,430,1,22,1,0,0,0,0,1,0,0,0,0,0,0,1,0,0,0,0,1,0,0,0,2,1,2,1,1,4,1375,0,0,1,0,3,0,0,3,1,0,0,0,0,0,1,0,1,1,0,1,0,0,0,0,0,7,1,1,0,1,0,1,1,0,0,1,0,1,1,0,1,0,5,350,25,25,25,0,125,430,4350,4350,0,1,1,1,1,0,0,1,0,1,0,0,0,0,0,0,0,0,0,0,0,0,0,0,0,0,0,0,0,2
208,2,maas,2,0,0,1,0,0,0,0,0,0,0,0,0,0,0,0,0,0,0,0,0,0,0,0,1,0,1,30,0,35,0,1,0,0,0,0,0,1,0,0,0,1,0,0,0,0,0,1,0,0,0,2,1,1,1,1,3,9,0,0,0,0,3,0,0,3,0,0,0,1,0,0,0,0,1,0,1,0,0,0,0,0,0,7,1,1,0,1,0,1,1,1,0,1,0,0,0,0,1,0,0,50,125,0,0,0,75,175,4152,4102,0,0,1,0,0,1,0,0,1,0,0,0,0,0,0,0,0,0,0,0,0,0,20,0,0,0,0,0,0,1
208,2,current,1,1,0,-999,-999,-999,-999,-999,-999,-999,-999,-999,-999,-999,-999,-999,-999,-999,-999,-999,-999,-999,-999,-999,-999,-999,-999,175,0,35,0,1,0,0,0,0,0,1,0,0,0,1,0,0,0,0,0,1,0,0,0,2,1,1,1,1,3,9,0,0,0,0,3,0,0,3,0,0,0,1,0,0,0,0,1,0,1,0,0,0,0,0,0,7,1,1,0,1,0,1,1,1,0,1,0,0,0,0,1,0,0,50,125,0,0,0,75,175,4152,4102,0,0,1,0,0,1,0,0,1,0,0,0,0,0,0,0,0,0,0,0,0,0,20,0,0,0,0,0,0,2
209,2,maas,2,0,0,1,0,80,1,0,0,0,0,0,0,0,0,0,0,30,0,1,0,0,1,0,1,1,1,160,0,29,0,1,0,0,0,0,1,0,0,0,0,1,0,0,0,0,0,1,0,0,0,2,2,3,1,1,5,1625,0,0,1,0,5,3,0,2,0,1,1,0,0,0,0,0,1,1,0,1,0,0,0,0,0,7,1,1,0,1,0,1,1,1,1,1,0,1,0,0,1,0,5,250,25,175,25,25,225,505,4300,4300,1,1,1,1,0,1,0,1,0,0,0,0,0,0,0,0,0,0,1,0,0,0,100,0,0,0,0,0,1,1
209,2,current,1,1,0,-999,-999,-999,-999,-999,-999,-999,-999,-999,-999,-999,-999,-999,-999,-999,-999,-999,-999,-999,-999,-999,-999,-999,-999,505,0,29,0,1,0,0,0,0,1,0,0,0,0,1,0,0,0,0,0,1,0,0,0,2,2,3,1,1,5,1625,0,0,1,0,5,3,0,2,0,1,1,0,0,0,0,0,1,1,0,1,0,0,0,0,0,7,1,1,0,1,0,1,1,1,1,1,0,1,0,0,1,0,5,250,25,175,25,25,225,505,4300,4300,1,1,1,1,0,1,0,1,0,0,0,0,0,0,0,0,0,0,1,0,0,0,100,0,0,0,0,0,1,2
210,2,maas,2,0,0,1,0,0,0,0,0,0,0,0,0,0,0,0,0,0,0,0,0,0,0,0,0,1,1,30,0,27,0,1,0,0,0,0,1,0,0,0,0,1,0,0,0,0,0,1,1,0,0,5,2,1,1,2,4,3250,0,0,0,1,2,0,0,2,0,1,0,0,0,0,0,0,1,0,1,0,0,0,0,0,0,7,1,1,0,1,0,1,1,1,0,1,0,0,0,0,1,0,0,350,0,25,0,0,225,375,4311,4343,0,0,1,0,0,0,0,0,1,0,0,0,0,0,0,0,0,0,0,0,0,0,70,0,0,0,0,0,0,1
210,2,current,1,1,0,-999,-999,-999,-999,-999,-999,-999,-999,-999,-999,-999,-999,-999,-999,-999,-999,-999,-999,-999,-999,-999,-999,-999,-999,375,0,27,0,1,0,0,0,0,1,0,0,0,0,1,0,0,0,0,0,1,1,0,0,5,2,1,1,2,4,3250,0,0,0,1,2,0,0,2,0,1,0,0,0,0,0,0,1,0,1,0,0,0,0,0,0,7,1,1,0,1,0,1,1,1,0,1,0,0,0,0,1,0,0,350,0,25,0,0,225,375,4311,4343,0,0,1,0,0,0,0,0,1,0,0,0,0,0,0,0,0,0,0,0,0,0,70,0,0,0,0,0,0,2
211,2,maas,2,1,1,1,0,0,0,0,0,0,0,0,0,0,0,0,0,0,0,0,0,0,0,0,0,1,1,30,1,27,0,1,0,0,0,0,1,0,0,0,0,1,0,0,1,0,0,1,0,0,0,3,1,2,1,1,4,2250,0,0,1,0,3,1,0,2,0,1,1,0,0,0,0,0,1,1,1,0,0,0,0,0,0,7,1,1,0,1,1,1,1,1,0,1,0,0,0,0,1,0,15,250,25,25,25,25,75,365,4159,4159,1,1,1,1,1,1,0,1,0,1,0,1,0,0,0,0,0,0,0,0,0,0,0,0,0,0,0,0,0,1
211,2,current,1,0,1,-999,-999,-999,-999,-999,-999,-999,-999,-999,-999,-999,-999,-999,-999,-999,-999,-999,-999,-999,-999,-999,-999,-999,-999,365,1,27,0,1,0,0,0,0,1,0,0,0,0,1,0,0,1,0,0,1,0,0,0,3,1,2,1,1,4,2250,0,0,1,0,3,1,0,2,0,1,1,0,0,0,0,0,1,1,1,0,0,0,0,0,0,7,1,1,0,1,1,1,1,1,0,1,0,0,0,0,1,0,15,250,25,25,25,25,75,365,4159,4159,1,1,1,1,1,1,0,1,0,1,0,1,0,0,0,0,0,0,0,0,0,0,0,0,0,0,0,0,0,2
212,2,maas,2,1,1,1,0,0,0,0,0,0,0,0,0,0,0,0,0,0,0,0,0,0,0,0,1,1,1,40,0,61,0,0,0,1,0,0,0,0,0,1,0,0,0,1,0,0,0,1,0,0,0,5,1,1,1,1,3,2750,0,0,1,0,4,0,0,4,0,1,1,0,0,0,0,0,1,0,0,1,0,0,0,0,0,7,1,1,0,1,0,1,1,0,0,0,0,0,0,1,1,0,15,150,75,0,0,0,175,240,4210,4207,1,0,1,0,0,1,0,0,0,0,0,0,0,0,0,0,1,0,0,0,0,0,0,0,0,0,0,0,0,1
212,2,current,1,0,1,-999,-999,-999,-999,-999,-999,-999,-999,-999,-999,-999,-999,-999,-999,-999,-999,-999,-999,-999,-999,-999,-999,-999,-999,240,0,61,0,0,0,1,0,0,0,0,0,1,0,0,0,1,0,0,0,1,0,0,0,5,1,1,1,1,3,2750,0,0,1,0,4,0,0,4,0,1,1,0,0,0,0,0,1,0,0,1,0,0,0,0,0,7,1,1,0,1,0,1,1,0,0,0,0,0,0,1,1,0,15,150,75,0,0,0,175,240,4210,4207,1,0,1,0,0,1,0,0,0,0,0,0,0,0,0,0,1,0,0,0,0,0,0,0,0,0,0,0,0,2
213,2,maas,2,0,0,1,0,0,0,0,0,0,0,0,0,0,0,0,0,0,0,0,0,0,0,0,0,0,0,20,1,58,0,0,0,1,0,0,0,0,0,1,0,0,1,0,0,0,0,1,1,1,0,3,2,3,1,1,5,2750,0,0,1,0,2,0,0,2,0,1,0,0,0,0,0,0,1,0,1,0,0,0,0,0,0,7,1,1,0,1,0,1,1,1,0,0,0,0,0,0,1,0,0,250,0,25,0,0,125,275,4557,4558,0,1,1,0,0,0,0,0,1,0,0,0,0,0,0,0,0,0,0,0,0,0,50,0,0,0,0,0,0,1
213,2,current,1,1,0,-999,-999,-999,-999,-999,-999,-999,-999,-999,-999,-999,-999,-999,-999,-999,-999,-999,-999,-999,-999,-999,-999,-999,-999,275,1,58,0,0,0,1,0,0,0,0,0,1,0,0,1,0,0,0,0,1,1,1,0,3,2,3,1,1,5,2750,0,0,1,0,2,0,0,2,0,1,0,0,0,0,0,0,1,0,1,0,0,0,0,0,0,7,1,1,0,1,0,1,1,1,0,0,0,0,0,0,1,0,0,250,0,25,0,0,125,275,4557,4558,0,1,1,0,0,0,0,0,1,0,0,0,0,0,0,0,0,0,0,0,0,0,50,0,0,0,0,0,0,2
214,2,maas,2,1,1,1,0,0,0,0,0,0,0,0,0,0,0,0,0,0,0,0,0,0,0,1,0,0,1,20,0,31,0,1,0,0,0,0,1,0,0,0,0,1,0,0,0,0,0,1,0,0,0,2,1,1,2,1,4,2250,0,0,1,0,1,0,0,1,1,0,0,0,0,0,0,1,0,1,1,0,0,0,0,0,0,7,1,1,0,1,1,1,1,1,0,1,0,0,0,1,1,1,30,250,25,75,0,0,125,380,4503,4000,1,1,1,0,0,1,0,0,0,0,0,0,0,0,0,0,0,0,0,0,0,1,0,0,0,0,0,0,0,1
214,2,current,1,0,1,-999,-999,-999,-999,-999,-999,-999,-999,-999,-999,-999,-999,-999,-999,-999,-999,-999,-999,-999,-999,-999,-999,-999,-999,380,0,31,0,1,0,0,0,0,1,0,0,0,0,1,0,0,0,0,0,1,0,0,0,2,1,1,2,1,4,2250,0,0,1,0,1,0,0,1,1,0,0,0,0,0,0,1,0,1,1,0,0,0,0,0,0,7,1,1,0,1,1,1,1,1,0,1,0,0,0,1,1,1,30,250,25,75,0,0,125,380,4503,4000,1,1,1,0,0,1,0,0,0,0,0,0,0,0,0,0,0,0,0,0,0,1,0,0,0,0,0,0,0,2
215,2,maas,2,1,1,0,0,80,1,0,0,0,0,0,0,0,0,0,0,0,0,0,0,0,0,0,0,0,0,70,0,34,0,1,0,0,0,0,1,0,0,0,0,0,0,1,1,1,0,1,0,0,0,2,1,1,1,1,3,4750,0,0,0,1,1,1,0,0,1,0,0,0,0,0,0,1,0,1,1,0,0,0,0,0,0,7,1,1,0,1,1,1,1,0,0,1,0,0,0,1,0,0,15,150,125,75,75,175,125,615,4170,2570,1,0,0,0,0,0,0,1,1,0,0,0,0,0,0,0,0,0,0,0,0,0,0,1,1,0,0,0,1,1
215,2,current,1,0,1,-999,-999,-999,-999,-999,-999,-999,-999,-999,-999,-999,-999,-999,-999,-999,-999,-999,-999,-999,-999,-999,-999,-999,-999,615,0,34,0,1,0,0,0,0,1,0,0,0,0,0,0,1,1,1,0,1,0,0,0,2,1,1,1,1,3,4750,0,0,0,1,1,1,0,0,1,0,0,0,0,0,0,1,0,1,1,0,0,0,0,0,0,7,1,1,0,1,1,1,1,0,0,1,0,0,0,1,0,0,15,150,125,75,75,175,125,615,4170,2570,1,0,0,0,0,0,0,1,1,0,0,0,0,0,0,0,0,0,0,0,0,0,0,1,1,0,0,0,1,2
216,2,maas,2,0,0,1,0,80,1,0,0,0,0,30,0,1,0,0,0,30,0,1,0,0,1,1,0,1,1,170,0,25,1,0,0,0,0,0,1,0,0,0,0,0,0,1,0,0,0,1,0,0,0,2,1,1,1,1,3,850,0,1,0,0,1,0,0,1,1,0,0,0,0,0,0,0,1,0,0,1,0,0,0,0,0,7,1,1,0,1,1,1,1,1,1,1,0,0,0,0,1,0,50,50,0,0,0,25,25,125,4000,4000,0,1,1,0,0,0,0,1,0,0,0,0,0,0,0,0,1,0,0,0,0,0,100,0,0,0,0,0,0,1
216,2,current,1,1,0,-999,-999,-999,-999,-999,-999,-999,-999,-999,-999,-999,-999,-999,-999,-999,-999,-999,-999,-999,-999,-999,-999,-999,-999,125,0,25,1,0,0,0,0,0,1,0,0,0,0,0,0,1,0,0,0,1,0,0,0,2,1,1,1,1,3,850,0,1,0,0,1,0,0,1,1,0,0,0,0,0,0,0,1,0,0,1,0,0,0,0,0,7,1,1,0,1,1,1,1,1,1,1,0,0,0,0,1,0,50,50,0,0,0,25,25,125,4000,4000,0,1,1,0,0,0,0,1,0,0,0,0,0,0,0,0,1,0,0,0,0,0,100,0,0,0,0,0,0,2
217,2,maas,2,1,1,1,0,0,0,0,0,0,0,0,0,0,0,0,0,0,0,0,0,0,0,1,0,0,0,20,1,52,0,0,1,0,0,0,0,0,1,0,0,1,0,0,0,0,0,0,0,0,1,1,1,1,1,1,3,1125,0,1,0,0,1,0,0,1,1,0,0,0,0,0,0,1,0,1,0,1,0,0,0,0,0,7,1,1,0,1,0,1,1,1,1,1,0,0,0,1,0,1,30,50,0,0,0,0,0,80,4005,4068,1,0,1,0,0,0,0,0,1,0,0,0,0,0,0,0,0,0,0,0,0,0,0,0,0,0,0,0,0,1
217,2,current,1,0,1,-999,-999,-999,-999,-999,-999,-999,-999,-999,-999,-999,-999,-999,-999,-999,-999,-999,-999,-999,-999,-999,-999,-999,-999,80,1,52,0,0,1,0,0,0,0,0,1,0,0,1,0,0,0,0,0,0,0,0,1,1,1,1,1,1,3,1125,0,1,0,0,1,0,0,1,1,0,0,0,0,0,0,1,0,1,0,1,0,0,0,0,0,7,1,1,0,1,0,1,1,1,1,1,0,0,0,1,0,1,30,50,0,0,0,0,0,80,4005,4068,1,0,1,0,0,0,0,0,1,0,0,0,0,0,0,0,0,0,0,0,0,0,0,0,0,0,0,0,0,2
218,2,maas,2,0,0,1,0,80,1,0,0,0,0,0,0,0,0,0,0,0,0,0,0,0,0,1,0,1,1,100,0,24,1,0,0,0,0,1,0,0,0,0,0,1,0,0,0,0,0,0,0,0,1,1,1,1,1,1,3,2250,0,0,1,0,4,0,0,4,0,0,0,0,0,1,0,0,1,1,0,1,0,0,0,0,0,7,1,1,0,1,1,1,1,1,0,1,0,1,0,1,0,1,50,0,0,0,0,0,0,50,4215,4217,1,1,1,0,0,0,0,1,0,0,0,0,0,0,0,0,1,0,0,0,0,0,70,0,0,0,0,0,0,1
218,2,current,1,1,0,-999,-999,-999,-999,-999,-999,-999,-999,-999,-999,-999,-999,-999,-999,-999,-999,-999,-999,-999,-999,-999,-999,-999,-999,50,0,24,1,0,0,0,0,1,0,0,0,0,0,1,0,0,0,0,0,0,0,0,1,1,1,1,1,1,3,2250,0,0,1,0,4,0,0,4,0,0,0,0,0,1,0,0,1,1,0,1,0,0,0,0,0,7,1,1,0,1,1,1,1,1,0,1,0,1,0,1,0,1,50,0,0,0,0,0,0,50,4215,4217,1,1,1,0,0,0,0,1,0,0,0,0,0,0,0,0,1,0,0,0,0,0,70,0,0,0,0,0,0,2
219,2,maas,2,1,1,1,0,80,1,0,0,0,0,0,0,0,0,0,30,0,1,0,0,0,0,1,0,0,1,140,0,29,0,1,0,0,0,0,1,0,0,0,0,1,0,0,0,0,0,1,0,0,0,2,1,1,1,1,3,450,1,0,0,0,2,0,0,2,0,1,0,0,0,0,0,1,0,1,1,0,0,0,0,0,0,7,1,1,0,1,1,1,1,1,0,1,0,0,0,1,0,0,50,150,25,0,75,0,175,300,4102,4000,1,1,1,0,0,0,0,1,0,0,0,0,0,0,0,0,0,0,1,0,0,0,0,0,0,0,0,0,0,1
219,2,current,1,0,1,-999,-999,-999,-999,-999,-999,-999,-999,-999,-999,-999,-999,-999,-999,-999,-999,-999,-999,-999,-999,-999,-999,-999,-999,300,0,29,0,1,0,0,0,0,1,0,0,0,0,1,0,0,0,0,0,1,0,0,0,2,1,1,1,1,3,450,1,0,0,0,2,0,0,2,0,1,0,0,0,0,0,1,0,1,1,0,0,0,0,0,0,7,1,1,0,1,1,1,1,1,0,1,0,0,0,1,0,0,50,150,25,0,75,0,175,300,4102,4000,1,1,1,0,0,0,0,1,0,0,0,0,0,0,0,0,0,0,1,0,0,0,0,0,0,0,0,0,0,2
220,2,maas,2,0,0,1,0,0,0,0,0,0,0,0,0,0,0,0,0,0,0,0,0,0,0,0,0,1,0,30,0,74,0,0,0,1,0,0,0,0,0,0,1,0,1,0,0,0,0,1,0,0,0,2,1,1,1,1,3,850,0,1,0,0,1,0,0,1,1,0,0,0,0,0,0,0,1,0,0,0,0,0,0,1,0,0,0,1,0,1,0,1,1,1,0,0,0,0,0,1,1,1,5,50,0,25,0,0,25,80,4184,4165,1,0,1,0,0,0,0,0,1,0,0,0,0,0,0,0,0,0,0,0,0,0,200,0,0,0,0,0,0,1
220,2,current,1,1,0,-999,-999,-999,-999,-999,-999,-999,-999,-999,-999,-999,-999,-999,-999,-999,-999,-999,-999,-999,-999,-999,-999,-999,-999,80,0,74,0,0,0,1,0,0,0,0,0,0,1,0,1,0,0,0,0,1,0,0,0,2,1,1,1,1,3,850,0,1,0,0,1,0,0,1,1,0,0,0,0,0,0,0,1,0,0,0,0,0,0,1,0,0,0,1,0,1,0,1,1,1,0,0,0,0,0,1,1,1,5,50,0,25,0,0,25,80,4184,4165,1,0,1,0,0,0,0,0,1,0,0,0,0,0,0,0,0,0,0,0,0,0,200,0,0,0,0,0,0,2
221,2,maas,2,0,0,1,5,200,0,1,0,0,0,60,0,0,0,1,0,60,0,0,0,1,1,0,1,1,1,500,0,30,0,1,0,0,0,0,1,0,0,0,0,0,1,0,1,1,0,0,0,0,1,1,1,2,1,1,4,850,0,1,0,0,1,0,0,1,1,0,0,0,0,0,0,0,1,1,1,0,0,0,0,0,0,7,1,1,0,1,1,1,1,1,1,1,0,0,0,1,0,0,5,50,0,0,25,0,0,80,4217,4217,1,1,1,0,0,1,0,1,1,0,0,0,0,0,0,0,0,0,0,0,0,0,160,0,0,0,0,0,0,1
221,2,current,1,1,0,-999,-999,-999,-999,-999,-999,-999,-999,-999,-999,-999,-999,-999,-999,-999,-999,-999,-999,-999,-999,-999,-999,-999,-999,80,0,30,0,1,0,0,0,0,1,0,0,0,0,0,1,0,1,1,0,0,0,0,1,1,1,2,1,1,4,850,0,1,0,0,1,0,0,1,1,0,0,0,0,0,0,0,1,1,1,0,0,0,0,0,0,7,1,1,0,1,1,1,1,1,1,1,0,0,0,1,0,0,5,50,0,0,25,0,0,80,4217,4217,1,1,1,0,0,1,0,1,1,0,0,0,0,0,0,0,0,0,0,0,0,0,160,0,0,0,0,0,0,2
222,2,maas,2,0,0,0,0,0,0,0,0,0,0,0,0,0,0,0,0,0,0,0,0,0,0,1,0,0,0,0,1,19,1,0,0,0,0,1,0,0,0,0,0,0,0,1,1,1,0,1,0,0,0,2,1,3,1,1,5,1375,0,0,1,0,1,0,0,1,1,0,0,0,0,0,0,0,1,0,0,1,0,0,0,0,0,7,1,1,0,1,1,1,1,1,0,1,0,0,0,0,1,0,0,250,0,25,0,0,125,275,4124,4300,0,0,1,0,0,0,0,0,1,0,0,0,0,0,0,0,0,1,0,0,0,0,0,0,0,0,0,0,0,1
222,2,current,1,1,0,-999,-999,-999,-999,-999,-999,-999,-999,-999,-999,-999,-999,-999,-999,-999,-999,-999,-999,-999,-999,-999,-999,-999,-999,275,1,19,1,0,0,0,0,1,0,0,0,0,0,0,0,1,1,1,0,1,0,0,0,2,1,3,1,1,5,1375,0,0,1,0,1,0,0,1,1,0,0,0,0,0,0,0,1,0,0,1,0,0,0,0,0,7,1,1,0,1,1,1,1,1,0,1,0,0,0,0,1,0,0,250,0,25,0,0,125,275,4124,4300,0,0,1,0,0,0,0,0,1,0,0,0,0,0,0,0,0,1,0,0,0,0,0,0,0,0,0,0,0,2
223,2,maas,2,1,1,1,0,0,0,0,0,0,0,0,0,0,0,0,0,0,0,0,0,0,0,0,0,0,0,20,1,47,0,0,1,0,0,0,0,0,1,0,0,1,0,0,0,0,0,0,0,0,1,1,1,1,1,1,3,1375,0,0,1,0,1,0,0,1,1,0,0,0,0,0,0,0,1,1,0,1,0,0,0,0,0,7,1,1,0,1,1,1,1,1,0,1,0,1,0,1,0,1,5,50,25,75,25,0,0,180,4124,4101,1,1,1,0,0,0,0,1,0,0,0,1,0,0,0,0,0,0,0,0,0,0,0,0,0,0,0,0,0,1
223,2,current,1,0,1,-999,-999,-999,-999,-999,-999,-999,-999,-999,-999,-999,-999,-999,-999,-999,-999,-999,-999,-999,-999,-999,-999,-999,-999,180,1,47,0,0,1,0,0,0,0,0,1,0,0,1,0,0,0,0,0,0,0,0,1,1,1,1,1,1,3,1375,0,0,1,0,1,0,0,1,1,0,0,0,0,0,0,0,1,1,0,1,0,0,0,0,0,7,1,1,0,1,1,1,1,1,0,1,0,1,0,1,0,1,5,50,25,75,25,0,0,180,4124,4101,1,1,1,0,0,0,0,1,0,0,0,1,0,0,0,0,0,0,0,0,0,0,0,0,0,0,0,0,0,2
224,2,maas,2,0,0,1,7,200,0,1,0,0,0,0,0,0,0,0,0,0,0,0,0,0,1,1,0,1,1,460,0,34,0,1,0,0,0,0,1,0,0,0,0,0,1,0,0,0,0,1,0,0,0,3,1,1,1,1,3,1625,0,0,1,0,2,0,0,2,0,0,0,0,1,0,0,0,1,0,0,1,0,0,0,0,0,7,1,1,0,1,0,0,1,0,0,1,0,0,0,0,1,0,15,250,0,0,25,0,175,290,4069,4035,0,0,1,0,0,0,0,1,0,1,0,0,0,0,0,0,0,0,0,0,0,0,250,0,0,0,0,0,0,1
224,2,current,1,1,0,-999,-999,-999,-999,-999,-999,-999,-999,-999,-999,-999,-999,-999,-999,-999,-999,-999,-999,-999,-999,-999,-999,-999,-999,290,0,34,0,1,0,0,0,0,1,0,0,0,0,0,1,0,0,0,0,1,0,0,0,3,1,1,1,1,3,1625,0,0,1,0,2,0,0,2,0,0,0,0,1,0,0,0,1,0,0,1,0,0,0,0,0,7,1,1,0,1,0,0,1,0,0,1,0,0,0,0,1,0,15,250,0,0,25,0,175,290,4069,4035,0,0,1,0,0,0,0,1,0,1,0,0,0,0,0,0,0,0,0,0,0,0,250,0,0,0,0,0,0,2
225,2,maas,2,0,0,0,0,0,0,0,0,0,0,0,0,0,0,0,0,0,0,0,0,0,0,1,0,1,1,10,0,34,0,1,0,0,0,0,1,0,0,0,0,1,0,0,0,0,0,1,0,0,0,3,1,1,1,1,3,2750,0,0,1,0,3,0,0,3,0,0,0,0,1,0,0,0,1,0,1,0,0,0,0,0,0,7,1,1,0,1,0,1,1,1,1,1,0,0,0,0,1,0,0,150,0,0,0,0,125,150,4133,4207,0,0,1,0,0,1,0,0,1,1,0,0,0,0,0,0,0,0,0,0,0,1,10,0,0,0,0,0,0,1
225,2,current,1,1,0,-999,-999,-999,-999,-999,-999,-999,-999,-999,-999,-999,-999,-999,-999,-999,-999,-999,-999,-999,-999,-999,-999,-999,-999,150,0,34,0,1,0,0,0,0,1,0,0,0,0,1,0,0,0,0,0,1,0,0,0,3,1,1,1,1,3,2750,0,0,1,0,3,0,0,3,0,0,0,0,1,0,0,0,1,0,1,0,0,0,0,0,0,7,1,1,0,1,0,1,1,1,1,1,0,0,0,0,1,0,0,150,0,0,0,0,125,150,4133,4207,0,0,1,0,0,1,0,0,1,1,0,0,0,0,0,0,0,0,0,0,0,1,10,0,0,0,0,0,0,2
226,2,maas,2,1,1,0,0,0,0,0,0,0,0,0,0,0,0,0,0,0,0,0,0,0,0,0,1,0,0,10,0,28,0,1,0,0,0,0,1,0,0,0,0,1,0,0,0,0,0,1,0,0,0,3,1,1,1,1,3,3250,0,0,0,1,2,0,0,2,0,1,0,0,0,0,0,1,0,0,1,0,0,0,0,0,0,7,1,1,0,1,1,1,1,1,1,1,0,0,0,0,1,0,5,350,25,25,25,0,75,430,4122,4208,1,1,1,0,0,1,0,1,0,1,0,0,0,0,0,0,0,0,0,0,0,0,0,0,0,0,0,0,0,1
226,2,current,1,0,1,-999,-999,-999,-999,-999,-999,-999,-999,-999,-999,-999,-999,-999,-999,-999,-999,-999,-999,-999,-999,-999,-999,-999,-999,430,0,28,0,1,0,0,0,0,1,0,0,0,0,1,0,0,0,0,0,1,0,0,0,3,1,1,1,1,3,3250,0,0,0,1,2,0,0,2,0,1,0,0,0,0,0,1,0,0,1,0,0,0,0,0,0,7,1,1,0,1,1,1,1,1,1,1,0,0,0,0,1,0,5,350,25,25,25,0,75,430,4122,4208,1,1,1,0,0,1,0,1,0,1,0,0,0,0,0,0,0,0,0,0,0,0,0,0,0,0,0,0,0,2
227,2,maas,2,1,1,1,0,400,0,0,0,1,0,0,0,0,0,0,0,0,0,0,0,0,0,0,0,1,0,310,1,31,0,1,0,0,0,0,1,0,0,0,0,0,0,1,0,0,0,1,1,0,0,2,3,1,1,2,4,1875,0,0,1,0,0,0,0,0,0,0,0,0,0,1,0,1,0,1,1,0,0,0,0,0,0,7,1,1,0,1,1,1,1,0,0,1,0,0,0,1,1,0,30,50,75,75,75,75,25,380,4559,4559,0,1,0,0,0,1,0,1,1,0,0,1,1,0,0,0,0,0,0,0,0,0,0,0,0,0,0,0,0,1
227,2,current,1,0,1,-999,-999,-999,-999,-999,-999,-999,-999,-999,-999,-999,-999,-999,-999,-999,-999,-999,-999,-999,-999,-999,-999,-999,-999,380,1,31,0,1,0,0,0,0,1,0,0,0,0,0,0,1,0,0,0,1,1,0,0,2,3,1,1,2,4,1875,0,0,1,0,0,0,0,0,0,0,0,0,0,1,0,1,0,1,1,0,0,0,0,0,0,7,1,1,0,1,1,1,1,0,0,1,0,0,0,1,1,0,30,50,75,75,75,75,25,380,4559,4559,0,1,0,0,0,1,0,1,1,0,0,1,1,0,0,0,0,0,0,0,0,0,0,0,0,0,0,0,0,2
228,2,maas,2,0,0,1,0,80,1,0,0,0,0,0,0,0,0,0,0,0,0,0,0,0,0,0,1,0,1,100,1,42,0,0,1,0,0,0,0,1,0,0,0,1,0,0,0,0,0,1,0,0,0,2,1,1,1,1,3,4250,0,0,0,1,2,0,0,2,0,1,0,0,0,0,1,1,0,0,1,0,0,0,0,0,0,7,1,1,0,1,1,0,1,0,0,1,0,0,0,1,0,0,15,50,0,0,25,0,75,90,4500,4000,1,1,1,0,0,0,0,0,1,0,0,1,0,0,0,0,0,0,0,0,0,0,50,0,0,0,0,0,0,1
228,2,current,1,1,0,-999,-999,-999,-999,-999,-999,-999,-999,-999,-999,-999,-999,-999,-999,-999,-999,-999,-999,-999,-999,-999,-999,-999,-999,90,1,42,0,0,1,0,0,0,0,1,0,0,0,1,0,0,0,0,0,1,0,0,0,2,1,1,1,1,3,4250,0,0,0,1,2,0,0,2,0,1,0,0,0,0,1,1,0,0,1,0,0,0,0,0,0,7,1,1,0,1,1,0,1,0,0,1,0,0,0,1,0,0,15,50,0,0,25,0,75,90,4500,4000,1,1,1,0,0,0,0,0,1,0,0,1,0,0,0,0,0,0,0,0,0,0,50,0,0,0,0,0,0,2
229,2,maas,2,1,1,1,0,0,0,0,0,0,0,0,0,0,0,0,0,0,0,0,0,0,0,0,1,0,1,30,0,50,0,0,1,0,0,0,0,0,1,0,0,0,1,0,0,0,0,1,0,0,0,3,2,1,1,1,3,1625,0,0,1,0,2,0,0,2,0,1,0,0,0,0,0,0,1,1,0,1,0,0,0,0,0,7,1,1,0,1,0,1,1,0,0,1,0,0,0,0,1,0,5,150,25,0,0,0,75,180,4506,4510,0,0,1,0,0,1,0,1,0,0,0,0,0,0,0,0,0,0,0,1,0,0,0,0,0,0,0,0,0,1
229,2,current,1,0,1,-999,-999,-999,-999,-999,-999,-999,-999,-999,-999,-999,-999,-999,-999,-999,-999,-999,-999,-999,-999,-999,-999,-999,-999,180,0,50,0,0,1,0,0,0,0,0,1,0,0,0,1,0,0,0,0,1,0,0,0,3,2,1,1,1,3,1625,0,0,1,0,2,0,0,2,0,1,0,0,0,0,0,0,1,1,0,1,0,0,0,0,0,7,1,1,0,1,0,1,1,0,0,1,0,0,0,0,1,0,5,150,25,0,0,0,75,180,4506,4510,0,0,1,0,0,1,0,1,0,0,0,0,0,0,0,0,0,0,0,1,0,0,0,0,0,0,0,0,0,2
230,2,maas,2,1,1,1,0,0,0,0,0,0,0,0,0,0,0,0,0,0,0,0,0,0,0,0,1,0,1,30,0,27,0,1,0,0,0,0,1,0,0,0,0,0,1,0,0,0,0,1,0,0,0,2,1,1,1,1,3,1125,0,1,0,0,1,0,0,1,1,0,0,0,0,0,0,0,1,1,0,1,0,0,0,0,0,7,1,1,0,1,0,1,0,1,0,1,0,0,0,1,1,0,5,50,25,25,25,25,75,155,4218,4218,1,1,1,0,0,1,0,1,0,0,0,0,0,0,0,0,0,0,0,1,0,0,0,0,0,0,0,0,0,1
230,2,current,1,0,1,-999,-999,-999,-999,-999,-999,-999,-999,-999,-999,-999,-999,-999,-999,-999,-999,-999,-999,-999,-999,-999,-999,-999,-999,155,0,27,0,1,0,0,0,0,1,0,0,0,0,0,1,0,0,0,0,1,0,0,0,2,1,1,1,1,3,1125,0,1,0,0,1,0,0,1,1,0,0,0,0,0,0,0,1,1,0,1,0,0,0,0,0,7,1,1,0,1,0,1,0,1,0,1,0,0,0,1,1,0,5,50,25,25,25,25,75,155,4218,4218,1,1,1,0,0,1,0,1,0,0,0,0,0,0,0,0,0,0,0,1,0,0,0,0,0,0,0,0,0,2
231,2,maas,2,0,0,0,0,0,0,0,0,0,0,0,0,0,0,0,0,0,0,0,0,0,0,1,0,0,0,0,0,43,0,0,1,0,0,0,0,1,0,0,0,0,0,1,0,0,0,1,0,0,0,2,1,1,1,1,3,1125,0,1,0,0,4,0,1,3,0,1,1,0,0,0,0,0,1,0,0,1,0,0,0,0,0,7,1,1,0,1,0,1,1,1,0,1,0,0,0,0,1,0,5,150,25,75,25,25,125,305,4300,4285,0,0,1,0,0,0,0,0,0,0,0,0,0,0,0,1,0,0,0,0,0,0,5,0,0,0,0,0,0,1
231,2,current,1,1,0,-999,-999,-999,-999,-999,-999,-999,-999,-999,-999,-999,-999,-999,-999,-999,-999,-999,-999,-999,-999,-999,-999,-999,-999,305,0,43,0,0,1,0,0,0,0,1,0,0,0,0,0,1,0,0,0,1,0,0,0,2,1,1,1,1,3,1125,0,1,0,0,4,0,1,3,0,1,1,0,0,0,0,0,1,0,0,1,0,0,0,0,0,7,1,1,0,1,0,1,1,1,0,1,0,0,0,0,1,0,5,150,25,75,25,25,125,305,4300,4285,0,0,1,0,0,0,0,0,0,0,0,0,0,0,0,1,0,0,0,0,0,0,5,0,0,0,0,0,0,2
232,2,maas,2,1,1,1,0,0,0,0,0,0,0,0,0,0,0,0,0,0,0,0,0,0,0,0,1,0,0,30,0,29,0,1,0,0,0,0,1,0,0,0,0,0,1,0,0,0,0,1,0,0,0,3,1,2,1,1,4,2750,0,0,1,0,2,0,0,2,0,1,0,0,0,0,0,0,1,1,1,0,0,0,0,0,0,7,1,1,0,1,1,1,1,1,1,1,0,0,0,0,1,0,30,150,75,75,125,0,175,455,4127,4106,1,1,1,0,0,1,0,1,0,0,1,0,0,1,0,0,0,1,0,0,0,0,0,0,0,0,0,0,0,1
232,2,current,1,0,1,-999,-999,-999,-999,-999,-999,-999,-999,-999,-999,-999,-999,-999,-999,-999,-999,-999,-999,-999,-999,-999,-999,-999,-999,455,0,29,0,1,0,0,0,0,1,0,0,0,0,0,1,0,0,0,0,1,0,0,0,3,1,2,1,1,4,2750,0,0,1,0,2,0,0,2,0,1,0,0,0,0,0,0,1,1,1,0,0,0,0,0,0,7,1,1,0,1,1,1,1,1,1,1,0,0,0,0,1,0,30,150,75,75,125,0,175,455,4127,4106,1,1,1,0,0,1,0,1,0,0,1,0,0,1,0,0,0,1,0,0,0,0,0,0,0,0,0,0,0,2
233,2,maas,2,0,0,1,0,80,1,0,0,0,30,0,1,0,0,0,0,30,0,1,0,0,1,1,0,1,1,190,0,23,1,0,0,0,0,1,0,0,0,0,0,0,0,1,0,0,0,1,0,0,0,3,1,1,1,1,3,2750,0,0,1,0,3,1,0,2,0,1,0,0,0,0,0,0,1,0,0,1,0,0,0,0,0,7,1,1,0,1,0,1,1,0,0,0,0,0,0,0,1,0,0,250,0,0,0,0,225,250,4553,4553,0,0,1,0,0,0,0,0,1,0,0,0,0,0,0,0,0,0,0,0,0,0,0,0,0,0,0,0,0,1
233,2,current,1,1,0,-999,-999,-999,-999,-999,-999,-999,-999,-999,-999,-999,-999,-999,-999,-999,-999,-999,-999,-999,-999,-999,-999,-999,-999,250,0,23,1,0,0,0,0,1,0,0,0,0,0,0,0,1,0,0,0,1,0,0,0,3,1,1,1,1,3,2750,0,0,1,0,3,1,0,2,0,1,0,0,0,0,0,0,1,0,0,1,0,0,0,0,0,7,1,1,0,1,0,1,1,0,0,0,0,0,0,0,1,0,0,250,0,0,0,0,225,250,4553,4553,0,0,1,0,0,0,0,0,1,0,0,0,0,0,0,0,0,0,0,0,0,0,0,0,0,0,0,0,0,2
234,2,maas,2,1,1,1,0,0,0,0,0,0,0,0,0,0,0,0,0,0,0,0,0,0,0,0,1,0,1,30,0,27,0,1,0,0,0,0,1,0,0,0,0,1,0,0,1,0,0,1,0,0,0,3,1,2,1,1,4,1375,0,0,1,0,7,3,0,4,0,1,1,0,1,0,0,0,1,1,1,0,0,0,0,0,0,7,1,1,0,1,1,1,1,1,1,0,0,0,0,1,1,1,15,150,75,75,75,25,175,415,4215,4870,1,1,1,0,0,0,0,1,1,0,0,0,0,0,0,0,0,0,0,0,0,0,0,0,0,0,0,0,0,1
234,2,current,1,0,1,-999,-999,-999,-999,-999,-999,-999,-999,-999,-999,-999,-999,-999,-999,-999,-999,-999,-999,-999,-999,-999,-999,-999,-999,415,0,27,0,1,0,0,0,0,1,0,0,0,0,1,0,0,1,0,0,1,0,0,0,3,1,2,1,1,4,1375,0,0,1,0,7,3,0,4,0,1,1,0,1,0,0,0,1,1,1,0,0,0,0,0,0,7,1,1,0,1,1,1,1,1,1,0,0,0,0,1,1,1,15,150,75,75,75,25,175,415,4215,4870,1,1,1,0,0,0,0,1,1,0,0,0,0,0,0,0,0,0,0,0,0,0,0,0,0,0,0,0,0,2
235,2,maas,2,1,1,1,0,0,0,0,0,0,0,0,0,0,0,0,0,0,0,0,0,0,0,0,0,0,0,20,0,28,0,1,0,0,0,0,1,0,0,0,0,1,0,0,1,1,0,1,0,0,0,4,1,1,1,1,3,9,0,0,0,0,7,1,1,5,0,0,0,1,0,0,1,1,0,0,1,0,0,0,0,0,0,7,1,1,0,1,0,1,1,1,1,0,0,0,0,0,1,1,0,50,0,25,0,0,75,75,4508,4508,0,0,1,0,0,0,0,1,1,0,1,0,0,0,1,0,0,0,0,0,0,0,0,1,1,0,0,1,1,1
235,2,current,1,0,1,-999,-999,-999,-999,-999,-999,-999,-999,-999,-999,-999,-999,-999,-999,-999,-999,-999,-999,-999,-999,-999,-999,-999,-999,75,0,28,0,1,0,0,0,0,1,0,0,0,0,1,0,0,1,1,0,1,0,0,0,4,1,1,1,1,3,9,0,0,0,0,7,1,1,5,0,0,0,1,0,0,1,1,0,0,1,0,0,0,0,0,0,7,1,1,0,1,0,1,1,1,1,0,0,0,0,0,1,1,0,50,0,25,0,0,75,75,4508,4508,0,0,1,0,0,0,0,1,1,0,1,0,0,0,1,0,0,0,0,0,0,0,0,1,1,0,0,1,1,2
236,2,maas,2,1,1,1,0,0,0,0,0,0,0,0,0,0,0,0,30,0,1,0,0,0,0,0,1,1,1,90,0,45,0,0,1,0,0,0,0,0,1,0,0,1,0,0,0,0,0,1,0,0,0,2,1,2,1,1,4,1375,0,0,1,0,1,0,0,1,1,0,0,0,0,0,0,0,1,1,1,0,0,0,0,0,0,7,1,1,0,1,0,1,1,0,0,1,0,0,0,0,1,0,5,150,0,0,0,25,125,180,4021,4019,1,0,1,1,0,1,0,0,1,1,1,0,0,0,0,0,0,0,0,0,0,0,0,0,0,0,0,0,0,1
236,2,current,1,0,1,-999,-999,-999,-999,-999,-999,-999,-999,-999,-999,-999,-999,-999,-999,-999,-999,-999,-999,-999,-999,-999,-999,-999,-999,180,0,45,0,0,1,0,0,0,0,0,1,0,0,1,0,0,0,0,0,1,0,0,0,2,1,2,1,1,4,1375,0,0,1,0,1,0,0,1,1,0,0,0,0,0,0,0,1,1,1,0,0,0,0,0,0,7,1,1,0,1,0,1,1,0,0,1,0,0,0,0,1,0,5,150,0,0,0,25,125,180,4021,4019,1,0,1,1,0,1,0,0,1,1,1,0,0,0,0,0,0,0,0,0,0,0,0,0,0,0,0,0,0,2
237,2,maas,2,0,0,1,1,300,0,0,1,0,60,0,0,0,1,0,60,0,0,0,1,0,1,1,0,1,0,430,0,49,0,0,1,0,0,0,0,0,1,0,0,0,0,1,0,0,0,1,0,0,0,2,1,1,1,1,3,450,1,0,0,0,1,0,1,0,0,0,1,0,0,0,0,0,1,0,0,0,0,0,0,0,1,0,0,1,0,1,0,1,1,1,0,0,0,0,0,0,1,0,0,250,0,0,0,0,75,250,4341,4341,0,0,0,0,0,0,1,1,1,0,0,0,0,0,0,0,0,0,0,0,0,0,100,0,0,0,0,0,0,1
237,2,current,1,1,0,-999,-999,-999,-999,-999,-999,-999,-999,-999,-999,-999,-999,-999,-999,-999,-999,-999,-999,-999,-999,-999,-999,-999,-999,250,0,49,0,0,1,0,0,0,0,0,1,0,0,0,0,1,0,0,0,1,0,0,0,2,1,1,1,1,3,450,1,0,0,0,1,0,1,0,0,0,1,0,0,0,0,0,1,0,0,0,0,0,0,0,1,0,0,1,0,1,0,1,1,1,0,0,0,0,0,0,1,0,0,250,0,0,0,0,75,250,4341,4341,0,0,0,0,0,0,1,1,1,0,0,0,0,0,0,0,0,0,0,0,0,0,100,0,0,0,0,0,0,2
238,2,maas,2,1,1,0,0,0,0,0,0,0,0,0,0,0,0,0,0,0,0,0,0,0,0,0,0,1,1,10,0,46,0,0,1,0,0,0,0,0,1,0,0,0,1,0,0,0,0,1,0,0,0,4,1,1,1,1,3,3250,0,0,0,1,6,2,1,3,0,1,1,0,0,0,0,0,1,0,0,1,0,0,0,0,0,7,1,1,0,1,1,1,1,1,1,0,0,0,0,0,1,0,15,350,225,0,0,0,75,590,4154,4154,1,0,1,0,0,0,0,1,1,0,0,0,0,0,0,0,0,0,0,0,0,0,0,0,0,0,0,0,1,1
238,2,current,1,0,1,-999,-999,-999,-999,-999,-999,-999,-999,-999,-999,-999,-999,-999,-999,-999,-999,-999,-999,-999,-999,-999,-999,-999,-999,590,0,46,0,0,1,0,0,0,0,0,1,0,0,0,1,0,0,0,0,1,0,0,0,4,1,1,1,1,3,3250,0,0,0,1,6,2,1,3,0,1,1,0,0,0,0,0,1,0,0,1,0,0,0,0,0,7,1,1,0,1,1,1,1,1,1,0,0,0,0,0,1,0,15,350,225,0,0,0,75,590,4154,4154,1,0,1,0,0,0,0,1,1,0,0,0,0,0,0,0,0,0,0,0,0,0,0,0,0,0,0,0,1,2
239,2,maas,2,0,0,0,0,0,0,0,0,0,0,0,0,0,0,0,0,0,0,0,0,0,0,0,0,1,1,10,0,43,0,0,1,0,0,0,0,1,0,0,0,0,1,0,0,0,0,1,0,0,0,2,1,1,1,1,3,575,0,1,0,0,1,0,0,1,1,0,0,0,0,0,0,1,0,0,0,1,0,0,0,0,0,7,1,1,0,1,0,0,1,1,0,0,0,0,0,0,1,0,0,150,0,0,0,0,75,150,4313,4313,0,0,1,0,0,0,0,0,0,1,1,0,0,0,0,0,0,0,0,0,0,1,0,0,0,0,0,0,0,1
239,2,current,1,1,0,-999,-999,-999,-999,-999,-999,-999,-999,-999,-999,-999,-999,-999,-999,-999,-999,-999,-999,-999,-999,-999,-999,-999,-999,150,0,43,0,0,1,0,0,0,0,1,0,0,0,0,1,0,0,0,0,1,0,0,0,2,1,1,1,1,3,575,0,1,0,0,1,0,0,1,1,0,0,0,0,0,0,1,0,0,0,1,0,0,0,0,0,7,1,1,0,1,0,0,1,1,0,0,0,0,0,0,1,0,0,150,0,0,0,0,75,150,4313,4313,0,0,1,0,0,0,0,0,0,1,1,0,0,0,0,0,0,0,0,0,0,1,0,0,0,0,0,0,0,2
240,2,maas,2,1,1,0,10,80,1,0,0,0,0,0,0,0,0,0,0,0,0,0,0,0,0,0,1,1,1,490,0,31,0,1,0,0,0,0,1,0,0,0,0,0,1,0,1,1,0,1,0,0,0,3,1,3,1,1,5,2750,0,0,1,0,6,4,0,2,0,0,1,0,0,0,0,1,0,1,0,0,0,0,0,0,1,0,0,1,0,1,1,1,1,1,1,0,0,0,0,0,1,0,0,450,25,25,25,25,125,550,4019,4019,1,1,1,0,0,0,0,1,1,1,1,0,0,0,0,0,0,0,0,0,0,0,0,0,0,0,0,0,0,1
240,2,current,1,0,1,-999,-999,-999,-999,-999,-999,-999,-999,-999,-999,-999,-999,-999,-999,-999,-999,-999,-999,-999,-999,-999,-999,-999,-999,550,0,31,0,1,0,0,0,0,1,0,0,0,0,0,1,0,1,1,0,1,0,0,0,3,1,3,1,1,5,2750,0,0,1,0,6,4,0,2,0,0,1,0,0,0,0,1,0,1,0,0,0,0,0,0,1,0,0,1,0,1,1,1,1,1,1,0,0,0,0,0,1,0,0,450,25,25,25,25,125,550,4019,4019,1,1,1,0,0,0,0,1,1,1,1,0,0,0,0,0,0,0,0,0,0,0,0,0,0,0,0,0,0,2
241,2,maas,2,1,1,1,1,80,1,0,0,0,0,0,0,0,0,0,0,0,0,0,0,0,1,1,0,1,1,160,1,39,0,1,0,0,0,0,0,1,0,0,0,1,0,0,0,0,0,1,0,0,0,2,1,1,1,1,3,3750,0,0,0,1,2,0,0,2,0,1,0,0,0,0,0,0,1,1,1,0,0,0,0,0,0,7,1,1,0,1,1,1,1,1,0,1,0,1,0,1,0,1,30,150,25,0,75,0,175,280,4032,4000,1,1,1,0,0,1,0,1,0,0,0,0,0,0,0,0,0,0,0,1,0,0,0,0,0,0,0,0,0,1
241,2,current,1,0,1,-999,-999,-999,-999,-999,-999,-999,-999,-999,-999,-999,-999,-999,-999,-999,-999,-999,-999,-999,-999,-999,-999,-999,-999,280,1,39,0,1,0,0,0,0,0,1,0,0,0,1,0,0,0,0,0,1,0,0,0,2,1,1,1,1,3,3750,0,0,0,1,2,0,0,2,0,1,0,0,0,0,0,0,1,1,1,0,0,0,0,0,0,7,1,1,0,1,1,1,1,1,0,1,0,1,0,1,0,1,30,150,25,0,75,0,175,280,4032,4000,1,1,1,0,0,1,0,1,0,0,0,0,0,0,0,0,0,0,0,1,0,0,0,0,0,0,0,0,0,2
242,2,maas,2,0,0,1,0,0,0,0,0,0,0,0,0,0,0,0,0,0,0,0,0,0,1,0,0,0,0,40,1,27,0,1,0,0,0,0,1,0,0,0,0,1,0,0,0,0,0,1,0,0,0,2,1,1,1,1,3,2750,0,0,1,0,2,0,0,2,0,0,0,0,0,1,1,1,0,1,1,0,0,0,0,0,0,7,1,0,0,1,1,0,1,0,0,0,0,0,0,0,1,0,15,150,75,25,75,125,75,465,4300,4300,0,0,1,0,0,0,0,0,0,1,0,0,0,1,0,0,0,0,0,0,0,0,5,0,0,0,0,0,0,1
242,2,current,1,1,0,-999,-999,-999,-999,-999,-999,-999,-999,-999,-999,-999,-999,-999,-999,-999,-999,-999,-999,-999,-999,-999,-999,-999,-999,465,1,27,0,1,0,0,0,0,1,0,0,0,0,1,0,0,0,0,0,1,0,0,0,2,1,1,1,1,3,2750,0,0,1,0,2,0,0,2,0,0,0,0,0,1,1,1,0,1,1,0,0,0,0,0,0,7,1,0,0,1,1,0,1,0,0,0,0,0,0,0,1,0,15,150,75,25,75,125,75,465,4300,4300,0,0,1,0,0,0,0,0,0,1,0,0,0,1,0,0,0,0,0,0,0,0,5,0,0,0,0,0,0,2
243,2,maas,2,0,0,0,0,0,0,0,0,0,0,0,0,0,0,0,0,0,0,0,0,0,0,0,0,0,1,0,1,61,0,0,0,1,0,0,0,0,0,1,0,0,1,0,0,0,0,1,0,0,0,2,1,1,1,1,3,2750,0,0,1,0,3,0,0,3,0,1,1,0,0,0,0,0,1,0,1,0,0,0,0,0,0,7,1,1,0,1,0,1,1,0,0,1,0,0,0,0,1,0,5,50,25,25,25,25,125,155,4213,4213,0,1,1,0,0,0,0,0,1,0,0,0,0,0,0,0,0,0,0,0,0,0,0,0,0,0,0,0,0,1
243,2,current,1,1,0,-999,-999,-999,-999,-999,-999,-999,-999,-999,-999,-999,-999,-999,-999,-999,-999,-999,-999,-999,-999,-999,-999,-999,-999,155,1,61,0,0,0,1,0,0,0,0,0,1,0,0,1,0,0,0,0,1,0,0,0,2,1,1,1,1,3,2750,0,0,1,0,3,0,0,3,0,1,1,0,0,0,0,0,1,0,1,0,0,0,0,0,0,7,1,1,0,1,0,1,1,0,0,1,0,0,0,0,1,0,5,50,25,25,25,25,125,155,4213,4213,0,1,1,0,0,0,0,0,1,0,0,0,0,0,0,0,0,0,0,0,0,0,0,0,0,0,0,0,0,2
244,2,maas,2,0,0,0,0,80,1,0,0,0,0,0,0,0,0,0,0,0,0,0,0,0,0,0,0,0,0,70,1,59,0,0,0,1,0,0,0,0,0,1,0,0,1,0,0,0,0,1,0,0,0,3,1,3,1,1,5,2750,0,0,1,0,2,0,0,2,0,1,0,0,0,0,0,0,1,0,1,0,0,0,0,0,0,7,1,1,0,0,0,1,0,1,0,1,0,0,0,0,1,1,5,50,25,25,0,0,25,105,4124,4124,1,0,0,0,0,0,0,0,1,0,0,0,0,0,0,0,0,0,0,0,0,0,25,0,0,0,0,0,0,1
244,2,current,1,1,0,-999,-999,-999,-999,-999,-999,-999,-999,-999,-999,-999,-999,-999,-999,-999,-999,-999,-999,-999,-999,-999,-999,-999,-999,105,1,59,0,0,0,1,0,0,0,0,0,1,0,0,1,0,0,0,0,1,0,0,0,3,1,3,1,1,5,2750,0,0,1,0,2,0,0,2,0,1,0,0,0,0,0,0,1,0,1,0,0,0,0,0,0,7,1,1,0,0,0,1,0,1,0,1,0,0,0,0,1,1,5,50,25,25,0,0,25,105,4124,4124,1,0,0,0,0,0,0,0,1,0,0,0,0,0,0,0,0,0,0,0,0,0,25,0,0,0,0,0,0,2
245,2,maas,2,0,0,0,0,0,0,0,0,0,0,0,0,0,0,0,0,0,0,0,0,0,0,0,0,1,0,10,1,54,0,0,1,0,0,0,0,0,1,0,0,0,0,1,0,0,0,1,1,0,0,3,2,6,1,1,8,450,1,0,0,0,3,0,0,3,0,1,1,0,0,0,0,0,1,0,0,0,0,0,0,0,1,0,0,1,0,1,0,1,1,1,0,0,1,0,0,0,1,0,0,150,0,0,0,0,125,150,4165,4152,0,0,0,0,0,0,1,0,1,0,0,0,0,0,0,0,0,0,0,0,0,0,10,0,0,0,0,0,0,1
245,2,current,1,1,0,-999,-999,-999,-999,-999,-999,-999,-999,-999,-999,-999,-999,-999,-999,-999,-999,-999,-999,-999,-999,-999,-999,-999,-999,150,1,54,0,0,1,0,0,0,0,0,1,0,0,0,0,1,0,0,0,1,1,0,0,3,2,6,1,1,8,450,1,0,0,0,3,0,0,3,0,1,1,0,0,0,0,0,1,0,0,0,0,0,0,0,1,0,0,1,0,1,0,1,1,1,0,0,1,0,0,0,1,0,0,150,0,0,0,0,125,150,4165,4152,0,0,0,0,0,0,1,0,1,0,0,0,0,0,0,0,0,0,0,0,0,0,10,0,0,0,0,0,0,2
246,2,maas,2,0,0,1,0,0,0,0,0,0,0,0,0,0,0,0,0,0,0,0,0,0,0,0,0,0,0,20,1,39,0,1,0,0,0,0,0,1,0,0,0,0,1,0,0,0,0,1,0,0,0,4,4,1,1,1,3,3750,0,0,0,1,7,1,3,3,0,1,1,1,0,0,0,0,1,0,1,0,0,0,0,0,0,7,1,1,0,1,1,1,1,1,0,1,0,0,0,0,1,0,15,350,25,75,75,75,75,615,4341,4304,1,1,1,0,0,0,0,1,1,0,0,0,0,0,0,0,0,0,0,0,0,0,10,0,0,0,0,0,0,1
246,2,current,1,1,0,-999,-999,-999,-999,-999,-999,-999,-999,-999,-999,-999,-999,-999,-999,-999,-999,-999,-999,-999,-999,-999,-999,-999,-999,615,1,39,0,1,0,0,0,0,0,1,0,0,0,0,1,0,0,0,0,1,0,0,0,4,4,1,1,1,3,3750,0,0,0,1,7,1,3,3,0,1,1,1,0,0,0,0,1,0,1,0,0,0,0,0,0,7,1,1,0,1,1,1,1,1,0,1,0,0,0,0,1,0,15,350,25,75,75,75,75,615,4341,4304,1,1,1,0,0,0,0,1,1,0,0,0,0,0,0,0,0,0,0,0,0,0,10,0,0,0,0,0,0,2
247,2,maas,2,1,1,1,0,0,0,0,0,0,0,0,0,0,0,0,0,0,0,0,0,0,0,1,0,0,0,20,1,43,0,0,1,0,0,0,0,1,0,0,0,1,0,0,1,1,0,1,0,0,0,3,1,2,2,1,5,4750,0,0,0,1,4,2,0,2,0,1,1,0,0,0,1,0,1,1,1,0,0,0,0,0,0,7,1,1,0,1,1,1,1,1,1,1,0,0,0,1,0,0,15,350,125,175,125,0,175,790,4076,4000,1,1,1,1,1,1,0,1,0,0,1,0,0,0,0,0,0,0,0,0,0,0,0,0,0,0,0,0,0,1
247,2,current,1,0,1,-999,-999,-999,-999,-999,-999,-999,-999,-999,-999,-999,-999,-999,-999,-999,-999,-999,-999,-999,-999,-999,-999,-999,-999,790,1,43,0,0,1,0,0,0,0,1,0,0,0,1,0,0,1,1,0,1,0,0,0,3,1,2,2,1,5,4750,0,0,0,1,4,2,0,2,0,1,1,0,0,0,1,0,1,1,1,0,0,0,0,0,0,7,1,1,0,1,1,1,1,1,1,1,0,0,0,1,0,0,15,350,125,175,125,0,175,790,4076,4000,1,1,1,1,1,1,0,1,0,0,1,0,0,0,0,0,0,0,0,0,0,0,0,0,0,0,0,0,0,2
248,2,maas,2,0,0,0,0,0,0,0,0,0,0,0,0,0,0,0,0,0,0,0,0,0,0,0,0,0,1,0,0,48,0,0,1,0,0,0,0,0,1,0,0,0,1,0,1,1,0,1,0,0,0,3,1,2,1,1,4,1375,0,0,1,0,5,0,0,5,0,1,1,0,0,0,0,0,1,0,0,0,0,1,0,0,0,0,0,0,1,1,1,1,0,1,0,0,0,0,0,0,1,0,5,50,25,25,25,25,25,155,4208,4209,0,0,0,0,0,0,1,0,0,0,0,0,0,0,0,0,0,0,0,1,0,0,0,0,0,0,0,0,0,1
248,2,current,1,1,0,-999,-999,-999,-999,-999,-999,-999,-999,-999,-999,-999,-999,-999,-999,-999,-999,-999,-999,-999,-999,-999,-999,-999,-999,155,0,48,0,0,1,0,0,0,0,0,1,0,0,0,1,0,1,1,0,1,0,0,0,3,1,2,1,1,4,1375,0,0,1,0,5,0,0,5,0,1,1,0,0,0,0,0,1,0,0,0,0,1,0,0,0,0,0,0,1,1,1,1,0,1,0,0,0,0,0,0,1,0,5,50,25,25,25,25,25,155,4208,4209,0,0,0,0,0,0,1,0,0,0,0,0,0,0,0,0,0,0,0,1,0,0,0,0,0,0,0,0,0,2
249,2,maas,2,1,1,1,0,0,0,0,0,0,30,0,1,0,0,0,0,0,0,0,0,0,0,0,0,0,0,60,1,66,0,0,0,1,0,0,0,0,0,0,1,0,1,0,0,0,0,1,1,1,0,3,1,1,1,1,3,725,0,1,0,0,2,0,0,2,0,1,0,0,0,0,0,1,0,1,0,0,0,0,0,1,0,0,0,1,0,1,1,1,1,0,0,0,1,0,0,0,1,1,5,50,25,0,0,0,25,80,4121,4122,1,1,0,0,0,0,0,1,0,0,0,0,0,0,0,0,0,0,1,0,0,0,0,0,0,0,0,0,0,1
249,2,current,1,0,1,-999,-999,-999,-999,-999,-999,-999,-999,-999,-999,-999,-999,-999,-999,-999,-999,-999,-999,-999,-999,-999,-999,-999,-999,80,1,66,0,0,0,1,0,0,0,0,0,0,1,0,1,0,0,0,0,1,1,1,0,3,1,1,1,1,3,725,0,1,0,0,2,0,0,2,0,1,0,0,0,0,0,1,0,1,0,0,0,0,0,1,0,0,0,1,0,1,1,1,1,0,0,0,1,0,0,0,1,1,5,50,25,0,0,0,25,80,4121,4122,1,1,0,0,0,0,0,1,0,0,0,0,0,0,0,0,0,0,1,0,0,0,0,0,0,0,0,0,0,2
250,2,maas,2,1,1,1,0,0,0,0,0,0,0,0,0,0,0,0,0,0,0,0,0,0,0,0,0,0,0,20,0,26,0,1,0,0,0,0,1,0,0,0,0,0,1,0,1,1,0,0,1,0,0,4,2,2,4,2,8,2250,0,0,1,0,1,0,0,1,1,0,0,0,0,0,0,1,0,1,1,0,0,0,0,0,0,7,1,1,0,1,1,1,1,0,0,0,0,0,0,0,1,0,15,150,75,125,75,75,25,515,4132,4207,0,0,0,1,0,0,0,1,1,0,1,0,0,0,0,0,0,0,0,0,0,0,0,1,0,0,0,0,1,1
250,2,current,1,0,1,-999,-999,-999,-999,-999,-999,-999,-999,-999,-999,-999,-999,-999,-999,-999,-999,-999,-999,-999,-999,-999,-999,-999,-999,515,0,26,0,1,0,0,0,0,1,0,0,0,0,0,1,0,1,1,0,0,1,0,0,4,2,2,4,2,8,2250,0,0,1,0,1,0,0,1,1,0,0,0,0,0,0,1,0,1,1,0,0,0,0,0,0,7,1,1,0,1,1,1,1,0,0,0,0,0,0,0,1,0,15,150,75,125,75,75,25,515,4132,4207,0,0,0,1,0,0,0,1,1,0,1,0,0,0,0,0,0,0,0,0,0,0,0,1,0,0,0,0,1,2
251,2,maas,2,0,0,0,0,200,0,1,0,0,0,0,0,0,0,0,0,0,0,0,0,0,0,0,0,0,0,130,1,35,0,1,0,0,0,0,0,1,0,0,0,0,0,1,0,0,0,1,0,0,0,2,1,2,1,1,4,225,1,0,0,0,0,0,0,0,0,0,0,0,0,1,0,0,1,0,0,1,0,0,0,0,0,7,1,0,0,1,0,1,1,1,0,1,0,0,0,1,0,1,30,250,0,0,75,75,175,430,4341,4341,1,0,0,1,0,0,0,1,1,0,0,0,0,0,0,0,0,0,0,0,0,0,120,0,0,0,0,0,0,1
251,2,current,1,1,0,-999,-999,-999,-999,-999,-999,-999,-999,-999,-999,-999,-999,-999,-999,-999,-999,-999,-999,-999,-999,-999,-999,-999,-999,430,1,35,0,1,0,0,0,0,0,1,0,0,0,0,0,1,0,0,0,1,0,0,0,2,1,2,1,1,4,225,1,0,0,0,0,0,0,0,0,0,0,0,0,1,0,0,1,0,0,1,0,0,0,0,0,7,1,0,0,1,0,1,1,1,0,1,0,0,0,1,0,1,30,250,0,0,75,75,175,430,4341,4341,1,0,0,1,0,0,0,1,1,0,0,0,0,0,0,0,0,0,0,0,0,0,120,0,0,0,0,0,0,2
252,2,maas,2,0,0,1,0,80,1,0,0,0,0,0,0,0,0,0,0,30,0,1,0,0,1,1,0,1,1,150,1,71,0,0,0,1,0,0,0,0,0,0,1,1,0,0,0,0,0,1,0,0,0,3,1,1,1,1,3,1125,0,1,0,0,2,0,0,2,0,1,0,0,0,0,0,0,1,0,0,0,0,0,0,1,0,0,0,0,1,1,0,0,1,1,0,0,0,1,0,0,1,0,5,50,0,25,0,0,125,80,4183,4183,0,0,1,0,0,0,0,0,1,0,0,0,0,0,1,0,0,0,0,0,0,1,0,0,0,0,0,0,0,1
252,2,current,1,1,0,-999,-999,-999,-999,-999,-999,-999,-999,-999,-999,-999,-999,-999,-999,-999,-999,-999,-999,-999,-999,-999,-999,-999,-999,80,1,71,0,0,0,1,0,0,0,0,0,0,1,1,0,0,0,0,0,1,0,0,0,3,1,1,1,1,3,1125,0,1,0,0,2,0,0,2,0,1,0,0,0,0,0,0,1,0,0,0,0,0,0,1,0,0,0,0,1,1,0,0,1,1,0,0,0,1,0,0,1,0,5,50,0,25,0,0,125,80,4183,4183,0,0,1,0,0,0,0,0,1,0,0,0,0,0,1,0,0,0,0,0,0,1,0,0,0,0,0,0,0,2
253,2,maas,2,1,1,0,0,0,0,0,0,0,0,0,0,0,0,0,0,0,0,0,0,0,0,1,0,0,1,0,0,33,0,1,0,0,0,0,1,0,0,0,0,0,1,0,0,0,0,1,0,0,0,2,1,1,1,1,3,3250,0,0,0,1,3,2,0,1,0,1,1,0,0,0,0,0,1,0,1,0,0,0,0,0,0,7,1,1,0,1,0,1,1,1,1,1,0,0,0,0,1,0,70,350,0,0,0,0,25,420,4504,4506,0,0,1,0,0,0,0,1,1,0,0,0,0,0,0,0,0,0,0,0,0,0,0,0,0,0,0,0,1,1
253,2,current,1,0,1,-999,-999,-999,-999,-999,-999,-999,-999,-999,-999,-999,-999,-999,-999,-999,-999,-999,-999,-999,-999,-999,-999,-999,-999,420,0,33,0,1,0,0,0,0,1,0,0,0,0,0,1,0,0,0,0,1,0,0,0,2,1,1,1,1,3,3250,0,0,0,1,3,2,0,1,0,1,1,0,0,0,0,0,1,0,1,0,0,0,0,0,0,7,1,1,0,1,0,1,1,1,1,1,0,0,0,0,1,0,70,350,0,0,0,0,25,420,4504,4506,0,0,1,0,0,0,0,1,1,0,0,0,0,0,0,0,0,0,0,0,0,0,0,0,0,0,0,0,1,2
254,2,maas,2,0,0,0,0,0,0,0,0,0,0,0,0,0,0,0,0,0,0,0,0,0,0,0,0,1,0,10,1,36,0,1,0,0,0,0,0,1,0,0,0,0,0,1,0,0,0,1,0,0,0,3,1,3,1,1,5,3250,0,0,0,1,4,1,0,3,0,1,0,0,0,0,0,0,1,0,1,0,0,0,0,0,0,7,1,1,0,1,1,1,1,1,0,1,0,0,0,0,1,0,0,150,0,0,25,0,0,175,4227,4209,0,1,1,0,0,0,0,1,0,1,0,0,0,0,0,0,0,0,0,0,0,0,10,0,0,0,0,0,0,1
254,2,current,1,1,0,-999,-999,-999,-999,-999,-999,-999,-999,-999,-999,-999,-999,-999,-999,-999,-999,-999,-999,-999,-999,-999,-999,-999,-999,175,1,36,0,1,0,0,0,0,0,1,0,0,0,0,0,1,0,0,0,1,0,0,0,3,1,3,1,1,5,3250,0,0,0,1,4,1,0,3,0,1,0,0,0,0,0,0,1,0,1,0,0,0,0,0,0,7,1,1,0,1,1,1,1,1,0,1,0,0,0,0,1,0,0,150,0,0,25,0,0,175,4227,4209,0,1,1,0,0,0,0,1,0,1,0,0,0,0,0,0,0,0,0,0,0,0,10,0,0,0,0,0,0,2
255,2,maas,2,1,1,1,0,80,1,0,0,0,0,0,0,0,0,0,0,0,0,0,0,0,0,0,0,0,0,90,1,40,0,1,0,0,0,0,0,1,0,0,0,0,0,1,0,0,0,1,0,0,0,2,1,2,1,1,4,1625,0,0,1,0,6,4,0,2,0,1,1,0,0,0,1,0,1,1,1,0,0,0,0,0,0,7,1,1,0,1,0,1,1,1,0,1,0,0,0,0,1,0,5,150,0,25,25,0,75,205,4301,4078,1,1,1,0,0,0,0,1,0,1,0,0,0,0,0,0,0,0,0,0,0,0,0,0,0,0,0,0,0,1
255,2,current,1,0,1,-999,-999,-999,-999,-999,-999,-999,-999,-999,-999,-999,-999,-999,-999,-999,-999,-999,-999,-999,-999,-999,-999,-999,-999,205,1,40,0,1,0,0,0,0,0,1,0,0,0,0,0,1,0,0,0,1,0,0,0,2,1,2,1,1,4,1625,0,0,1,0,6,4,0,2,0,1,1,0,0,0,1,0,1,1,1,0,0,0,0,0,0,7,1,1,0,1,0,1,1,1,0,1,0,0,0,0,1,0,5,150,0,25,25,0,75,205,4301,4078,1,1,1,0,0,0,0,1,0,1,0,0,0,0,0,0,0,0,0,0,0,0,0,0,0,0,0,0,0,2
256,2,maas,2,0,0,1,0,0,0,0,0,0,0,0,0,0,0,0,0,0,0,0,0,0,0,1,0,1,0,30,1,51,0,0,1,0,0,0,0,0,1,0,0,0,1,0,0,0,0,1,0,0,0,2,1,3,1,1,5,1625,0,0,1,0,2,0,0,2,0,1,0,0,0,0,0,0,1,0,1,0,0,0,0,0,0,7,1,1,0,0,0,0,1,0,0,1,0,0,0,0,1,0,0,150,0,0,0,0,125,150,4350,4350,0,0,0,0,0,0,1,0,1,0,0,0,0,0,0,0,0,0,0,0,0,0,0,0,0,0,0,0,0,1
256,2,current,1,1,0,-999,-999,-999,-999,-999,-999,-999,-999,-999,-999,-999,-999,-999,-999,-999,-999,-999,-999,-999,-999,-999,-999,-999,-999,150,1,51,0,0,1,0,0,0,0,0,1,0,0,0,1,0,0,0,0,1,0,0,0,2,1,3,1,1,5,1625,0,0,1,0,2,0,0,2,0,1,0,0,0,0,0,0,1,0,1,0,0,0,0,0,0,7,1,1,0,0,0,0,1,0,0,1,0,0,0,0,1,0,0,150,0,0,0,0,125,150,4350,4350,0,0,0,0,0,0,1,0,1,0,0,0,0,0,0,0,0,0,0,0,0,0,0,0,0,0,0,0,0,2
257,2,maas,2,0,0,1,0,0,0,0,0,0,0,0,0,0,0,0,0,0,0,0,0,0,0,1,0,1,1,30,1,49,0,0,1,0,0,0,0,0,1,0,0,1,0,0,0,0,0,1,1,0,0,2,1,2,1,1,4,1375,0,0,1,0,2,0,0,2,0,1,0,0,0,0,1,0,1,0,1,0,0,0,0,0,0,7,1,1,0,1,0,1,1,1,0,1,0,0,0,0,1,0,5,150,0,0,0,0,75,155,4226,4217,1,0,1,0,0,1,0,0,1,1,0,0,0,0,0,0,0,0,0,0,0,0,15,0,0,0,0,0,0,1
257,2,current,1,1,0,-999,-999,-999,-999,-999,-999,-999,-999,-999,-999,-999,-999,-999,-999,-999,-999,-999,-999,-999,-999,-999,-999,-999,-999,155,1,49,0,0,1,0,0,0,0,0,1,0,0,1,0,0,0,0,0,1,1,0,0,2,1,2,1,1,4,1375,0,0,1,0,2,0,0,2,0,1,0,0,0,0,1,0,1,0,1,0,0,0,0,0,0,7,1,1,0,1,0,1,1,1,0,1,0,0,0,0,1,0,5,150,0,0,0,0,75,155,4226,4217,1,0,1,0,0,1,0,0,1,1,0,0,0,0,0,0,0,0,0,0,0,0,15,0,0,0,0,0,0,2
258,2,maas,2,0,0,1,0,0,0,0,0,0,0,0,0,0,0,0,0,0,0,0,0,0,0,1,0,0,1,20,1,40,0,1,0,0,0,0,0,1,0,0,0,0,1,0,0,0,0,1,0,0,0,2,1,3,1,1,5,1375,0,0,1,0,2,0,0,2,0,1,0,0,0,0,0,0,1,1,1,0,0,0,0,0,0,7,1,1,0,1,1,1,1,1,1,1,0,0,0,1,1,1,50,150,75,25,25,0,75,325,4109,4000,1,1,1,0,0,1,0,0,0,1,0,0,0,0,0,0,0,0,0,0,0,0,10,0,0,0,0,0,0,1
258,2,current,1,1,0,-999,-999,-999,-999,-999,-999,-999,-999,-999,-999,-999,-999,-999,-999,-999,-999,-999,-999,-999,-999,-999,-999,-999,-999,325,1,40,0,1,0,0,0,0,0,1,0,0,0,0,1,0,0,0,0,1,0,0,0,2,1,3,1,1,5,1375,0,0,1,0,2,0,0,2,0,1,0,0,0,0,0,0,1,1,1,0,0,0,0,0,0,7,1,1,0,1,1,1,1,1,1,1,0,0,0,1,1,1,50,150,75,25,25,0,75,325,4109,4000,1,1,1,0,0,1,0,0,0,1,0,0,0,0,0,0,0,0,0,0,0,0,10,0,0,0,0,0,0,2
259,2,maas,2,1,1,1,1,0,0,0,0,0,30,0,1,0,0,0,0,0,0,0,0,0,0,1,0,0,0,100,0,35,0,1,0,0,0,0,0,1,0,0,0,1,0,0,0,0,0,1,0,0,0,2,1,2,1,1,4,1625,0,0,1,0,3,1,0,2,0,1,1,0,0,0,1,1,0,1,1,0,0,0,0,0,0,7,1,1,0,1,1,1,1,1,1,1,0,0,0,0,1,0,70,150,25,25,25,25,25,320,4008,4008,1,0,1,0,0,1,0,1,0,1,0,0,0,0,0,0,0,0,0,0,0,0,0,1,1,0,0,0,0,1
259,2,current,1,0,1,-999,-999,-999,-999,-999,-999,-999,-999,-999,-999,-999,-999,-999,-999,-999,-999,-999,-999,-999,-999,-999,-999,-999,-999,320,0,35,0,1,0,0,0,0,0,1,0,0,0,1,0,0,0,0,0,1,0,0,0,2,1,2,1,1,4,1625,0,0,1,0,3,1,0,2,0,1,1,0,0,0,1,1,0,1,1,0,0,0,0,0,0,7,1,1,0,1,1,1,1,1,1,1,0,0,0,0,1,0,70,150,25,25,25,25,25,320,4008,4008,1,0,1,0,0,1,0,1,0,1,0,0,0,0,0,0,0,0,0,0,0,0,0,1,1,0,0,0,0,2
260,2,maas,2,0,0,1,0,0,0,0,0,0,0,0,0,0,0,0,0,0,0,0,0,0,0,0,0,0,1,20,0,60,0,0,0,1,0,0,0,0,0,1,0,0,1,0,0,0,0,1,0,0,0,2,1,1,1,1,3,3250,0,0,0,1,2,0,0,2,0,1,0,0,0,0,1,0,1,0,1,0,0,0,0,0,0,7,1,1,0,0,0,1,1,1,0,0,1,1,0,0,1,0,0,150,25,0,0,0,75,175,4214,4214,0,0,0,0,0,0,1,0,1,0,0,0,0,0,0,0,0,0,0,0,0,0,5,0,0,0,0,0,0,1
260,2,current,1,1,0,-999,-999,-999,-999,-999,-999,-999,-999,-999,-999,-999,-999,-999,-999,-999,-999,-999,-999,-999,-999,-999,-999,-999,-999,175,0,60,0,0,0,1,0,0,0,0,0,1,0,0,1,0,0,0,0,1,0,0,0,2,1,1,1,1,3,3250,0,0,0,1,2,0,0,2,0,1,0,0,0,0,1,0,1,0,1,0,0,0,0,0,0,7,1,1,0,0,0,1,1,1,0,0,1,1,0,0,1,0,0,150,25,0,0,0,75,175,4214,4214,0,0,0,0,0,0,1,0,1,0,0,0,0,0,0,0,0,0,0,0,0,0,5,0,0,0,0,0,0,2
261,2,maas,2,1,1,0,0,0,0,0,0,0,0,0,0,0,0,0,0,0,0,0,0,0,0,0,0,1,0,10,1,42,0,0,1,0,0,0,0,1,0,0,0,0,0,1,0,0,0,1,0,0,0,2,1,1,1,1,3,1375,0,0,1,0,5,3,0,2,0,0,0,0,0,1,0,0,1,0,0,1,0,0,0,0,0,7,1,1,0,1,0,1,1,1,1,0,1,0,0,0,1,0,0,50,25,25,0,0,225,100,4305,4305,0,0,1,0,0,0,0,1,1,0,0,0,0,0,0,0,0,0,0,0,0,0,0,0,0,0,0,0,0,1
261,2,current,1,0,1,-999,-999,-999,-999,-999,-999,-999,-999,-999,-999,-999,-999,-999,-999,-999,-999,-999,-999,-999,-999,-999,-999,-999,-999,100,1,42,0,0,1,0,0,0,0,1,0,0,0,0,0,1,0,0,0,1,0,0,0,2,1,1,1,1,3,1375,0,0,1,0,5,3,0,2,0,0,0,0,0,1,0,0,1,0,0,1,0,0,0,0,0,7,1,1,0,1,0,1,1,1,1,0,1,0,0,0,1,0,0,50,25,25,0,0,225,100,4305,4305,0,0,1,0,0,0,0,1,1,0,0,0,0,0,0,0,0,0,0,0,0,0,0,0,0,0,0,0,0,2
262,2,maas,2,0,0,1,0,0,0,0,0,0,0,0,0,0,0,0,0,30,0,1,0,0,0,0,0,0,0,50,0,26,0,1,0,0,0,0,1,0,0,0,0,0,0,1,1,1,0,1,0,0,0,2,1,2,3,4,9,725,0,1,0,0,3,1,0,2,0,0,0,0,0,1,0,1,0,0,0,0,1,0,0,0,0,0,0,1,0,1,1,1,1,1,0,0,0,0,0,1,0,1,5,50,25,75,25,75,125,255,4500,4500,1,0,0,0,0,0,0,0,1,0,0,0,0,0,0,0,0,0,0,0,0,0,2,0,0,0,0,0,1,1
262,2,current,1,1,0,-999,-999,-999,-999,-999,-999,-999,-999,-999,-999,-999,-999,-999,-999,-999,-999,-999,-999,-999,-999,-999,-999,-999,-999,255,0,26,0,1,0,0,0,0,1,0,0,0,0,0,0,1,1,1,0,1,0,0,0,2,1,2,3,4,9,725,0,1,0,0,3,1,0,2,0,0,0,0,0,1,0,1,0,0,0,0,1,0,0,0,0,0,0,1,0,1,1,1,1,1,0,0,0,0,0,1,0,1,5,50,25,75,25,75,125,255,4500,4500,1,0,0,0,0,0,0,0,1,0,0,0,0,0,0,0,0,0,0,0,0,0,2,0,0,0,0,0,1,2
263,2,maas,2,1,1,1,1,80,1,0,0,0,30,0,1,0,0,0,30,0,1,0,0,0,1,0,1,1,1,260,1,52,0,0,1,0,0,0,0,0,1,0,0,1,0,0,1,1,0,1,0,0,0,2,1,2,1,1,4,2750,0,0,1,0,4,1,1,2,0,1,1,0,0,0,1,1,0,1,1,0,0,0,0,0,0,7,1,1,0,1,1,1,1,1,0,1,0,0,0,1,0,1,5,150,25,75,25,25,25,305,4218,4000,1,1,1,0,0,1,0,1,0,0,0,0,0,0,0,0,0,0,0,0,0,1,0,0,0,0,0,0,0,1
263,2,current,1,0,1,-999,-999,-999,-999,-999,-999,-999,-999,-999,-999,-999,-999,-999,-999,-999,-999,-999,-999,-999,-999,-999,-999,-999,-999,305,1,52,0,0,1,0,0,0,0,0,1,0,0,1,0,0,1,1,0,1,0,0,0,2,1,2,1,1,4,2750,0,0,1,0,4,1,1,2,0,1,1,0,0,0,1,1,0,1,1,0,0,0,0,0,0,7,1,1,0,1,1,1,1,1,0,1,0,0,0,1,0,1,5,150,25,75,25,25,25,305,4218,4000,1,1,1,0,0,1,0,1,0,0,0,0,0,0,0,0,0,0,0,0,0,1,0,0,0,0,0,0,0,2
264,2,maas,2,1,1,1,0,0,0,0,0,0,0,0,0,0,0,0,0,0,0,0,0,0,0,0,0,1,1,30,0,50,0,0,1,0,0,0,0,0,1,0,0,0,1,0,0,0,0,1,0,0,0,3,2,1,1,1,3,1625,0,0,1,0,2,0,0,2,0,1,0,0,0,0,0,0,1,1,0,1,0,0,0,0,0,7,1,1,0,1,0,1,1,0,0,1,0,0,0,0,1,0,5,50,0,25,0,0,125,80,4506,4506,1,0,1,0,0,1,0,1,0,0,0,0,0,0,0,0,0,0,1,0,0,0,0,0,0,0,0,0,0,1
264,2,current,1,0,1,-999,-999,-999,-999,-999,-999,-999,-999,-999,-999,-999,-999,-999,-999,-999,-999,-999,-999,-999,-999,-999,-999,-999,-999,80,0,50,0,0,1,0,0,0,0,0,1,0,0,0,1,0,0,0,0,1,0,0,0,3,2,1,1,1,3,1625,0,0,1,0,2,0,0,2,0,1,0,0,0,0,0,0,1,1,0,1,0,0,0,0,0,7,1,1,0,1,0,1,1,0,0,1,0,0,0,0,1,0,5,50,0,25,0,0,125,80,4506,4506,1,0,1,0,0,1,0,1,0,0,0,0,0,0,0,0,0,0,1,0,0,0,0,0,0,0,0,0,0,2
265,2,maas,2,1,1,1,0,0,0,0,0,0,0,0,0,0,0,0,0,0,0,0,0,0,0,0,0,0,0,20,0,46,0,0,1,0,0,0,0,0,1,0,0,1,0,0,0,0,0,1,0,0,0,2,1,1,1,1,3,5500,0,0,0,1,5,2,0,3,0,0,0,1,0,0,0,0,1,1,1,0,0,0,0,0,0,7,1,1,0,1,1,1,1,1,1,1,0,0,0,0,1,0,0,150,125,0,0,0,125,275,4077,4005,1,1,1,0,0,1,0,1,1,0,0,0,0,0,0,0,0,0,0,0,0,0,0,0,0,0,0,0,0,1
265,2,current,1,0,1,-999,-999,-999,-999,-999,-999,-999,-999,-999,-999,-999,-999,-999,-999,-999,-999,-999,-999,-999,-999,-999,-999,-999,-999,275,0,46,0,0,1,0,0,0,0,0,1,0,0,1,0,0,0,0,0,1,0,0,0,2,1,1,1,1,3,5500,0,0,0,1,5,2,0,3,0,0,0,1,0,0,0,0,1,1,1,0,0,0,0,0,0,7,1,1,0,1,1,1,1,1,1,1,0,0,0,0,1,0,0,150,125,0,0,0,125,275,4077,4005,1,1,1,0,0,1,0,1,1,0,0,0,0,0,0,0,0,0,0,0,0,0,0,0,0,0,0,0,0,2
266,2,maas,2,0,0,1,0,0,0,0,0,0,0,0,0,0,0,0,0,0,0,0,0,0,0,0,0,0,1,20,0,68,0,0,0,1,0,0,0,0,0,0,1,0,1,0,0,0,0,1,0,0,0,2,1,1,1,1,3,850,0,1,0,0,2,0,0,2,0,1,0,0,0,0,0,0,1,0,0,0,0,0,0,1,0,0,0,1,0,1,0,0,1,1,1,0,1,0,0,1,1,0,15,150,0,0,0,0,75,165,4120,4000,1,0,1,0,0,0,0,0,1,0,0,0,0,0,0,0,1,0,0,0,0,0,0,0,0,0,0,0,0,1
266,2,current,1,1,0,-999,-999,-999,-999,-999,-999,-999,-999,-999,-999,-999,-999,-999,-999,-999,-999,-999,-999,-999,-999,-999,-999,-999,-999,165,0,68,0,0,0,1,0,0,0,0,0,0,1,0,1,0,0,0,0,1,0,0,0,2,1,1,1,1,3,850,0,1,0,0,2,0,0,2,0,1,0,0,0,0,0,0,1,0,0,0,0,0,0,1,0,0,0,1,0,1,0,0,1,1,1,0,1,0,0,1,1,0,15,150,0,0,0,0,75,165,4120,4000,1,0,1,0,0,0,0,0,1,0,0,0,0,0,0,0,1,0,0,0,0,0,0,0,0,0,0,0,0,2
267,2,maas,2,1,1,1,5,80,1,0,0,0,0,0,0,0,0,0,0,0,0,0,0,0,0,1,0,1,1,300,0,33,0,1,0,0,0,0,1,0,0,0,0,0,1,0,1,1,0,1,0,0,0,3,1,1,1,1,3,1125,0,1,0,0,5,3,0,2,0,1,1,0,0,0,0,0,1,0,0,0,0,0,0,0,1,0,0,1,0,1,1,1,1,1,1,0,0,0,0,0,1,0,50,50,75,0,25,0,75,200,4502,4502,1,1,1,0,0,0,0,1,0,0,0,0,0,0,0,0,0,0,1,0,0,0,0,0,0,0,0,0,1,1
267,2,current,1,0,1,-999,-999,-999,-999,-999,-999,-999,-999,-999,-999,-999,-999,-999,-999,-999,-999,-999,-999,-999,-999,-999,-999,-999,-999,200,0,33,0,1,0,0,0,0,1,0,0,0,0,0,1,0,1,1,0,1,0,0,0,3,1,1,1,1,3,1125,0,1,0,0,5,3,0,2,0,1,1,0,0,0,0,0,1,0,0,0,0,0,0,0,1,0,0,1,0,1,1,1,1,1,1,0,0,0,0,0,1,0,50,50,75,0,25,0,75,200,4502,4502,1,1,1,0,0,0,0,1,0,0,0,0,0,0,0,0,0,0,1,0,0,0,0,0,0,0,0,0,1,2
268,2,maas,2,1,1,1,0,0,0,0,0,0,0,0,0,0,0,0,0,0,0,0,0,0,0,1,0,1,0,30,0,38,0,1,0,0,0,0,0,1,0,0,0,1,0,0,1,0,0,1,0,0,0,3,1,2,1,1,4,4250,0,0,0,1,2,2,0,0,0,1,1,0,0,0,0,0,1,1,0,1,0,0,0,0,0,7,1,1,0,1,0,1,1,1,0,1,0,0,0,0,1,0,5,50,0,25,25,0,25,105,4105,4105,1,1,0,0,0,0,0,0,1,0,1,0,0,0,0,0,1,0,0,0,0,0,0,0,0,0,0,0,0,1
268,2,current,1,0,1,-999,-999,-999,-999,-999,-999,-999,-999,-999,-999,-999,-999,-999,-999,-999,-999,-999,-999,-999,-999,-999,-999,-999,-999,105,0,38,0,1,0,0,0,0,0,1,0,0,0,1,0,0,1,0,0,1,0,0,0,3,1,2,1,1,4,4250,0,0,0,1,2,2,0,0,0,1,1,0,0,0,0,0,1,1,0,1,0,0,0,0,0,7,1,1,0,1,0,1,1,1,0,1,0,0,0,0,1,0,5,50,0,25,25,0,25,105,4105,4105,1,1,0,0,0,0,0,0,1,0,1,0,0,0,0,0,1,0,0,0,0,0,0,0,0,0,0,0,0,2
269,2,maas,2,1,1,1,0,0,0,0,0,0,0,0,0,0,0,0,0,0,0,0,0,0,0,1,0,1,1,30,1,52,0,0,1,0,0,0,0,0,1,0,0,0,0,1,0,0,0,1,0,0,0,3,1,1,1,1,3,1875,0,0,1,0,2,0,0,2,0,1,0,0,0,0,0,0,1,1,0,0,0,0,0,1,0,0,0,1,0,1,1,1,1,0,0,0,0,0,0,0,1,0,5,50,0,25,0,0,25,80,4218,4215,1,1,1,0,0,0,0,1,1,0,0,0,0,0,0,0,0,0,0,0,0,0,0,0,0,0,0,0,0,1
269,2,current,1,0,1,-999,-999,-999,-999,-999,-999,-999,-999,-999,-999,-999,-999,-999,-999,-999,-999,-999,-999,-999,-999,-999,-999,-999,-999,80,1,52,0,0,1,0,0,0,0,0,1,0,0,0,0,1,0,0,0,1,0,0,0,3,1,1,1,1,3,1875,0,0,1,0,2,0,0,2,0,1,0,0,0,0,0,0,1,1,0,0,0,0,0,1,0,0,0,1,0,1,1,1,1,0,0,0,0,0,0,0,1,0,5,50,0,25,0,0,25,80,4218,4215,1,1,1,0,0,0,0,1,1,0,0,0,0,0,0,0,0,0,0,0,0,0,0,0,0,0,0,0,0,2
270,2,maas,2,1,1,0,0,80,1,0,0,0,0,0,0,0,0,0,0,0,0,0,0,0,0,0,0,0,0,70,1,41,0,1,0,0,0,0,0,1,0,0,0,0,0,1,0,0,0,1,0,0,0,2,1,1,1,1,3,850,0,1,0,0,6,1,0,5,0,0,0,1,0,0,0,1,0,1,0,0,0,0,0,0,1,0,0,1,0,1,1,1,1,0,0,0,0,0,0,1,0,1,5,50,25,25,25,25,25,155,4132,4132,1,0,0,0,0,0,0,0,1,0,0,0,0,0,0,0,0,0,0,0,0,0,0,0,0,0,0,0,0,1
270,2,current,1,0,1,-999,-999,-999,-999,-999,-999,-999,-999,-999,-999,-999,-999,-999,-999,-999,-999,-999,-999,-999,-999,-999,-999,-999,-999,155,1,41,0,1,0,0,0,0,0,1,0,0,0,0,0,1,0,0,0,1,0,0,0,2,1,1,1,1,3,850,0,1,0,0,6,1,0,5,0,0,0,1,0,0,0,1,0,1,0,0,0,0,0,0,1,0,0,1,0,1,1,1,1,0,0,0,0,0,0,1,0,1,5,50,25,25,25,25,25,155,4132,4132,1,0,0,0,0,0,0,0,1,0,0,0,0,0,0,0,0,0,0,0,0,0,0,0,0,0,0,0,0,2
271,2,maas,2,0,0,0,0,0,0,0,0,0,0,0,0,0,0,0,0,0,0,0,0,0,0,1,0,0,0,0,1,59,0,0,0,1,0,0,0,0,0,1,0,0,0,1,0,0,0,1,0,0,0,4,1,1,1,1,3,2250,0,0,1,0,4,0,0,4,0,1,1,0,0,0,0,0,1,0,0,1,0,0,0,0,0,7,1,1,0,1,0,1,0,1,1,1,0,0,0,0,1,0,0,50,0,25,0,0,75,75,4505,4506,0,0,1,0,0,0,0,0,0,1,0,0,0,0,0,0,1,0,0,0,0,0,10,0,0,0,0,0,0,1
271,2,current,1,1,0,-999,-999,-999,-999,-999,-999,-999,-999,-999,-999,-999,-999,-999,-999,-999,-999,-999,-999,-999,-999,-999,-999,-999,-999,75,1,59,0,0,0,1,0,0,0,0,0,1,0,0,0,1,0,0,0,1,0,0,0,4,1,1,1,1,3,2250,0,0,1,0,4,0,0,4,0,1,1,0,0,0,0,0,1,0,0,1,0,0,0,0,0,7,1,1,0,1,0,1,0,1,1,1,0,0,0,0,1,0,0,50,0,25,0,0,75,75,4505,4506,0,0,1,0,0,0,0,0,0,1,0,0,0,0,0,0,1,0,0,0,0,0,10,0,0,0,0,0,0,2
272,2,maas,2,0,0,0,0,0,0,0,0,0,30,0,1,0,0,0,0,0,0,0,0,0,0,0,0,0,0,40,0,22,1,0,0,0,0,1,0,0,0,0,0,1,0,0,0,0,0,1,0,0,0,3,1,1,1,1,3,3250,0,0,0,1,3,0,0,3,0,0,0,1,0,0,0,0,1,1,1,0,0,0,0,0,0,7,1,1,0,1,0,1,1,1,0,1,0,0,0,0,1,0,5,150,175,0,0,0,125,330,4500,4032,1,0,1,0,0,0,0,0,1,0,0,0,0,0,0,0,0,0,0,0,0,0,100,0,0,0,0,0,0,1
272,2,current,1,1,0,-999,-999,-999,-999,-999,-999,-999,-999,-999,-999,-999,-999,-999,-999,-999,-999,-999,-999,-999,-999,-999,-999,-999,-999,330,0,22,1,0,0,0,0,1,0,0,0,0,0,1,0,0,0,0,0,1,0,0,0,3,1,1,1,1,3,3250,0,0,0,1,3,0,0,3,0,0,0,1,0,0,0,0,1,1,1,0,0,0,0,0,0,7,1,1,0,1,0,1,1,1,0,1,0,0,0,0,1,0,5,150,175,0,0,0,125,330,4500,4032,1,0,1,0,0,0,0,0,1,0,0,0,0,0,0,0,0,0,0,0,0,0,100,0,0,0,0,0,0,2
273,2,maas,2,1,1,0,0,200,0,1,0,0,0,0,0,0,0,0,30,0,1,0,0,0,0,0,0,0,0,180,1,25,1,0,0,0,0,0,1,0,0,0,0,1,0,0,1,1,0,1,0,0,0,1,4,2,5,5,12,1875,0,0,1,0,5,0,0,5,0,1,0,0,0,0,1,1,0,1,1,1,0,0,0,0,0,7,1,1,0,1,1,1,1,1,0,1,0,1,1,1,1,1,15,250,0,175,125,175,75,740,4556,5555,1,1,1,0,1,0,0,1,0,1,0,0,0,0,0,0,0,0,0,0,0,0,0,1,1,0,1,0,0,1
273,2,current,1,0,1,-999,-999,-999,-999,-999,-999,-999,-999,-999,-999,-999,-999,-999,-999,-999,-999,-999,-999,-999,-999,-999,-999,-999,-999,740,1,25,1,0,0,0,0,0,1,0,0,0,0,1,0,0,1,1,0,1,0,0,0,1,4,2,5,5,12,1875,0,0,1,0,5,0,0,5,0,1,0,0,0,0,1,1,0,1,1,1,0,0,0,0,0,7,1,1,0,1,1,1,1,1,0,1,0,1,1,1,1,1,15,250,0,175,125,175,75,740,4556,5555,1,1,1,0,1,0,0,1,0,1,0,0,0,0,0,0,0,0,0,0,0,0,0,1,1,0,1,0,0,2
274,2,maas,2,1,1,1,1,80,1,0,0,0,30,0,1,0,0,0,30,0,1,0,0,0,1,1,0,1,1,250,0,19,1,0,0,0,0,1,0,0,0,0,0,0,0,1,1,1,0,1,0,0,0,4,1,1,1,1,3,3250,0,0,0,1,5,0,2,3,0,0,0,1,1,0,0,1,0,1,0,1,0,0,0,0,0,7,1,1,0,1,1,1,1,1,0,0,0,0,0,1,1,1,5,350,25,25,0,0,75,405,4165,4165,1,0,1,0,0,0,0,0,0,1,1,0,0,0,0,0,1,0,0,0,0,0,0,0,0,0,0,0,0,1
274,2,current,1,0,1,-999,-999,-999,-999,-999,-999,-999,-999,-999,-999,-999,-999,-999,-999,-999,-999,-999,-999,-999,-999,-999,-999,-999,-999,405,0,19,1,0,0,0,0,1,0,0,0,0,0,0,0,1,1,1,0,1,0,0,0,4,1,1,1,1,3,3250,0,0,0,1,5,0,2,3,0,0,0,1,1,0,0,1,0,1,0,1,0,0,0,0,0,7,1,1,0,1,1,1,1,1,0,0,0,0,0,1,1,1,5,350,25,25,0,0,75,405,4165,4165,1,0,1,0,0,0,0,0,0,1,1,0,0,0,0,0,1,0,0,0,0,0,0,0,0,0,0,0,0,2
275,2,maas,2,1,1,0,1,0,0,0,0,0,0,0,0,0,0,0,0,0,0,0,0,0,0,0,0,1,0,50,0,40,0,1,0,0,0,0,0,1,0,0,0,1,0,0,0,0,0,1,0,0,0,3,1,1,1,1,3,3250,0,0,0,1,3,1,0,2,0,1,1,0,0,0,0,0,1,1,1,0,0,0,0,0,0,7,1,1,0,1,0,1,1,1,0,0,1,0,0,0,1,0,0,150,25,75,25,0,25,275,4077,4123,0,1,0,0,0,1,0,1,0,0,0,0,0,0,0,0,1,0,0,0,0,0,0,0,0,0,0,0,0,1
275,2,current,1,0,1,-999,-999,-999,-999,-999,-999,-999,-999,-999,-999,-999,-999,-999,-999,-999,-999,-999,-999,-999,-999,-999,-999,-999,-999,275,0,40,0,1,0,0,0,0,0,1,0,0,0,1,0,0,0,0,0,1,0,0,0,3,1,1,1,1,3,3250,0,0,0,1,3,1,0,2,0,1,1,0,0,0,0,0,1,1,1,0,0,0,0,0,0,7,1,1,0,1,0,1,1,1,0,0,1,0,0,0,1,0,0,150,25,75,25,0,25,275,4077,4123,0,1,0,0,0,1,0,1,0,0,0,0,0,0,0,0,1,0,0,0,0,0,0,0,0,0,0,0,0,2
276,2,maas,2,1,1,0,0,0,0,0,0,0,0,0,0,0,0,0,0,0,0,0,0,0,0,0,0,0,1,0,1,34,0,1,0,0,0,0,1,0,0,0,0,0,1,0,1,1,0,0,0,0,1,1,1,1,1,1,3,450,1,0,0,0,3,0,0,3,0,0,0,0,1,0,1,0,1,1,0,1,0,0,0,0,0,7,1,1,0,1,1,1,1,1,0,0,1,0,0,1,0,1,5,0,0,0,0,0,0,5,4300,4300,1,0,1,0,0,0,0,1,1,0,0,0,0,0,0,0,0,0,0,0,0,0,0,0,0,0,0,0,0,1
276,2,current,1,0,1,-999,-999,-999,-999,-999,-999,-999,-999,-999,-999,-999,-999,-999,-999,-999,-999,-999,-999,-999,-999,-999,-999,-999,-999,5,1,34,0,1,0,0,0,0,1,0,0,0,0,0,1,0,1,1,0,0,0,0,1,1,1,1,1,1,3,450,1,0,0,0,3,0,0,3,0,0,0,0,1,0,1,0,1,1,0,1,0,0,0,0,0,7,1,1,0,1,1,1,1,1,0,0,1,0,0,1,0,1,5,0,0,0,0,0,0,5,4300,4300,1,0,1,0,0,0,0,1,1,0,0,0,0,0,0,0,0,0,0,0,0,0,0,0,0,0,0,0,0,2
277,2,maas,2,1,1,1,0,0,0,0,0,0,0,0,0,0,0,0,0,0,0,0,0,0,0,1,0,1,1,30,0,37,0,1,0,0,0,0,0,1,0,0,0,0,1,0,0,0,0,1,0,0,0,3,1,1,1,1,3,3750,0,0,0,1,4,2,0,2,0,1,1,0,0,0,0,0,1,0,0,1,0,0,0,0,0,7,1,1,0,1,1,1,1,0,0,1,0,1,0,1,1,0,15,150,0,0,25,0,75,190,4034,4009,1,1,1,0,0,0,0,1,0,0,0,0,1,0,1,0,0,0,0,0,0,0,0,0,0,0,0,0,0,1
277,2,current,1,0,1,-999,-999,-999,-999,-999,-999,-999,-999,-999,-999,-999,-999,-999,-999,-999,-999,-999,-999,-999,-999,-999,-999,-999,-999,190,0,37,0,1,0,0,0,0,0,1,0,0,0,0,1,0,0,0,0,1,0,0,0,3,1,1,1,1,3,3750,0,0,0,1,4,2,0,2,0,1,1,0,0,0,0,0,1,0,0,1,0,0,0,0,0,7,1,1,0,1,1,1,1,0,0,1,0,1,0,1,1,0,15,150,0,0,25,0,75,190,4034,4009,1,1,1,0,0,0,0,1,0,0,0,0,1,0,1,0,0,0,0,0,0,0,0,0,0,0,0,0,0,2
278,2,maas,2,1,1,0,5,0,0,0,0,0,0,0,0,0,0,0,0,0,0,0,0,0,0,0,0,0,0,200,0,23,1,0,0,0,0,1,0,0,0,0,0,1,0,0,1,1,0,1,0,0,0,2,2,2,2,1,5,2750,0,0,1,0,3,0,0,3,0,0,0,1,0,0,0,0,1,0,1,0,0,0,0,0,0,7,1,1,0,1,1,1,1,1,0,1,0,0,0,0,1,0,50,150,75,75,75,0,125,425,4558,4556,0,0,0,0,1,0,0,1,1,0,0,0,0,0,0,0,0,0,0,0,0,0,0,0,0,0,0,0,0,1
278,2,current,1,0,1,-999,-999,-999,-999,-999,-999,-999,-999,-999,-999,-999,-999,-999,-999,-999,-999,-999,-999,-999,-999,-999,-999,-999,-999,425,0,23,1,0,0,0,0,1,0,0,0,0,0,1,0,0,1,1,0,1,0,0,0,2,2,2,2,1,5,2750,0,0,1,0,3,0,0,3,0,0,0,1,0,0,0,0,1,0,1,0,0,0,0,0,0,7,1,1,0,1,1,1,1,1,0,1,0,0,0,0,1,0,50,150,75,75,75,0,125,425,4558,4556,0,0,0,0,1,0,0,1,1,0,0,0,0,0,0,0,0,0,0,0,0,0,0,0,0,0,0,0,0,2
279,2,maas,2,1,1,1,0,0,0,0,0,0,0,0,0,0,0,0,0,0,0,0,0,0,0,0,0,0,0,20,0,35,0,1,0,0,0,0,0,1,0,0,0,1,0,0,0,0,0,1,0,0,0,2,1,1,1,1,3,575,0,1,0,0,2,1,0,1,0,1,1,0,0,0,0,1,0,1,0,0,0,0,0,0,1,0,0,1,0,1,1,1,1,1,0,0,0,0,0,0,1,0,5,50,0,0,0,0,125,55,4113,4113,1,0,1,0,0,0,0,1,1,0,0,0,0,0,0,0,0,0,0,0,0,0,0,0,0,0,0,0,0,1
279,2,current,1,0,1,-999,-999,-999,-999,-999,-999,-999,-999,-999,-999,-999,-999,-999,-999,-999,-999,-999,-999,-999,-999,-999,-999,-999,-999,55,0,35,0,1,0,0,0,0,0,1,0,0,0,1,0,0,0,0,0,1,0,0,0,2,1,1,1,1,3,575,0,1,0,0,2,1,0,1,0,1,1,0,0,0,0,1,0,1,0,0,0,0,0,0,1,0,0,1,0,1,1,1,1,1,0,0,0,0,0,0,1,0,5,50,0,0,0,0,125,55,4113,4113,1,0,1,0,0,0,0,1,1,0,0,0,0,0,0,0,0,0,0,0,0,0,0,0,0,0,0,0,0,2
280,2,maas,2,0,0,0,0,0,0,0,0,0,0,0,0,0,0,0,0,0,0,0,0,0,0,1,0,1,1,10,0,66,0,0,0,1,0,0,0,0,0,0,1,0,1,0,0,0,0,1,0,0,0,2,1,1,1,1,3,575,0,1,0,0,1,0,0,1,1,0,0,0,0,0,0,0,1,0,0,0,0,0,0,1,0,0,0,1,0,1,0,1,1,1,0,0,1,0,0,0,1,1,0,50,0,0,0,0,75,50,4132,4118,1,0,1,0,0,0,0,0,0,0,0,0,0,0,0,0,0,0,1,0,0,0,50,0,0,0,0,0,0,1
280,2,current,1,1,0,-999,-999,-999,-999,-999,-999,-999,-999,-999,-999,-999,-999,-999,-999,-999,-999,-999,-999,-999,-999,-999,-999,-999,-999,50,0,66,0,0,0,1,0,0,0,0,0,0,1,0,1,0,0,0,0,1,0,0,0,2,1,1,1,1,3,575,0,1,0,0,1,0,0,1,1,0,0,0,0,0,0,0,1,0,0,0,0,0,0,1,0,0,0,1,0,1,0,1,1,1,0,0,1,0,0,0,1,1,0,50,0,0,0,0,75,50,4132,4118,1,0,1,0,0,0,0,0,0,0,0,0,0,0,0,0,0,0,1,0,0,0,50,0,0,0,0,0,0,2
281,2,maas,2,0,0,0,0,0,0,0,0,0,0,0,0,0,0,0,0,0,0,0,0,0,0,1,0,0,0,0,1,59,0,0,0,1,0,0,0,0,0,1,0,0,1,0,0,0,0,1,0,0,0,3,1,2,1,1,4,2750,0,0,1,0,2,0,0,2,0,1,0,0,0,0,0,0,1,0,1,0,0,0,0,0,0,7,1,1,0,1,0,1,1,1,0,1,0,1,0,0,1,1,0,50,0,0,0,0,75,50,4506,4506,0,0,0,0,0,0,1,0,0,0,0,0,0,0,0,0,0,0,1,0,0,0,50,0,0,0,0,0,0,1
281,2,current,1,1,0,-999,-999,-999,-999,-999,-999,-999,-999,-999,-999,-999,-999,-999,-999,-999,-999,-999,-999,-999,-999,-999,-999,-999,-999,50,1,59,0,0,0,1,0,0,0,0,0,1,0,0,1,0,0,0,0,1,0,0,0,3,1,2,1,1,4,2750,0,0,1,0,2,0,0,2,0,1,0,0,0,0,0,0,1,0,1,0,0,0,0,0,0,7,1,1,0,1,0,1,1,1,0,1,0,1,0,0,1,1,0,50,0,0,0,0,75,50,4506,4506,0,0,0,0,0,0,1,0,0,0,0,0,0,0,0,0,0,0,1,0,0,0,50,0,0,0,0,0,0,2
282,2,maas,2,0,0,1,0,400,0,0,0,1,30,0,1,0,0,0,30,0,1,0,0,0,1,1,0,1,1,420,0,33,0,1,0,0,0,0,1,0,0,0,0,1,0,0,0,0,0,1,0,0,0,2,1,1,1,1,3,1875,0,0,1,0,1,0,0,1,1,0,0,0,0,0,0,1,0,0,1,0,0,0,0,0,0,7,1,1,0,1,0,1,1,1,1,0,0,0,0,0,1,0,0,50,0,0,0,0,125,50,4122,4163,0,1,1,0,0,0,0,0,1,0,0,0,0,0,0,0,0,0,0,0,0,0,230,0,0,0,0,0,0,1
282,2,current,1,1,0,-999,-999,-999,-999,-999,-999,-999,-999,-999,-999,-999,-999,-999,-999,-999,-999,-999,-999,-999,-999,-999,-999,-999,-999,50,0,33,0,1,0,0,0,0,1,0,0,0,0,1,0,0,0,0,0,1,0,0,0,2,1,1,1,1,3,1875,0,0,1,0,1,0,0,1,1,0,0,0,0,0,0,1,0,0,1,0,0,0,0,0,0,7,1,1,0,1,0,1,1,1,1,0,0,0,0,0,1,0,0,50,0,0,0,0,125,50,4122,4163,0,1,1,0,0,0,0,0,1,0,0,0,0,0,0,0,0,0,0,0,0,0,230,0,0,0,0,0,0,2
283,2,maas,2,0,0,1,0,0,0,0,0,0,0,0,0,0,0,0,0,0,0,0,0,0,0,1,0,0,0,20,1,53,0,0,1,0,0,0,0,0,1,0,0,1,0,0,0,0,0,1,0,0,0,3,1,1,1,1,3,450,1,0,0,0,2,0,0,2,0,0,0,0,0,1,0,0,1,0,0,1,0,0,0,0,0,7,1,1,0,1,0,1,1,1,1,0,1,0,0,0,1,0,5,150,25,25,0,0,175,205,4342,4305,1,0,1,0,0,1,0,0,1,0,0,0,0,0,0,1,1,0,0,0,0,0,0,0,0,0,0,0,0,1
283,2,current,1,1,0,-999,-999,-999,-999,-999,-999,-999,-999,-999,-999,-999,-999,-999,-999,-999,-999,-999,-999,-999,-999,-999,-999,-999,-999,205,1,53,0,0,1,0,0,0,0,0,1,0,0,1,0,0,0,0,0,1,0,0,0,3,1,1,1,1,3,450,1,0,0,0,2,0,0,2,0,0,0,0,0,1,0,0,1,0,0,1,0,0,0,0,0,7,1,1,0,1,0,1,1,1,1,0,1,0,0,0,1,0,5,150,25,25,0,0,175,205,4342,4305,1,0,1,0,0,1,0,0,1,0,0,0,0,0,0,1,1,0,0,0,0,0,0,0,0,0,0,0,0,2
284,2,maas,2,1,1,0,1,0,0,0,0,0,0,0,0,0,0,0,0,0,0,0,0,0,0,0,0,0,0,40,0,33,0,1,0,0,0,0,1,0,0,0,0,0,1,0,0,0,0,1,0,0,0,2,1,1,1,1,3,3250,0,0,0,1,4,2,0,2,0,1,1,0,0,0,0,1,0,1,1,0,0,0,0,0,0,7,1,1,0,1,1,1,1,1,1,0,0,0,0,0,1,0,30,50,75,25,25,75,75,280,4105,4105,1,1,1,0,0,1,0,1,0,1,0,0,0,0,0,0,0,0,0,0,0,0,0,1,1,0,0,0,0,1
284,2,current,1,0,1,-999,-999,-999,-999,-999,-999,-999,-999,-999,-999,-999,-999,-999,-999,-999,-999,-999,-999,-999,-999,-999,-999,-999,-999,280,0,33,0,1,0,0,0,0,1,0,0,0,0,0,1,0,0,0,0,1,0,0,0,2,1,1,1,1,3,3250,0,0,0,1,4,2,0,2,0,1,1,0,0,0,0,1,0,1,1,0,0,0,0,0,0,7,1,1,0,1,1,1,1,1,1,0,0,0,0,0,1,0,30,50,75,25,25,75,75,280,4105,4105,1,1,1,0,0,1,0,1,0,1,0,0,0,0,0,0,0,0,0,0,0,0,0,1,1,0,0,0,0,2
285,2,maas,2,1,1,0,0,80,1,0,0,0,0,0,0,0,0,0,0,0,0,0,0,0,0,0,0,0,0,70,1,26,0,1,0,0,0,0,1,0,0,0,0,0,0,1,0,0,0,1,0,0,0,2,1,2,1,2,5,1625,0,0,1,0,3,0,0,3,0,1,0,0,0,0,0,1,0,0,1,0,0,0,0,0,0,7,1,1,0,1,1,1,1,0,0,0,1,0,0,0,1,0,50,350,75,75,75,75,75,700,4510,4500,0,0,0,0,0,1,0,1,1,0,0,0,0,0,0,0,0,0,0,0,0,0,0,0,0,0,0,0,0,1
285,2,current,1,0,1,-999,-999,-999,-999,-999,-999,-999,-999,-999,-999,-999,-999,-999,-999,-999,-999,-999,-999,-999,-999,-999,-999,-999,-999,700,1,26,0,1,0,0,0,0,1,0,0,0,0,0,0,1,0,0,0,1,0,0,0,2,1,2,1,2,5,1625,0,0,1,0,3,0,0,3,0,1,0,0,0,0,0,1,0,0,1,0,0,0,0,0,0,7,1,1,0,1,1,1,1,0,0,0,1,0,0,0,1,0,50,350,75,75,75,75,75,700,4510,4500,0,0,0,0,0,1,0,1,1,0,0,0,0,0,0,0,0,0,0,0,0,0,0,0,0,0,0,0,0,2
286,2,maas,2,1,1,0,0,0,0,0,0,0,60,0,0,0,1,0,0,0,0,0,0,0,0,0,0,1,0,70,1,25,1,0,0,0,0,0,1,0,0,0,0,0,0,1,1,1,0,1,0,0,0,3,3,3,3,3,9,4250,0,0,0,1,2,0,0,2,0,1,0,0,0,0,1,1,0,1,1,0,1,0,0,1,0,7,1,1,0,1,1,1,1,1,0,0,0,1,1,1,0,1,50,350,175,175,175,175,175,1100,4304,4304,0,0,1,0,0,0,0,1,1,0,1,0,1,0,0,0,0,0,0,0,0,0,0,1,1,1,0,1,1,1
286,2,current,1,0,1,-999,-999,-999,-999,-999,-999,-999,-999,-999,-999,-999,-999,-999,-999,-999,-999,-999,-999,-999,-999,-999,-999,-999,-999,1100,1,25,1,0,0,0,0,0,1,0,0,0,0,0,0,1,1,1,0,1,0,0,0,3,3,3,3,3,9,4250,0,0,0,1,2,0,0,2,0,1,0,0,0,0,1,1,0,1,1,0,1,0,0,1,0,7,1,1,0,1,1,1,1,1,0,0,0,1,1,1,0,1,50,350,175,175,175,175,175,1100,4304,4304,0,0,1,0,0,0,0,1,1,0,1,0,1,0,0,0,0,0,0,0,0,0,0,1,1,1,0,1,1,2
287,2,maas,2,1,1,0,0,80,1,0,0,0,0,0,0,0,0,0,30,0,1,0,0,0,0,0,0,0,0,120,0,44,0,0,1,0,0,0,0,1,0,0,0,0,1,0,1,1,0,1,0,0,0,2,1,1,1,1,3,2250,0,0,1,0,3,2,0,1,0,0,1,0,0,0,0,0,1,1,1,0,0,0,0,0,0,7,1,1,0,1,1,1,1,1,1,1,0,0,0,0,1,0,0,250,0,25,0,0,225,275,4556,4119,0,1,1,0,0,0,0,1,1,0,0,0,0,0,0,0,0,0,0,0,0,0,0,0,0,0,0,0,1,1
287,2,current,1,0,1,-999,-999,-999,-999,-999,-999,-999,-999,-999,-999,-999,-999,-999,-999,-999,-999,-999,-999,-999,-999,-999,-999,-999,-999,275,0,44,0,0,1,0,0,0,0,1,0,0,0,0,1,0,1,1,0,1,0,0,0,2,1,1,1,1,3,2250,0,0,1,0,3,2,0,1,0,0,1,0,0,0,0,0,1,1,1,0,0,0,0,0,0,7,1,1,0,1,1,1,1,1,1,1,0,0,0,0,1,0,0,250,0,25,0,0,225,275,4556,4119,0,1,1,0,0,0,0,1,1,0,0,0,0,0,0,0,0,0,0,0,0,0,0,0,0,0,0,0,1,2
288,2,maas,2,0,0,1,0,0,0,0,0,0,0,0,0,0,0,0,0,0,0,0,0,0,0,0,0,0,0,20,1,50,0,0,1,0,0,0,0,0,1,0,0,1,0,0,0,0,0,1,0,0,0,4,1,2,1,2,5,0,0,0,0,0,4,0,0,4,0,1,1,0,0,0,0,0,1,0,0,0,0,1,0,0,0,0,0,0,0,1,0,0,1,0,0,0,1,1,0,1,0,0,5,0,0,0,0,0,0,5,4214,4216,0,0,0,0,0,0,1,0,0,0,0,0,0,0,0,0,0,0,0,1,0,0,0,0,0,0,0,0,0,1
288,2,current,1,1,0,-999,-999,-999,-999,-999,-999,-999,-999,-999,-999,-999,-999,-999,-999,-999,-999,-999,-999,-999,-999,-999,-999,-999,-999,5,1,50,0,0,1,0,0,0,0,0,1,0,0,1,0,0,0,0,0,1,0,0,0,4,1,2,1,2,5,0,0,0,0,0,4,0,0,4,0,1,1,0,0,0,0,0,1,0,0,0,0,1,0,0,0,0,0,0,0,1,0,0,1,0,0,0,1,1,0,1,0,0,5,0,0,0,0,0,0,5,4214,4216,0,0,0,0,0,0,1,0,0,0,0,0,0,0,0,0,0,0,0,1,0,0,0,0,0,0,0,0,0,2
289,2,maas,2,1,1,0,0,0,0,0,0,0,0,0,0,0,0,0,0,0,0,0,0,0,0,1,0,1,1,10,0,24,1,0,0,0,0,1,0,0,0,0,0,1,0,0,0,0,0,1,0,0,0,4,1,1,1,1,3,2250,0,0,1,0,3,0,0,3,0,0,0,1,0,0,1,1,0,0,1,0,0,0,0,0,0,7,1,1,0,1,0,1,1,1,0,1,0,0,0,0,1,0,0,250,75,0,0,0,25,325,4078,4300,0,0,1,0,0,0,0,0,1,0,0,0,0,0,0,0,0,0,0,0,0,0,0,0,0,0,0,0,0,1
289,2,current,1,0,1,-999,-999,-999,-999,-999,-999,-999,-999,-999,-999,-999,-999,-999,-999,-999,-999,-999,-999,-999,-999,-999,-999,-999,-999,325,0,24,1,0,0,0,0,1,0,0,0,0,0,1,0,0,0,0,0,1,0,0,0,4,1,1,1,1,3,2250,0,0,1,0,3,0,0,3,0,0,0,1,0,0,1,1,0,0,1,0,0,0,0,0,0,7,1,1,0,1,0,1,1,1,0,1,0,0,0,0,1,0,0,250,75,0,0,0,25,325,4078,4300,0,0,1,0,0,0,0,0,1,0,0,0,0,0,0,0,0,0,0,0,0,0,0,0,0,0,0,0,0,2
290,2,maas,2,1,1,1,0,0,0,0,0,0,0,0,0,0,0,0,0,0,0,0,0,0,0,0,0,0,0,20,0,25,1,0,0,0,0,0,1,0,0,0,0,0,0,1,0,0,0,1,0,0,0,3,1,1,1,1,3,3250,0,0,0,1,3,0,0,3,0,1,0,0,0,1,0,1,0,0,1,0,0,0,0,0,0,7,1,1,0,1,1,1,1,1,1,0,0,0,0,0,1,0,0,150,0,25,0,0,225,175,4133,4207,0,0,1,0,0,0,0,1,1,0,0,0,0,0,0,0,0,0,0,0,0,0,0,0,0,0,0,0,0,1
290,2,current,1,0,1,-999,-999,-999,-999,-999,-999,-999,-999,-999,-999,-999,-999,-999,-999,-999,-999,-999,-999,-999,-999,-999,-999,-999,-999,175,0,25,1,0,0,0,0,0,1,0,0,0,0,0,0,1,0,0,0,1,0,0,0,3,1,1,1,1,3,3250,0,0,0,1,3,0,0,3,0,1,0,0,0,1,0,1,0,0,1,0,0,0,0,0,0,7,1,1,0,1,1,1,1,1,1,0,0,0,0,0,1,0,0,150,0,25,0,0,225,175,4133,4207,0,0,1,0,0,0,0,1,1,0,0,0,0,0,0,0,0,0,0,0,0,0,0,0,0,0,0,0,0,2
291,2,maas,2,0,0,1,0,0,0,0,0,0,0,0,0,0,0,0,0,0,0,0,0,0,0,0,0,0,0,20,1,52,0,0,1,0,0,0,0,0,1,0,0,0,0,1,0,0,0,1,0,0,0,2,1,1,1,1,3,1125,0,1,0,0,1,0,0,1,1,0,0,0,0,0,0,0,1,0,0,1,0,0,0,0,0,7,1,1,0,1,1,1,1,1,0,0,1,1,0,0,0,0,5,50,0,0,25,0,125,80,4014,4014,1,1,1,0,0,0,0,0,1,1,0,0,0,0,0,0,0,0,0,0,0,0,0,0,0,0,0,0,0,1
291,2,current,1,1,0,-999,-999,-999,-999,-999,-999,-999,-999,-999,-999,-999,-999,-999,-999,-999,-999,-999,-999,-999,-999,-999,-999,-999,-999,80,1,52,0,0,1,0,0,0,0,0,1,0,0,0,0,1,0,0,0,1,0,0,0,2,1,1,1,1,3,1125,0,1,0,0,1,0,0,1,1,0,0,0,0,0,0,0,1,0,0,1,0,0,0,0,0,7,1,1,0,1,1,1,1,1,0,0,1,1,0,0,0,0,5,50,0,0,25,0,125,80,4014,4014,1,1,1,0,0,0,0,0,1,1,0,0,0,0,0,0,0,0,0,0,0,0,0,0,0,0,0,0,0,2
292,2,maas,2,1,1,0,1,0,0,0,0,0,0,0,0,0,0,0,0,0,0,0,0,0,0,0,0,0,0,40,0,35,0,1,0,0,0,0,0,1,0,0,0,1,0,0,0,0,0,1,0,0,0,2,1,1,1,1,3,575,0,1,0,0,3,1,0,2,0,0,1,0,0,0,0,1,0,1,0,0,0,0,0,0,1,0,0,1,0,1,1,1,1,1,0,0,0,0,0,0,1,0,5,250,0,0,0,0,0,255,4113,4113,1,0,1,0,0,0,0,1,1,0,0,0,0,0,0,0,0,0,0,0,0,0,0,0,0,0,0,0,0,1
292,2,current,1,0,1,-999,-999,-999,-999,-999,-999,-999,-999,-999,-999,-999,-999,-999,-999,-999,-999,-999,-999,-999,-999,-999,-999,-999,-999,255,0,35,0,1,0,0,0,0,0,1,0,0,0,1,0,0,0,0,0,1,0,0,0,2,1,1,1,1,3,575,0,1,0,0,3,1,0,2,0,0,1,0,0,0,0,1,0,1,0,0,0,0,0,0,1,0,0,1,0,1,1,1,1,1,0,0,0,0,0,0,1,0,5,250,0,0,0,0,0,255,4113,4113,1,0,1,0,0,0,0,1,1,0,0,0,0,0,0,0,0,0,0,0,0,0,0,0,0,0,0,0,0,2
293,2,maas,2,1,1,1,13,80,1,0,0,0,0,0,0,0,0,0,0,0,0,0,0,0,1,0,0,1,0,640,0,54,0,0,1,0,0,0,0,0,1,0,0,1,0,0,1,1,0,0,1,0,0,4,1,1,2,2,5,8500,0,0,0,1,1,0,1,0,1,0,0,0,0,0,1,1,0,0,0,0,1,0,0,0,0,0,0,0,0,1,1,1,1,0,0,0,0,0,1,0,0,0,30,150,175,225,75,125,25,780,4215,4214,0,0,0,1,0,0,0,1,0,0,1,0,0,0,0,0,0,0,0,0,0,0,0,1,1,0,0,0,1,1
293,2,current,1,0,1,-999,-999,-999,-999,-999,-999,-999,-999,-999,-999,-999,-999,-999,-999,-999,-999,-999,-999,-999,-999,-999,-999,-999,-999,780,0,54,0,0,1,0,0,0,0,0,1,0,0,1,0,0,1,1,0,0,1,0,0,4,1,1,2,2,5,8500,0,0,0,1,1,0,1,0,1,0,0,0,0,0,1,1,0,0,0,0,1,0,0,0,0,0,0,0,0,1,1,1,1,0,0,0,0,0,1,0,0,0,30,150,175,225,75,125,25,780,4215,4214,0,0,0,1,0,0,0,1,0,0,1,0,0,0,0,0,0,0,0,0,0,0,0,1,1,0,0,0,1,2
294,2,maas,2,0,0,0,0,0,0,0,0,0,0,0,0,0,0,0,0,0,0,0,0,0,0,1,0,0,0,0,1,51,0,0,1,0,0,0,0,0,1,0,0,0,0,1,0,0,0,1,0,0,0,5,1,1,1,1,3,5500,0,0,0,1,4,0,0,4,0,1,1,0,0,0,0,0,1,0,1,0,0,0,0,0,0,7,1,1,0,1,0,0,1,1,0,1,0,0,0,0,1,0,0,50,0,0,0,0,125,50,4343,4380,0,0,0,0,0,0,1,0,1,0,0,0,0,0,0,0,0,0,0,0,0,0,100,0,0,0,0,0,0,1
294,2,current,1,1,0,-999,-999,-999,-999,-999,-999,-999,-999,-999,-999,-999,-999,-999,-999,-999,-999,-999,-999,-999,-999,-999,-999,-999,-999,50,1,51,0,0,1,0,0,0,0,0,1,0,0,0,0,1,0,0,0,1,0,0,0,5,1,1,1,1,3,5500,0,0,0,1,4,0,0,4,0,1,1,0,0,0,0,0,1,0,1,0,0,0,0,0,0,7,1,1,0,1,0,0,1,1,0,1,0,0,0,0,1,0,0,50,0,0,0,0,125,50,4343,4380,0,0,0,0,0,0,1,0,1,0,0,0,0,0,0,0,0,0,0,0,0,0,100,0,0,0,0,0,0,2
295,2,maas,2,0,0,0,0,0,0,0,0,0,0,0,0,0,0,0,0,0,0,0,0,0,0,0,1,0,0,10,0,49,0,0,1,0,0,0,0,0,1,0,0,1,0,0,0,0,0,1,0,0,0,4,1,1,1,1,3,1875,0,0,1,0,2,0,0,2,0,1,0,0,0,0,0,0,1,0,0,0,0,0,0,0,1,0,0,1,0,1,0,0,1,1,0,0,1,0,0,0,1,0,0,50,0,25,0,0,25,75,4560,4560,0,0,1,0,0,0,0,0,1,0,1,0,0,0,0,0,1,0,0,0,0,0,2,0,0,0,0,0,0,1
295,2,current,1,1,0,-999,-999,-999,-999,-999,-999,-999,-999,-999,-999,-999,-999,-999,-999,-999,-999,-999,-999,-999,-999,-999,-999,-999,-999,75,0,49,0,0,1,0,0,0,0,0,1,0,0,1,0,0,0,0,0,1,0,0,0,4,1,1,1,1,3,1875,0,0,1,0,2,0,0,2,0,1,0,0,0,0,0,0,1,0,0,0,0,0,0,0,1,0,0,1,0,1,0,0,1,1,0,0,1,0,0,0,1,0,0,50,0,25,0,0,25,75,4560,4560,0,0,1,0,0,0,0,0,1,0,1,0,0,0,0,0,1,0,0,0,0,0,2,0,0,0,0,0,0,2
296,2,maas,2,1,1,1,0,0,0,0,0,0,0,0,0,0,0,0,30,0,1,0,0,0,0,0,0,0,0,70,0,21,1,0,0,0,0,1,0,0,0,0,0,0,0,1,0,0,0,1,0,0,0,2,1,1,1,1,3,1375,0,0,1,0,1,0,0,1,1,0,0,0,0,0,0,0,1,1,1,0,0,0,0,0,0,7,1,1,0,1,1,1,1,1,0,0,0,0,0,0,1,0,5,150,0,25,0,0,125,180,4133,4207,0,1,1,0,0,0,0,1,1,0,0,0,0,0,0,0,1,0,0,0,0,0,0,0,0,0,0,0,0,1
296,2,current,1,0,1,-999,-999,-999,-999,-999,-999,-999,-999,-999,-999,-999,-999,-999,-999,-999,-999,-999,-999,-999,-999,-999,-999,-999,-999,180,0,21,1,0,0,0,0,1,0,0,0,0,0,0,0,1,0,0,0,1,0,0,0,2,1,1,1,1,3,1375,0,0,1,0,1,0,0,1,1,0,0,0,0,0,0,0,1,1,1,0,0,0,0,0,0,7,1,1,0,1,1,1,1,1,0,0,0,0,0,0,1,0,5,150,0,25,0,0,125,180,4133,4207,0,1,1,0,0,0,0,1,1,0,0,0,0,0,0,0,1,0,0,0,0,0,0,0,0,0,0,0,0,2
297,2,maas,2,1,1,1,0,80,1,0,0,0,0,0,0,0,0,0,30,0,1,0,0,0,0,0,1,1,1,160,0,29,0,1,0,0,0,0,1,0,0,0,0,1,0,0,0,0,0,1,0,0,0,6,1,1,1,1,3,75,1,0,0,0,5,0,0,5,0,1,0,0,1,0,0,0,1,1,1,0,0,0,0,0,0,7,1,1,0,1,1,1,1,1,0,1,0,1,0,1,1,1,70,350,125,225,175,0,175,945,4109,4032,1,1,1,0,0,1,0,1,0,1,0,1,1,0,0,0,0,0,0,0,0,0,0,0,0,0,0,0,0,1
297,2,current,1,0,1,-999,-999,-999,-999,-999,-999,-999,-999,-999,-999,-999,-999,-999,-999,-999,-999,-999,-999,-999,-999,-999,-999,-999,-999,945,0,29,0,1,0,0,0,0,1,0,0,0,0,1,0,0,0,0,0,1,0,0,0,6,1,1,1,1,3,75,1,0,0,0,5,0,0,5,0,1,0,0,1,0,0,0,1,1,1,0,0,0,0,0,0,7,1,1,0,1,1,1,1,1,0,1,0,1,0,1,1,1,70,350,125,225,175,0,175,945,4109,4032,1,1,1,0,0,1,0,1,0,1,0,1,1,0,0,0,0,0,0,0,0,0,0,0,0,0,0,0,0,2
298,2,maas,2,1,1,0,0,80,1,0,0,0,0,0,0,0,0,0,0,0,0,0,0,0,0,0,0,0,0,70,1,54,0,0,1,0,0,0,0,0,1,0,0,0,1,0,0,0,0,1,0,0,0,2,1,1,1,1,3,725,0,1,0,0,1,0,0,1,1,0,0,0,0,0,0,0,1,0,0,1,0,0,0,0,0,7,1,1,0,1,1,1,1,1,1,1,0,0,0,0,1,0,0,50,0,0,0,0,225,50,4127,4129,0,1,1,0,0,1,0,1,1,0,0,0,1,0,0,0,1,0,0,0,0,0,0,0,0,0,0,0,0,1
298,2,current,1,0,1,-999,-999,-999,-999,-999,-999,-999,-999,-999,-999,-999,-999,-999,-999,-999,-999,-999,-999,-999,-999,-999,-999,-999,-999,50,1,54,0,0,1,0,0,0,0,0,1,0,0,0,1,0,0,0,0,1,0,0,0,2,1,1,1,1,3,725,0,1,0,0,1,0,0,1,1,0,0,0,0,0,0,0,1,0,0,1,0,0,0,0,0,7,1,1,0,1,1,1,1,1,1,1,0,0,0,0,1,0,0,50,0,0,0,0,225,50,4127,4129,0,1,1,0,0,1,0,1,1,0,0,0,1,0,0,0,1,0,0,0,0,0,0,0,0,0,0,0,0,2
299,2,maas,2,1,1,0,0,0,0,0,0,0,0,30,0,1,0,0,0,0,0,0,0,0,0,0,0,0,0,20,1,38,0,1,0,0,0,0,0,1,0,0,0,1,0,0,0,0,0,1,0,0,0,2,1,1,1,1,3,1875,0,0,1,0,2,0,0,2,1,0,0,0,0,0,1,0,1,1,1,0,0,0,0,0,0,7,1,1,0,1,1,1,1,1,0,0,0,1,1,1,0,0,30,150,125,125,75,75,125,580,4502,4502,0,1,1,0,1,0,0,1,0,0,1,0,1,1,0,0,0,0,0,0,0,0,0,0,0,0,0,0,0,1
299,2,current,1,0,1,-999,-999,-999,-999,-999,-999,-999,-999,-999,-999,-999,-999,-999,-999,-999,-999,-999,-999,-999,-999,-999,-999,-999,-999,580,1,38,0,1,0,0,0,0,0,1,0,0,0,1,0,0,0,0,0,1,0,0,0,2,1,1,1,1,3,1875,0,0,1,0,2,0,0,2,1,0,0,0,0,0,1,0,1,1,1,0,0,0,0,0,0,7,1,1,0,1,1,1,1,1,0,0,0,1,1,1,0,0,30,150,125,125,75,75,125,580,4502,4502,0,1,1,0,1,0,0,1,0,0,1,0,1,1,0,0,0,0,0,0,0,0,0,0,0,0,0,0,0,2
300,2,maas,2,1,1,0,2,80,1,0,0,0,0,0,0,0,0,0,30,0,1,0,0,0,0,1,0,1,1,210,0,29,0,1,0,0,0,0,1,0,0,0,0,1,0,0,0,0,0,1,0,0,0,3,1,1,1,1,3,2750,0,0,1,0,3,1,0,2,0,1,1,0,0,0,0,1,0,1,1,0,0,0,0,0,0,7,1,1,0,1,1,1,1,1,0,1,0,0,0,0,1,0,50,50,25,0,0,0,75,125,4215,4212,0,0,1,0,0,0,0,0,0,0,0,0,0,0,0,0,0,0,1,0,0,0,0,0,0,0,0,0,0,1
300,2,current,1,0,1,-999,-999,-999,-999,-999,-999,-999,-999,-999,-999,-999,-999,-999,-999,-999,-999,-999,-999,-999,-999,-999,-999,-999,-999,125,0,29,0,1,0,0,0,0,1,0,0,0,0,1,0,0,0,0,0,1,0,0,0,3,1,1,1,1,3,2750,0,0,1,0,3,1,0,2,0,1,1,0,0,0,0,1,0,1,1,0,0,0,0,0,0,7,1,1,0,1,1,1,1,1,0,1,0,0,0,0,1,0,50,50,25,0,0,0,75,125,4215,4212,0,0,1,0,0,0,0,0,0,0,0,0,0,0,0,0,0,0,1,0,0,0,0,0,0,0,0,0,0,2
301,2,maas,2,1,1,1,2,80,1,0,0,0,30,0,1,0,0,0,30,0,1,0,0,0,1,0,1,1,1,300,0,25,1,0,0,0,0,0,1,0,0,0,0,0,0,1,0,0,0,1,0,0,0,2,1,1,1,1,3,225,1,0,0,0,1,1,0,0,0,0,1,0,0,0,0,0,1,1,0,0,0,0,0,0,1,0,0,1,0,1,1,1,1,1,1,0,0,0,0,0,1,1,5,50,25,25,25,25,25,155,4510,4510,1,1,1,0,0,0,0,1,1,0,0,0,0,0,0,0,0,0,0,0,0,0,0,0,0,0,0,0,0,1
301,2,current,1,0,1,-999,-999,-999,-999,-999,-999,-999,-999,-999,-999,-999,-999,-999,-999,-999,-999,-999,-999,-999,-999,-999,-999,-999,-999,155,0,25,1,0,0,0,0,0,1,0,0,0,0,0,0,1,0,0,0,1,0,0,0,2,1,1,1,1,3,225,1,0,0,0,1,1,0,0,0,0,1,0,0,0,0,0,1,1,0,0,0,0,0,0,1,0,0,1,0,1,1,1,1,1,1,0,0,0,0,0,1,1,5,50,25,25,25,25,25,155,4510,4510,1,1,1,0,0,0,0,1,1,0,0,0,0,0,0,0,0,0,0,0,0,0,0,0,0,0,0,0,0,2
302,2,maas,2,0,0,0,0,0,0,0,0,0,0,0,0,0,0,0,0,0,0,0,0,0,0,1,0,0,0,0,0,34,0,1,0,0,0,0,1,0,0,0,0,1,0,0,0,0,0,1,0,0,0,3,1,1,1,1,3,2750,0,0,1,0,3,0,0,3,0,0,0,1,1,0,0,0,1,0,1,0,0,0,0,0,0,7,1,1,0,1,0,1,1,1,1,1,0,0,0,0,1,0,0,50,0,0,0,0,75,50,4133,4133,0,0,1,0,0,0,0,0,1,1,0,0,0,0,0,0,0,0,0,0,0,1,0,0,0,0,0,0,0,1
302,2,current,1,1,0,-999,-999,-999,-999,-999,-999,-999,-999,-999,-999,-999,-999,-999,-999,-999,-999,-999,-999,-999,-999,-999,-999,-999,-999,50,0,34,0,1,0,0,0,0,1,0,0,0,0,1,0,0,0,0,0,1,0,0,0,3,1,1,1,1,3,2750,0,0,1,0,3,0,0,3,0,0,0,1,1,0,0,0,1,0,1,0,0,0,0,0,0,7,1,1,0,1,0,1,1,1,1,1,0,0,0,0,1,0,0,50,0,0,0,0,75,50,4133,4133,0,0,1,0,0,0,0,0,1,1,0,0,0,0,0,0,0,0,0,0,0,1,0,0,0,0,0,0,0,2
303,2,maas,2,1,1,1,1,80,1,0,0,0,30,0,1,0,0,0,0,0,0,0,0,0,0,1,0,1,1,180,1,49,0,0,1,0,0,0,0,0,1,0,0,0,1,0,0,0,0,1,0,0,0,2,1,1,1,1,3,1875,0,0,1,0,5,0,2,3,0,1,1,0,1,0,1,0,1,1,1,0,0,0,0,0,0,7,1,1,0,1,1,1,1,1,1,1,0,0,0,0,1,0,5,250,0,0,25,25,75,305,4226,4226,0,1,0,0,0,0,0,1,0,1,0,0,0,1,0,0,0,0,0,0,0,0,0,0,0,0,0,0,0,1
303,2,current,1,0,1,-999,-999,-999,-999,-999,-999,-999,-999,-999,-999,-999,-999,-999,-999,-999,-999,-999,-999,-999,-999,-999,-999,-999,-999,305,1,49,0,0,1,0,0,0,0,0,1,0,0,0,1,0,0,0,0,1,0,0,0,2,1,1,1,1,3,1875,0,0,1,0,5,0,2,3,0,1,1,0,1,0,1,0,1,1,1,0,0,0,0,0,0,7,1,1,0,1,1,1,1,1,1,1,0,0,0,0,1,0,5,250,0,0,25,25,75,305,4226,4226,0,1,0,0,0,0,0,1,0,1,0,0,0,1,0,0,0,0,0,0,0,0,0,0,0,0,0,0,0,2
304,2,maas,2,1,1,1,0,0,0,0,0,0,0,0,0,0,0,0,0,0,0,0,0,0,0,0,0,0,0,20,0,54,0,0,1,0,0,0,0,0,1,0,0,0,1,0,0,0,0,1,0,0,0,2,1,1,1,1,3,225,1,0,0,0,1,0,0,1,1,0,0,0,0,0,0,0,1,1,1,0,0,0,0,0,0,7,1,1,0,1,1,1,1,1,0,0,1,0,0,0,1,0,70,150,25,25,25,0,225,295,4567,4567,1,0,0,0,1,0,0,1,1,0,0,0,0,0,0,0,0,0,0,0,0,0,0,0,0,0,0,0,0,1
304,2,current,1,0,1,-999,-999,-999,-999,-999,-999,-999,-999,-999,-999,-999,-999,-999,-999,-999,-999,-999,-999,-999,-999,-999,-999,-999,-999,295,0,54,0,0,1,0,0,0,0,0,1,0,0,0,1,0,0,0,0,1,0,0,0,2,1,1,1,1,3,225,1,0,0,0,1,0,0,1,1,0,0,0,0,0,0,0,1,1,1,0,0,0,0,0,0,7,1,1,0,1,1,1,1,1,0,0,1,0,0,0,1,0,70,150,25,25,25,0,225,295,4567,4567,1,0,0,0,1,0,0,1,1,0,0,0,0,0,0,0,0,0,0,0,0,0,0,0,0,0,0,0,0,2
305,2,maas,2,1,1,1,0,0,0,0,0,0,30,0,1,0,0,0,0,30,0,1,0,0,0,0,0,0,1,90,0,30,0,1,0,0,0,0,1,0,0,0,0,0,1,0,0,0,0,1,0,0,0,3,1,5,2,2,9,2250,0,0,1,0,2,2,0,0,0,1,1,0,0,0,1,0,1,0,0,1,0,0,0,0,0,7,1,1,0,1,1,1,1,1,0,0,0,1,1,0,1,1,5,50,25,25,25,25,125,155,4113,4113,1,1,1,1,0,1,0,0,0,0,0,1,1,0,0,0,0,0,0,0,0,0,0,0,0,0,0,0,1,1
305,2,current,1,0,1,-999,-999,-999,-999,-999,-999,-999,-999,-999,-999,-999,-999,-999,-999,-999,-999,-999,-999,-999,-999,-999,-999,-999,-999,155,0,30,0,1,0,0,0,0,1,0,0,0,0,0,1,0,0,0,0,1,0,0,0,3,1,5,2,2,9,2250,0,0,1,0,2,2,0,0,0,1,1,0,0,0,1,0,1,0,0,1,0,0,0,0,0,7,1,1,0,1,1,1,1,1,0,0,0,1,1,0,1,1,5,50,25,25,25,25,125,155,4113,4113,1,1,1,1,0,1,0,0,0,0,0,1,1,0,0,0,0,0,0,0,0,0,0,0,0,0,0,0,1,2
306,2,maas,2,1,1,0,0,200,0,1,0,0,0,0,0,0,0,0,0,0,0,0,0,0,0,1,0,0,1,130,1,58,0,0,0,1,0,0,0,0,0,1,0,0,1,0,0,0,0,1,0,0,0,4,1,4,1,1,6,1625,0,0,1,0,3,0,0,3,0,1,1,0,0,0,0,0,1,1,0,1,0,0,0,0,0,7,1,1,0,1,1,1,1,1,0,1,0,0,0,0,1,0,30,150,75,25,75,0,75,355,4218,3131,1,1,1,0,0,0,0,1,0,0,1,0,0,0,0,0,0,1,0,0,0,0,0,0,0,0,0,0,0,1
306,2,current,1,0,1,-999,-999,-999,-999,-999,-999,-999,-999,-999,-999,-999,-999,-999,-999,-999,-999,-999,-999,-999,-999,-999,-999,-999,-999,355,1,58,0,0,0,1,0,0,0,0,0,1,0,0,1,0,0,0,0,1,0,0,0,4,1,4,1,1,6,1625,0,0,1,0,3,0,0,3,0,1,1,0,0,0,0,0,1,1,0,1,0,0,0,0,0,7,1,1,0,1,1,1,1,1,0,1,0,0,0,0,1,0,30,150,75,25,75,0,75,355,4218,3131,1,1,1,0,0,0,0,1,0,0,1,0,0,0,0,0,0,1,0,0,0,0,0,0,0,0,0,0,0,2
307,2,maas,2,0,0,1,0,80,1,0,0,0,0,0,0,0,0,0,0,0,0,0,0,0,0,0,0,1,1,100,0,31,0,1,0,0,0,0,1,0,0,0,0,1,0,0,0,0,0,1,0,0,0,2,1,1,1,1,3,1625,0,0,1,0,1,0,0,1,1,0,0,0,0,0,0,0,1,0,1,0,0,0,0,0,0,7,1,1,0,1,1,1,1,1,1,1,0,0,0,0,1,0,0,150,25,25,25,0,175,225,4305,4076,0,1,1,0,0,1,0,0,1,0,0,0,0,0,0,0,1,0,0,0,0,0,50,0,0,0,0,0,0,1
307,2,current,1,1,0,-999,-999,-999,-999,-999,-999,-999,-999,-999,-999,-999,-999,-999,-999,-999,-999,-999,-999,-999,-999,-999,-999,-999,-999,225,0,31,0,1,0,0,0,0,1,0,0,0,0,1,0,0,0,0,0,1,0,0,0,2,1,1,1,1,3,1625,0,0,1,0,1,0,0,1,1,0,0,0,0,0,0,0,1,0,1,0,0,0,0,0,0,7,1,1,0,1,1,1,1,1,1,1,0,0,0,0,1,0,0,150,25,25,25,0,175,225,4305,4076,0,1,1,0,0,1,0,0,1,0,0,0,0,0,0,0,1,0,0,0,0,0,50,0,0,0,0,0,0,2
308,2,maas,2,0,0,0,7,0,0,0,0,0,0,0,0,0,0,0,0,0,0,0,0,0,0,0,1,0,1,290,0,51,0,0,1,0,0,0,0,0,1,0,0,0,1,0,0,0,0,1,0,0,0,2,1,1,1,1,3,1625,0,0,1,0,1,0,0,1,1,0,0,0,0,0,0,0,1,0,1,0,0,0,0,0,0,7,1,1,0,1,0,1,1,1,1,0,0,1,0,0,1,0,5,250,0,25,25,0,75,305,4573,4558,0,1,1,0,0,0,0,0,1,1,0,0,0,0,1,0,0,0,0,0,0,0,100,0,0,0,0,0,0,1
308,2,current,1,1,0,-999,-999,-999,-999,-999,-999,-999,-999,-999,-999,-999,-999,-999,-999,-999,-999,-999,-999,-999,-999,-999,-999,-999,-999,305,0,51,0,0,1,0,0,0,0,0,1,0,0,0,1,0,0,0,0,1,0,0,0,2,1,1,1,1,3,1625,0,0,1,0,1,0,0,1,1,0,0,0,0,0,0,0,1,0,1,0,0,0,0,0,0,7,1,1,0,1,0,1,1,1,1,0,0,1,0,0,1,0,5,250,0,25,25,0,75,305,4573,4558,0,1,1,0,0,0,0,0,1,1,0,0,0,0,1,0,0,0,0,0,0,0,100,0,0,0,0,0,0,2
309,2,maas,2,1,1,0,0,0,0,0,0,0,0,0,0,0,0,0,0,0,0,0,0,0,0,0,0,0,1,0,0,24,1,0,0,0,0,1,0,0,0,0,0,1,0,0,0,0,0,1,0,0,0,2,1,2,1,2,5,3250,0,0,0,1,2,0,0,2,0,1,0,0,0,0,0,0,1,1,1,0,0,0,0,0,0,7,1,1,0,1,1,1,1,1,0,1,0,0,0,0,1,0,5,50,25,25,25,25,225,155,4069,4068,0,1,1,0,0,0,0,1,0,0,0,0,0,0,0,0,1,0,0,0,0,0,0,0,0,0,0,0,0,1
309,2,current,1,0,1,-999,-999,-999,-999,-999,-999,-999,-999,-999,-999,-999,-999,-999,-999,-999,-999,-999,-999,-999,-999,-999,-999,-999,-999,155,0,24,1,0,0,0,0,1,0,0,0,0,0,1,0,0,0,0,0,1,0,0,0,2,1,2,1,2,5,3250,0,0,0,1,2,0,0,2,0,1,0,0,0,0,0,0,1,1,1,0,0,0,0,0,0,7,1,1,0,1,1,1,1,1,0,1,0,0,0,0,1,0,5,50,25,25,25,25,225,155,4069,4068,0,1,1,0,0,0,0,1,0,0,0,0,0,0,0,0,1,0,0,0,0,0,0,0,0,0,0,0,0,2
310,2,maas,2,0,0,0,0,0,0,0,0,0,0,0,0,0,0,0,0,0,0,0,0,0,0,0,0,0,1,0,1,44,0,0,1,0,0,0,0,1,0,0,0,1,0,0,0,0,0,1,1,0,0,3,1,1,1,1,3,3750,0,0,0,1,2,0,0,2,0,1,0,0,0,0,0,0,1,0,1,0,0,0,0,0,0,7,1,1,0,1,0,1,1,1,0,1,0,0,0,0,1,0,0,150,25,25,0,0,75,200,4212,4215,1,0,1,0,0,0,0,0,1,0,0,0,0,0,0,0,0,0,0,0,0,0,5,0,0,0,0,0,0,1
310,2,current,1,1,0,-999,-999,-999,-999,-999,-999,-999,-999,-999,-999,-999,-999,-999,-999,-999,-999,-999,-999,-999,-999,-999,-999,-999,-999,200,1,44,0,0,1,0,0,0,0,1,0,0,0,1,0,0,0,0,0,1,1,0,0,3,1,1,1,1,3,3750,0,0,0,1,2,0,0,2,0,1,0,0,0,0,0,0,1,0,1,0,0,0,0,0,0,7,1,1,0,1,0,1,1,1,0,1,0,0,0,0,1,0,0,150,25,25,0,0,75,200,4212,4215,1,0,1,0,0,0,0,0,1,0,0,0,0,0,0,0,0,0,0,0,0,0,5,0,0,0,0,0,0,2
311,2,maas,2,1,1,1,0,0,0,0,0,0,0,30,0,1,0,0,0,0,0,0,0,0,0,0,0,0,0,40,1,44,0,0,1,0,0,0,0,1,0,0,0,0,0,1,1,1,0,1,1,0,0,2,2,2,1,1,4,1125,0,1,0,0,3,1,0,2,0,1,1,0,0,0,1,0,1,1,1,0,0,0,0,0,0,7,1,1,0,1,1,1,1,1,0,0,0,1,1,0,1,0,50,350,125,75,75,75,25,750,4224,4225,1,1,1,1,1,1,0,1,0,0,1,0,0,1,0,0,0,1,0,0,0,0,0,0,0,0,0,0,0,1
311,2,current,1,0,1,-999,-999,-999,-999,-999,-999,-999,-999,-999,-999,-999,-999,-999,-999,-999,-999,-999,-999,-999,-999,-999,-999,-999,-999,750,1,44,0,0,1,0,0,0,0,1,0,0,0,0,0,1,1,1,0,1,1,0,0,2,2,2,1,1,4,1125,0,1,0,0,3,1,0,2,0,1,1,0,0,0,1,0,1,1,1,0,0,0,0,0,0,7,1,1,0,1,1,1,1,1,0,0,0,1,1,0,1,0,50,350,125,75,75,75,25,750,4224,4225,1,1,1,1,1,1,0,1,0,0,1,0,0,1,0,0,0,1,0,0,0,0,0,0,0,0,0,0,0,2
312,2,maas,2,0,0,1,0,0,0,0,0,0,0,0,0,0,0,0,0,0,0,0,0,0,0,0,0,0,0,20,0,21,1,0,0,0,0,1,0,0,0,0,0,1,0,0,1,1,0,1,0,0,0,3,1,1,1,1,3,350,1,0,0,0,2,0,0,2,0,1,0,0,0,0,1,1,0,1,0,1,0,0,0,0,0,7,1,1,0,1,1,1,1,1,0,0,0,0,0,0,1,0,15,250,75,125,125,125,125,715,4217,4217,1,0,1,0,0,0,0,0,0,1,0,1,0,0,0,0,0,0,0,0,0,0,50,0,0,0,0,0,0,1
312,2,current,1,1,0,-999,-999,-999,-999,-999,-999,-999,-999,-999,-999,-999,-999,-999,-999,-999,-999,-999,-999,-999,-999,-999,-999,-999,-999,715,0,21,1,0,0,0,0,1,0,0,0,0,0,1,0,0,1,1,0,1,0,0,0,3,1,1,1,1,3,350,1,0,0,0,2,0,0,2,0,1,0,0,0,0,1,1,0,1,0,1,0,0,0,0,0,7,1,1,0,1,1,1,1,1,0,0,0,0,0,0,1,0,15,250,75,125,125,125,125,715,4217,4217,1,0,1,0,0,0,0,0,0,1,0,1,0,0,0,0,0,0,0,0,0,0,50,0,0,0,0,0,0,2
313,2,maas,2,0,0,1,1,80,1,0,0,0,30,0,1,0,0,0,0,60,0,0,0,1,1,0,1,1,1,270,0,29,0,1,0,0,0,0,1,0,0,0,0,1,0,0,0,0,0,1,0,0,0,2,1,1,1,1,3,75,1,0,0,0,3,1,0,2,0,1,1,0,0,0,0,0,1,0,0,1,0,0,0,0,0,7,1,1,0,1,1,1,1,1,1,0,0,0,0,1,0,0,5,50,25,25,25,25,25,155,4209,4209,1,0,0,0,0,0,0,0,1,0,0,0,0,0,0,0,0,0,0,0,0,0,2,0,0,0,0,0,0,1
313,2,current,1,1,0,-999,-999,-999,-999,-999,-999,-999,-999,-999,-999,-999,-999,-999,-999,-999,-999,-999,-999,-999,-999,-999,-999,-999,-999,155,0,29,0,1,0,0,0,0,1,0,0,0,0,1,0,0,0,0,0,1,0,0,0,2,1,1,1,1,3,75,1,0,0,0,3,1,0,2,0,1,1,0,0,0,0,0,1,0,0,1,0,0,0,0,0,7,1,1,0,1,1,1,1,1,1,0,0,0,0,1,0,0,5,50,25,25,25,25,25,155,4209,4209,1,0,0,0,0,0,0,0,1,0,0,0,0,0,0,0,0,0,0,0,0,0,2,0,0,0,0,0,0,2
314,2,maas,2,1,1,0,0,0,0,0,0,0,0,0,0,0,0,0,0,0,0,0,0,0,0,0,0,1,0,10,0,40,0,1,0,0,0,0,0,1,0,0,0,1,0,0,0,0,0,0,0,0,1,1,1,1,1,1,3,850,0,1,0,0,3,2,0,1,0,0,1,0,0,0,0,1,0,1,0,0,0,0,1,0,1,0,0,1,0,1,1,1,1,1,1,0,1,0,0,1,0,0,5,0,25,25,75,75,0,205,4506,4506,1,1,0,0,0,0,0,1,0,0,0,0,0,0,0,0,0,0,0,1,0,0,0,1,0,1,0,0,1,1
314,2,current,1,0,1,-999,-999,-999,-999,-999,-999,-999,-999,-999,-999,-999,-999,-999,-999,-999,-999,-999,-999,-999,-999,-999,-999,-999,-999,205,0,40,0,1,0,0,0,0,0,1,0,0,0,1,0,0,0,0,0,0,0,0,1,1,1,1,1,1,3,850,0,1,0,0,3,2,0,1,0,0,1,0,0,0,0,1,0,1,0,0,0,0,1,0,1,0,0,1,0,1,1,1,1,1,1,0,1,0,0,1,0,0,5,0,25,25,75,75,0,205,4506,4506,1,1,0,0,0,0,0,1,0,0,0,0,0,0,0,0,0,0,0,1,0,0,0,1,0,1,0,0,1,2
315,2,maas,2,0,0,1,0,80,1,0,0,0,0,0,0,0,0,0,0,0,0,0,0,0,1,0,0,0,0,110,0,18,1,0,0,0,0,1,0,0,0,0,0,0,0,1,1,1,0,1,0,0,0,3,1,3,1,1,5,5500,0,0,0,1,5,0,0,5,0,0,0,1,0,0,0,0,1,0,0,0,0,0,0,0,1,0,0,1,0,1,0,1,1,0,0,0,0,0,0,1,0,0,15,50,25,25,0,0,0,115,4121,4000,1,0,1,0,0,0,0,0,1,0,0,0,0,0,0,0,0,0,0,0,0,0,10,0,0,0,0,0,0,1
315,2,current,1,1,0,-999,-999,-999,-999,-999,-999,-999,-999,-999,-999,-999,-999,-999,-999,-999,-999,-999,-999,-999,-999,-999,-999,-999,-999,115,0,18,1,0,0,0,0,1,0,0,0,0,0,0,0,1,1,1,0,1,0,0,0,3,1,3,1,1,5,5500,0,0,0,1,5,0,0,5,0,0,0,1,0,0,0,0,1,0,0,0,0,0,0,0,1,0,0,1,0,1,0,1,1,0,0,0,0,0,0,1,0,0,15,50,25,25,0,0,0,115,4121,4000,1,0,1,0,0,0,0,0,1,0,0,0,0,0,0,0,0,0,0,0,0,0,10,0,0,0,0,0,0,2
316,2,maas,2,1,1,0,0,200,0,1,0,0,0,0,0,0,0,0,0,0,0,0,0,0,0,0,0,0,0,130,1,24,1,0,0,0,0,1,0,0,0,0,0,1,0,0,0,0,0,1,0,0,0,1,1,1,1,1,3,1125,0,1,0,0,4,0,0,4,0,1,0,0,0,0,0,0,1,1,1,0,0,0,0,0,0,7,1,1,0,1,1,1,1,1,0,1,0,1,0,1,0,1,50,0,0,0,75,0,0,125,4215,4215,1,0,1,0,1,0,0,1,0,0,0,0,0,0,0,0,0,0,0,1,0,0,0,0,0,0,0,0,0,1
316,2,current,1,0,1,-999,-999,-999,-999,-999,-999,-999,-999,-999,-999,-999,-999,-999,-999,-999,-999,-999,-999,-999,-999,-999,-999,-999,-999,125,1,24,1,0,0,0,0,1,0,0,0,0,0,1,0,0,0,0,0,1,0,0,0,1,1,1,1,1,3,1125,0,1,0,0,4,0,0,4,0,1,0,0,0,0,0,0,1,1,1,0,0,0,0,0,0,7,1,1,0,1,1,1,1,1,0,1,0,1,0,1,0,1,50,0,0,0,75,0,0,125,4215,4215,1,0,1,0,1,0,0,1,0,0,0,0,0,0,0,0,0,0,0,1,0,0,0,0,0,0,0,0,0,2
317,2,maas,2,1,1,0,0,0,0,0,0,0,30,0,1,0,0,0,0,0,0,0,0,0,0,0,0,0,0,40,1,26,0,1,0,0,0,0,1,0,0,0,0,1,0,0,1,1,0,1,0,0,0,3,1,4,1,2,7,1375,0,0,1,0,2,0,1,1,0,0,1,0,0,0,1,1,0,1,0,1,0,0,0,0,0,7,1,1,0,1,1,1,1,0,0,1,0,0,0,1,0,0,5,150,75,125,75,125,75,555,4300,4300,1,0,0,0,0,0,0,1,0,0,1,0,0,0,0,0,0,0,0,0,0,0,0,0,0,0,0,0,0,1
317,2,current,1,0,1,-999,-999,-999,-999,-999,-999,-999,-999,-999,-999,-999,-999,-999,-999,-999,-999,-999,-999,-999,-999,-999,-999,-999,-999,555,1,26,0,1,0,0,0,0,1,0,0,0,0,1,0,0,1,1,0,1,0,0,0,3,1,4,1,2,7,1375,0,0,1,0,2,0,1,1,0,0,1,0,0,0,1,1,0,1,0,1,0,0,0,0,0,7,1,1,0,1,1,1,1,0,0,1,0,0,0,1,0,0,5,150,75,125,75,125,75,555,4300,4300,1,0,0,0,0,0,0,1,0,0,1,0,0,0,0,0,0,0,0,0,0,0,0,0,0,0,0,0,0,2
318,2,maas,2,1,1,0,0,200,0,1,0,0,0,0,0,0,0,0,0,0,0,0,0,0,1,0,0,0,0,150,1,30,0,1,0,0,0,0,1,0,0,0,0,1,0,0,0,0,0,1,0,0,0,2,1,1,1,1,3,2250,0,0,1,0,3,1,0,2,0,1,1,0,0,0,1,0,1,1,1,0,0,0,0,0,0,7,1,1,0,1,1,1,1,1,1,1,0,0,0,1,1,0,30,150,75,75,75,25,75,430,4118,4077,1,1,1,1,1,1,0,1,0,0,0,0,0,0,0,0,0,0,0,1,0,0,0,0,0,0,0,0,0,1
318,2,current,1,0,1,-999,-999,-999,-999,-999,-999,-999,-999,-999,-999,-999,-999,-999,-999,-999,-999,-999,-999,-999,-999,-999,-999,-999,-999,430,1,30,0,1,0,0,0,0,1,0,0,0,0,1,0,0,0,0,0,1,0,0,0,2,1,1,1,1,3,2250,0,0,1,0,3,1,0,2,0,1,1,0,0,0,1,0,1,1,1,0,0,0,0,0,0,7,1,1,0,1,1,1,1,1,1,1,0,0,0,1,1,0,30,150,75,75,75,25,75,430,4118,4077,1,1,1,1,1,1,0,1,0,0,0,0,0,0,0,0,0,0,0,1,0,0,0,0,0,0,0,0,0,2
319,2,maas,2,1,1,1,0,80,1,0,0,0,0,0,0,0,0,0,0,30,0,1,0,0,0,0,1,1,1,140,0,29,0,1,0,0,0,0,1,0,0,0,0,0,0,1,0,0,0,1,0,0,0,3,1,1,2,2,5,2250,0,0,1,0,2,0,0,2,0,0,0,0,0,1,0,0,1,1,0,1,0,0,0,0,0,7,1,1,0,1,1,1,1,1,1,1,0,0,0,0,1,0,15,150,0,25,25,25,125,240,4209,4211,1,1,1,1,0,0,0,1,1,0,0,0,0,0,0,0,0,0,0,0,0,0,0,0,0,0,0,0,0,1
319,2,current,1,0,1,-999,-999,-999,-999,-999,-999,-999,-999,-999,-999,-999,-999,-999,-999,-999,-999,-999,-999,-999,-999,-999,-999,-999,-999,240,0,29,0,1,0,0,0,0,1,0,0,0,0,0,0,1,0,0,0,1,0,0,0,3,1,1,2,2,5,2250,0,0,1,0,2,0,0,2,0,0,0,0,0,1,0,0,1,1,0,1,0,0,0,0,0,7,1,1,0,1,1,1,1,1,1,1,0,0,0,0,1,0,15,150,0,25,25,25,125,240,4209,4211,1,1,1,1,0,0,0,1,1,0,0,0,0,0,0,0,0,0,0,0,0,0,0,0,0,0,0,0,0,2
320,2,maas,2,1,1,1,1,80,1,0,0,0,30,0,1,0,0,0,60,0,0,0,1,0,1,0,1,1,1,290,0,18,1,0,0,0,0,1,0,0,0,0,0,0,1,0,1,1,0,1,0,1,0,2,3,3,1,1,5,3750,0,0,0,1,5,2,1,2,0,0,0,1,1,0,1,1,0,0,0,1,0,0,0,0,0,7,1,1,0,1,0,1,1,1,0,1,0,0,0,0,1,0,5,150,25,25,0,0,0,205,4069,4069,1,1,0,0,0,0,0,0,0,0,1,0,0,0,0,0,0,0,0,0,0,0,0,1,1,0,0,0,0,1
320,2,current,1,0,1,-999,-999,-999,-999,-999,-999,-999,-999,-999,-999,-999,-999,-999,-999,-999,-999,-999,-999,-999,-999,-999,-999,-999,-999,205,0,18,1,0,0,0,0,1,0,0,0,0,0,0,1,0,1,1,0,1,0,1,0,2,3,3,1,1,5,3750,0,0,0,1,5,2,1,2,0,0,0,1,1,0,1,1,0,0,0,1,0,0,0,0,0,7,1,1,0,1,0,1,1,1,0,1,0,0,0,0,1,0,5,150,25,25,0,0,0,205,4069,4069,1,1,0,0,0,0,0,0,0,0,1,0,0,0,0,0,0,0,0,0,0,0,0,1,1,0,0,0,0,2
321,2,maas,2,0,0,1,0,80,1,0,0,0,0,30,0,1,0,0,0,30,0,1,0,0,1,1,0,1,1,170,1,54,0,0,1,0,0,0,0,0,1,0,0,0,0,1,0,0,0,1,1,0,0,2,2,1,1,1,3,450,1,0,0,0,1,0,0,1,1,0,0,0,0,0,0,0,1,0,0,0,0,0,0,0,1,0,0,1,0,1,1,1,1,1,0,0,1,1,0,0,0,0,5,50,0,25,25,25,25,130,4350,4350,0,1,1,1,0,0,0,0,1,0,0,0,0,0,0,0,0,0,0,0,0,0,170,0,0,0,0,0,0,1
321,2,current,1,1,0,-999,-999,-999,-999,-999,-999,-999,-999,-999,-999,-999,-999,-999,-999,-999,-999,-999,-999,-999,-999,-999,-999,-999,-999,130,1,54,0,0,1,0,0,0,0,0,1,0,0,0,0,1,0,0,0,1,1,0,0,2,2,1,1,1,3,450,1,0,0,0,1,0,0,1,1,0,0,0,0,0,0,0,1,0,0,0,0,0,0,0,1,0,0,1,0,1,1,1,1,1,0,0,1,1,0,0,0,0,5,50,0,25,25,25,25,130,4350,4350,0,1,1,1,0,0,0,0,1,0,0,0,0,0,0,0,0,0,0,0,0,0,170,0,0,0,0,0,0,2
322,2,maas,2,1,1,1,1,80,1,0,0,0,0,0,0,0,0,0,0,0,0,0,0,0,0,1,0,1,1,140,0,39,0,1,0,0,0,0,0,1,0,0,0,0,1,0,0,0,0,1,0,0,0,2,1,3,1,3,7,1125,0,1,0,0,3,2,0,1,0,0,1,0,0,0,0,0,1,1,1,0,0,0,0,0,0,7,1,1,0,1,1,1,1,1,1,1,0,0,0,0,1,0,0,250,25,0,75,0,225,350,4114,4114,1,1,1,0,0,0,0,1,0,1,1,1,0,0,0,0,0,0,0,0,0,0,0,0,0,0,0,0,0,1
322,2,current,1,0,1,-999,-999,-999,-999,-999,-999,-999,-999,-999,-999,-999,-999,-999,-999,-999,-999,-999,-999,-999,-999,-999,-999,-999,-999,350,0,39,0,1,0,0,0,0,0,1,0,0,0,0,1,0,0,0,0,1,0,0,0,2,1,3,1,3,7,1125,0,1,0,0,3,2,0,1,0,0,1,0,0,0,0,0,1,1,1,0,0,0,0,0,0,7,1,1,0,1,1,1,1,1,1,1,0,0,0,0,1,0,0,250,25,0,75,0,225,350,4114,4114,1,1,1,0,0,0,0,1,0,1,1,1,0,0,0,0,0,0,0,0,0,0,0,0,0,0,0,0,0,2
323,2,maas,2,0,0,0,0,0,0,0,0,0,0,0,0,0,0,0,0,0,0,0,0,0,1,0,0,0,0,20,1,18,1,0,0,0,0,1,0,0,0,0,0,0,0,1,1,1,0,1,0,0,0,2,2,3,4,3,10,2250,0,0,1,0,4,0,0,4,1,0,0,0,0,0,1,1,0,0,0,1,0,0,0,0,0,7,1,0,0,1,0,1,1,0,0,0,0,1,0,0,1,1,30,250,125,25,175,125,75,730,4103,4103,1,1,0,1,0,0,0,0,0,0,1,0,0,0,0,0,0,0,0,0,0,0,20,1,0,0,1,0,0,1
323,2,current,1,1,0,-999,-999,-999,-999,-999,-999,-999,-999,-999,-999,-999,-999,-999,-999,-999,-999,-999,-999,-999,-999,-999,-999,-999,-999,730,1,18,1,0,0,0,0,1,0,0,0,0,0,0,0,1,1,1,0,1,0,0,0,2,2,3,4,3,10,2250,0,0,1,0,4,0,0,4,1,0,0,0,0,0,1,1,0,0,0,1,0,0,0,0,0,7,1,0,0,1,0,1,1,0,0,0,0,1,0,0,1,1,30,250,125,25,175,125,75,730,4103,4103,1,1,0,1,0,0,0,0,0,0,1,0,0,0,0,0,0,0,0,0,0,0,20,1,0,0,1,0,0,2
324,2,maas,2,0,0,1,0,0,0,0,0,0,0,0,0,0,0,0,0,0,0,0,0,0,0,0,0,0,0,20,1,80,0,0,0,0,1,0,0,0,0,0,1,1,0,0,0,0,0,0,0,0,1,3,1,1,1,1,3,1625,0,0,1,0,2,0,0,2,0,1,0,0,0,0,1,1,0,0,0,1,0,0,0,0,0,7,1,0,1,0,0,1,1,1,0,0,1,0,0,0,1,0,0,150,0,25,0,0,25,175,4500,4500,0,0,1,0,0,0,0,0,1,0,0,0,0,0,0,0,0,0,0,0,0,0,20,1,1,1,1,0,0,1
324,2,current,1,1,0,-999,-999,-999,-999,-999,-999,-999,-999,-999,-999,-999,-999,-999,-999,-999,-999,-999,-999,-999,-999,-999,-999,-999,-999,175,1,80,0,0,0,0,1,0,0,0,0,0,1,1,0,0,0,0,0,0,0,0,1,3,1,1,1,1,3,1625,0,0,1,0,2,0,0,2,0,1,0,0,0,0,1,1,0,0,0,1,0,0,0,0,0,7,1,0,1,0,0,1,1,1,0,0,1,0,0,0,1,0,0,150,0,25,0,0,25,175,4500,4500,0,0,1,0,0,0,0,0,1,0,0,0,0,0,0,0,0,0,0,0,0,0,20,1,1,1,1,0,0,2
325,2,maas,2,1,1,1,1,200,0,1,0,0,0,0,0,0,0,0,0,0,0,0,0,0,0,0,0,0,0,190,1,50,0,0,1,0,0,0,0,0,1,0,0,1,0,0,0,0,0,1,0,0,0,2,1,2,1,1,4,850,0,1,0,0,2,1,0,1,0,0,1,0,0,0,0,0,1,0,1,0,0,0,0,0,0,7,1,1,0,1,0,1,1,1,0,0,0,0,0,0,0,0,30,350,25,25,25,0,125,455,4122,4122,0,1,0,0,0,0,0,1,0,1,0,0,0,0,0,0,0,0,0,0,0,0,0,0,0,0,0,0,0,1
325,2,current,1,0,1,-999,-999,-999,-999,-999,-999,-999,-999,-999,-999,-999,-999,-999,-999,-999,-999,-999,-999,-999,-999,-999,-999,-999,-999,455,1,50,0,0,1,0,0,0,0,0,1,0,0,1,0,0,0,0,0,1,0,0,0,2,1,2,1,1,4,850,0,1,0,0,2,1,0,1,0,0,1,0,0,0,0,0,1,0,1,0,0,0,0,0,0,7,1,1,0,1,0,1,1,1,0,0,0,0,0,0,0,0,30,350,25,25,25,0,125,455,4122,4122,0,1,0,0,0,0,0,1,0,1,0,0,0,0,0,0,0,0,0,0,0,0,0,0,0,0,0,0,0,2
326,2,maas,2,0,0,1,0,0,0,0,0,0,0,0,0,0,0,0,0,0,0,0,0,0,0,0,0,0,0,20,1,33,0,1,0,0,0,0,1,0,0,0,0,0,1,0,0,0,0,1,0,0,0,3,1,3,1,1,5,3250,0,0,0,1,4,2,0,2,0,0,1,0,0,0,0,0,1,0,1,0,0,0,0,0,0,7,1,1,0,1,0,1,1,1,0,1,0,1,0,1,1,1,15,350,0,0,0,0,125,365,4503,4000,1,0,1,0,0,1,0,1,1,0,0,0,0,0,0,0,0,0,0,0,0,0,100,0,0,0,0,0,1,1
326,2,current,1,1,0,-999,-999,-999,-999,-999,-999,-999,-999,-999,-999,-999,-999,-999,-999,-999,-999,-999,-999,-999,-999,-999,-999,-999,-999,365,1,33,0,1,0,0,0,0,1,0,0,0,0,0,1,0,0,0,0,1,0,0,0,3,1,3,1,1,5,3250,0,0,0,1,4,2,0,2,0,0,1,0,0,0,0,0,1,0,1,0,0,0,0,0,0,7,1,1,0,1,0,1,1,1,0,1,0,1,0,1,1,1,15,350,0,0,0,0,125,365,4503,4000,1,0,1,0,0,1,0,1,1,0,0,0,0,0,0,0,0,0,0,0,0,0,100,0,0,0,0,0,1,2
327,2,maas,2,0,0,1,0,0,0,0,0,0,0,0,0,0,0,0,0,0,0,0,0,0,0,0,0,0,0,20,0,37,0,1,0,0,0,0,0,1,0,0,0,1,0,0,0,0,0,1,0,0,0,3,1,1,1,1,3,3250,0,0,0,1,1,1,0,0,0,1,1,0,0,0,0,0,1,0,1,0,0,0,0,0,0,7,1,1,0,1,0,1,1,1,0,1,0,0,0,1,0,0,30,50,0,0,0,0,225,80,4503,4000,0,0,1,0,0,0,0,0,1,1,0,0,0,0,0,0,0,1,0,0,0,0,5,0,0,0,0,0,1,1
327,2,current,1,1,0,-999,-999,-999,-999,-999,-999,-999,-999,-999,-999,-999,-999,-999,-999,-999,-999,-999,-999,-999,-999,-999,-999,-999,-999,80,0,37,0,1,0,0,0,0,0,1,0,0,0,1,0,0,0,0,0,1,0,0,0,3,1,1,1,1,3,3250,0,0,0,1,1,1,0,0,0,1,1,0,0,0,0,0,1,0,1,0,0,0,0,0,0,7,1,1,0,1,0,1,1,1,0,1,0,0,0,1,0,0,30,50,0,0,0,0,225,80,4503,4000,0,0,1,0,0,0,0,0,1,1,0,0,0,0,0,0,0,1,0,0,0,0,5,0,0,0,0,0,1,2
328,2,maas,2,0,0,0,0,0,0,0,0,0,0,0,0,0,0,0,0,0,0,0,0,0,1,0,1,0,0,30,1,45,0,0,1,0,0,0,0,0,1,0,0,0,1,0,1,1,0,1,0,1,0,2,1,1,1,1,3,1625,0,0,1,0,4,2,0,2,0,1,1,0,0,0,0,0,1,0,1,0,0,0,0,0,0,7,1,1,0,1,1,1,1,1,1,1,0,0,0,0,1,0,50,250,75,0,0,0,125,375,4350,4401,1,0,1,0,1,1,0,0,0,0,0,0,0,0,0,0,0,0,0,1,0,0,50,0,0,0,0,0,0,1
328,2,current,1,1,0,-999,-999,-999,-999,-999,-999,-999,-999,-999,-999,-999,-999,-999,-999,-999,-999,-999,-999,-999,-999,-999,-999,-999,-999,375,1,45,0,0,1,0,0,0,0,0,1,0,0,0,1,0,1,1,0,1,0,1,0,2,1,1,1,1,3,1625,0,0,1,0,4,2,0,2,0,1,1,0,0,0,0,0,1,0,1,0,0,0,0,0,0,7,1,1,0,1,1,1,1,1,1,1,0,0,0,0,1,0,50,250,75,0,0,0,125,375,4350,4401,1,0,1,0,1,1,0,0,0,0,0,0,0,0,0,0,0,0,0,1,0,0,50,0,0,0,0,0,0,2
329,2,maas,2,0,0,0,0,0,0,0,0,0,0,0,0,0,0,0,0,0,0,0,0,0,0,1,0,0,1,0,0,48,0,0,1,0,0,0,0,0,1,0,0,1,0,0,0,0,0,1,0,0,0,4,1,1,1,1,3,2750,0,0,1,0,3,0,0,3,0,1,1,0,0,0,0,0,1,0,0,0,0,0,0,0,1,0,0,1,0,1,0,1,1,1,1,0,1,0,0,0,1,0,0,50,0,0,0,0,125,50,4109,4109,0,0,1,0,0,0,0,0,1,0,0,0,0,0,0,0,0,0,0,0,0,0,0,0,0,0,0,0,0,1
329,2,current,1,1,0,-999,-999,-999,-999,-999,-999,-999,-999,-999,-999,-999,-999,-999,-999,-999,-999,-999,-999,-999,-999,-999,-999,-999,-999,50,0,48,0,0,1,0,0,0,0,0,1,0,0,1,0,0,0,0,0,1,0,0,0,4,1,1,1,1,3,2750,0,0,1,0,3,0,0,3,0,1,1,0,0,0,0,0,1,0,0,0,0,0,0,0,1,0,0,1,0,1,0,1,1,1,1,0,1,0,0,0,1,0,0,50,0,0,0,0,125,50,4109,4109,0,0,1,0,0,0,0,0,1,0,0,0,0,0,0,0,0,0,0,0,0,0,0,0,0,0,0,0,0,2
330,2,maas,2,1,1,1,0,0,0,0,0,0,0,0,0,0,0,0,0,0,0,0,0,0,0,0,0,0,0,20,0,44,0,0,1,0,0,0,0,1,0,0,0,0,1,0,0,0,0,1,0,0,0,3,1,4,1,1,6,2250,0,0,1,0,3,1,0,2,0,1,0,0,0,0,1,0,1,1,1,0,0,0,0,0,0,7,1,1,0,1,1,1,1,1,1,1,0,0,0,1,1,1,15,150,0,75,25,0,175,265,4022,4000,1,0,1,0,0,0,0,1,1,0,0,1,0,0,0,0,1,0,0,0,0,0,0,0,0,0,0,0,0,1
330,2,current,1,0,1,-999,-999,-999,-999,-999,-999,-999,-999,-999,-999,-999,-999,-999,-999,-999,-999,-999,-999,-999,-999,-999,-999,-999,-999,265,0,44,0,0,1,0,0,0,0,1,0,0,0,0,1,0,0,0,0,1,0,0,0,3,1,4,1,1,6,2250,0,0,1,0,3,1,0,2,0,1,0,0,0,0,1,0,1,1,1,0,0,0,0,0,0,7,1,1,0,1,1,1,1,1,1,1,0,0,0,1,1,1,15,150,0,75,25,0,175,265,4022,4000,1,0,1,0,0,0,0,1,1,0,0,1,0,0,0,0,1,0,0,0,0,0,0,0,0,0,0,0,0,2
331,2,maas,2,1,1,0,0,300,0,0,1,0,0,0,0,0,0,0,0,0,0,0,0,0,0,0,1,0,0,210,0,25,1,0,0,0,0,0,1,0,0,0,0,1,0,0,1,1,0,1,0,0,0,2,1,2,1,1,4,1625,0,0,1,0,1,0,0,1,0,1,0,0,0,0,1,1,0,0,0,1,0,0,0,0,0,7,1,1,0,1,1,1,1,0,0,0,1,0,0,0,1,0,70,50,25,25,25,25,25,220,4218,4218,1,1,1,0,0,0,0,1,0,0,1,0,0,0,0,0,0,0,0,0,0,0,0,0,0,0,0,0,0,1
331,2,current,1,0,1,-999,-999,-999,-999,-999,-999,-999,-999,-999,-999,-999,-999,-999,-999,-999,-999,-999,-999,-999,-999,-999,-999,-999,-999,220,0,25,1,0,0,0,0,0,1,0,0,0,0,1,0,0,1,1,0,1,0,0,0,2,1,2,1,1,4,1625,0,0,1,0,1,0,0,1,0,1,0,0,0,0,1,1,0,0,0,1,0,0,0,0,0,7,1,1,0,1,1,1,1,0,0,0,1,0,0,0,1,0,70,50,25,25,25,25,25,220,4218,4218,1,1,1,0,0,0,0,1,0,0,1,0,0,0,0,0,0,0,0,0,0,0,0,0,0,0,0,0,0,2
332,2,maas,2,1,1,1,0,0,0,0,0,0,0,0,0,0,0,0,0,0,0,0,0,0,0,0,0,1,1,30,0,34,0,1,0,0,0,0,1,0,0,0,0,1,0,0,0,0,0,1,0,0,0,3,1,1,1,1,3,5500,0,0,0,1,4,2,0,2,0,1,1,0,1,0,1,0,1,1,1,0,0,0,0,0,0,7,1,1,0,1,1,1,1,1,0,0,0,0,0,0,1,1,5,50,25,25,0,0,75,105,4301,4305,1,1,1,0,0,0,0,1,0,0,0,0,0,0,0,0,0,0,1,0,0,0,0,1,1,0,0,0,0,1
332,2,current,1,0,1,-999,-999,-999,-999,-999,-999,-999,-999,-999,-999,-999,-999,-999,-999,-999,-999,-999,-999,-999,-999,-999,-999,-999,-999,105,0,34,0,1,0,0,0,0,1,0,0,0,0,1,0,0,0,0,0,1,0,0,0,3,1,1,1,1,3,5500,0,0,0,1,4,2,0,2,0,1,1,0,1,0,1,0,1,1,1,0,0,0,0,0,0,7,1,1,0,1,1,1,1,1,0,0,0,0,0,0,1,1,5,50,25,25,0,0,75,105,4301,4305,1,1,1,0,0,0,0,1,0,0,0,0,0,0,0,0,0,0,1,0,0,0,0,1,1,0,0,0,0,2
333,2,maas,2,0,0,0,0,0,0,0,0,0,0,30,0,1,0,0,0,30,0,1,0,0,0,0,0,0,0,50,0,29,0,1,0,0,0,0,1,0,0,0,0,1,0,0,1,0,0,1,0,0,0,2,1,1,1,1,3,575,0,1,0,0,2,1,0,1,0,1,1,0,0,0,1,0,1,0,0,0,0,0,1,0,0,0,0,1,0,1,1,1,1,1,1,0,0,0,0,1,0,1,15,50,0,0,25,0,0,90,4108,4108,1,1,1,0,0,0,0,0,0,0,0,0,0,0,0,0,0,0,0,1,0,0,50,1,0,0,0,0,1,1
333,2,current,1,1,0,-999,-999,-999,-999,-999,-999,-999,-999,-999,-999,-999,-999,-999,-999,-999,-999,-999,-999,-999,-999,-999,-999,-999,-999,90,0,29,0,1,0,0,0,0,1,0,0,0,0,1,0,0,1,0,0,1,0,0,0,2,1,1,1,1,3,575,0,1,0,0,2,1,0,1,0,1,1,0,0,0,1,0,1,0,0,0,0,0,1,0,0,0,0,1,0,1,1,1,1,1,1,0,0,0,0,1,0,1,15,50,0,0,25,0,0,90,4108,4108,1,1,1,0,0,0,0,0,0,0,0,0,0,0,0,0,0,0,0,1,0,0,50,1,0,0,0,0,1,2
334,2,maas,2,1,1,1,0,0,0,0,0,0,0,0,0,0,0,0,0,0,0,0,0,0,0,0,0,0,0,20,1,52,0,0,1,0,0,0,0,0,1,0,0,0,1,0,0,0,0,1,1,0,0,3,1,1,1,1,3,1875,0,0,1,0,3,0,1,2,0,1,0,0,0,0,0,0,1,1,1,0,0,0,0,0,0,7,1,1,0,1,0,1,1,1,0,1,0,0,0,1,0,1,15,50,75,75,0,0,125,215,4503,4108,1,0,0,0,0,0,0,1,1,0,0,0,0,0,0,0,0,0,0,0,0,0,0,0,0,0,0,0,1,1
334,2,current,1,0,1,-999,-999,-999,-999,-999,-999,-999,-999,-999,-999,-999,-999,-999,-999,-999,-999,-999,-999,-999,-999,-999,-999,-999,-999,215,1,52,0,0,1,0,0,0,0,0,1,0,0,0,1,0,0,0,0,1,1,0,0,3,1,1,1,1,3,1875,0,0,1,0,3,0,1,2,0,1,0,0,0,0,0,0,1,1,1,0,0,0,0,0,0,7,1,1,0,1,0,1,1,1,0,1,0,0,0,1,0,1,15,50,75,75,0,0,125,215,4503,4108,1,0,0,0,0,0,0,1,1,0,0,0,0,0,0,0,0,0,0,0,0,0,0,0,0,0,0,0,1,2
335,2,maas,2,0,0,1,0,0,0,0,0,0,0,0,0,0,0,0,0,0,0,0,0,0,0,1,0,0,0,20,0,34,0,1,0,0,0,0,1,0,0,0,0,0,0,1,0,0,0,1,0,0,0,3,1,1,1,1,3,3750,0,0,0,1,7,5,0,2,0,1,1,0,0,0,0,1,0,0,1,0,0,0,0,0,0,7,1,1,0,1,0,1,1,1,1,0,0,0,0,0,0,0,15,250,0,0,0,0,175,265,4504,4504,0,1,0,0,0,0,0,1,0,0,1,0,0,0,0,0,0,0,0,0,0,0,10,0,0,0,0,0,0,1
335,2,current,1,1,0,-999,-999,-999,-999,-999,-999,-999,-999,-999,-999,-999,-999,-999,-999,-999,-999,-999,-999,-999,-999,-999,-999,-999,-999,265,0,34,0,1,0,0,0,0,1,0,0,0,0,0,0,1,0,0,0,1,0,0,0,3,1,1,1,1,3,3750,0,0,0,1,7,5,0,2,0,1,1,0,0,0,0,1,0,0,1,0,0,0,0,0,0,7,1,1,0,1,0,1,1,1,1,0,0,0,0,0,0,0,15,250,0,0,0,0,175,265,4504,4504,0,1,0,0,0,0,0,1,0,0,1,0,0,0,0,0,0,0,0,0,0,0,10,0,0,0,0,0,0,2
336,2,maas,2,1,1,0,0,0,0,0,0,0,0,0,0,0,0,0,0,0,0,0,0,0,0,1,0,0,0,0,0,50,0,0,1,0,0,0,0,0,1,0,0,0,0,1,0,0,0,1,0,0,0,3,1,1,1,1,3,850,0,1,0,0,1,0,0,1,0,0,1,0,0,0,0,0,1,1,0,1,0,0,0,0,0,7,1,1,0,1,0,1,1,1,0,0,1,0,0,1,1,1,50,50,25,25,25,0,75,175,4034,4000,0,1,0,0,0,1,0,1,0,1,0,0,0,0,0,0,0,0,0,0,0,0,0,0,0,0,0,0,0,1
336,2,current,1,0,1,-999,-999,-999,-999,-999,-999,-999,-999,-999,-999,-999,-999,-999,-999,-999,-999,-999,-999,-999,-999,-999,-999,-999,-999,175,0,50,0,0,1,0,0,0,0,0,1,0,0,0,0,1,0,0,0,1,0,0,0,3,1,1,1,1,3,850,0,1,0,0,1,0,0,1,0,0,1,0,0,0,0,0,1,1,0,1,0,0,0,0,0,7,1,1,0,1,0,1,1,1,0,0,1,0,0,1,1,1,50,50,25,25,25,0,75,175,4034,4000,0,1,0,0,0,1,0,1,0,1,0,0,0,0,0,0,0,0,0,0,0,0,0,0,0,0,0,0,0,2
337,2,maas,2,0,0,1,0,0,0,0,0,0,30,0,1,0,0,0,0,0,0,0,0,0,0,0,0,0,0,60,0,44,0,0,1,0,0,0,0,1,0,0,0,0,1,0,1,0,0,1,0,0,0,2,1,1,1,1,3,575,0,1,0,0,4,1,1,2,0,1,1,0,0,0,0,1,0,0,0,0,0,1,0,0,0,0,0,1,0,1,1,1,1,1,0,0,1,1,0,1,1,0,15,150,25,75,0,0,225,265,4115,4115,1,0,1,0,0,0,0,0,1,0,0,0,0,0,0,0,0,0,0,0,0,0,30,0,0,0,0,0,1,1
337,2,current,1,1,0,-999,-999,-999,-999,-999,-999,-999,-999,-999,-999,-999,-999,-999,-999,-999,-999,-999,-999,-999,-999,-999,-999,-999,-999,265,0,44,0,0,1,0,0,0,0,1,0,0,0,0,1,0,1,0,0,1,0,0,0,2,1,1,1,1,3,575,0,1,0,0,4,1,1,2,0,1,1,0,0,0,0,1,0,0,0,0,0,1,0,0,0,0,0,1,0,1,1,1,1,1,0,0,1,1,0,1,1,0,15,150,25,75,0,0,225,265,4115,4115,1,0,1,0,0,0,0,0,1,0,0,0,0,0,0,0,0,0,0,0,0,0,30,0,0,0,0,0,1,2
338,2,maas,2,1,1,1,0,200,0,1,0,0,30,0,1,0,0,0,0,0,0,0,0,0,0,0,0,0,0,190,0,25,1,0,0,0,0,0,1,0,0,0,0,1,0,0,1,1,0,1,0,0,0,2,1,1,1,1,3,1125,0,1,0,0,3,2,0,1,0,0,1,0,0,0,0,1,0,1,0,1,0,0,0,0,0,7,1,1,0,1,1,1,1,1,0,0,0,0,1,1,1,1,70,250,125,25,75,75,75,620,4558,4000,1,1,1,1,1,0,0,1,0,0,1,0,0,0,0,0,0,0,0,0,0,0,0,0,0,0,0,0,0,1
338,2,current,1,0,1,-999,-999,-999,-999,-999,-999,-999,-999,-999,-999,-999,-999,-999,-999,-999,-999,-999,-999,-999,-999,-999,-999,-999,-999,620,0,25,1,0,0,0,0,0,1,0,0,0,0,1,0,0,1,1,0,1,0,0,0,2,1,1,1,1,3,1125,0,1,0,0,3,2,0,1,0,0,1,0,0,0,0,1,0,1,0,1,0,0,0,0,0,7,1,1,0,1,1,1,1,1,0,0,0,0,1,1,1,1,70,250,125,25,75,75,75,620,4558,4000,1,1,1,1,1,0,0,1,0,0,1,0,0,0,0,0,0,0,0,0,0,0,0,0,0,0,0,0,0,2
339,2,maas,2,0,0,1,0,0,0,0,0,0,0,0,0,0,0,0,0,0,0,0,0,0,0,0,0,0,0,20,1,52,0,0,1,0,0,0,0,0,1,0,0,0,0,1,0,0,0,1,0,0,0,1,1,1,1,1,3,1125,0,1,0,0,1,0,0,1,1,0,0,0,0,0,0,0,1,0,0,1,0,0,0,0,0,7,1,1,0,1,0,1,1,1,0,0,1,1,0,0,1,0,5,0,0,0,25,0,0,30,4014,4014,1,1,1,0,0,0,0,0,1,0,0,0,0,0,0,0,0,0,0,0,0,0,0,0,0,0,0,0,0,1
339,2,current,1,1,0,-999,-999,-999,-999,-999,-999,-999,-999,-999,-999,-999,-999,-999,-999,-999,-999,-999,-999,-999,-999,-999,-999,-999,-999,30,1,52,0,0,1,0,0,0,0,0,1,0,0,0,0,1,0,0,0,1,0,0,0,1,1,1,1,1,3,1125,0,1,0,0,1,0,0,1,1,0,0,0,0,0,0,0,1,0,0,1,0,0,0,0,0,7,1,1,0,1,0,1,1,1,0,0,1,1,0,0,1,0,5,0,0,0,25,0,0,30,4014,4014,1,1,1,0,0,0,0,0,1,0,0,0,0,0,0,0,0,0,0,0,0,0,0,0,0,0,0,0,0,2
340,2,maas,2,1,1,0,0,80,1,0,0,0,0,0,0,0,0,0,0,0,0,0,0,0,0,0,1,1,1,90,1,40,0,1,0,0,0,0,0,1,0,0,0,0,1,0,0,0,0,1,0,0,0,3,1,2,1,1,4,1625,0,0,1,0,3,1,0,2,0,1,1,0,0,0,0,1,0,1,1,0,0,0,0,0,0,7,1,1,0,1,1,1,1,1,0,1,0,0,0,1,1,1,5,150,25,0,75,0,75,255,4118,4076,1,1,1,0,1,1,0,1,0,0,0,1,0,1,0,0,0,1,0,0,0,0,0,0,0,0,0,0,0,1
340,2,current,1,0,1,-999,-999,-999,-999,-999,-999,-999,-999,-999,-999,-999,-999,-999,-999,-999,-999,-999,-999,-999,-999,-999,-999,-999,-999,255,1,40,0,1,0,0,0,0,0,1,0,0,0,0,1,0,0,0,0,1,0,0,0,3,1,2,1,1,4,1625,0,0,1,0,3,1,0,2,0,1,1,0,0,0,0,1,0,1,1,0,0,0,0,0,0,7,1,1,0,1,1,1,1,1,0,1,0,0,0,1,1,1,5,150,25,0,75,0,75,255,4118,4076,1,1,1,0,1,1,0,1,0,0,0,1,0,1,0,0,0,1,0,0,0,0,0,0,0,0,0,0,0,2
341,2,maas,2,0,0,1,0,0,0,0,0,0,0,0,0,0,0,0,0,0,0,0,0,0,0,0,0,1,0,30,1,44,0,0,1,0,0,0,0,1,0,0,0,1,0,0,0,0,0,1,0,0,0,3,1,1,1,1,3,3750,0,0,0,1,3,0,0,3,0,0,0,1,0,0,0,1,0,0,1,0,0,0,0,0,0,7,1,0,0,0,0,0,1,0,0,1,0,1,0,1,0,1,15,50,0,0,0,0,125,65,4160,4000,0,0,1,0,0,0,0,0,1,0,0,0,0,0,0,0,1,0,0,0,0,0,20,0,0,0,0,0,1,1
341,2,current,1,1,0,-999,-999,-999,-999,-999,-999,-999,-999,-999,-999,-999,-999,-999,-999,-999,-999,-999,-999,-999,-999,-999,-999,-999,-999,65,1,44,0,0,1,0,0,0,0,1,0,0,0,1,0,0,0,0,0,1,0,0,0,3,1,1,1,1,3,3750,0,0,0,1,3,0,0,3,0,0,0,1,0,0,0,1,0,0,1,0,0,0,0,0,0,7,1,0,0,0,0,0,1,0,0,1,0,1,0,1,0,1,15,50,0,0,0,0,125,65,4160,4000,0,0,1,0,0,0,0,0,1,0,0,0,0,0,0,0,1,0,0,0,0,0,20,0,0,0,0,0,1,2
342,2,maas,2,0,0,0,0,0,0,0,0,0,0,0,0,0,0,0,0,0,0,0,0,0,0,0,0,1,0,10,0,38,0,1,0,0,0,0,0,1,0,0,0,0,0,1,0,0,0,1,0,0,0,1,3,1,1,1,3,1375,0,0,1,0,6,2,0,4,0,1,0,0,0,0,0,1,0,0,0,1,0,0,0,0,0,7,1,1,0,0,0,1,1,1,1,0,0,0,0,0,1,1,0,50,0,0,0,0,125,50,4506,4506,0,0,0,0,0,0,1,0,1,0,0,0,0,0,0,0,0,0,0,0,0,0,0,0,0,0,0,0,0,1
342,2,current,1,1,0,-999,-999,-999,-999,-999,-999,-999,-999,-999,-999,-999,-999,-999,-999,-999,-999,-999,-999,-999,-999,-999,-999,-999,-999,50,0,38,0,1,0,0,0,0,0,1,0,0,0,0,0,1,0,0,0,1,0,0,0,1,3,1,1,1,3,1375,0,0,1,0,6,2,0,4,0,1,0,0,0,0,0,1,0,0,0,1,0,0,0,0,0,7,1,1,0,0,0,1,1,1,1,0,0,0,0,0,1,1,0,50,0,0,0,0,125,50,4506,4506,0,0,0,0,0,0,1,0,1,0,0,0,0,0,0,0,0,0,0,0,0,0,0,0,0,0,0,0,0,2
343,2,maas,2,0,0,1,0,0,0,0,0,0,0,0,0,0,0,0,0,0,0,0,0,0,0,0,0,0,1,20,0,74,0,0,0,1,0,0,0,0,0,0,1,0,1,0,0,0,0,1,0,0,0,2,1,1,1,1,3,575,0,1,0,0,0,0,0,0,1,0,0,0,0,0,0,0,1,0,0,0,0,0,0,1,0,0,0,0,0,1,1,0,1,0,0,0,0,0,0,0,1,0,5,150,25,25,25,0,25,230,4218,4218,0,0,1,0,0,0,0,0,0,0,0,0,0,0,0,0,0,0,0,0,0,1,0,0,0,0,0,0,0,1
343,2,current,1,1,0,-999,-999,-999,-999,-999,-999,-999,-999,-999,-999,-999,-999,-999,-999,-999,-999,-999,-999,-999,-999,-999,-999,-999,-999,230,0,74,0,0,0,1,0,0,0,0,0,0,1,0,1,0,0,0,0,1,0,0,0,2,1,1,1,1,3,575,0,1,0,0,0,0,0,0,1,0,0,0,0,0,0,0,1,0,0,0,0,0,0,1,0,0,0,0,0,1,1,0,1,0,0,0,0,0,0,0,1,0,5,150,25,25,25,0,25,230,4218,4218,0,0,1,0,0,0,0,0,0,0,0,0,0,0,0,0,0,0,0,0,0,1,0,0,0,0,0,0,0,2
344,2,maas,2,1,1,0,0,80,1,0,0,0,0,0,0,0,0,0,30,0,1,0,0,0,1,0,0,0,0,140,1,25,1,0,0,0,0,0,1,0,0,0,0,0,0,1,0,0,0,1,0,0,0,2,1,2,3,2,7,1375,0,0,1,0,1,0,0,1,1,0,0,0,0,0,1,0,1,1,1,0,0,0,0,0,0,7,1,1,0,1,1,1,1,1,0,1,0,1,1,1,1,0,30,50,75,75,75,75,75,380,4124,4000,1,1,1,1,1,0,0,1,0,0,0,0,0,0,0,0,0,0,0,1,0,0,0,0,0,0,0,0,0,1
344,2,current,1,0,1,-999,-999,-999,-999,-999,-999,-999,-999,-999,-999,-999,-999,-999,-999,-999,-999,-999,-999,-999,-999,-999,-999,-999,-999,380,1,25,1,0,0,0,0,0,1,0,0,0,0,0,0,1,0,0,0,1,0,0,0,2,1,2,3,2,7,1375,0,0,1,0,1,0,0,1,1,0,0,0,0,0,1,0,1,1,1,0,0,0,0,0,0,7,1,1,0,1,1,1,1,1,0,1,0,1,1,1,1,0,30,50,75,75,75,75,75,380,4124,4000,1,1,1,1,1,0,0,1,0,0,0,0,0,0,0,0,0,0,0,1,0,0,0,0,0,0,0,0,0,2
345,2,maas,2,1,1,1,1,80,1,0,0,0,0,30,0,1,0,0,0,30,0,1,0,0,1,0,1,1,1,220,1,43,0,0,1,0,0,0,0,1,0,0,0,1,0,0,1,1,0,1,1,0,0,3,2,2,2,2,6,3250,0,0,0,1,4,2,0,2,0,1,1,0,0,0,1,1,0,1,1,0,0,0,0,0,0,7,1,1,0,1,1,1,1,1,0,1,0,0,0,0,1,0,50,350,175,225,225,125,175,1150,4280,4280,1,1,1,1,1,0,0,1,0,1,1,0,0,1,0,0,0,0,0,0,0,0,0,0,0,0,0,0,0,1
345,2,current,1,0,1,-999,-999,-999,-999,-999,-999,-999,-999,-999,-999,-999,-999,-999,-999,-999,-999,-999,-999,-999,-999,-999,-999,-999,-999,1150,1,43,0,0,1,0,0,0,0,1,0,0,0,1,0,0,1,1,0,1,1,0,0,3,2,2,2,2,6,3250,0,0,0,1,4,2,0,2,0,1,1,0,0,0,1,1,0,1,1,0,0,0,0,0,0,7,1,1,0,1,1,1,1,1,0,1,0,0,0,0,1,0,50,350,175,225,225,125,175,1150,4280,4280,1,1,1,1,1,0,0,1,0,1,1,0,0,1,0,0,0,0,0,0,0,0,0,0,0,0,0,0,0,2
346,2,maas,2,0,0,0,0,80,1,0,0,0,0,0,0,0,0,0,0,0,0,0,0,0,1,1,0,1,1,100,0,30,0,1,0,0,0,0,1,0,0,0,0,1,0,0,0,0,0,1,0,0,0,3,1,1,1,1,3,3750,0,0,0,1,4,1,0,3,0,1,0,0,0,0,0,0,1,0,0,1,0,0,0,0,0,7,1,1,0,1,1,0,1,1,1,0,0,0,0,0,1,0,0,250,225,175,0,0,25,650,4212,4209,0,1,1,0,0,0,0,1,0,0,0,0,0,0,0,0,0,0,0,0,0,1,70,0,0,0,0,0,0,1
346,2,current,1,1,0,-999,-999,-999,-999,-999,-999,-999,-999,-999,-999,-999,-999,-999,-999,-999,-999,-999,-999,-999,-999,-999,-999,-999,-999,650,0,30,0,1,0,0,0,0,1,0,0,0,0,1,0,0,0,0,0,1,0,0,0,3,1,1,1,1,3,3750,0,0,0,1,4,1,0,3,0,1,0,0,0,0,0,0,1,0,0,1,0,0,0,0,0,7,1,1,0,1,1,0,1,1,1,0,0,0,0,0,1,0,0,250,225,175,0,0,25,650,4212,4209,0,1,1,0,0,0,0,1,0,0,0,0,0,0,0,0,0,0,0,0,0,1,70,0,0,0,0,0,0,2
347,2,maas,2,1,1,0,0,0,0,0,0,0,0,0,0,0,0,0,0,0,0,0,0,0,0,0,0,0,1,0,0,53,0,0,1,0,0,0,0,0,1,0,0,0,1,0,0,0,0,1,0,0,0,2,2,1,1,1,3,3750,0,0,0,1,3,0,0,3,0,1,1,0,0,0,0,0,1,1,1,0,0,0,0,0,0,7,1,1,0,1,1,1,1,1,0,0,0,0,0,0,1,0,70,50,75,75,25,0,225,295,4017,4017,0,1,1,0,0,1,0,1,0,0,0,0,1,0,0,0,0,0,0,0,0,0,0,0,0,0,0,0,0,1
347,2,current,1,0,1,-999,-999,-999,-999,-999,-999,-999,-999,-999,-999,-999,-999,-999,-999,-999,-999,-999,-999,-999,-999,-999,-999,-999,-999,295,0,53,0,0,1,0,0,0,0,0,1,0,0,0,1,0,0,0,0,1,0,0,0,2,2,1,1,1,3,3750,0,0,0,1,3,0,0,3,0,1,1,0,0,0,0,0,1,1,1,0,0,0,0,0,0,7,1,1,0,1,1,1,1,1,0,0,0,0,0,0,1,0,70,50,75,75,25,0,225,295,4017,4017,0,1,1,0,0,1,0,1,0,0,0,0,1,0,0,0,0,0,0,0,0,0,0,0,0,0,0,0,0,2
348,2,maas,2,1,1,1,0,80,1,0,0,0,0,0,0,0,0,0,0,0,0,0,0,0,0,1,0,0,0,90,0,25,1,0,0,0,0,0,1,0,0,0,0,0,1,0,1,1,0,1,0,0,0,3,2,1,1,1,3,850,0,1,0,0,5,2,1,2,0,0,0,0,1,0,0,1,0,0,0,1,1,0,0,0,0,7,1,1,0,1,1,1,1,1,0,0,0,0,0,0,1,0,30,50,25,25,25,0,25,155,4501,4501,1,0,0,0,0,0,0,1,1,0,0,0,0,0,0,0,0,0,0,0,0,0,0,0,0,0,0,0,0,1
348,2,current,1,0,1,-999,-999,-999,-999,-999,-999,-999,-999,-999,-999,-999,-999,-999,-999,-999,-999,-999,-999,-999,-999,-999,-999,-999,-999,155,0,25,1,0,0,0,0,0,1,0,0,0,0,0,1,0,1,1,0,1,0,0,0,3,2,1,1,1,3,850,0,1,0,0,5,2,1,2,0,0,0,0,1,0,0,1,0,0,0,1,1,0,0,0,0,7,1,1,0,1,1,1,1,1,0,0,0,0,0,0,1,0,30,50,25,25,25,0,25,155,4501,4501,1,0,0,0,0,0,0,1,1,0,0,0,0,0,0,0,0,0,0,0,0,0,0,0,0,0,0,0,0,2
349,2,maas,2,0,0,1,0,0,0,0,0,0,0,0,0,0,0,0,0,0,0,0,0,0,0,0,0,0,0,20,1,63,0,0,0,1,0,0,0,0,0,1,0,0,0,1,0,0,0,1,0,0,0,3,1,1,1,1,3,2750,0,0,1,0,2,0,0,2,0,1,0,0,0,0,0,0,1,0,1,0,0,0,0,0,0,7,1,1,0,1,0,0,1,0,0,1,0,0,0,0,1,0,50,250,0,0,0,0,0,300,4035,4065,0,0,0,0,0,0,1,0,0,0,0,0,0,0,0,1,0,0,0,0,0,0,50,0,0,0,0,0,0,1
349,2,current,1,1,0,-999,-999,-999,-999,-999,-999,-999,-999,-999,-999,-999,-999,-999,-999,-999,-999,-999,-999,-999,-999,-999,-999,-999,-999,300,1,63,0,0,0,1,0,0,0,0,0,1,0,0,0,1,0,0,0,1,0,0,0,3,1,1,1,1,3,2750,0,0,1,0,2,0,0,2,0,1,0,0,0,0,0,0,1,0,1,0,0,0,0,0,0,7,1,1,0,1,0,0,1,0,0,1,0,0,0,0,1,0,50,250,0,0,0,0,0,300,4035,4065,0,0,0,0,0,0,1,0,0,0,0,0,0,0,0,1,0,0,0,0,0,0,50,0,0,0,0,0,0,2
350,2,maas,2,1,1,0,0,0,0,0,0,0,0,0,0,0,0,0,0,0,0,0,0,0,0,0,0,1,1,10,0,32,0,1,0,0,0,0,1,0,0,0,0,0,1,0,0,0,0,1,0,0,0,5,1,1,1,1,3,2250,0,0,1,0,5,0,0,5,0,0,0,1,0,1,0,0,1,1,1,0,0,0,0,0,0,7,1,1,0,1,0,1,1,1,0,0,1,0,0,0,1,0,0,350,0,0,0,0,125,350,4128,4128,1,0,1,0,0,1,0,1,1,1,0,0,0,0,0,0,0,0,0,0,0,0,0,0,0,0,0,0,0,1
350,2,current,1,0,1,-999,-999,-999,-999,-999,-999,-999,-999,-999,-999,-999,-999,-999,-999,-999,-999,-999,-999,-999,-999,-999,-999,-999,-999,350,0,32,0,1,0,0,0,0,1,0,0,0,0,0,1,0,0,0,0,1,0,0,0,5,1,1,1,1,3,2250,0,0,1,0,5,0,0,5,0,0,0,1,0,1,0,0,1,1,1,0,0,0,0,0,0,7,1,1,0,1,0,1,1,1,0,0,1,0,0,0,1,0,0,350,0,0,0,0,125,350,4128,4128,1,0,1,0,0,1,0,1,1,1,0,0,0,0,0,0,0,0,0,0,0,0,0,0,0,0,0,0,0,2
351,2,maas,2,0,0,1,2,400,0,0,0,1,0,30,0,1,0,0,30,0,1,0,0,0,1,1,0,1,1,480,0,39,0,1,0,0,0,0,0,1,0,0,0,1,0,0,0,0,0,0,0,0,1,1,1,1,1,2,4,450,1,0,0,0,2,0,0,2,0,1,0,0,0,0,1,1,0,0,1,0,0,0,0,0,0,7,1,0,0,1,1,1,1,0,0,0,0,0,1,0,0,1,30,250,125,25,25,75,125,530,4218,4217,0,0,0,0,1,0,0,0,0,0,1,0,0,0,0,0,0,0,0,0,0,0,708,0,0,0,0,0,0,1
351,2,current,1,1,0,-999,-999,-999,-999,-999,-999,-999,-999,-999,-999,-999,-999,-999,-999,-999,-999,-999,-999,-999,-999,-999,-999,-999,-999,530,0,39,0,1,0,0,0,0,0,1,0,0,0,1,0,0,0,0,0,0,0,0,1,1,1,1,1,2,4,450,1,0,0,0,2,0,0,2,0,1,0,0,0,0,1,1,0,0,1,0,0,0,0,0,0,7,1,0,0,1,1,1,1,0,0,0,0,0,1,0,0,1,30,250,125,25,25,75,125,530,4218,4217,0,0,0,0,1,0,0,0,0,0,1,0,0,0,0,0,0,0,0,0,0,0,708,0,0,0,0,0,0,2
352,2,maas,2,0,0,0,0,0,0,0,0,0,0,0,0,0,0,0,0,0,0,0,0,0,0,0,0,0,1,0,0,39,0,1,0,0,0,0,0,1,0,0,0,0,0,1,0,0,0,1,0,0,0,2,1,2,1,1,4,725,0,1,0,0,2,0,0,2,0,0,0,1,0,0,0,0,1,1,0,1,0,0,0,0,0,7,1,1,0,1,0,1,1,1,0,1,0,1,0,1,0,0,15,150,75,0,25,0,75,265,4054,4054,1,0,0,0,0,1,0,1,1,0,0,1,0,0,0,0,0,0,0,0,0,0,25,0,0,0,0,0,0,1
352,2,current,1,1,0,-999,-999,-999,-999,-999,-999,-999,-999,-999,-999,-999,-999,-999,-999,-999,-999,-999,-999,-999,-999,-999,-999,-999,-999,265,0,39,0,1,0,0,0,0,0,1,0,0,0,0,0,1,0,0,0,1,0,0,0,2,1,2,1,1,4,725,0,1,0,0,2,0,0,2,0,0,0,1,0,0,0,0,1,1,0,1,0,0,0,0,0,7,1,1,0,1,0,1,1,1,0,1,0,1,0,1,0,0,15,150,75,0,25,0,75,265,4054,4054,1,0,0,0,0,1,0,1,1,0,0,1,0,0,0,0,0,0,0,0,0,0,25,0,0,0,0,0,0,2
353,2,maas,2,1,1,1,0,0,0,0,0,0,0,0,0,0,0,0,0,0,0,0,0,0,0,0,0,0,0,20,1,63,0,0,0,1,0,0,0,0,0,1,0,0,1,0,0,0,0,1,0,0,0,3,1,1,1,1,3,2750,0,0,1,0,2,0,0,2,0,1,0,0,0,0,0,0,1,1,1,0,0,0,0,0,0,7,1,1,0,1,0,1,1,0,0,1,0,0,0,0,1,0,5,150,0,0,0,0,75,155,4127,4127,0,1,1,0,0,0,0,1,0,0,0,0,0,0,0,0,0,0,1,0,0,0,0,0,0,0,0,0,0,1
353,2,current,1,0,1,-999,-999,-999,-999,-999,-999,-999,-999,-999,-999,-999,-999,-999,-999,-999,-999,-999,-999,-999,-999,-999,-999,-999,-999,155,1,63,0,0,0,1,0,0,0,0,0,1,0,0,1,0,0,0,0,1,0,0,0,3,1,1,1,1,3,2750,0,0,1,0,2,0,0,2,0,1,0,0,0,0,0,0,1,1,1,0,0,0,0,0,0,7,1,1,0,1,0,1,1,0,0,1,0,0,0,0,1,0,5,150,0,0,0,0,75,155,4127,4127,0,1,1,0,0,0,0,1,0,0,0,0,0,0,0,0,0,0,1,0,0,0,0,0,0,0,0,0,0,2
354,2,maas,2,0,0,0,0,0,0,0,0,0,0,0,0,0,0,0,0,0,0,0,0,0,0,1,0,0,0,0,1,54,0,0,1,0,0,0,0,0,1,0,0,1,0,0,0,0,0,1,0,0,0,2,1,1,1,1,3,4750,0,0,0,1,2,0,0,2,0,1,0,0,0,0,0,0,1,0,1,0,0,0,0,0,0,7,1,0,1,1,0,0,1,1,0,1,0,0,0,0,1,0,0,250,0,0,0,0,125,250,4280,4280,0,0,1,0,0,0,0,0,1,0,0,0,0,0,0,0,0,0,0,0,0,0,0,0,0,0,0,0,0,1
354,2,current,1,1,0,-999,-999,-999,-999,-999,-999,-999,-999,-999,-999,-999,-999,-999,-999,-999,-999,-999,-999,-999,-999,-999,-999,-999,-999,250,1,54,0,0,1,0,0,0,0,0,1,0,0,1,0,0,0,0,0,1,0,0,0,2,1,1,1,1,3,4750,0,0,0,1,2,0,0,2,0,1,0,0,0,0,0,0,1,0,1,0,0,0,0,0,0,7,1,0,1,1,0,0,1,1,0,1,0,0,0,0,1,0,0,250,0,0,0,0,125,250,4280,4280,0,0,1,0,0,0,0,0,1,0,0,0,0,0,0,0,0,0,0,0,0,0,0,0,0,0,0,0,0,2
355,2,maas,2,1,1,0,1,80,1,0,0,0,0,0,0,0,0,0,0,0,0,0,0,0,0,0,0,0,1,110,1,67,0,0,0,1,0,0,0,0,0,0,1,1,0,0,0,0,0,1,0,0,0,2,1,2,1,1,4,1625,0,0,1,0,2,0,0,2,0,1,0,0,0,0,0,1,0,1,0,1,0,0,0,0,0,7,1,1,0,1,0,1,1,1,1,1,0,1,0,1,0,0,15,250,25,25,75,0,75,390,4123,4000,1,1,1,0,0,1,0,1,0,0,0,0,0,0,0,0,0,0,0,0,1,0,0,0,0,0,0,0,0,1
355,2,current,1,0,1,-999,-999,-999,-999,-999,-999,-999,-999,-999,-999,-999,-999,-999,-999,-999,-999,-999,-999,-999,-999,-999,-999,-999,-999,390,1,67,0,0,0,1,0,0,0,0,0,0,1,1,0,0,0,0,0,1,0,0,0,2,1,2,1,1,4,1625,0,0,1,0,2,0,0,2,0,1,0,0,0,0,0,1,0,1,0,1,0,0,0,0,0,7,1,1,0,1,0,1,1,1,1,1,0,1,0,1,0,0,15,250,25,25,75,0,75,390,4123,4000,1,1,1,0,0,1,0,1,0,0,0,0,0,0,0,0,0,0,0,0,1,0,0,0,0,0,0,0,0,2
356,2,maas,2,0,0,0,0,0,0,0,0,0,0,0,0,0,0,0,0,0,0,0,0,0,0,1,0,0,0,0,1,60,0,0,0,1,0,0,0,0,0,1,0,0,1,0,0,0,0,1,0,0,0,2,1,1,1,1,3,2750,0,0,1,0,2,0,0,2,0,1,0,0,0,0,0,0,1,0,1,0,0,0,0,0,0,7,1,1,0,1,0,1,1,1,0,0,0,0,0,0,1,0,0,50,0,0,25,0,25,75,4556,4558,0,1,1,0,0,0,0,0,0,0,0,0,0,0,0,0,1,0,0,0,0,0,0,0,0,0,0,0,0,1
356,2,current,1,1,0,-999,-999,-999,-999,-999,-999,-999,-999,-999,-999,-999,-999,-999,-999,-999,-999,-999,-999,-999,-999,-999,-999,-999,-999,75,1,60,0,0,0,1,0,0,0,0,0,1,0,0,1,0,0,0,0,1,0,0,0,2,1,1,1,1,3,2750,0,0,1,0,2,0,0,2,0,1,0,0,0,0,0,0,1,0,1,0,0,0,0,0,0,7,1,1,0,1,0,1,1,1,0,0,0,0,0,0,1,0,0,50,0,0,25,0,25,75,4556,4558,0,1,1,0,0,0,0,0,0,0,0,0,0,0,0,0,1,0,0,0,0,0,0,0,0,0,0,0,0,2
357,2,maas,2,0,0,0,0,0,0,0,0,0,0,0,0,0,0,0,0,0,0,0,0,0,0,0,0,1,1,10,0,65,0,0,0,1,0,0,0,0,0,0,1,1,0,0,0,0,0,1,0,0,0,2,1,1,1,1,3,450,1,0,0,0,1,0,0,1,1,0,0,0,0,0,0,0,1,0,0,0,0,0,0,0,1,0,0,1,0,1,0,1,1,1,0,0,1,0,0,0,1,0,50,50,0,25,25,0,25,150,4216,4215,1,1,1,0,0,0,0,0,1,0,0,0,0,0,0,0,0,0,0,0,0,0,10,0,0,0,0,0,0,1
357,2,current,1,1,0,-999,-999,-999,-999,-999,-999,-999,-999,-999,-999,-999,-999,-999,-999,-999,-999,-999,-999,-999,-999,-999,-999,-999,-999,150,0,65,0,0,0,1,0,0,0,0,0,0,1,1,0,0,0,0,0,1,0,0,0,2,1,1,1,1,3,450,1,0,0,0,1,0,0,1,1,0,0,0,0,0,0,0,1,0,0,0,0,0,0,0,1,0,0,1,0,1,0,1,1,1,0,0,1,0,0,0,1,0,50,50,0,25,25,0,25,150,4216,4215,1,1,1,0,0,0,0,0,1,0,0,0,0,0,0,0,0,0,0,0,0,0,10,0,0,0,0,0,0,2
358,2,maas,2,0,0,0,0,0,0,0,0,0,0,0,0,0,0,0,0,0,0,0,0,0,0,0,1,0,1,10,1,59,0,0,0,1,0,0,0,0,0,1,0,0,0,1,0,0,0,1,0,1,0,3,1,2,1,1,4,1375,0,0,1,0,2,0,0,2,0,1,0,0,0,0,0,0,1,0,1,0,0,0,0,0,0,7,1,1,0,1,0,1,1,0,1,1,0,0,0,0,1,0,0,250,0,0,0,0,75,250,4209,4211,0,0,0,0,0,0,1,0,0,0,0,0,0,0,0,0,0,0,1,0,0,0,0,0,0,0,0,0,1,1
358,2,current,1,1,0,-999,-999,-999,-999,-999,-999,-999,-999,-999,-999,-999,-999,-999,-999,-999,-999,-999,-999,-999,-999,-999,-999,-999,-999,250,1,59,0,0,0,1,0,0,0,0,0,1,0,0,0,1,0,0,0,1,0,1,0,3,1,2,1,1,4,1375,0,0,1,0,2,0,0,2,0,1,0,0,0,0,0,0,1,0,1,0,0,0,0,0,0,7,1,1,0,1,0,1,1,0,1,1,0,0,0,0,1,0,0,250,0,0,0,0,75,250,4209,4211,0,0,0,0,0,0,1,0,0,0,0,0,0,0,0,0,0,0,1,0,0,0,0,0,0,0,0,0,1,2
359,2,maas,2,0,0,1,2,300,0,0,1,0,0,0,0,0,0,0,0,0,0,0,0,0,0,0,1,1,1,320,1,74,0,0,0,1,0,0,0,0,0,0,1,0,1,0,0,0,0,1,0,0,0,2,1,3,1,1,5,1375,0,0,1,0,3,0,1,2,0,1,0,0,1,0,0,0,1,1,0,1,0,0,0,0,0,7,1,1,0,1,0,1,1,1,0,0,0,1,0,1,1,1,5,150,25,0,25,0,75,205,4217,4215,1,1,1,0,0,0,0,1,1,0,0,0,0,0,0,0,1,1,0,0,0,0,280,0,0,0,0,0,0,1
359,2,current,1,1,0,-999,-999,-999,-999,-999,-999,-999,-999,-999,-999,-999,-999,-999,-999,-999,-999,-999,-999,-999,-999,-999,-999,-999,-999,205,1,74,0,0,0,1,0,0,0,0,0,0,1,0,1,0,0,0,0,1,0,0,0,2,1,3,1,1,5,1375,0,0,1,0,3,0,1,2,0,1,0,0,1,0,0,0,1,1,0,1,0,0,0,0,0,7,1,1,0,1,0,1,1,1,0,0,0,1,0,1,1,1,5,150,25,0,25,0,75,205,4217,4215,1,1,1,0,0,0,0,1,1,0,0,0,0,0,0,0,1,1,0,0,0,0,280,0,0,0,0,0,0,2
360,2,maas,2,0,0,0,0,0,0,0,0,0,0,0,0,0,0,0,0,0,0,0,0,0,1,0,0,0,0,20,0,63,0,0,0,1,0,0,0,0,0,1,0,1,0,0,0,0,0,1,0,0,0,3,1,1,1,1,3,4250,0,0,0,1,3,0,0,3,0,0,1,0,0,0,0,0,1,0,1,0,0,0,0,0,0,7,1,1,0,1,1,1,1,1,1,0,1,0,0,0,1,0,0,50,125,0,0,0,125,175,4133,4133,0,0,0,0,0,1,0,0,1,0,0,0,0,0,0,0,0,0,0,0,0,0,20,0,0,0,0,0,0,1
360,2,current,1,1,0,-999,-999,-999,-999,-999,-999,-999,-999,-999,-999,-999,-999,-999,-999,-999,-999,-999,-999,-999,-999,-999,-999,-999,-999,175,0,63,0,0,0,1,0,0,0,0,0,1,0,1,0,0,0,0,0,1,0,0,0,3,1,1,1,1,3,4250,0,0,0,1,3,0,0,3,0,0,1,0,0,0,0,0,1,0,1,0,0,0,0,0,0,7,1,1,0,1,1,1,1,1,1,0,1,0,0,0,1,0,0,50,125,0,0,0,125,175,4133,4133,0,0,0,0,0,1,0,0,1,0,0,0,0,0,0,0,0,0,0,0,0,0,20,0,0,0,0,0,0,2
361,2,maas,2,0,0,0,0,80,1,0,0,0,0,30,0,1,0,0,0,30,0,1,0,0,0,1,0,0,1,120,1,50,0,0,1,0,0,0,0,0,1,0,0,0,1,0,1,0,0,1,0,0,0,5,1,1,1,1,3,3250,0,0,0,1,5,1,0,4,0,1,1,0,1,0,0,0,1,0,1,0,0,0,0,0,0,7,1,1,0,1,0,1,1,1,1,1,0,1,0,1,1,1,15,50,75,0,0,0,75,140,4165,4000,1,0,1,0,0,0,0,0,1,0,0,0,0,1,1,0,0,0,0,0,0,0,0,0,0,0,0,0,1,1
361,2,current,1,1,0,-999,-999,-999,-999,-999,-999,-999,-999,-999,-999,-999,-999,-999,-999,-999,-999,-999,-999,-999,-999,-999,-999,-999,-999,140,1,50,0,0,1,0,0,0,0,0,1,0,0,0,1,0,1,0,0,1,0,0,0,5,1,1,1,1,3,3250,0,0,0,1,5,1,0,4,0,1,1,0,1,0,0,0,1,0,1,0,0,0,0,0,0,7,1,1,0,1,0,1,1,1,1,1,0,1,0,1,1,1,15,50,75,0,0,0,75,140,4165,4000,1,0,1,0,0,0,0,0,1,0,0,0,0,1,1,0,0,0,0,0,0,0,0,0,0,0,0,0,1,2
362,2,maas,2,1,1,0,0,0,0,0,0,0,0,0,0,0,0,0,0,0,0,0,0,0,0,1,0,0,0,0,1,51,0,0,1,0,0,0,0,0,1,0,0,0,1,0,0,0,0,1,0,1,0,6,1,1,1,1,3,1125,0,1,0,0,6,2,1,3,0,0,0,0,0,0,0,1,0,0,1,0,0,0,0,0,0,7,1,1,0,1,0,1,1,1,0,1,0,0,0,0,1,0,0,50,25,25,0,0,25,100,4178,4000,1,0,1,0,0,1,0,0,1,0,0,0,0,0,0,0,0,0,0,0,0,0,0,0,0,0,0,0,0,1
362,2,current,1,0,1,-999,-999,-999,-999,-999,-999,-999,-999,-999,-999,-999,-999,-999,-999,-999,-999,-999,-999,-999,-999,-999,-999,-999,-999,100,1,51,0,0,1,0,0,0,0,0,1,0,0,0,1,0,0,0,0,1,0,1,0,6,1,1,1,1,3,1125,0,1,0,0,6,2,1,3,0,0,0,0,0,0,0,1,0,0,1,0,0,0,0,0,0,7,1,1,0,1,0,1,1,1,0,1,0,0,0,0,1,0,0,50,25,25,0,0,25,100,4178,4000,1,0,1,0,0,1,0,0,1,0,0,0,0,0,0,0,0,0,0,0,0,0,0,0,0,0,0,0,0,2
363,2,maas,2,1,1,1,0,0,0,0,0,0,0,0,0,0,0,0,0,0,0,0,0,0,0,0,0,0,0,20,0,49,0,0,1,0,0,0,0,0,1,0,0,0,0,1,0,0,0,1,0,0,0,2,2,1,1,1,3,350,1,0,0,0,4,1,0,3,0,1,1,0,0,0,1,1,0,0,1,0,0,0,0,0,0,7,1,0,0,1,1,1,1,1,1,0,0,0,0,0,1,0,15,150,75,75,75,75,225,465,4017,4017,0,0,1,0,0,0,0,1,1,0,0,0,0,0,0,0,0,1,0,0,0,0,0,1,1,0,0,0,0,1
363,2,current,1,0,1,-999,-999,-999,-999,-999,-999,-999,-999,-999,-999,-999,-999,-999,-999,-999,-999,-999,-999,-999,-999,-999,-999,-999,-999,465,0,49,0,0,1,0,0,0,0,0,1,0,0,0,0,1,0,0,0,1,0,0,0,2,2,1,1,1,3,350,1,0,0,0,4,1,0,3,0,1,1,0,0,0,1,1,0,0,1,0,0,0,0,0,0,7,1,0,0,1,1,1,1,1,1,0,0,0,0,0,1,0,15,150,75,75,75,75,225,465,4017,4017,0,0,1,0,0,0,0,1,1,0,0,0,0,0,0,0,0,1,0,0,0,0,0,1,1,0,0,0,0,2
364,2,maas,2,1,1,1,0,0,0,0,0,0,0,0,0,0,0,0,0,30,0,1,0,0,0,0,0,0,0,50,1,21,1,0,0,0,0,1,0,0,0,0,0,0,1,0,1,1,0,0,1,0,0,1,1,2,3,5,10,1625,0,0,1,0,8,1,3,4,0,0,0,1,0,0,1,1,0,1,0,1,0,0,0,0,0,7,1,1,0,1,1,1,1,0,0,0,0,1,0,0,0,1,50,50,75,25,75,75,225,350,4157,4157,0,0,1,0,0,0,0,1,1,0,0,0,0,0,0,0,0,0,0,0,0,0,0,1,1,0,0,0,1,1
364,2,current,1,0,1,-999,-999,-999,-999,-999,-999,-999,-999,-999,-999,-999,-999,-999,-999,-999,-999,-999,-999,-999,-999,-999,-999,-999,-999,350,1,21,1,0,0,0,0,1,0,0,0,0,0,0,1,0,1,1,0,0,1,0,0,1,1,2,3,5,10,1625,0,0,1,0,8,1,3,4,0,0,0,1,0,0,1,1,0,1,0,1,0,0,0,0,0,7,1,1,0,1,1,1,1,0,0,0,0,1,0,0,0,1,50,50,75,25,75,75,225,350,4157,4157,0,0,1,0,0,0,0,1,1,0,0,0,0,0,0,0,0,0,0,0,0,0,0,1,1,0,0,0,1,2
365,2,maas,2,1,1,1,3,80,1,0,0,0,30,0,1,0,0,0,30,0,1,0,0,0,1,1,0,1,1,330,0,38,0,1,0,0,0,0,0,1,0,0,0,0,0,1,0,0,0,1,0,0,0,3,1,2,1,1,4,575,0,1,0,0,2,2,0,0,0,0,1,0,0,0,0,0,1,1,0,1,0,0,0,0,0,7,1,1,0,1,1,1,1,0,0,0,0,0,0,0,1,0,5,150,25,25,25,25,125,255,4127,4127,0,1,1,0,1,0,0,1,1,0,0,0,0,0,0,0,0,0,0,0,0,0,0,0,0,0,0,0,0,1
365,2,current,1,0,1,-999,-999,-999,-999,-999,-999,-999,-999,-999,-999,-999,-999,-999,-999,-999,-999,-999,-999,-999,-999,-999,-999,-999,-999,255,0,38,0,1,0,0,0,0,0,1,0,0,0,0,0,1,0,0,0,1,0,0,0,3,1,2,1,1,4,575,0,1,0,0,2,2,0,0,0,0,1,0,0,0,0,0,1,1,0,1,0,0,0,0,0,7,1,1,0,1,1,1,1,0,0,0,0,0,0,0,1,0,5,150,25,25,25,25,125,255,4127,4127,0,1,1,0,1,0,0,1,1,0,0,0,0,0,0,0,0,0,0,0,0,0,0,0,0,0,0,0,0,2
366,2,maas,2,1,1,1,0,0,0,0,0,0,0,0,0,0,0,0,0,0,0,0,0,0,0,1,0,0,1,20,0,52,0,0,1,0,0,0,0,0,1,0,0,0,1,0,0,0,0,1,0,0,0,4,1,1,1,2,4,2250,0,0,1,0,4,0,0,4,0,0,0,0,1,0,0,1,0,1,1,0,0,0,0,0,0,7,1,1,0,1,1,1,1,1,0,1,0,1,0,0,1,1,0,50,75,0,25,0,75,150,4217,4217,0,1,1,0,0,1,0,0,0,1,0,1,0,0,0,0,0,0,0,0,0,0,0,0,0,0,0,0,0,1
366,2,current,1,0,1,-999,-999,-999,-999,-999,-999,-999,-999,-999,-999,-999,-999,-999,-999,-999,-999,-999,-999,-999,-999,-999,-999,-999,-999,150,0,52,0,0,1,0,0,0,0,0,1,0,0,0,1,0,0,0,0,1,0,0,0,4,1,1,1,2,4,2250,0,0,1,0,4,0,0,4,0,0,0,0,1,0,0,1,0,1,1,0,0,0,0,0,0,7,1,1,0,1,1,1,1,1,0,1,0,1,0,0,1,1,0,50,75,0,25,0,75,150,4217,4217,0,1,1,0,0,1,0,0,0,1,0,1,0,0,0,0,0,0,0,0,0,0,0,0,0,0,0,0,0,2
367,2,maas,2,1,1,1,0,0,0,0,0,0,0,0,0,0,0,0,0,0,0,0,0,0,0,0,0,0,0,20,0,59,0,0,0,1,0,0,0,0,0,1,0,0,1,0,0,0,0,1,0,0,0,2,1,1,1,1,3,1125,0,1,0,0,2,0,0,2,0,0,0,0,0,1,0,0,1,0,1,0,0,0,0,0,0,7,1,1,0,1,1,1,1,1,1,1,0,0,0,0,1,0,5,50,175,25,25,0,175,280,4575,4551,0,1,1,0,0,0,0,1,0,0,0,0,0,0,1,0,0,0,0,0,0,0,0,0,0,0,0,0,0,1
367,2,current,1,0,1,-999,-999,-999,-999,-999,-999,-999,-999,-999,-999,-999,-999,-999,-999,-999,-999,-999,-999,-999,-999,-999,-999,-999,-999,280,0,59,0,0,0,1,0,0,0,0,0,1,0,0,1,0,0,0,0,1,0,0,0,2,1,1,1,1,3,1125,0,1,0,0,2,0,0,2,0,0,0,0,0,1,0,0,1,0,1,0,0,0,0,0,0,7,1,1,0,1,1,1,1,1,1,1,0,0,0,0,1,0,5,50,175,25,25,0,175,280,4575,4551,0,1,1,0,0,0,0,1,0,0,0,0,0,0,1,0,0,0,0,0,0,0,0,0,0,0,0,0,0,2
368,2,maas,2,1,1,1,2,0,0,0,0,0,0,0,0,0,0,0,0,0,0,0,0,0,0,0,0,0,0,100,1,46,0,0,1,0,0,0,0,0,1,0,0,0,0,1,0,0,0,1,0,0,0,2,1,1,1,1,3,1125,0,1,0,0,2,0,0,2,0,0,0,0,1,0,0,0,1,0,0,1,0,0,0,0,0,7,1,1,0,1,0,1,0,1,0,1,0,1,0,0,1,0,0,150,0,0,0,0,175,150,4165,4157,0,0,1,0,0,0,0,1,0,0,0,0,0,0,0,0,0,0,0,0,1,0,0,0,0,0,0,0,0,1
368,2,current,1,0,1,-999,-999,-999,-999,-999,-999,-999,-999,-999,-999,-999,-999,-999,-999,-999,-999,-999,-999,-999,-999,-999,-999,-999,-999,150,1,46,0,0,1,0,0,0,0,0,1,0,0,0,0,1,0,0,0,1,0,0,0,2,1,1,1,1,3,1125,0,1,0,0,2,0,0,2,0,0,0,0,1,0,0,0,1,0,0,1,0,0,0,0,0,7,1,1,0,1,0,1,0,1,0,1,0,1,0,0,1,0,0,150,0,0,0,0,175,150,4165,4157,0,0,1,0,0,0,0,1,0,0,0,0,0,0,0,0,0,0,0,0,1,0,0,0,0,0,0,0,0,2
369,2,maas,2,0,0,0,0,300,0,0,1,0,0,60,0,0,0,1,0,60,0,0,0,1,1,1,0,1,0,340,1,34,0,1,0,0,0,0,1,0,0,0,0,0,0,1,0,0,0,0,0,0,1,1,1,1,1,1,3,575,0,1,0,0,1,0,0,1,1,0,0,0,0,0,0,0,1,0,0,0,0,0,0,0,1,0,0,0,0,1,0,1,1,1,1,0,1,0,0,0,1,0,70,0,0,0,125,0,0,195,4560,4565,0,0,0,0,0,0,1,1,1,0,0,0,0,0,0,0,0,0,0,0,0,0,60,1,0,1,0,0,0,1
369,2,current,1,1,0,-999,-999,-999,-999,-999,-999,-999,-999,-999,-999,-999,-999,-999,-999,-999,-999,-999,-999,-999,-999,-999,-999,-999,-999,195,1,34,0,1,0,0,0,0,1,0,0,0,0,0,0,1,0,0,0,0,0,0,1,1,1,1,1,1,3,575,0,1,0,0,1,0,0,1,1,0,0,0,0,0,0,0,1,0,0,0,0,0,0,0,1,0,0,0,0,1,0,1,1,1,1,0,1,0,0,0,1,0,70,0,0,0,125,0,0,195,4560,4565,0,0,0,0,0,0,1,1,1,0,0,0,0,0,0,0,0,0,0,0,0,0,60,1,0,1,0,0,0,2
370,2,maas,2,1,1,0,0,0,0,0,0,0,0,0,0,0,0,0,0,0,0,0,0,0,1,0,1,1,0,40,1,42,0,0,1,0,0,0,0,1,0,0,0,0,0,1,0,0,0,1,0,0,0,2,1,1,1,1,3,2750,0,0,1,0,7,2,1,4,0,0,0,0,0,1,0,0,1,1,1,0,0,0,0,0,0,7,1,1,0,1,1,1,1,1,1,0,0,0,0,0,1,0,70,150,175,25,25,0,175,445,4133,4133,1,0,0,0,1,0,0,1,0,0,0,0,0,0,0,0,0,0,1,0,0,0,0,0,0,0,0,0,0,1
370,2,current,1,0,1,-999,-999,-999,-999,-999,-999,-999,-999,-999,-999,-999,-999,-999,-999,-999,-999,-999,-999,-999,-999,-999,-999,-999,-999,445,1,42,0,0,1,0,0,0,0,1,0,0,0,0,0,1,0,0,0,1,0,0,0,2,1,1,1,1,3,2750,0,0,1,0,7,2,1,4,0,0,0,0,0,1,0,0,1,1,1,0,0,0,0,0,0,7,1,1,0,1,1,1,1,1,1,0,0,0,0,0,1,0,70,150,175,25,25,0,175,445,4133,4133,1,0,0,0,1,0,0,1,0,0,0,0,0,0,0,0,0,0,1,0,0,0,0,0,0,0,0,0,0,2
371,2,maas,2,1,1,1,0,0,0,0,0,0,0,0,0,0,0,0,0,0,0,0,0,0,0,0,0,0,0,20,1,42,0,0,1,0,0,0,0,1,0,0,0,1,0,0,0,0,0,1,0,0,0,2,1,2,1,1,4,1625,0,0,1,0,1,0,0,1,1,0,0,0,0,0,0,0,1,1,1,0,0,0,0,0,0,7,1,1,0,1,0,1,1,1,1,1,0,0,1,1,1,1,30,250,25,25,25,0,125,355,4214,4000,0,1,0,0,0,0,0,1,0,0,0,0,0,0,0,0,0,0,0,1,0,0,0,0,0,0,0,0,0,1
371,2,current,1,0,1,-999,-999,-999,-999,-999,-999,-999,-999,-999,-999,-999,-999,-999,-999,-999,-999,-999,-999,-999,-999,-999,-999,-999,-999,355,1,42,0,0,1,0,0,0,0,1,0,0,0,1,0,0,0,0,0,1,0,0,0,2,1,2,1,1,4,1625,0,0,1,0,1,0,0,1,1,0,0,0,0,0,0,0,1,1,1,0,0,0,0,0,0,7,1,1,0,1,0,1,1,1,1,1,0,0,1,1,1,1,30,250,25,25,25,0,125,355,4214,4000,0,1,0,0,0,0,0,1,0,0,0,0,0,0,0,0,0,0,0,1,0,0,0,0,0,0,0,0,0,2
372,2,maas,2,1,1,1,3,80,1,0,0,0,60,0,0,0,1,0,0,30,0,1,0,0,1,0,1,1,1,340,1,37,0,1,0,0,0,0,0,1,0,0,0,0,0,1,0,0,0,1,0,0,0,2,1,1,1,1,3,1375,0,0,1,0,0,0,0,0,0,1,0,0,0,0,0,1,0,0,0,1,0,0,0,0,0,7,1,1,0,1,0,1,1,1,1,1,0,0,0,0,1,0,50,250,225,25,25,25,75,600,4573,4556,0,0,1,0,0,0,0,0,1,0,0,0,0,0,0,0,0,0,0,0,0,0,0,0,0,0,0,0,0,1
372,2,current,1,0,1,-999,-999,-999,-999,-999,-999,-999,-999,-999,-999,-999,-999,-999,-999,-999,-999,-999,-999,-999,-999,-999,-999,-999,-999,600,1,37,0,1,0,0,0,0,0,1,0,0,0,0,0,1,0,0,0,1,0,0,0,2,1,1,1,1,3,1375,0,0,1,0,0,0,0,0,0,1,0,0,0,0,0,1,0,0,0,1,0,0,0,0,0,7,1,1,0,1,0,1,1,1,1,1,0,0,0,0,1,0,50,250,225,25,25,25,75,600,4573,4556,0,0,1,0,0,0,0,0,1,0,0,0,0,0,0,0,0,0,0,0,0,0,0,0,0,0,0,0,0,2
373,2,maas,2,1,1,0,0,0,0,0,0,0,0,0,0,0,0,0,0,0,0,0,0,0,0,1,0,0,1,0,0,54,0,0,1,0,0,0,0,0,1,0,0,0,1,0,0,0,0,1,0,0,0,2,1,1,1,1,3,75,1,0,0,0,1,0,0,1,1,0,0,0,0,0,0,0,1,1,0,0,0,0,0,0,1,0,0,1,0,1,0,1,1,1,0,0,1,0,0,0,1,0,70,150,0,25,0,0,125,245,4567,4567,0,0,1,0,0,0,0,1,0,0,0,0,1,0,0,0,0,0,0,0,0,0,0,0,0,0,0,0,0,1
373,2,current,1,0,1,-999,-999,-999,-999,-999,-999,-999,-999,-999,-999,-999,-999,-999,-999,-999,-999,-999,-999,-999,-999,-999,-999,-999,-999,245,0,54,0,0,1,0,0,0,0,0,1,0,0,0,1,0,0,0,0,1,0,0,0,2,1,1,1,1,3,75,1,0,0,0,1,0,0,1,1,0,0,0,0,0,0,0,1,1,0,0,0,0,0,0,1,0,0,1,0,1,0,1,1,1,0,0,1,0,0,0,1,0,70,150,0,25,0,0,125,245,4567,4567,0,0,1,0,0,0,0,1,0,0,0,0,1,0,0,0,0,0,0,0,0,0,0,0,0,0,0,0,0,2
374,2,maas,2,0,0,1,0,80,1,0,0,0,0,60,0,0,0,1,0,0,0,0,0,0,1,1,0,1,1,170,1,59,0,0,0,1,0,0,0,0,0,1,0,0,1,0,0,0,0,1,1,1,0,1,1,1,1,1,3,575,0,1,0,0,1,0,0,1,1,0,0,0,0,0,0,0,1,0,0,0,0,0,0,0,1,0,0,0,1,0,0,0,1,1,1,0,1,1,0,0,0,0,5,50,25,25,0,0,0,105,4500,4500,1,0,0,0,0,0,0,0,0,0,0,0,0,0,0,0,0,0,1,0,0,0,5,0,0,0,0,0,0,1
374,2,current,1,1,0,-999,-999,-999,-999,-999,-999,-999,-999,-999,-999,-999,-999,-999,-999,-999,-999,-999,-999,-999,-999,-999,-999,-999,-999,105,1,59,0,0,0,1,0,0,0,0,0,1,0,0,1,0,0,0,0,1,1,1,0,1,1,1,1,1,3,575,0,1,0,0,1,0,0,1,1,0,0,0,0,0,0,0,1,0,0,0,0,0,0,0,1,0,0,0,1,0,0,0,1,1,1,0,1,1,0,0,0,0,5,50,25,25,0,0,0,105,4500,4500,1,0,0,0,0,0,0,0,0,0,0,0,0,0,0,0,0,0,1,0,0,0,5,0,0,0,0,0,0,2
375,2,maas,2,0,0,0,0,0,0,0,0,0,0,0,0,0,0,0,0,0,0,0,0,0,0,0,1,1,1,20,1,57,0,0,1,0,0,0,0,0,0,1,0,0,0,1,0,0,0,1,1,0,0,3,1,1,1,1,3,5500,0,0,0,1,2,0,0,2,0,1,0,0,0,0,0,0,1,1,1,0,0,0,0,0,0,7,1,1,0,1,1,1,1,1,0,0,1,0,0,0,1,0,0,150,25,25,25,25,75,250,4210,4211,0,1,1,1,0,0,0,1,1,0,0,0,1,0,0,0,0,0,0,0,0,0,20,0,0,0,0,0,0,1
375,2,current,1,1,0,-999,-999,-999,-999,-999,-999,-999,-999,-999,-999,-999,-999,-999,-999,-999,-999,-999,-999,-999,-999,-999,-999,-999,-999,250,1,57,0,0,1,0,0,0,0,0,0,1,0,0,0,1,0,0,0,1,1,0,0,3,1,1,1,1,3,5500,0,0,0,1,2,0,0,2,0,1,0,0,0,0,0,0,1,1,1,0,0,0,0,0,0,7,1,1,0,1,1,1,1,1,0,0,1,0,0,0,1,0,0,150,25,25,25,25,75,250,4210,4211,0,1,1,1,0,0,0,1,1,0,0,0,1,0,0,0,0,0,0,0,0,0,20,0,0,0,0,0,0,2
376,2,maas,2,0,0,0,0,80,1,0,0,0,0,0,0,0,0,0,0,0,0,0,0,0,0,1,0,1,1,80,0,68,0,0,0,1,0,0,0,0,0,0,1,0,0,1,0,0,0,1,0,0,0,2,1,1,1,1,3,1625,0,0,1,0,1,0,0,1,1,0,0,0,0,0,0,0,1,0,0,0,0,0,0,1,0,0,0,0,1,0,0,0,1,0,0,0,0,0,0,0,1,0,5,50,0,0,0,0,25,55,4218,4218,1,1,1,0,0,0,0,0,0,0,0,0,0,0,0,0,0,0,1,0,0,0,0,0,0,0,0,0,0,1
376,2,current,1,1,0,-999,-999,-999,-999,-999,-999,-999,-999,-999,-999,-999,-999,-999,-999,-999,-999,-999,-999,-999,-999,-999,-999,-999,-999,55,0,68,0,0,0,1,0,0,0,0,0,0,1,0,0,1,0,0,0,1,0,0,0,2,1,1,1,1,3,1625,0,0,1,0,1,0,0,1,1,0,0,0,0,0,0,0,1,0,0,0,0,0,0,1,0,0,0,0,1,0,0,0,1,0,0,0,0,0,0,0,1,0,5,50,0,0,0,0,25,55,4218,4218,1,1,1,0,0,0,0,0,0,0,0,0,0,0,0,0,0,0,1,0,0,0,0,0,0,0,0,0,0,2
377,2,maas,2,0,0,0,0,0,0,0,0,0,0,0,0,0,0,0,0,0,0,0,0,0,0,0,0,0,0,0,0,52,0,0,1,0,0,0,0,0,1,0,0,1,0,0,0,0,0,1,0,0,0,4,1,1,1,1,3,1625,0,0,1,0,3,0,0,3,0,0,0,1,0,0,0,0,1,0,0,0,0,0,0,0,1,0,0,1,0,1,1,1,1,1,1,0,0,1,0,0,1,1,5,50,0,25,25,0,75,105,4133,4103,1,1,1,0,0,0,0,1,0,0,0,0,0,0,0,0,1,0,0,0,0,0,0,1,1,0,0,0,1,1
377,2,current,1,1,0,-999,-999,-999,-999,-999,-999,-999,-999,-999,-999,-999,-999,-999,-999,-999,-999,-999,-999,-999,-999,-999,-999,-999,-999,105,0,52,0,0,1,0,0,0,0,0,1,0,0,1,0,0,0,0,0,1,0,0,0,4,1,1,1,1,3,1625,0,0,1,0,3,0,0,3,0,0,0,1,0,0,0,0,1,0,0,0,0,0,0,0,1,0,0,1,0,1,1,1,1,1,1,0,0,1,0,0,1,1,5,50,0,25,25,0,75,105,4133,4103,1,1,1,0,0,0,0,1,0,0,0,0,0,0,0,0,1,0,0,0,0,0,0,1,1,0,0,0,1,2
378,2,maas,2,1,1,0,0,400,0,0,0,1,60,0,0,0,1,0,60,0,0,0,1,0,0,1,0,1,1,430,0,34,0,1,0,0,0,0,1,0,0,0,0,0,1,0,0,0,0,1,0,0,0,3,1,1,1,1,3,3750,0,0,0,1,4,0,0,4,0,1,0,0,0,1,0,1,0,1,1,0,0,0,0,0,0,7,1,1,0,1,0,1,1,1,1,0,1,0,0,0,1,0,0,150,25,25,125,25,225,350,4179,4179,0,1,1,1,1,0,0,1,0,0,1,1,0,0,0,0,0,0,0,0,0,0,0,0,0,0,0,0,0,1
378,2,current,1,0,1,-999,-999,-999,-999,-999,-999,-999,-999,-999,-999,-999,-999,-999,-999,-999,-999,-999,-999,-999,-999,-999,-999,-999,-999,350,0,34,0,1,0,0,0,0,1,0,0,0,0,0,1,0,0,0,0,1,0,0,0,3,1,1,1,1,3,3750,0,0,0,1,4,0,0,4,0,1,0,0,0,1,0,1,0,1,1,0,0,0,0,0,0,7,1,1,0,1,0,1,1,1,1,0,1,0,0,0,1,0,0,150,25,25,125,25,225,350,4179,4179,0,1,1,1,1,0,0,1,0,0,1,1,0,0,0,0,0,0,0,0,0,0,0,0,0,0,0,0,0,2
379,2,maas,2,1,1,0,5,0,0,0,0,0,60,0,0,0,1,0,0,0,0,0,0,0,1,0,1,1,1,300,0,18,1,0,0,0,0,1,0,0,0,0,0,0,0,1,0,0,0,1,0,0,0,3,2,1,1,1,3,350,1,0,0,0,4,1,1,2,0,0,0,0,1,0,0,1,0,1,1,1,0,0,0,0,0,7,1,1,0,1,1,1,1,0,0,0,0,1,0,1,0,1,15,50,25,75,25,25,75,215,4118,4118,1,1,0,0,0,0,0,1,1,0,0,0,0,0,0,0,0,0,0,0,0,0,0,1,1,0,0,0,0,1
379,2,current,1,0,1,-999,-999,-999,-999,-999,-999,-999,-999,-999,-999,-999,-999,-999,-999,-999,-999,-999,-999,-999,-999,-999,-999,-999,-999,215,0,18,1,0,0,0,0,1,0,0,0,0,0,0,0,1,0,0,0,1,0,0,0,3,2,1,1,1,3,350,1,0,0,0,4,1,1,2,0,0,0,0,1,0,0,1,0,1,1,1,0,0,0,0,0,7,1,1,0,1,1,1,1,0,0,0,0,1,0,1,0,1,15,50,25,75,25,25,75,215,4118,4118,1,1,0,0,0,0,0,1,1,0,0,0,0,0,0,0,0,0,0,0,0,0,0,1,1,0,0,0,0,2
380,2,maas,2,1,1,1,0,0,0,0,0,0,0,0,0,0,0,0,0,0,0,0,0,0,0,1,0,1,1,30,0,44,0,0,1,0,0,0,0,1,0,0,0,0,1,0,0,0,0,1,0,0,0,2,1,1,1,1,3,2750,0,0,1,0,5,1,0,4,0,1,1,0,0,0,0,0,1,0,1,0,0,0,0,0,0,7,1,1,0,1,1,1,1,1,1,1,0,0,0,0,1,0,0,50,25,0,25,0,75,100,4510,4510,1,1,1,0,0,0,0,1,0,0,0,0,0,0,0,0,0,0,0,0,1,0,0,0,0,0,0,0,0,1
380,2,current,1,0,1,-999,-999,-999,-999,-999,-999,-999,-999,-999,-999,-999,-999,-999,-999,-999,-999,-999,-999,-999,-999,-999,-999,-999,-999,100,0,44,0,0,1,0,0,0,0,1,0,0,0,0,1,0,0,0,0,1,0,0,0,2,1,1,1,1,3,2750,0,0,1,0,5,1,0,4,0,1,1,0,0,0,0,0,1,0,1,0,0,0,0,0,0,7,1,1,0,1,1,1,1,1,1,1,0,0,0,0,1,0,0,50,25,0,25,0,75,100,4510,4510,1,1,1,0,0,0,0,1,0,0,0,0,0,0,0,0,0,0,0,0,1,0,0,0,0,0,0,0,0,2
381,2,maas,2,1,1,0,0,0,0,0,0,0,0,0,0,0,0,0,0,0,0,0,0,0,0,1,0,0,0,0,0,54,0,0,1,0,0,0,0,0,1,0,0,0,1,0,0,0,0,1,0,0,0,2,1,1,1,1,3,575,0,1,0,0,1,0,0,1,1,0,0,0,0,0,0,0,1,1,0,0,0,0,0,0,1,0,0,1,0,1,0,1,1,1,0,0,1,0,0,0,1,0,70,250,175,25,0,0,125,520,4567,4567,0,0,0,0,0,0,1,1,1,0,0,0,0,0,0,0,0,0,0,0,0,0,0,0,0,0,0,0,0,1
381,2,current,1,0,1,-999,-999,-999,-999,-999,-999,-999,-999,-999,-999,-999,-999,-999,-999,-999,-999,-999,-999,-999,-999,-999,-999,-999,-999,520,0,54,0,0,1,0,0,0,0,0,1,0,0,0,1,0,0,0,0,1,0,0,0,2,1,1,1,1,3,575,0,1,0,0,1,0,0,1,1,0,0,0,0,0,0,0,1,1,0,0,0,0,0,0,1,0,0,1,0,1,0,1,1,1,0,0,1,0,0,0,1,0,70,250,175,25,0,0,125,520,4567,4567,0,0,0,0,0,0,1,1,1,0,0,0,0,0,0,0,0,0,0,0,0,0,0,0,0,0,0,0,0,2
382,2,maas,2,0,0,1,0,0,0,0,0,0,0,0,0,0,0,0,0,0,0,0,0,0,0,0,0,0,0,20,0,28,0,1,0,0,0,0,1,0,0,0,0,1,0,0,0,0,0,1,0,0,0,4,1,1,1,1,3,725,0,1,0,0,3,0,0,3,0,0,0,0,0,1,0,0,1,0,0,1,0,0,0,0,0,7,1,1,0,1,0,1,1,1,0,1,0,0,0,0,1,0,5,250,25,25,25,25,25,355,4215,4215,1,1,1,0,0,1,0,1,1,0,0,0,0,0,0,0,0,0,0,0,0,0,10,1,0,1,0,0,0,1
382,2,current,1,1,0,-999,-999,-999,-999,-999,-999,-999,-999,-999,-999,-999,-999,-999,-999,-999,-999,-999,-999,-999,-999,-999,-999,-999,-999,355,0,28,0,1,0,0,0,0,1,0,0,0,0,1,0,0,0,0,0,1,0,0,0,4,1,1,1,1,3,725,0,1,0,0,3,0,0,3,0,0,0,0,0,1,0,0,1,0,0,1,0,0,0,0,0,7,1,1,0,1,0,1,1,1,0,1,0,0,0,0,1,0,5,250,25,25,25,25,25,355,4215,4215,1,1,1,0,0,1,0,1,1,0,0,0,0,0,0,0,0,0,0,0,0,0,10,1,0,1,0,0,0,2
383,2,maas,2,1,1,1,0,0,0,0,0,0,0,0,0,0,0,0,0,0,0,0,0,0,0,0,1,1,0,40,1,39,0,1,0,0,0,0,0,1,0,0,0,0,1,0,0,0,0,1,0,0,0,2,2,1,1,1,3,450,1,0,0,0,2,0,1,1,0,0,1,0,0,0,0,1,0,1,1,0,0,0,0,0,0,7,1,1,0,1,1,1,1,0,0,0,0,1,1,1,0,0,15,250,125,25,125,75,25,615,4115,4116,0,1,1,0,0,1,0,1,0,1,0,1,0,1,0,0,0,0,0,0,0,0,0,1,1,0,0,0,1,1
383,2,current,1,0,1,-999,-999,-999,-999,-999,-999,-999,-999,-999,-999,-999,-999,-999,-999,-999,-999,-999,-999,-999,-999,-999,-999,-999,-999,615,1,39,0,1,0,0,0,0,0,1,0,0,0,0,1,0,0,0,0,1,0,0,0,2,2,1,1,1,3,450,1,0,0,0,2,0,1,1,0,0,1,0,0,0,0,1,0,1,1,0,0,0,0,0,0,7,1,1,0,1,1,1,1,0,0,0,0,1,1,1,0,0,15,250,125,25,125,75,25,615,4115,4116,0,1,1,0,0,1,0,1,0,1,0,1,0,1,0,0,0,0,0,0,0,0,0,1,1,0,0,0,1,2
384,2,maas,2,0,0,0,0,80,1,0,0,0,0,0,0,0,0,0,0,0,0,0,0,0,0,0,0,0,0,70,1,50,0,0,1,0,0,0,0,0,1,0,0,1,0,0,0,0,0,1,0,0,0,3,1,3,1,1,5,1125,0,1,0,0,3,1,0,2,0,1,1,0,0,0,1,0,1,0,1,0,0,0,0,0,0,7,1,1,0,1,1,1,1,1,0,0,0,0,0,0,1,0,5,50,25,25,0,0,125,105,4226,4226,0,1,1,0,0,0,0,0,1,0,0,0,0,0,0,0,0,0,0,0,0,0,30,0,0,0,0,0,0,1
384,2,current,1,1,0,-999,-999,-999,-999,-999,-999,-999,-999,-999,-999,-999,-999,-999,-999,-999,-999,-999,-999,-999,-999,-999,-999,-999,-999,105,1,50,0,0,1,0,0,0,0,0,1,0,0,1,0,0,0,0,0,1,0,0,0,3,1,3,1,1,5,1125,0,1,0,0,3,1,0,2,0,1,1,0,0,0,1,0,1,0,1,0,0,0,0,0,0,7,1,1,0,1,1,1,1,1,0,0,0,0,0,0,1,0,5,50,25,25,0,0,125,105,4226,4226,0,1,1,0,0,0,0,0,1,0,0,0,0,0,0,0,0,0,0,0,0,0,30,0,0,0,0,0,0,2
385,2,maas,2,1,1,0,0,0,0,0,0,0,0,0,0,0,0,0,0,0,0,0,0,0,0,1,0,1,1,10,0,78,0,0,0,0,1,0,0,0,0,0,1,0,1,0,0,0,0,1,0,0,0,2,1,1,1,1,3,1625,0,0,1,0,2,0,0,2,0,1,0,0,0,0,0,0,1,1,0,0,0,0,0,1,0,0,0,1,0,1,1,1,1,1,0,0,0,0,0,1,1,1,15,50,75,125,0,0,175,265,4159,4131,1,0,1,0,0,1,0,1,0,0,0,0,0,0,0,0,0,0,0,1,0,0,0,0,0,0,0,0,0,1
385,2,current,1,0,1,-999,-999,-999,-999,-999,-999,-999,-999,-999,-999,-999,-999,-999,-999,-999,-999,-999,-999,-999,-999,-999,-999,-999,-999,265,0,78,0,0,0,0,1,0,0,0,0,0,1,0,1,0,0,0,0,1,0,0,0,2,1,1,1,1,3,1625,0,0,1,0,2,0,0,2,0,1,0,0,0,0,0,0,1,1,0,0,0,0,0,1,0,0,0,1,0,1,1,1,1,1,0,0,0,0,0,1,1,1,15,50,75,125,0,0,175,265,4159,4131,1,0,1,0,0,1,0,1,0,0,0,0,0,0,0,0,0,0,0,1,0,0,0,0,0,0,0,0,0,2
386,2,maas,2,1,1,0,0,0,0,0,0,0,0,0,0,0,0,0,0,0,0,0,0,0,0,1,0,0,1,0,1,20,1,0,0,0,0,1,0,0,0,0,0,0,0,1,1,1,0,1,0,0,0,2,1,3,1,1,5,575,0,1,0,0,2,0,1,1,0,0,0,0,1,0,0,0,1,1,0,1,0,0,0,0,0,7,1,1,0,1,1,1,1,1,1,1,0,1,0,1,1,1,15,350,225,25,25,0,125,640,4067,4000,1,1,1,0,0,1,0,1,0,0,0,0,0,0,0,0,0,0,1,0,0,0,0,0,0,0,0,0,0,1
386,2,current,1,0,1,-999,-999,-999,-999,-999,-999,-999,-999,-999,-999,-999,-999,-999,-999,-999,-999,-999,-999,-999,-999,-999,-999,-999,-999,640,1,20,1,0,0,0,0,1,0,0,0,0,0,0,0,1,1,1,0,1,0,0,0,2,1,3,1,1,5,575,0,1,0,0,2,0,1,1,0,0,0,0,1,0,0,0,1,1,0,1,0,0,0,0,0,7,1,1,0,1,1,1,1,1,1,1,0,1,0,1,1,1,15,350,225,25,25,0,125,640,4067,4000,1,1,1,0,0,1,0,1,0,0,0,0,0,0,0,0,0,0,1,0,0,0,0,0,0,0,0,0,0,2
387,2,maas,2,0,0,1,0,0,0,0,0,0,0,0,0,0,0,0,60,0,0,0,1,0,0,0,0,0,0,100,1,18,1,0,0,0,0,1,0,0,0,0,0,0,0,1,0,0,0,1,0,0,0,4,1,2,1,1,4,2250,0,0,1,0,4,0,2,2,0,0,0,1,0,0,1,1,0,1,0,1,0,0,0,0,0,7,1,1,0,1,1,1,1,1,0,1,0,0,0,1,0,1,15,150,75,0,25,25,0,290,4509,4509,1,1,0,0,1,0,0,1,0,1,0,0,0,0,0,0,0,0,0,0,0,0,150,0,0,0,0,0,1,1
387,2,current,1,1,0,-999,-999,-999,-999,-999,-999,-999,-999,-999,-999,-999,-999,-999,-999,-999,-999,-999,-999,-999,-999,-999,-999,-999,-999,290,1,18,1,0,0,0,0,1,0,0,0,0,0,0,0,1,0,0,0,1,0,0,0,4,1,2,1,1,4,2250,0,0,1,0,4,0,2,2,0,0,0,1,0,0,1,1,0,1,0,1,0,0,0,0,0,7,1,1,0,1,1,1,1,1,0,1,0,0,0,1,0,1,15,150,75,0,25,25,0,290,4509,4509,1,1,0,0,1,0,0,1,0,1,0,0,0,0,0,0,0,0,0,0,0,0,150,0,0,0,0,0,1,2
388,2,maas,2,1,1,1,0,0,0,0,0,0,0,0,0,0,0,0,0,0,0,0,0,0,0,1,0,0,0,20,1,50,0,0,1,0,0,0,0,0,1,0,0,1,0,0,0,0,0,1,0,0,0,2,1,1,1,1,3,3750,0,0,0,1,5,2,1,2,0,1,1,0,0,0,1,0,1,0,1,0,0,0,0,0,0,7,1,1,0,1,1,0,1,1,0,1,0,0,0,0,1,0,15,350,0,0,0,0,125,365,4054,4305,1,1,1,0,0,0,0,0,1,0,0,0,0,0,0,0,0,0,0,0,0,0,0,0,0,0,0,0,0,1
388,2,current,1,0,1,-999,-999,-999,-999,-999,-999,-999,-999,-999,-999,-999,-999,-999,-999,-999,-999,-999,-999,-999,-999,-999,-999,-999,-999,365,1,50,0,0,1,0,0,0,0,0,1,0,0,1,0,0,0,0,0,1,0,0,0,2,1,1,1,1,3,3750,0,0,0,1,5,2,1,2,0,1,1,0,0,0,1,0,1,0,1,0,0,0,0,0,0,7,1,1,0,1,1,0,1,1,0,1,0,0,0,0,1,0,15,350,0,0,0,0,125,365,4054,4305,1,1,1,0,0,0,0,0,1,0,0,0,0,0,0,0,0,0,0,0,0,0,0,0,0,0,0,0,0,2
389,2,maas,2,1,1,1,0,0,0,0,0,0,0,0,0,0,0,0,0,0,0,0,0,0,0,0,0,0,0,20,1,46,0,0,1,0,0,0,0,0,1,0,0,1,0,0,0,0,0,1,0,0,0,2,1,2,2,1,5,1125,0,1,0,0,3,1,0,2,0,1,1,0,0,0,0,0,1,1,0,0,0,1,0,0,1,0,0,1,0,1,0,1,1,1,0,0,0,0,0,0,1,0,5,50,0,0,0,0,225,55,4109,4109,1,0,1,0,0,0,0,1,0,0,0,0,0,0,0,0,0,0,0,0,1,0,0,0,0,0,0,0,0,1
389,2,current,1,0,1,-999,-999,-999,-999,-999,-999,-999,-999,-999,-999,-999,-999,-999,-999,-999,-999,-999,-999,-999,-999,-999,-999,-999,-999,55,1,46,0,0,1,0,0,0,0,0,1,0,0,1,0,0,0,0,0,1,0,0,0,2,1,2,2,1,5,1125,0,1,0,0,3,1,0,2,0,1,1,0,0,0,0,0,1,1,0,0,0,1,0,0,1,0,0,1,0,1,0,1,1,1,0,0,0,0,0,0,1,0,5,50,0,0,0,0,225,55,4109,4109,1,0,1,0,0,0,0,1,0,0,0,0,0,0,0,0,0,0,0,0,1,0,0,0,0,0,0,0,0,2
390,2,maas,2,1,1,1,0,0,0,0,0,0,0,0,0,0,0,0,0,0,0,0,0,0,0,0,0,0,0,20,1,83,0,0,0,0,1,0,0,0,0,0,1,1,0,0,0,0,0,1,0,0,0,2,1,1,1,1,3,1375,0,0,1,0,2,0,0,2,0,1,0,0,0,0,0,0,1,1,0,1,0,0,0,0,0,7,1,1,0,1,1,1,1,0,0,1,0,0,0,1,0,0,15,50,75,0,0,0,75,140,4116,4103,1,0,1,0,0,1,0,1,1,0,1,0,0,0,0,1,0,0,0,0,0,0,0,0,0,0,0,0,0,1
390,2,current,1,0,1,-999,-999,-999,-999,-999,-999,-999,-999,-999,-999,-999,-999,-999,-999,-999,-999,-999,-999,-999,-999,-999,-999,-999,-999,140,1,83,0,0,0,0,1,0,0,0,0,0,1,1,0,0,0,0,0,1,0,0,0,2,1,1,1,1,3,1375,0,0,1,0,2,0,0,2,0,1,0,0,0,0,0,0,1,1,0,1,0,0,0,0,0,7,1,1,0,1,1,1,1,0,0,1,0,0,0,1,0,0,15,50,75,0,0,0,75,140,4116,4103,1,0,1,0,0,1,0,1,1,0,1,0,0,0,0,1,0,0,0,0,0,0,0,0,0,0,0,0,0,2
391,2,maas,2,1,1,0,0,0,0,0,0,0,0,0,0,0,0,0,0,0,0,0,0,0,0,1,0,0,1,0,0,42,0,0,1,0,0,0,0,1,0,0,0,0,1,0,0,0,0,1,0,0,0,3,1,1,1,1,3,2250,0,0,1,0,5,2,1,2,0,0,0,0,1,0,0,0,1,1,0,1,0,0,0,0,0,7,1,1,0,1,0,1,1,1,1,1,0,0,0,0,1,0,5,350,25,0,25,0,125,405,4218,4218,1,1,1,0,0,1,0,0,1,0,0,0,0,0,0,0,0,0,0,0,0,0,0,0,0,0,0,0,1,1
391,2,current,1,0,1,-999,-999,-999,-999,-999,-999,-999,-999,-999,-999,-999,-999,-999,-999,-999,-999,-999,-999,-999,-999,-999,-999,-999,-999,405,0,42,0,0,1,0,0,0,0,1,0,0,0,0,1,0,0,0,0,1,0,0,0,3,1,1,1,1,3,2250,0,0,1,0,5,2,1,2,0,0,0,0,1,0,0,0,1,1,0,1,0,0,0,0,0,7,1,1,0,1,0,1,1,1,1,1,0,0,0,0,1,0,5,350,25,0,25,0,125,405,4218,4218,1,1,1,0,0,1,0,0,1,0,0,0,0,0,0,0,0,0,0,0,0,0,0,0,0,0,0,0,1,2
392,2,maas,2,1,1,1,0,0,0,0,0,0,0,0,0,0,0,0,0,0,0,0,0,0,0,0,0,0,0,20,1,72,0,0,0,1,0,0,0,0,0,0,1,0,0,1,0,0,0,1,0,0,0,2,1,1,1,1,3,850,0,1,0,0,1,0,0,1,1,0,0,0,0,0,0,0,1,0,0,0,0,0,0,1,0,0,0,1,0,1,0,1,1,1,0,0,1,0,0,0,1,0,5,150,0,25,25,0,75,205,4018,4018,1,1,1,0,0,0,0,0,1,0,0,0,0,1,0,0,1,0,0,0,0,0,0,0,0,0,0,0,0,1
392,2,current,1,0,1,-999,-999,-999,-999,-999,-999,-999,-999,-999,-999,-999,-999,-999,-999,-999,-999,-999,-999,-999,-999,-999,-999,-999,-999,205,1,72,0,0,0,1,0,0,0,0,0,0,1,0,0,1,0,0,0,1,0,0,0,2,1,1,1,1,3,850,0,1,0,0,1,0,0,1,1,0,0,0,0,0,0,0,1,0,0,0,0,0,0,1,0,0,0,1,0,1,0,1,1,1,0,0,1,0,0,0,1,0,5,150,0,25,25,0,75,205,4018,4018,1,1,1,0,0,0,0,0,1,0,0,0,0,1,0,0,1,0,0,0,0,0,0,0,0,0,0,0,0,2
393,2,maas,2,0,0,1,4,80,1,0,0,0,0,0,0,0,0,0,0,0,0,0,0,0,0,1,0,1,1,260,0,62,0,0,0,1,0,0,0,0,0,1,0,1,0,0,0,0,0,1,0,0,0,2,1,1,1,1,3,1875,0,0,1,0,1,0,0,1,1,0,0,0,0,0,0,0,1,0,0,0,0,0,0,0,1,0,0,1,0,1,0,1,1,1,0,0,1,0,0,0,1,0,0,50,0,0,0,0,125,50,4160,4151,0,1,1,0,0,0,0,1,1,0,0,0,0,1,0,0,1,0,0,0,0,0,200,0,0,0,0,0,0,1
393,2,current,1,1,0,-999,-999,-999,-999,-999,-999,-999,-999,-999,-999,-999,-999,-999,-999,-999,-999,-999,-999,-999,-999,-999,-999,-999,-999,50,0,62,0,0,0,1,0,0,0,0,0,1,0,1,0,0,0,0,0,1,0,0,0,2,1,1,1,1,3,1875,0,0,1,0,1,0,0,1,1,0,0,0,0,0,0,0,1,0,0,0,0,0,0,0,1,0,0,1,0,1,0,1,1,1,0,0,1,0,0,0,1,0,0,50,0,0,0,0,125,50,4160,4151,0,1,1,0,0,0,0,1,1,0,0,0,0,1,0,0,1,0,0,0,0,0,200,0,0,0,0,0,0,2
394,2,maas,2,1,1,1,0,0,0,0,0,0,0,0,0,0,0,0,0,0,0,0,0,0,0,1,0,1,1,30,1,65,0,0,0,1,0,0,0,0,0,0,1,0,1,0,0,0,0,1,0,0,0,3,1,1,1,1,3,1625,0,0,1,0,3,0,0,3,0,1,1,0,0,0,0,0,1,0,0,1,0,0,0,0,0,7,1,1,0,1,1,1,1,0,0,1,0,0,0,0,1,0,15,50,25,75,25,0,125,190,4014,4017,1,1,1,0,0,0,0,1,0,0,0,0,0,0,0,0,0,0,0,0,1,0,0,0,0,0,0,0,0,1
394,2,current,1,0,1,-999,-999,-999,-999,-999,-999,-999,-999,-999,-999,-999,-999,-999,-999,-999,-999,-999,-999,-999,-999,-999,-999,-999,-999,190,1,65,0,0,0,1,0,0,0,0,0,0,1,0,1,0,0,0,0,1,0,0,0,3,1,1,1,1,3,1625,0,0,1,0,3,0,0,3,0,1,1,0,0,0,0,0,1,0,0,1,0,0,0,0,0,7,1,1,0,1,1,1,1,0,0,1,0,0,0,0,1,0,15,50,25,75,25,0,125,190,4014,4017,1,1,1,0,0,0,0,1,0,0,0,0,0,0,0,0,0,0,0,0,1,0,0,0,0,0,0,0,0,2
395,2,maas,2,0,0,0,1,0,0,0,0,0,0,0,0,0,0,0,0,0,0,0,0,0,0,0,0,0,0,40,0,50,0,0,1,0,0,0,0,0,1,0,0,0,1,0,0,0,0,1,0,0,0,3,1,1,1,1,3,2750,0,0,1,0,2,0,0,2,0,1,0,0,0,0,0,0,1,0,0,1,0,0,0,0,0,7,1,1,0,1,1,0,1,0,0,1,0,0,0,0,1,0,0,250,25,25,25,0,175,325,4157,4163,0,1,0,0,0,0,0,1,1,0,0,0,0,0,0,0,0,0,0,0,0,0,20,0,0,0,0,0,0,1
395,2,current,1,1,0,-999,-999,-999,-999,-999,-999,-999,-999,-999,-999,-999,-999,-999,-999,-999,-999,-999,-999,-999,-999,-999,-999,-999,-999,325,0,50,0,0,1,0,0,0,0,0,1,0,0,0,1,0,0,0,0,1,0,0,0,3,1,1,1,1,3,2750,0,0,1,0,2,0,0,2,0,1,0,0,0,0,0,0,1,0,0,1,0,0,0,0,0,7,1,1,0,1,1,0,1,0,0,1,0,0,0,0,1,0,0,250,25,25,25,0,175,325,4157,4163,0,1,0,0,0,0,0,1,1,0,0,0,0,0,0,0,0,0,0,0,0,0,20,0,0,0,0,0,0,2
396,2,maas,2,0,0,0,0,0,0,0,0,0,0,0,0,0,0,0,0,0,0,0,0,0,0,1,0,0,0,0,0,75,0,0,0,1,0,0,0,0,0,0,1,0,0,1,0,0,0,1,0,0,0,2,1,1,1,1,3,450,1,0,0,0,1,0,0,1,1,0,0,0,0,0,0,0,1,0,0,0,0,0,0,1,0,0,0,0,1,0,0,0,1,0,0,0,0,0,0,0,1,0,0,50,0,0,0,0,25,50,4224,4221,0,0,0,0,0,0,1,0,1,0,0,0,0,0,0,0,0,0,0,0,0,0,0,0,0,0,0,0,0,1
396,2,current,1,1,0,-999,-999,-999,-999,-999,-999,-999,-999,-999,-999,-999,-999,-999,-999,-999,-999,-999,-999,-999,-999,-999,-999,-999,-999,50,0,75,0,0,0,1,0,0,0,0,0,0,1,0,0,1,0,0,0,1,0,0,0,2,1,1,1,1,3,450,1,0,0,0,1,0,0,1,1,0,0,0,0,0,0,0,1,0,0,0,0,0,0,1,0,0,0,0,1,0,0,0,1,0,0,0,0,0,0,0,1,0,0,50,0,0,0,0,25,50,4224,4221,0,0,0,0,0,0,1,0,1,0,0,0,0,0,0,0,0,0,0,0,0,0,0,0,0,0,0,0,0,2
397,2,maas,2,1,1,1,0,0,0,0,0,0,0,0,0,0,0,0,0,0,0,0,0,0,0,0,0,0,0,20,1,72,0,0,0,1,0,0,0,0,0,0,1,0,1,0,0,0,0,1,0,0,0,2,1,1,1,1,3,350,1,0,0,0,4,1,0,3,0,1,1,0,0,0,0,0,1,0,0,0,0,0,0,1,0,0,0,1,0,1,1,1,1,0,0,0,0,1,0,1,0,0,5,50,0,0,0,0,75,55,4067,4067,1,0,1,0,0,0,0,0,0,0,0,0,0,0,0,0,1,0,0,0,0,0,0,0,0,0,0,0,0,1
397,2,current,1,0,1,-999,-999,-999,-999,-999,-999,-999,-999,-999,-999,-999,-999,-999,-999,-999,-999,-999,-999,-999,-999,-999,-999,-999,-999,55,1,72,0,0,0,1,0,0,0,0,0,0,1,0,1,0,0,0,0,1,0,0,0,2,1,1,1,1,3,350,1,0,0,0,4,1,0,3,0,1,1,0,0,0,0,0,1,0,0,0,0,0,0,1,0,0,0,1,0,1,1,1,1,0,0,0,0,1,0,1,0,0,5,50,0,0,0,0,75,55,4067,4067,1,0,1,0,0,0,0,0,0,0,0,0,0,0,0,0,1,0,0,0,0,0,0,0,0,0,0,0,0,2
398,2,maas,2,0,0,1,0,0,0,0,0,0,0,0,0,0,0,0,0,0,0,0,0,0,0,0,0,0,0,20,1,37,0,1,0,0,0,0,0,1,0,0,0,1,0,0,0,0,0,1,0,0,0,3,1,1,1,1,3,3250,0,0,0,1,5,4,0,1,0,0,1,0,0,0,0,0,1,1,1,0,0,0,0,0,0,7,1,1,0,1,1,1,1,1,0,0,0,0,0,0,1,0,5,150,125,175,125,125,125,705,4178,4178,1,1,1,0,0,0,0,1,1,0,0,0,0,0,0,1,0,1,0,0,0,0,5,0,0,0,0,0,0,1
398,2,current,1,1,0,-999,-999,-999,-999,-999,-999,-999,-999,-999,-999,-999,-999,-999,-999,-999,-999,-999,-999,-999,-999,-999,-999,-999,-999,705,1,37,0,1,0,0,0,0,0,1,0,0,0,1,0,0,0,0,0,1,0,0,0,3,1,1,1,1,3,3250,0,0,0,1,5,4,0,1,0,0,1,0,0,0,0,0,1,1,1,0,0,0,0,0,0,7,1,1,0,1,1,1,1,1,0,0,0,0,0,0,1,0,5,150,125,175,125,125,125,705,4178,4178,1,1,1,0,0,0,0,1,1,0,0,0,0,0,0,1,0,1,0,0,0,0,5,0,0,0,0,0,0,2
399,2,maas,2,0,0,0,0,80,1,0,0,0,30,0,1,0,0,0,30,0,1,0,0,0,1,1,0,0,0,180,1,77,0,0,0,0,1,0,0,0,0,0,1,0,1,0,0,0,0,1,0,0,0,2,1,1,1,1,3,725,0,1,0,0,2,0,0,2,0,1,0,0,0,0,0,0,1,0,0,0,0,0,0,1,0,0,0,1,0,0,0,1,1,1,0,0,0,0,0,1,1,1,5,50,25,0,0,0,125,80,4518,4029,0,0,0,0,0,0,1,0,1,0,0,0,0,0,1,0,1,0,0,0,0,0,200,0,0,0,0,0,0,1
399,2,current,1,1,0,-999,-999,-999,-999,-999,-999,-999,-999,-999,-999,-999,-999,-999,-999,-999,-999,-999,-999,-999,-999,-999,-999,-999,-999,80,1,77,0,0,0,0,1,0,0,0,0,0,1,0,1,0,0,0,0,1,0,0,0,2,1,1,1,1,3,725,0,1,0,0,2,0,0,2,0,1,0,0,0,0,0,0,1,0,0,0,0,0,0,1,0,0,0,1,0,0,0,1,1,1,0,0,0,0,0,1,1,1,5,50,25,0,0,0,125,80,4518,4029,0,0,0,0,0,0,1,0,1,0,0,0,0,0,1,0,1,0,0,0,0,0,200,0,0,0,0,0,0,2
400,2,maas,2,1,1,0,0,0,0,0,0,0,0,0,0,0,0,0,60,0,0,0,1,0,0,0,0,0,0,80,1,76,0,0,0,0,1,0,0,0,0,0,1,1,0,0,0,0,0,1,0,1,0,2,1,1,3,1,5,1125,0,1,0,0,1,0,0,1,1,0,0,0,0,0,0,0,1,1,1,0,0,0,0,0,0,7,1,1,0,1,0,1,1,1,1,0,0,1,1,1,0,0,5,50,0,0,0,0,0,55,4122,4000,1,0,1,0,0,0,0,0,0,0,0,0,0,0,0,0,0,0,0,0,0,1,0,0,0,0,0,0,0,1
400,2,current,1,0,1,-999,-999,-999,-999,-999,-999,-999,-999,-999,-999,-999,-999,-999,-999,-999,-999,-999,-999,-999,-999,-999,-999,-999,-999,55,1,76,0,0,0,0,1,0,0,0,0,0,1,1,0,0,0,0,0,1,0,1,0,2,1,1,3,1,5,1125,0,1,0,0,1,0,0,1,1,0,0,0,0,0,0,0,1,1,1,0,0,0,0,0,0,7,1,1,0,1,0,1,1,1,1,0,0,1,1,1,0,0,5,50,0,0,0,0,0,55,4122,4000,1,0,1,0,0,0,0,0,0,0,0,0,0,0,0,0,0,0,0,0,0,1,0,0,0,0,0,0,0,2
401,2,maas,2,0,0,1,0,0,0,0,0,0,0,0,0,0,0,0,0,0,0,0,0,0,0,1,0,0,0,20,0,64,0,0,0,1,0,0,0,0,0,1,0,1,0,0,0,0,0,1,0,0,0,3,1,1,1,1,3,1125,0,1,0,0,3,0,0,3,0,0,0,0,0,0,1,0,1,0,0,1,0,0,0,0,0,7,1,1,0,1,0,1,1,1,0,1,0,0,0,0,1,0,0,50,25,0,0,0,125,75,4122,4122,1,0,1,0,0,1,0,0,1,0,0,0,1,0,0,0,1,0,0,0,0,0,15,0,0,0,0,0,0,1
401,2,current,1,1,0,-999,-999,-999,-999,-999,-999,-999,-999,-999,-999,-999,-999,-999,-999,-999,-999,-999,-999,-999,-999,-999,-999,-999,-999,75,0,64,0,0,0,1,0,0,0,0,0,1,0,1,0,0,0,0,0,1,0,0,0,3,1,1,1,1,3,1125,0,1,0,0,3,0,0,3,0,0,0,0,0,0,1,0,1,0,0,1,0,0,0,0,0,7,1,1,0,1,0,1,1,1,0,1,0,0,0,0,1,0,0,50,25,0,0,0,125,75,4122,4122,1,0,1,0,0,1,0,0,1,0,0,0,1,0,0,0,1,0,0,0,0,0,15,0,0,0,0,0,0,2
402,2,maas,2,0,0,1,0,0,0,0,0,0,0,0,0,0,0,0,0,0,0,0,0,0,0,0,0,0,0,20,1,70,0,0,0,1,0,0,0,0,0,0,1,0,1,0,0,0,0,1,1,0,0,2,1,1,1,1,3,1625,0,0,1,0,1,0,0,1,1,0,0,0,0,0,0,0,1,0,0,0,0,0,0,1,0,0,0,0,1,0,0,0,1,0,0,0,0,0,0,0,1,0,0,50,0,0,0,0,25,50,4014,4000,0,0,0,0,0,0,1,0,1,0,0,0,1,0,0,0,0,0,0,0,0,0,10,0,0,0,0,0,0,1
402,2,current,1,1,0,-999,-999,-999,-999,-999,-999,-999,-999,-999,-999,-999,-999,-999,-999,-999,-999,-999,-999,-999,-999,-999,-999,-999,-999,50,1,70,0,0,0,1,0,0,0,0,0,0,1,0,1,0,0,0,0,1,1,0,0,2,1,1,1,1,3,1625,0,0,1,0,1,0,0,1,1,0,0,0,0,0,0,0,1,0,0,0,0,0,0,1,0,0,0,0,1,0,0,0,1,0,0,0,0,0,0,0,1,0,0,50,0,0,0,0,25,50,4014,4000,0,0,0,0,0,0,1,0,1,0,0,0,1,0,0,0,0,0,0,0,0,0,10,0,0,0,0,0,0,2
403,2,maas,2,0,0,0,0,0,0,0,0,0,0,0,0,0,0,0,0,0,0,0,0,0,0,1,0,0,0,0,1,75,0,0,0,1,0,0,0,0,0,0,1,1,0,0,0,0,0,1,0,0,0,3,1,1,1,1,3,1125,0,1,0,0,2,0,0,2,0,1,0,0,0,0,0,0,1,0,0,0,0,0,0,1,0,0,0,0,1,0,0,0,1,0,0,0,1,0,0,0,1,0,0,250,0,0,0,0,125,250,4565,4565,0,0,0,0,0,0,1,0,1,0,0,1,0,0,1,0,0,0,0,0,0,0,0,0,0,0,0,0,0,1
403,2,current,1,1,0,-999,-999,-999,-999,-999,-999,-999,-999,-999,-999,-999,-999,-999,-999,-999,-999,-999,-999,-999,-999,-999,-999,-999,-999,250,1,75,0,0,0,1,0,0,0,0,0,0,1,1,0,0,0,0,0,1,0,0,0,3,1,1,1,1,3,1125,0,1,0,0,2,0,0,2,0,1,0,0,0,0,0,0,1,0,0,0,0,0,0,1,0,0,0,0,1,0,0,0,1,0,0,0,1,0,0,0,1,0,0,250,0,0,0,0,125,250,4565,4565,0,0,0,0,0,0,1,0,1,0,0,1,0,0,1,0,0,0,0,0,0,0,0,0,0,0,0,0,0,2
404,2,maas,2,0,0,0,0,0,0,0,0,0,0,0,0,0,0,0,0,0,0,0,0,0,1,1,0,1,0,30,0,54,0,0,1,0,0,0,0,0,1,0,0,1,0,0,0,0,0,1,0,0,0,3,1,1,1,1,3,3750,0,0,0,1,3,0,0,3,0,1,1,0,0,0,0,0,1,0,1,0,0,0,0,0,0,7,1,1,0,1,1,1,1,1,0,1,0,0,0,0,1,0,5,350,0,0,25,0,175,380,4565,4565,1,1,1,0,0,0,0,0,1,0,0,0,0,0,0,0,0,0,0,0,0,1,0,0,0,0,0,0,0,1
404,2,current,1,1,0,-999,-999,-999,-999,-999,-999,-999,-999,-999,-999,-999,-999,-999,-999,-999,-999,-999,-999,-999,-999,-999,-999,-999,-999,380,0,54,0,0,1,0,0,0,0,0,1,0,0,1,0,0,0,0,0,1,0,0,0,3,1,1,1,1,3,3750,0,0,0,1,3,0,0,3,0,1,1,0,0,0,0,0,1,0,1,0,0,0,0,0,0,7,1,1,0,1,1,1,1,1,0,1,0,0,0,0,1,0,5,350,0,0,25,0,175,380,4565,4565,1,1,1,0,0,0,0,0,1,0,0,0,0,0,0,0,0,0,0,0,0,1,0,0,0,0,0,0,0,2
405,2,maas,2,0,0,0,0,0,0,0,0,0,0,0,0,0,0,0,0,0,0,0,0,0,0,1,0,0,0,0,1,72,0,0,0,1,0,0,0,0,0,0,1,0,1,0,0,0,0,1,0,1,0,3,1,1,1,1,3,1125,0,1,0,0,2,0,0,2,0,1,0,0,0,0,0,0,1,0,0,0,0,0,0,1,0,0,0,1,0,0,0,0,1,1,0,0,1,0,0,0,1,0,30,50,0,0,0,0,75,80,4209,4209,0,0,1,0,0,0,0,0,1,0,0,0,0,0,0,0,0,0,0,0,0,0,0,0,0,0,0,0,0,1
405,2,current,1,1,0,-999,-999,-999,-999,-999,-999,-999,-999,-999,-999,-999,-999,-999,-999,-999,-999,-999,-999,-999,-999,-999,-999,-999,-999,80,1,72,0,0,0,1,0,0,0,0,0,0,1,0,1,0,0,0,0,1,0,1,0,3,1,1,1,1,3,1125,0,1,0,0,2,0,0,2,0,1,0,0,0,0,0,0,1,0,0,0,0,0,0,1,0,0,0,1,0,0,0,0,1,1,0,0,1,0,0,0,1,0,30,50,0,0,0,0,75,80,4209,4209,0,0,1,0,0,0,0,0,1,0,0,0,0,0,0,0,0,0,0,0,0,0,0,0,0,0,0,0,0,2
406,2,maas,2,0,0,1,0,0,0,0,0,0,0,0,0,0,0,0,0,0,0,0,0,0,0,0,0,0,0,20,1,66,0,0,0,1,0,0,0,0,0,0,1,0,1,0,0,0,0,1,0,1,0,2,1,1,1,1,3,1875,0,0,1,0,2,0,0,2,0,1,0,0,0,0,0,0,1,0,0,0,0,0,0,1,0,0,0,1,0,1,0,1,1,1,0,0,0,0,0,1,1,0,5,150,25,25,25,0,75,230,4109,4000,1,1,1,0,0,0,0,0,0,0,0,0,0,0,0,0,0,0,0,0,0,1,0,0,0,0,0,0,0,1
406,2,current,1,1,0,-999,-999,-999,-999,-999,-999,-999,-999,-999,-999,-999,-999,-999,-999,-999,-999,-999,-999,-999,-999,-999,-999,-999,-999,230,1,66,0,0,0,1,0,0,0,0,0,0,1,0,1,0,0,0,0,1,0,1,0,2,1,1,1,1,3,1875,0,0,1,0,2,0,0,2,0,1,0,0,0,0,0,0,1,0,0,0,0,0,0,1,0,0,0,1,0,1,0,1,1,1,0,0,0,0,0,1,1,0,5,150,25,25,25,0,75,230,4109,4000,1,1,1,0,0,0,0,0,0,0,0,0,0,0,0,0,0,0,0,0,0,1,0,0,0,0,0,0,0,2
407,2,maas,2,1,1,0,0,0,0,0,0,0,0,0,0,0,0,0,0,0,0,0,0,0,0,0,0,0,1,0,1,67,0,0,0,1,0,0,0,0,0,0,1,1,0,0,0,0,0,1,0,0,0,3,1,2,1,1,4,2750,0,0,1,0,2,0,0,2,0,1,0,0,0,0,0,0,1,1,1,0,0,0,0,0,0,7,1,1,0,1,0,1,1,1,0,1,0,0,0,0,1,0,0,150,175,25,0,0,75,350,4115,4029,1,0,1,0,0,0,0,1,0,0,0,0,0,0,0,0,0,0,0,1,0,0,0,0,0,0,0,0,0,1
407,2,current,1,0,1,-999,-999,-999,-999,-999,-999,-999,-999,-999,-999,-999,-999,-999,-999,-999,-999,-999,-999,-999,-999,-999,-999,-999,-999,350,1,67,0,0,0,1,0,0,0,0,0,0,1,1,0,0,0,0,0,1,0,0,0,3,1,2,1,1,4,2750,0,0,1,0,2,0,0,2,0,1,0,0,0,0,0,0,1,1,1,0,0,0,0,0,0,7,1,1,0,1,0,1,1,1,0,1,0,0,0,0,1,0,0,150,175,25,0,0,75,350,4115,4029,1,0,1,0,0,0,0,1,0,0,0,0,0,0,0,0,0,0,0,1,0,0,0,0,0,0,0,0,0,2
408,2,maas,2,0,0,0,0,0,0,0,0,0,0,0,0,0,0,0,0,0,0,0,0,0,0,1,0,0,0,0,1,85,0,0,0,0,1,0,0,0,0,0,1,0,1,0,0,0,0,1,0,0,0,2,1,1,1,1,3,2750,0,0,1,0,2,0,0,2,0,1,0,0,0,0,0,0,1,0,0,0,0,0,0,1,0,0,0,1,0,1,0,0,1,1,0,0,1,0,0,0,1,0,0,50,0,0,0,0,75,50,4562,4562,0,0,0,0,0,0,1,0,1,0,0,0,0,0,0,0,0,0,0,0,0,0,0,0,0,0,0,0,0,1
408,2,current,1,1,0,-999,-999,-999,-999,-999,-999,-999,-999,-999,-999,-999,-999,-999,-999,-999,-999,-999,-999,-999,-999,-999,-999,-999,-999,50,1,85,0,0,0,0,1,0,0,0,0,0,1,0,1,0,0,0,0,1,0,0,0,2,1,1,1,1,3,2750,0,0,1,0,2,0,0,2,0,1,0,0,0,0,0,0,1,0,0,0,0,0,0,1,0,0,0,1,0,1,0,0,1,1,0,0,1,0,0,0,1,0,0,50,0,0,0,0,75,50,4562,4562,0,0,0,0,0,0,1,0,1,0,0,0,0,0,0,0,0,0,0,0,0,0,0,0,0,0,0,0,0,2
409,2,maas,2,0,0,1,0,0,0,0,0,0,0,0,0,0,0,0,0,0,0,0,0,0,0,0,0,0,0,20,1,71,0,0,0,1,0,0,0,0,0,0,1,0,1,0,0,0,0,1,0,0,0,2,1,5,1,1,7,1125,0,1,0,0,1,0,0,1,0,1,0,0,0,0,0,0,1,0,0,0,0,0,0,1,0,0,0,1,0,1,0,1,1,1,0,0,0,1,1,0,1,1,70,50,25,25,0,0,25,170,4558,4558,1,0,1,0,0,0,0,0,0,0,0,0,0,0,0,0,0,0,1,0,0,0,0,0,0,0,0,0,0,1
409,2,current,1,1,0,-999,-999,-999,-999,-999,-999,-999,-999,-999,-999,-999,-999,-999,-999,-999,-999,-999,-999,-999,-999,-999,-999,-999,-999,170,1,71,0,0,0,1,0,0,0,0,0,0,1,0,1,0,0,0,0,1,0,0,0,2,1,5,1,1,7,1125,0,1,0,0,1,0,0,1,0,1,0,0,0,0,0,0,1,0,0,0,0,0,0,1,0,0,0,1,0,1,0,1,1,1,0,0,0,1,1,0,1,1,70,50,25,25,0,0,25,170,4558,4558,1,0,1,0,0,0,0,0,0,0,0,0,0,0,0,0,0,0,1,0,0,0,0,0,0,0,0,0,0,2
410,2,maas,2,1,1,0,2,80,1,0,0,0,0,0,0,0,0,0,0,0,0,0,0,0,0,1,0,1,1,160,1,65,0,0,0,1,0,0,0,0,0,0,1,0,1,0,0,0,0,1,0,0,0,2,1,1,1,1,3,2750,0,0,1,0,3,0,0,3,0,1,1,0,0,0,0,0,1,0,0,1,0,0,0,0,0,7,1,0,1,1,0,0,1,1,0,0,0,0,0,0,1,0,0,150,0,25,0,0,175,175,4160,4178,0,0,1,0,0,0,0,1,0,0,0,0,0,0,0,0,0,0,0,1,0,0,0,0,0,0,0,0,0,1
410,2,current,1,0,1,-999,-999,-999,-999,-999,-999,-999,-999,-999,-999,-999,-999,-999,-999,-999,-999,-999,-999,-999,-999,-999,-999,-999,-999,175,1,65,0,0,0,1,0,0,0,0,0,0,1,0,1,0,0,0,0,1,0,0,0,2,1,1,1,1,3,2750,0,0,1,0,3,0,0,3,0,1,1,0,0,0,0,0,1,0,0,1,0,0,0,0,0,7,1,0,1,1,0,0,1,1,0,0,0,0,0,0,1,0,0,150,0,25,0,0,175,175,4160,4178,0,0,1,0,0,0,0,1,0,0,0,0,0,0,0,0,0,0,0,1,0,0,0,0,0,0,0,0,0,2
411,2,maas,2,0,0,1,0,0,0,0,0,0,0,0,0,0,0,0,0,0,0,0,0,0,0,0,0,0,0,20,1,73,0,0,0,1,0,0,0,0,0,0,1,0,0,1,0,0,0,1,0,0,0,2,1,1,1,1,3,1375,0,0,1,0,1,0,0,1,1,0,0,0,0,0,0,0,1,0,0,0,0,0,0,1,0,0,0,1,0,1,0,1,1,0,0,0,0,0,0,1,0,0,5,50,0,25,25,0,25,105,4216,4215,1,0,1,0,0,0,0,0,0,0,0,0,0,0,0,0,1,0,0,0,0,0,0,1,0,1,0,0,0,1
411,2,current,1,1,0,-999,-999,-999,-999,-999,-999,-999,-999,-999,-999,-999,-999,-999,-999,-999,-999,-999,-999,-999,-999,-999,-999,-999,-999,105,1,73,0,0,0,1,0,0,0,0,0,0,1,0,0,1,0,0,0,1,0,0,0,2,1,1,1,1,3,1375,0,0,1,0,1,0,0,1,1,0,0,0,0,0,0,0,1,0,0,0,0,0,0,1,0,0,0,1,0,1,0,1,1,0,0,0,0,0,0,1,0,0,5,50,0,25,25,0,25,105,4216,4215,1,0,1,0,0,0,0,0,0,0,0,0,0,0,0,0,1,0,0,0,0,0,0,1,0,1,0,0,0,2
412,2,maas,2,0,0,1,0,0,0,0,0,0,0,0,0,0,0,0,0,0,0,0,0,0,0,0,1,0,0,30,1,46,0,0,1,0,0,0,0,0,1,0,0,1,0,0,0,0,0,1,0,0,0,2,1,2,2,1,5,1125,0,1,0,0,3,1,0,2,0,1,1,0,0,0,0,0,1,0,0,0,0,0,0,0,1,0,0,1,0,1,0,1,1,1,0,0,0,0,0,0,1,0,5,250,0,0,0,0,225,255,4109,4109,1,1,1,0,0,0,0,0,1,0,0,0,0,0,0,0,0,0,0,0,0,0,20,1,1,1,0,0,0,1
412,2,current,1,1,0,-999,-999,-999,-999,-999,-999,-999,-999,-999,-999,-999,-999,-999,-999,-999,-999,-999,-999,-999,-999,-999,-999,-999,-999,255,1,46,0,0,1,0,0,0,0,0,1,0,0,1,0,0,0,0,0,1,0,0,0,2,1,2,2,1,5,1125,0,1,0,0,3,1,0,2,0,1,1,0,0,0,0,0,1,0,0,0,0,0,0,0,1,0,0,1,0,1,0,1,1,1,0,0,0,0,0,0,1,0,5,250,0,0,0,0,225,255,4109,4109,1,1,1,0,0,0,0,0,1,0,0,0,0,0,0,0,0,0,0,0,0,0,20,1,1,1,0,0,0,2
413,2,maas,2,0,0,0,0,0,0,0,0,0,0,0,0,0,0,0,0,0,0,0,0,0,0,1,0,0,0,0,1,72,0,0,0,1,0,0,0,0,0,0,1,0,1,0,0,0,0,1,0,0,0,3,1,1,1,1,3,1375,0,0,1,0,2,0,0,2,0,1,0,0,0,0,0,0,1,0,0,0,0,0,0,1,0,0,0,1,0,1,0,1,1,0,0,0,1,0,0,0,1,0,5,50,0,25,0,0,75,80,4165,4165,1,0,0,0,0,1,0,0,1,0,0,0,0,0,0,0,0,0,0,0,0,0,10,0,0,0,0,0,0,1
413,2,current,1,1,0,-999,-999,-999,-999,-999,-999,-999,-999,-999,-999,-999,-999,-999,-999,-999,-999,-999,-999,-999,-999,-999,-999,-999,-999,80,1,72,0,0,0,1,0,0,0,0,0,0,1,0,1,0,0,0,0,1,0,0,0,3,1,1,1,1,3,1375,0,0,1,0,2,0,0,2,0,1,0,0,0,0,0,0,1,0,0,0,0,0,0,1,0,0,0,1,0,1,0,1,1,0,0,0,1,0,0,0,1,0,5,50,0,25,0,0,75,80,4165,4165,1,0,0,0,0,1,0,0,1,0,0,0,0,0,0,0,0,0,0,0,0,0,10,0,0,0,0,0,0,2
414,2,maas,2,0,0,0,0,0,0,0,0,0,0,0,0,0,0,0,0,0,0,0,0,0,0,0,0,0,1,0,1,64,0,0,0,1,0,0,0,0,0,1,0,0,1,0,0,0,0,1,1,1,0,2,3,6,1,1,8,1875,0,0,1,0,1,0,0,1,1,0,0,0,0,0,0,0,1,0,0,1,0,0,0,0,0,7,1,1,0,1,0,1,1,1,1,0,0,0,0,0,1,0,0,350,25,25,0,0,225,400,4557,4557,0,0,1,0,0,0,0,0,1,0,0,0,0,0,0,0,0,0,0,0,0,0,1,0,0,0,0,0,0,1
414,2,current,1,1,0,-999,-999,-999,-999,-999,-999,-999,-999,-999,-999,-999,-999,-999,-999,-999,-999,-999,-999,-999,-999,-999,-999,-999,-999,400,1,64,0,0,0,1,0,0,0,0,0,1,0,0,1,0,0,0,0,1,1,1,0,2,3,6,1,1,8,1875,0,0,1,0,1,0,0,1,1,0,0,0,0,0,0,0,1,0,0,1,0,0,0,0,0,7,1,1,0,1,0,1,1,1,1,0,0,0,0,0,1,0,0,350,25,25,0,0,225,400,4557,4557,0,0,1,0,0,0,0,0,1,0,0,0,0,0,0,0,0,0,0,0,0,0,1,0,0,0,0,0,0,2
415,2,maas,2,0,0,0,0,0,0,0,0,0,0,0,0,0,0,0,0,0,0,0,0,0,0,1,0,0,1,0,1,64,0,0,0,1,0,0,0,0,0,1,0,0,1,0,0,0,0,1,0,1,0,2,1,1,1,1,3,1875,0,0,1,0,3,0,0,3,0,1,0,0,0,0,0,0,1,1,1,0,0,0,0,0,0,7,1,1,0,1,1,1,1,1,1,1,0,0,0,0,1,0,30,250,25,25,75,0,175,405,4109,4113,1,1,1,0,0,1,0,1,0,0,0,0,0,0,0,0,0,0,0,1,0,0,20,0,0,0,0,0,1,1
415,2,current,1,1,0,-999,-999,-999,-999,-999,-999,-999,-999,-999,-999,-999,-999,-999,-999,-999,-999,-999,-999,-999,-999,-999,-999,-999,-999,405,1,64,0,0,0,1,0,0,0,0,0,1,0,0,1,0,0,0,0,1,0,1,0,2,1,1,1,1,3,1875,0,0,1,0,3,0,0,3,0,1,0,0,0,0,0,0,1,1,1,0,0,0,0,0,0,7,1,1,0,1,1,1,1,1,1,1,0,0,0,0,1,0,30,250,25,25,75,0,175,405,4109,4113,1,1,1,0,0,1,0,1,0,0,0,0,0,0,0,0,0,0,0,1,0,0,20,0,0,0,0,0,1,2
416,2,maas,2,0,0,1,0,0,0,0,0,0,0,0,0,0,0,0,0,0,0,0,0,0,0,0,0,0,0,20,0,84,0,0,0,0,1,0,0,0,0,0,1,0,0,1,0,0,0,1,0,0,0,1,1,1,1,1,3,575,0,1,0,0,1,0,0,1,1,0,0,0,0,0,0,0,1,0,0,0,0,0,0,1,0,0,0,1,0,1,0,0,1,1,0,0,1,1,0,0,0,0,5,0,0,0,0,0,0,5,4551,4551,1,0,1,0,0,0,0,0,1,0,0,0,0,0,0,0,0,0,0,0,0,0,0,0,0,0,0,0,0,1
416,2,current,1,1,0,-999,-999,-999,-999,-999,-999,-999,-999,-999,-999,-999,-999,-999,-999,-999,-999,-999,-999,-999,-999,-999,-999,-999,-999,5,0,84,0,0,0,0,1,0,0,0,0,0,1,0,0,1,0,0,0,1,0,0,0,1,1,1,1,1,3,575,0,1,0,0,1,0,0,1,1,0,0,0,0,0,0,0,1,0,0,0,0,0,0,1,0,0,0,1,0,1,0,0,1,1,0,0,1,1,0,0,0,0,5,0,0,0,0,0,0,5,4551,4551,1,0,1,0,0,0,0,0,1,0,0,0,0,0,0,0,0,0,0,0,0,0,0,0,0,0,0,0,0,2
417,2,maas,2,0,0,0,0,0,0,0,0,0,0,0,0,0,0,0,0,0,0,0,0,0,0,0,0,0,1,0,0,48,0,0,1,0,0,0,0,0,1,0,0,0,0,1,0,0,0,1,0,0,0,2,1,1,1,1,3,1875,0,0,1,0,3,1,0,2,0,1,1,0,0,0,1,0,1,0,0,1,0,0,0,0,0,7,1,0,0,1,1,1,1,0,0,0,0,0,0,0,1,1,15,150,25,75,25,75,25,365,4164,4164,0,0,1,0,0,0,0,1,0,0,0,1,0,0,0,0,0,0,0,0,0,0,5,0,0,0,0,0,0,1
417,2,current,1,1,0,-999,-999,-999,-999,-999,-999,-999,-999,-999,-999,-999,-999,-999,-999,-999,-999,-999,-999,-999,-999,-999,-999,-999,-999,365,0,48,0,0,1,0,0,0,0,0,1,0,0,0,0,1,0,0,0,1,0,0,0,2,1,1,1,1,3,1875,0,0,1,0,3,1,0,2,0,1,1,0,0,0,1,0,1,0,0,1,0,0,0,0,0,7,1,0,0,1,1,1,1,0,0,0,0,0,0,0,1,1,15,150,25,75,25,75,25,365,4164,4164,0,0,1,0,0,0,0,1,0,0,0,1,0,0,0,0,0,0,0,0,0,0,5,0,0,0,0,0,0,2
418,2,maas,2,1,1,1,0,0,0,0,0,0,0,0,0,0,0,0,0,0,0,0,0,0,0,0,0,1,0,30,1,75,0,0,0,1,0,0,0,0,0,0,1,0,0,1,0,0,0,1,0,0,0,2,1,1,1,1,3,1125,0,1,0,0,2,0,0,2,0,1,0,0,0,0,0,0,1,0,0,0,0,0,0,1,0,0,0,1,0,1,0,0,1,0,0,0,0,0,0,0,1,0,0,50,0,0,0,0,75,50,4034,4034,0,1,1,0,0,0,0,0,1,0,0,0,0,0,0,0,1,0,0,0,0,0,0,0,0,0,0,0,1,1
418,2,current,1,0,1,-999,-999,-999,-999,-999,-999,-999,-999,-999,-999,-999,-999,-999,-999,-999,-999,-999,-999,-999,-999,-999,-999,-999,-999,50,1,75,0,0,0,1,0,0,0,0,0,0,1,0,0,1,0,0,0,1,0,0,0,2,1,1,1,1,3,1125,0,1,0,0,2,0,0,2,0,1,0,0,0,0,0,0,1,0,0,0,0,0,0,1,0,0,0,1,0,1,0,0,1,0,0,0,0,0,0,0,1,0,0,50,0,0,0,0,75,50,4034,4034,0,1,1,0,0,0,0,0,1,0,0,0,0,0,0,0,1,0,0,0,0,0,0,0,0,0,0,0,1,2
419,2,maas,2,0,0,1,0,0,0,0,0,0,0,0,0,0,0,0,0,0,0,0,0,0,0,0,0,0,0,20,1,85,0,0,0,0,1,0,0,0,0,0,1,1,0,0,0,0,0,1,0,0,0,3,1,1,1,1,3,725,0,1,0,0,2,0,0,2,0,1,0,0,0,0,0,0,1,0,0,0,0,0,0,1,0,0,0,1,0,0,0,0,1,1,0,0,0,0,0,0,1,1,5,50,0,0,0,0,25,55,4179,4179,0,1,1,0,0,1,0,0,0,0,0,0,0,0,0,0,0,0,0,1,0,0,30,0,0,0,0,0,0,1
419,2,current,1,1,0,-999,-999,-999,-999,-999,-999,-999,-999,-999,-999,-999,-999,-999,-999,-999,-999,-999,-999,-999,-999,-999,-999,-999,-999,55,1,85,0,0,0,0,1,0,0,0,0,0,1,1,0,0,0,0,0,1,0,0,0,3,1,1,1,1,3,725,0,1,0,0,2,0,0,2,0,1,0,0,0,0,0,0,1,0,0,0,0,0,0,1,0,0,0,1,0,0,0,0,1,1,0,0,0,0,0,0,1,1,5,50,0,0,0,0,25,55,4179,4179,0,1,1,0,0,1,0,0,0,0,0,0,0,0,0,0,0,0,0,1,0,0,30,0,0,0,0,0,0,2
420,2,maas,2,1,1,0,0,80,1,0,0,0,0,0,0,0,0,0,0,0,0,0,0,0,0,1,0,0,0,70,1,76,0,0,0,0,1,0,0,0,0,0,1,0,1,0,0,0,0,1,0,0,0,2,1,1,1,1,3,2750,0,0,1,0,2,0,0,2,0,1,0,0,0,0,0,0,1,0,0,0,0,0,0,1,0,0,0,1,0,1,1,1,1,1,0,0,1,0,0,1,1,0,5,50,0,0,25,0,75,80,4017,4017,1,1,1,0,0,0,0,0,0,0,0,0,0,0,0,0,1,0,0,0,0,0,0,0,0,0,0,0,0,1
420,2,current,1,0,1,-999,-999,-999,-999,-999,-999,-999,-999,-999,-999,-999,-999,-999,-999,-999,-999,-999,-999,-999,-999,-999,-999,-999,-999,80,1,76,0,0,0,0,1,0,0,0,0,0,1,0,1,0,0,0,0,1,0,0,0,2,1,1,1,1,3,2750,0,0,1,0,2,0,0,2,0,1,0,0,0,0,0,0,1,0,0,0,0,0,0,1,0,0,0,1,0,1,1,1,1,1,0,0,1,0,0,1,1,0,5,50,0,0,25,0,75,80,4017,4017,1,1,1,0,0,0,0,0,0,0,0,0,0,0,0,0,1,0,0,0,0,0,0,0,0,0,0,0,0,2
421,2,maas,2,1,1,1,0,0,0,0,0,0,0,0,0,0,0,0,0,0,0,0,0,0,0,1,0,1,1,30,1,59,0,0,0,1,0,0,0,0,0,1,0,0,1,0,0,0,0,1,0,0,0,2,1,1,1,1,3,1375,0,0,1,0,1,0,0,1,1,0,0,0,0,0,1,0,1,1,1,0,0,0,0,0,0,7,1,1,0,1,1,1,1,1,1,1,0,0,0,0,1,0,5,250,25,25,25,0,125,330,4215,4215,1,1,1,0,0,1,0,1,0,0,0,0,0,0,0,0,0,0,0,0,1,0,0,0,0,0,0,0,0,1
421,2,current,1,0,1,-999,-999,-999,-999,-999,-999,-999,-999,-999,-999,-999,-999,-999,-999,-999,-999,-999,-999,-999,-999,-999,-999,-999,-999,330,1,59,0,0,0,1,0,0,0,0,0,1,0,0,1,0,0,0,0,1,0,0,0,2,1,1,1,1,3,1375,0,0,1,0,1,0,0,1,1,0,0,0,0,0,1,0,1,1,1,0,0,0,0,0,0,7,1,1,0,1,1,1,1,1,1,1,0,0,0,0,1,0,5,250,25,25,25,0,125,330,4215,4215,1,1,1,0,0,1,0,1,0,0,0,0,0,0,0,0,0,0,0,0,1,0,0,0,0,0,0,0,0,2
422,2,maas,2,0,0,0,0,80,1,0,0,0,0,0,0,0,0,0,0,0,0,0,0,0,0,0,0,0,0,70,1,70,0,0,0,1,0,0,0,0,0,0,1,1,0,0,0,0,0,1,1,0,0,3,3,3,1,1,5,2750,0,0,1,0,2,0,0,2,0,0,1,0,0,0,1,0,1,0,0,1,0,0,0,0,0,7,1,1,0,1,0,0,1,1,0,0,0,0,0,0,0,0,0,150,0,0,0,0,225,150,4573,4556,0,0,0,0,0,0,1,0,0,0,0,0,0,0,0,0,0,0,0,0,1,0,20,0,0,0,0,0,0,1
422,2,current,1,1,0,-999,-999,-999,-999,-999,-999,-999,-999,-999,-999,-999,-999,-999,-999,-999,-999,-999,-999,-999,-999,-999,-999,-999,-999,150,1,70,0,0,0,1,0,0,0,0,0,0,1,1,0,0,0,0,0,1,1,0,0,3,3,3,1,1,5,2750,0,0,1,0,2,0,0,2,0,0,1,0,0,0,1,0,1,0,0,1,0,0,0,0,0,7,1,1,0,1,0,0,1,1,0,0,0,0,0,0,0,0,0,150,0,0,0,0,225,150,4573,4556,0,0,0,0,0,0,1,0,0,0,0,0,0,0,0,0,0,0,0,0,1,0,20,0,0,0,0,0,0,2
423,2,maas,2,0,0,1,0,80,1,0,0,0,0,0,0,0,0,0,0,0,0,0,0,0,0,0,0,1,0,100,1,73,0,0,0,1,0,0,0,0,0,0,1,0,0,1,0,0,0,1,0,0,0,2,1,1,1,1,3,1125,0,1,0,0,2,0,0,2,0,1,0,0,0,0,0,0,1,0,1,0,0,0,0,0,0,7,1,1,0,1,1,0,1,1,0,1,0,1,0,0,0,0,5,50,0,25,25,0,125,105,4109,4455,1,1,1,0,0,0,0,0,1,0,0,0,0,0,0,1,1,0,0,0,0,0,1,0,0,0,0,0,0,1
423,2,current,1,1,0,-999,-999,-999,-999,-999,-999,-999,-999,-999,-999,-999,-999,-999,-999,-999,-999,-999,-999,-999,-999,-999,-999,-999,-999,105,1,73,0,0,0,1,0,0,0,0,0,0,1,0,0,1,0,0,0,1,0,0,0,2,1,1,1,1,3,1125,0,1,0,0,2,0,0,2,0,1,0,0,0,0,0,0,1,0,1,0,0,0,0,0,0,7,1,1,0,1,1,0,1,1,0,1,0,1,0,0,0,0,5,50,0,25,25,0,125,105,4109,4455,1,1,1,0,0,0,0,0,1,0,0,0,0,0,0,1,1,0,0,0,0,0,1,0,0,0,0,0,0,2
424,2,maas,2,1,1,1,0,0,0,0,0,0,0,0,0,0,0,0,0,0,0,0,0,0,0,0,0,0,0,20,1,76,0,0,0,0,1,0,0,0,0,0,1,0,0,1,0,0,0,1,0,0,0,3,1,1,3,1,5,3750,0,0,0,1,2,0,0,2,0,1,0,0,0,0,0,0,1,1,0,1,0,0,0,0,0,7,1,1,0,1,1,1,0,1,0,0,0,0,1,0,0,1,15,50,0,0,25,0,175,90,4567,4567,0,1,1,0,0,0,0,1,0,0,0,0,0,0,0,0,0,0,0,1,0,0,0,0,0,0,0,0,0,1
424,2,current,1,0,1,-999,-999,-999,-999,-999,-999,-999,-999,-999,-999,-999,-999,-999,-999,-999,-999,-999,-999,-999,-999,-999,-999,-999,-999,90,1,76,0,0,0,0,1,0,0,0,0,0,1,0,0,1,0,0,0,1,0,0,0,3,1,1,3,1,5,3750,0,0,0,1,2,0,0,2,0,1,0,0,0,0,0,0,1,1,0,1,0,0,0,0,0,7,1,1,0,1,1,1,0,1,0,0,0,0,1,0,0,1,15,50,0,0,25,0,175,90,4567,4567,0,1,1,0,0,0,0,1,0,0,0,0,0,0,0,0,0,0,0,1,0,0,0,0,0,0,0,0,0,2
425,2,maas,2,0,0,0,0,0,0,0,0,0,0,30,0,1,0,0,0,0,0,0,0,0,0,1,0,1,1,30,0,39,0,1,0,0,0,0,0,1,0,0,0,0,1,0,0,0,0,1,0,0,0,3,1,1,1,1,3,4250,0,0,0,1,2,1,0,1,0,0,1,0,0,0,0,0,1,0,0,0,0,0,0,0,1,0,0,1,0,1,1,1,1,0,0,0,0,0,0,0,1,0,0,150,25,25,25,0,75,225,4216,4216,0,1,1,0,0,1,0,0,1,0,0,0,0,0,0,0,0,0,0,0,0,0,0,0,0,0,0,0,0,1
425,2,current,1,1,0,-999,-999,-999,-999,-999,-999,-999,-999,-999,-999,-999,-999,-999,-999,-999,-999,-999,-999,-999,-999,-999,-999,-999,-999,225,0,39,0,1,0,0,0,0,0,1,0,0,0,0,1,0,0,0,0,1,0,0,0,3,1,1,1,1,3,4250,0,0,0,1,2,1,0,1,0,0,1,0,0,0,0,0,1,0,0,0,0,0,0,0,1,0,0,1,0,1,1,1,1,0,0,0,0,0,0,0,1,0,0,150,25,25,25,0,75,225,4216,4216,0,1,1,0,0,1,0,0,1,0,0,0,0,0,0,0,0,0,0,0,0,0,0,0,0,0,0,0,0,2
426,2,maas,2,1,1,1,0,0,0,0,0,0,0,60,0,0,0,1,0,60,0,0,0,1,0,0,1,1,1,150,0,67,0,0,0,1,0,0,0,0,0,0,1,0,1,0,0,0,0,1,0,0,0,2,1,2,2,1,5,575,0,1,0,0,2,1,0,1,0,0,0,0,0,0,0,0,1,1,0,1,0,0,0,0,0,7,1,1,0,1,0,1,1,1,0,0,1,0,0,0,1,0,5,150,25,75,0,75,175,330,4179,4152,1,1,1,1,0,1,0,1,0,0,0,1,0,0,1,0,0,1,0,0,0,0,0,0,0,0,0,0,0,1
426,2,current,1,0,1,-999,-999,-999,-999,-999,-999,-999,-999,-999,-999,-999,-999,-999,-999,-999,-999,-999,-999,-999,-999,-999,-999,-999,-999,330,0,67,0,0,0,1,0,0,0,0,0,0,1,0,1,0,0,0,0,1,0,0,0,2,1,2,2,1,5,575,0,1,0,0,2,1,0,1,0,0,0,0,0,0,0,0,1,1,0,1,0,0,0,0,0,7,1,1,0,1,0,1,1,1,0,0,1,0,0,0,1,0,5,150,25,75,0,75,175,330,4179,4152,1,1,1,1,0,1,0,1,0,0,0,1,0,0,1,0,0,1,0,0,0,0,0,0,0,0,0,0,0,2
427,2,maas,2,0,0,1,0,0,0,0,0,0,0,0,0,0,0,0,0,0,0,0,0,0,0,0,0,0,0,20,1,80,0,0,0,0,1,0,0,0,0,0,1,0,0,1,0,0,0,1,0,0,0,2,1,1,1,1,3,725,0,1,0,0,1,0,0,1,1,0,0,0,0,0,0,0,1,1,0,0,0,0,0,1,0,0,0,0,1,0,0,1,1,0,0,0,0,0,0,0,1,0,0,50,25,0,0,0,25,75,4209,4209,0,0,1,0,0,0,0,0,1,0,0,0,0,0,0,0,0,0,0,0,0,0,40,1,1,0,0,0,0,1
427,2,current,1,1,0,-999,-999,-999,-999,-999,-999,-999,-999,-999,-999,-999,-999,-999,-999,-999,-999,-999,-999,-999,-999,-999,-999,-999,-999,75,1,80,0,0,0,0,1,0,0,0,0,0,1,0,0,1,0,0,0,1,0,0,0,2,1,1,1,1,3,725,0,1,0,0,1,0,0,1,1,0,0,0,0,0,0,0,1,1,0,0,0,0,0,1,0,0,0,0,1,0,0,1,1,0,0,0,0,0,0,0,1,0,0,50,25,0,0,0,25,75,4209,4209,0,0,1,0,0,0,0,0,1,0,0,0,0,0,0,0,0,0,0,0,0,0,40,1,1,0,0,0,0,2
428,2,maas,2,1,1,1,0,0,0,0,0,0,0,0,0,0,0,0,0,0,0,0,0,0,1,0,0,0,0,40,1,39,0,1,0,0,0,0,0,1,0,0,0,0,1,0,0,0,0,1,0,0,0,3,1,1,1,1,3,1375,0,0,1,0,3,0,1,2,0,0,1,0,0,0,1,1,0,1,1,0,0,0,0,0,0,7,1,1,0,1,1,1,1,0,0,0,0,0,0,0,1,0,30,350,125,125,175,125,175,930,4115,4209,0,1,1,0,0,0,0,1,0,0,0,1,0,0,0,0,0,1,0,0,0,0,0,0,0,0,0,0,0,1
428,2,current,1,0,1,-999,-999,-999,-999,-999,-999,-999,-999,-999,-999,-999,-999,-999,-999,-999,-999,-999,-999,-999,-999,-999,-999,-999,-999,930,1,39,0,1,0,0,0,0,0,1,0,0,0,0,1,0,0,0,0,1,0,0,0,3,1,1,1,1,3,1375,0,0,1,0,3,0,1,2,0,0,1,0,0,0,1,1,0,1,1,0,0,0,0,0,0,7,1,1,0,1,1,1,1,0,0,0,0,0,0,0,1,0,30,350,125,125,175,125,175,930,4115,4209,0,1,1,0,0,0,0,1,0,0,0,1,0,0,0,0,0,1,0,0,0,0,0,0,0,0,0,0,0,2
429,2,maas,2,1,1,0,0,0,0,0,0,0,0,0,0,0,0,0,0,0,0,0,0,0,0,1,0,1,1,10,1,79,0,0,0,0,1,0,0,0,0,0,1,0,0,1,0,0,0,1,0,0,0,3,1,2,1,1,4,2250,0,0,1,0,2,0,0,2,0,1,0,0,0,0,0,0,1,0,0,0,0,0,0,1,0,0,0,1,0,1,0,1,1,1,0,0,1,0,0,0,1,0,5,250,0,25,0,0,175,280,4108,4109,1,0,1,0,0,0,0,1,0,0,0,1,0,0,0,0,0,0,0,0,0,0,0,0,0,0,0,0,0,1
429,2,current,1,0,1,-999,-999,-999,-999,-999,-999,-999,-999,-999,-999,-999,-999,-999,-999,-999,-999,-999,-999,-999,-999,-999,-999,-999,-999,280,1,79,0,0,0,0,1,0,0,0,0,0,1,0,0,1,0,0,0,1,0,0,0,3,1,2,1,1,4,2250,0,0,1,0,2,0,0,2,0,1,0,0,0,0,0,0,1,0,0,0,0,0,0,1,0,0,0,1,0,1,0,1,1,1,0,0,1,0,0,0,1,0,5,250,0,25,0,0,175,280,4108,4109,1,0,1,0,0,0,0,1,0,0,0,1,0,0,0,0,0,0,0,0,0,0,0,0,0,0,0,0,0,2
430,2,maas,2,1,1,1,0,0,0,0,0,0,0,0,0,0,0,0,0,0,0,0,0,0,0,0,0,0,0,20,1,64,0,0,0,1,0,0,0,0,0,1,0,1,0,0,0,0,0,1,1,1,0,3,3,3,1,1,5,1625,0,0,1,0,2,0,0,2,0,1,0,0,0,0,0,0,1,1,0,0,0,0,0,0,1,0,0,1,0,1,0,1,1,0,0,0,0,0,0,0,1,0,0,150,25,25,0,0,125,200,4568,4568,0,0,0,0,0,0,1,1,1,1,1,0,0,0,0,0,0,0,0,0,0,0,0,1,1,0,0,0,0,1
430,2,current,1,0,1,-999,-999,-999,-999,-999,-999,-999,-999,-999,-999,-999,-999,-999,-999,-999,-999,-999,-999,-999,-999,-999,-999,-999,-999,200,1,64,0,0,0,1,0,0,0,0,0,1,0,1,0,0,0,0,0,1,1,1,0,3,3,3,1,1,5,1625,0,0,1,0,2,0,0,2,0,1,0,0,0,0,0,0,1,1,0,0,0,0,0,0,1,0,0,1,0,1,0,1,1,0,0,0,0,0,0,0,1,0,0,150,25,25,0,0,125,200,4568,4568,0,0,0,0,0,0,1,1,1,1,1,0,0,0,0,0,0,0,0,0,0,0,0,1,1,0,0,0,0,2
431,2,maas,2,0,0,1,2,80,1,0,0,0,0,0,0,0,0,0,0,0,0,0,0,0,0,1,0,0,0,170,1,30,0,1,0,0,0,0,1,0,0,0,0,1,0,0,1,1,0,1,0,0,0,2,1,2,1,1,4,1625,0,0,1,0,2,1,0,1,0,0,1,0,0,0,0,0,1,0,1,0,0,0,0,0,0,7,1,1,0,1,1,1,1,1,0,1,0,0,0,1,0,1,30,150,0,0,25,0,25,205,4000,4131,1,1,1,0,0,0,0,1,1,0,0,0,0,0,0,0,0,0,0,0,0,0,200,0,0,0,0,0,0,1
431,2,current,1,1,0,-999,-999,-999,-999,-999,-999,-999,-999,-999,-999,-999,-999,-999,-999,-999,-999,-999,-999,-999,-999,-999,-999,-999,-999,205,1,30,0,1,0,0,0,0,1,0,0,0,0,1,0,0,1,1,0,1,0,0,0,2,1,2,1,1,4,1625,0,0,1,0,2,1,0,1,0,0,1,0,0,0,0,0,1,0,1,0,0,0,0,0,0,7,1,1,0,1,1,1,1,1,0,1,0,0,0,1,0,1,30,150,0,0,25,0,25,205,4000,4131,1,1,1,0,0,0,0,1,1,0,0,0,0,0,0,0,0,0,0,0,0,0,200,0,0,0,0,0,0,2
432,2,maas,2,0,0,1,0,0,0,0,0,0,0,0,0,0,0,0,0,0,0,0,0,0,0,0,0,0,0,20,0,74,0,0,0,1,0,0,0,0,0,0,1,0,0,1,0,0,0,1,0,0,0,2,1,1,1,1,3,850,0,1,0,0,2,0,0,2,0,1,0,0,0,0,0,0,1,0,0,0,0,0,0,1,0,0,0,0,0,0,0,0,1,0,1,0,0,0,0,0,1,0,5,50,25,25,25,25,0,155,4216,4216,1,0,0,0,0,0,0,0,0,0,0,0,0,0,0,0,0,0,0,1,0,0,10,0,0,0,0,0,1,1
432,2,current,1,1,0,-999,-999,-999,-999,-999,-999,-999,-999,-999,-999,-999,-999,-999,-999,-999,-999,-999,-999,-999,-999,-999,-999,-999,-999,155,0,74,0,0,0,1,0,0,0,0,0,0,1,0,0,1,0,0,0,1,0,0,0,2,1,1,1,1,3,850,0,1,0,0,2,0,0,2,0,1,0,0,0,0,0,0,1,0,0,0,0,0,0,1,0,0,0,0,0,0,0,0,1,0,1,0,0,0,0,0,1,0,5,50,25,25,25,25,0,155,4216,4216,1,0,0,0,0,0,0,0,0,0,0,0,0,0,0,0,0,0,0,1,0,0,10,0,0,0,0,0,1,2
433,2,maas,2,0,0,1,0,0,0,0,0,0,0,0,0,0,0,0,0,0,0,0,0,0,0,0,0,0,0,20,1,65,0,0,0,1,0,0,0,0,0,0,1,0,1,0,0,0,0,1,1,1,0,3,1,2,1,1,4,9,0,0,0,0,2,0,0,2,0,1,0,0,0,0,0,0,1,0,0,0,0,0,0,1,0,0,0,0,0,1,0,0,1,0,0,0,0,1,0,1,1,1,5,150,0,25,0,0,75,180,4034,4034,1,0,1,0,0,0,0,0,1,0,0,0,0,0,0,0,0,0,0,0,0,0,0,0,0,0,0,0,0,1
433,2,current,1,1,0,-999,-999,-999,-999,-999,-999,-999,-999,-999,-999,-999,-999,-999,-999,-999,-999,-999,-999,-999,-999,-999,-999,-999,-999,180,1,65,0,0,0,1,0,0,0,0,0,0,1,0,1,0,0,0,0,1,1,1,0,3,1,2,1,1,4,9,0,0,0,0,2,0,0,2,0,1,0,0,0,0,0,0,1,0,0,0,0,0,0,1,0,0,0,0,0,1,0,0,1,0,0,0,0,1,0,1,1,1,5,150,0,25,0,0,75,180,4034,4034,1,0,1,0,0,0,0,0,1,0,0,0,0,0,0,0,0,0,0,0,0,0,0,0,0,0,0,0,0,2
434,2,maas,2,0,0,1,0,0,0,0,0,0,0,0,0,0,0,0,0,0,0,0,0,0,0,0,0,0,0,20,1,68,0,0,0,1,0,0,0,0,0,0,1,1,0,0,0,0,0,1,0,0,0,3,1,1,2,1,4,7000,0,0,0,1,4,0,0,4,0,1,1,0,0,0,0,0,1,0,0,1,0,0,0,0,0,7,1,1,0,1,1,1,1,1,0,0,1,0,1,1,0,0,5,50,25,0,25,25,175,130,4121,4122,1,1,1,1,0,0,0,0,1,0,0,0,0,0,0,0,0,0,0,0,0,0,5,0,0,0,0,0,0,1
434,2,current,1,1,0,-999,-999,-999,-999,-999,-999,-999,-999,-999,-999,-999,-999,-999,-999,-999,-999,-999,-999,-999,-999,-999,-999,-999,-999,130,1,68,0,0,0,1,0,0,0,0,0,0,1,1,0,0,0,0,0,1,0,0,0,3,1,1,2,1,4,7000,0,0,0,1,4,0,0,4,0,1,1,0,0,0,0,0,1,0,0,1,0,0,0,0,0,7,1,1,0,1,1,1,1,1,0,0,1,0,1,1,0,0,5,50,25,0,25,25,175,130,4121,4122,1,1,1,1,0,0,0,0,1,0,0,0,0,0,0,0,0,0,0,0,0,0,5,0,0,0,0,0,0,2
435,2,maas,2,1,1,0,0,0,0,0,0,0,0,0,0,0,0,0,0,0,0,0,0,0,0,0,0,1,0,10,1,39,0,1,0,0,0,0,0,1,0,0,0,1,0,0,0,0,0,1,0,0,0,3,1,3,2,1,6,1875,0,0,1,0,3,2,0,1,0,1,1,0,0,0,0,1,0,1,1,0,0,0,0,0,0,7,1,1,0,1,1,1,1,1,0,1,0,0,0,1,0,1,5,250,175,225,125,25,75,805,4074,4114,0,1,1,0,0,1,0,1,1,0,0,0,0,0,0,0,0,0,0,0,0,0,0,0,0,0,0,0,1,1
435,2,current,1,0,1,-999,-999,-999,-999,-999,-999,-999,-999,-999,-999,-999,-999,-999,-999,-999,-999,-999,-999,-999,-999,-999,-999,-999,-999,805,1,39,0,1,0,0,0,0,0,1,0,0,0,1,0,0,0,0,0,1,0,0,0,3,1,3,2,1,6,1875,0,0,1,0,3,2,0,1,0,1,1,0,0,0,0,1,0,1,1,0,0,0,0,0,0,7,1,1,0,1,1,1,1,1,0,1,0,0,0,1,0,1,5,250,175,225,125,25,75,805,4074,4114,0,1,1,0,0,1,0,1,1,0,0,0,0,0,0,0,0,0,0,0,0,0,0,0,0,0,0,0,1,2
436,2,maas,2,1,1,1,10,80,1,0,0,0,0,0,0,0,0,0,0,0,0,0,0,0,0,1,0,0,0,490,1,78,0,0,0,0,1,0,0,0,0,0,1,1,0,0,0,0,0,1,0,1,0,3,1,2,1,2,5,850,0,1,0,0,2,0,0,2,0,1,0,0,0,0,0,0,1,1,0,0,0,0,0,1,0,0,0,1,0,1,0,1,1,1,0,0,0,0,0,0,1,0,5,50,25,25,0,0,125,105,4511,4612,1,0,1,0,0,0,0,1,0,0,0,0,0,0,0,0,0,0,1,0,0,0,0,0,0,0,0,0,0,1
436,2,current,1,0,1,-999,-999,-999,-999,-999,-999,-999,-999,-999,-999,-999,-999,-999,-999,-999,-999,-999,-999,-999,-999,-999,-999,-999,-999,105,1,78,0,0,0,0,1,0,0,0,0,0,1,1,0,0,0,0,0,1,0,1,0,3,1,2,1,2,5,850,0,1,0,0,2,0,0,2,0,1,0,0,0,0,0,0,1,1,0,0,0,0,0,1,0,0,0,1,0,1,0,1,1,1,0,0,0,0,0,0,1,0,5,50,25,25,0,0,125,105,4511,4612,1,0,1,0,0,0,0,1,0,0,0,0,0,0,0,0,0,0,1,0,0,0,0,0,0,0,0,0,0,2
437,2,maas,2,1,1,0,0,200,0,1,0,0,0,0,0,0,0,0,0,0,0,0,0,0,0,1,0,0,0,130,1,36,0,1,0,0,0,0,0,1,0,0,0,1,0,0,0,0,0,1,0,0,0,3,1,2,1,1,4,1875,0,0,1,0,4,2,0,2,0,1,1,0,0,0,0,0,1,1,1,0,0,0,0,0,0,7,1,1,0,1,1,1,1,1,0,0,0,0,0,0,1,0,15,50,25,0,0,0,75,90,4110,4101,1,1,1,0,0,0,0,0,1,0,0,0,0,1,0,0,0,1,0,0,0,0,0,0,0,0,0,0,0,1
437,2,current,1,0,1,-999,-999,-999,-999,-999,-999,-999,-999,-999,-999,-999,-999,-999,-999,-999,-999,-999,-999,-999,-999,-999,-999,-999,-999,90,1,36,0,1,0,0,0,0,0,1,0,0,0,1,0,0,0,0,0,1,0,0,0,3,1,2,1,1,4,1875,0,0,1,0,4,2,0,2,0,1,1,0,0,0,0,0,1,1,1,0,0,0,0,0,0,7,1,1,0,1,1,1,1,1,0,0,0,0,0,0,1,0,15,50,25,0,0,0,75,90,4110,4101,1,1,1,0,0,0,0,0,1,0,0,0,0,1,0,0,0,1,0,0,0,0,0,0,0,0,0,0,0,2
438,2,maas,2,0,0,1,0,80,1,0,0,0,0,0,0,0,0,0,0,0,0,0,0,0,0,0,0,0,0,90,0,48,0,0,1,0,0,0,0,0,1,0,0,1,0,0,0,0,0,1,0,0,0,4,2,1,1,1,3,4750,0,0,0,1,4,0,1,3,0,1,1,0,0,0,0,0,1,0,0,0,0,0,0,1,0,0,0,1,0,1,0,1,1,0,0,0,0,0,0,0,1,0,0,0,0,0,0,0,0,0,4165,4163,0,0,1,0,0,0,0,0,1,0,0,0,0,0,0,0,1,0,0,0,0,0,20,1,0,1,0,0,0,1
438,2,current,1,1,0,-999,-999,-999,-999,-999,-999,-999,-999,-999,-999,-999,-999,-999,-999,-999,-999,-999,-999,-999,-999,-999,-999,-999,-999,0,0,48,0,0,1,0,0,0,0,0,1,0,0,1,0,0,0,0,0,1,0,0,0,4,2,1,1,1,3,4750,0,0,0,1,4,0,1,3,0,1,1,0,0,0,0,0,1,0,0,0,0,0,0,1,0,0,0,1,0,1,0,1,1,0,0,0,0,0,0,0,1,0,0,0,0,0,0,0,0,0,4165,4163,0,0,1,0,0,0,0,0,1,0,0,0,0,0,0,0,1,0,0,0,0,0,20,1,0,1,0,0,0,2
439,2,maas,2,0,0,1,0,0,0,0,0,0,0,0,0,0,0,0,0,0,0,0,0,0,0,0,0,0,0,20,1,63,0,0,0,1,0,0,0,0,0,1,0,0,1,0,0,0,0,0,0,0,1,1,1,1,1,1,3,725,0,1,0,0,1,0,0,1,1,0,0,0,0,0,0,0,1,0,0,0,0,0,0,1,0,0,0,0,1,0,0,0,1,0,0,0,0,0,0,0,1,0,0,0,0,0,0,0,0,0,4053,4000,0,0,0,0,0,0,1,0,1,0,0,0,0,0,0,0,0,1,0,0,0,0,10,0,0,0,0,0,0,1
439,2,current,1,1,0,-999,-999,-999,-999,-999,-999,-999,-999,-999,-999,-999,-999,-999,-999,-999,-999,-999,-999,-999,-999,-999,-999,-999,-999,0,1,63,0,0,0,1,0,0,0,0,0,1,0,0,1,0,0,0,0,0,0,0,1,1,1,1,1,1,3,725,0,1,0,0,1,0,0,1,1,0,0,0,0,0,0,0,1,0,0,0,0,0,0,1,0,0,0,0,1,0,0,0,1,0,0,0,0,0,0,0,1,0,0,0,0,0,0,0,0,0,4053,4000,0,0,0,0,0,0,1,0,1,0,0,0,0,0,0,0,0,1,0,0,0,0,10,0,0,0,0,0,0,2
440,2,maas,2,0,0,1,0,0,0,0,0,0,0,0,0,0,0,0,0,0,0,0,0,0,0,1,0,1,1,30,0,52,0,0,1,0,0,0,0,0,1,0,0,0,0,1,0,0,0,1,0,0,0,3,1,1,1,1,3,1875,0,0,1,0,6,0,1,5,0,1,1,1,0,0,0,0,1,0,0,1,0,0,0,0,0,7,1,0,0,0,0,0,1,1,0,1,0,0,0,0,1,0,0,150,0,0,0,0,75,150,4560,4558,0,0,1,0,0,0,0,0,1,0,0,0,0,0,0,0,0,0,0,0,0,0,5,0,0,0,0,0,0,1
440,2,current,1,1,0,-999,-999,-999,-999,-999,-999,-999,-999,-999,-999,-999,-999,-999,-999,-999,-999,-999,-999,-999,-999,-999,-999,-999,-999,150,0,52,0,0,1,0,0,0,0,0,1,0,0,0,0,1,0,0,0,1,0,0,0,3,1,1,1,1,3,1875,0,0,1,0,6,0,1,5,0,1,1,1,0,0,0,0,1,0,0,1,0,0,0,0,0,7,1,0,0,0,0,0,1,1,0,1,0,0,0,0,1,0,0,150,0,0,0,0,75,150,4560,4558,0,0,1,0,0,0,0,0,1,0,0,0,0,0,0,0,0,0,0,0,0,0,5,0,0,0,0,0,0,2
441,2,maas,2,0,0,1,0,0,0,0,0,0,0,0,0,0,0,0,0,0,0,0,0,0,0,1,0,0,0,20,1,19,1,0,0,0,0,1,0,0,0,0,0,0,0,1,0,0,0,1,0,0,0,3,1,5,1,1,7,1625,0,0,1,0,6,1,1,4,0,0,0,1,0,0,0,0,1,0,0,1,0,0,0,0,0,7,1,1,0,1,0,1,1,1,1,0,0,0,0,0,1,0,0,50,0,0,0,0,75,50,4213,4226,0,1,1,0,0,0,0,0,1,0,1,0,0,0,0,0,1,0,0,0,0,0,0,0,0,0,0,0,0,1
441,2,current,1,1,0,-999,-999,-999,-999,-999,-999,-999,-999,-999,-999,-999,-999,-999,-999,-999,-999,-999,-999,-999,-999,-999,-999,-999,-999,50,1,19,1,0,0,0,0,1,0,0,0,0,0,0,0,1,0,0,0,1,0,0,0,3,1,5,1,1,7,1625,0,0,1,0,6,1,1,4,0,0,0,1,0,0,0,0,1,0,0,1,0,0,0,0,0,7,1,1,0,1,0,1,1,1,1,0,0,0,0,0,1,0,0,50,0,0,0,0,75,50,4213,4226,0,1,1,0,0,0,0,0,1,0,1,0,0,0,0,0,1,0,0,0,0,0,0,0,0,0,0,0,0,2
442,2,maas,2,1,1,0,1,80,1,0,0,0,30,0,1,0,0,0,30,0,1,0,0,0,1,1,0,1,1,230,0,48,0,0,1,0,0,0,0,0,1,0,0,0,1,0,1,0,0,1,0,0,0,4,1,1,1,1,3,3250,0,0,0,1,4,1,1,2,0,1,0,0,0,0,0,0,1,1,0,1,0,0,0,0,0,7,1,1,0,1,1,1,1,1,1,1,0,1,0,1,1,1,50,150,125,75,75,25,75,500,4213,4000,0,1,1,0,0,1,0,1,0,0,0,0,0,0,0,0,0,0,1,0,0,0,0,0,0,0,0,0,0,1
442,2,current,1,0,1,-999,-999,-999,-999,-999,-999,-999,-999,-999,-999,-999,-999,-999,-999,-999,-999,-999,-999,-999,-999,-999,-999,-999,-999,500,0,48,0,0,1,0,0,0,0,0,1,0,0,0,1,0,1,0,0,1,0,0,0,4,1,1,1,1,3,3250,0,0,0,1,4,1,1,2,0,1,0,0,0,0,0,0,1,1,0,1,0,0,0,0,0,7,1,1,0,1,1,1,1,1,1,1,0,1,0,1,1,1,50,150,125,75,75,25,75,500,4213,4000,0,1,1,0,0,1,0,1,0,0,0,0,0,0,0,0,0,0,1,0,0,0,0,0,0,0,0,0,0,2
443,2,maas,2,0,0,1,1,400,0,0,0,1,0,30,0,1,0,0,0,30,0,1,0,0,1,0,1,1,1,430,0,19,1,0,0,0,0,1,0,0,0,0,0,0,0,1,1,1,0,1,0,0,0,2,1,1,1,1,3,9,0,0,0,0,0,0,0,0,0,0,0,0,0,1,0,1,0,0,0,1,0,0,0,0,0,7,1,1,0,1,1,1,1,1,1,0,1,1,0,0,1,0,5,0,0,0,0,0,0,5,4226,4226,1,1,1,1,0,0,0,0,1,0,0,0,0,0,0,0,0,0,0,0,0,0,10,0,0,0,0,0,0,1
443,2,current,1,1,0,-999,-999,-999,-999,-999,-999,-999,-999,-999,-999,-999,-999,-999,-999,-999,-999,-999,-999,-999,-999,-999,-999,-999,-999,5,0,19,1,0,0,0,0,1,0,0,0,0,0,0,0,1,1,1,0,1,0,0,0,2,1,1,1,1,3,9,0,0,0,0,0,0,0,0,0,0,0,0,0,1,0,1,0,0,0,1,0,0,0,0,0,7,1,1,0,1,1,1,1,1,1,0,1,1,0,0,1,0,5,0,0,0,0,0,0,5,4226,4226,1,1,1,1,0,0,0,0,1,0,0,0,0,0,0,0,0,0,0,0,0,0,10,0,0,0,0,0,0,2
444,2,maas,2,0,0,0,0,0,0,0,0,0,0,0,0,0,0,0,0,0,0,0,0,0,0,0,0,0,1,0,0,48,0,0,1,0,0,0,0,0,1,0,0,0,1,0,1,0,0,1,0,0,0,2,1,1,1,1,3,9,0,0,0,0,2,0,0,2,0,1,0,0,0,0,0,1,0,0,0,1,0,0,0,0,0,7,1,1,0,1,0,0,1,0,0,0,0,1,0,1,0,0,0,50,0,0,0,0,0,50,4109,4109,0,0,0,0,0,0,1,0,1,0,0,0,0,0,0,0,0,0,0,0,0,0,1,0,0,0,0,0,0,1
444,2,current,1,1,0,-999,-999,-999,-999,-999,-999,-999,-999,-999,-999,-999,-999,-999,-999,-999,-999,-999,-999,-999,-999,-999,-999,-999,-999,50,0,48,0,0,1,0,0,0,0,0,1,0,0,0,1,0,1,0,0,1,0,0,0,2,1,1,1,1,3,9,0,0,0,0,2,0,0,2,0,1,0,0,0,0,0,1,0,0,0,1,0,0,0,0,0,7,1,1,0,1,0,0,1,0,0,0,0,1,0,1,0,0,0,50,0,0,0,0,0,50,4109,4109,0,0,0,0,0,0,1,0,1,0,0,0,0,0,0,0,0,0,0,0,0,0,1,0,0,0,0,0,0,2
445,2,maas,2,0,0,1,1,0,0,0,0,0,0,0,0,0,0,0,0,0,0,0,0,0,0,1,0,1,1,70,1,55,0,0,1,0,0,0,0,0,0,1,0,1,0,0,1,1,0,1,1,1,0,3,1,4,1,1,6,4750,0,0,0,1,3,1,0,2,0,0,1,0,0,0,0,0,1,0,1,0,0,0,0,0,0,7,1,1,0,1,0,1,1,1,1,1,0,0,0,0,1,0,5,50,0,0,0,0,125,55,4220,4220,1,1,1,0,0,1,0,0,0,0,0,0,0,0,0,0,0,0,0,0,1,0,50,0,0,0,0,0,0,1
445,2,current,1,1,0,-999,-999,-999,-999,-999,-999,-999,-999,-999,-999,-999,-999,-999,-999,-999,-999,-999,-999,-999,-999,-999,-999,-999,-999,55,1,55,0,0,1,0,0,0,0,0,0,1,0,1,0,0,1,1,0,1,1,1,0,3,1,4,1,1,6,4750,0,0,0,1,3,1,0,2,0,0,1,0,0,0,0,0,1,0,1,0,0,0,0,0,0,7,1,1,0,1,0,1,1,1,1,1,0,0,0,0,1,0,5,50,0,0,0,0,125,55,4220,4220,1,1,1,0,0,1,0,0,0,0,0,0,0,0,0,0,0,0,0,0,1,0,50,0,0,0,0,0,0,2
446,2,maas,2,1,1,1,2,80,1,0,0,0,0,0,0,0,0,0,0,0,0,0,0,0,0,0,1,1,1,190,0,45,0,0,1,0,0,0,0,0,1,0,0,1,0,0,0,0,0,1,0,0,0,2,1,4,2,1,7,1875,0,0,1,0,3,1,0,2,0,1,1,0,0,0,0,0,1,1,0,0,0,0,1,0,0,0,0,1,0,1,1,1,1,1,1,0,1,0,0,0,1,0,5,350,25,25,75,0,175,480,4212,4212,1,1,1,0,1,1,0,1,0,0,0,0,0,0,0,0,0,0,1,0,0,0,0,0,0,0,0,0,1,1
446,2,current,1,0,1,-999,-999,-999,-999,-999,-999,-999,-999,-999,-999,-999,-999,-999,-999,-999,-999,-999,-999,-999,-999,-999,-999,-999,-999,480,0,45,0,0,1,0,0,0,0,0,1,0,0,1,0,0,0,0,0,1,0,0,0,2,1,4,2,1,7,1875,0,0,1,0,3,1,0,2,0,1,1,0,0,0,0,0,1,1,0,0,0,0,1,0,0,0,0,1,0,1,1,1,1,1,1,0,1,0,0,0,1,0,5,350,25,25,75,0,175,480,4212,4212,1,1,1,0,1,1,0,1,0,0,0,0,0,0,0,0,0,0,1,0,0,0,0,0,0,0,0,0,1,2
447,2,maas,2,1,1,0,0,0,0,0,0,0,0,0,0,0,0,0,0,0,0,0,0,0,0,0,0,0,1,0,1,56,0,0,1,0,0,0,0,0,0,1,0,1,0,0,0,0,0,1,1,0,0,2,1,2,1,1,4,1625,0,0,1,0,1,0,0,1,1,0,0,0,0,0,1,0,1,1,1,0,0,0,0,0,0,7,1,1,0,1,1,1,1,1,0,0,0,0,0,0,1,0,15,50,25,0,25,0,25,115,4573,4557,1,1,1,0,0,0,0,1,0,1,0,1,0,0,0,0,1,0,0,0,0,0,0,0,0,0,0,0,0,1
447,2,current,1,0,1,-999,-999,-999,-999,-999,-999,-999,-999,-999,-999,-999,-999,-999,-999,-999,-999,-999,-999,-999,-999,-999,-999,-999,-999,115,1,56,0,0,1,0,0,0,0,0,0,1,0,1,0,0,0,0,0,1,1,0,0,2,1,2,1,1,4,1625,0,0,1,0,1,0,0,1,1,0,0,0,0,0,1,0,1,1,1,0,0,0,0,0,0,7,1,1,0,1,1,1,1,1,0,0,0,0,0,0,1,0,15,50,25,0,25,0,25,115,4573,4557,1,1,1,0,0,0,0,1,0,1,0,1,0,0,0,0,1,0,0,0,0,0,0,0,0,0,0,0,0,2
448,2,maas,2,0,0,0,0,0,0,0,0,0,0,0,0,0,0,0,0,0,0,0,0,0,0,1,0,0,0,0,0,53,0,0,1,0,0,0,0,0,1,0,0,0,0,1,0,0,0,1,0,0,0,5,1,1,1,1,3,1125,0,1,0,0,5,0,0,5,0,0,1,0,0,0,0,0,1,0,0,0,0,0,1,0,0,0,0,1,0,1,0,1,1,1,1,0,1,0,0,0,1,0,15,50,25,25,0,0,75,115,4550,4503,0,1,1,0,0,1,0,0,1,0,0,0,0,0,0,0,0,0,0,0,0,0,0,0,0,0,0,0,0,1
448,2,current,1,1,0,-999,-999,-999,-999,-999,-999,-999,-999,-999,-999,-999,-999,-999,-999,-999,-999,-999,-999,-999,-999,-999,-999,-999,-999,115,0,53,0,0,1,0,0,0,0,0,1,0,0,0,0,1,0,0,0,1,0,0,0,5,1,1,1,1,3,1125,0,1,0,0,5,0,0,5,0,0,1,0,0,0,0,0,1,0,0,0,0,0,1,0,0,0,0,1,0,1,0,1,1,1,1,0,1,0,0,0,1,0,15,50,25,25,0,0,75,115,4550,4503,0,1,1,0,0,1,0,0,1,0,0,0,0,0,0,0,0,0,0,0,0,0,0,0,0,0,0,0,0,2
449,2,maas,2,1,1,1,0,0,0,0,0,0,0,0,0,0,0,0,0,0,0,0,0,0,0,0,0,0,0,20,1,18,1,0,0,0,0,1,0,0,0,0,0,0,0,1,0,0,0,0,0,0,1,2,1,1,1,1,3,850,0,1,0,0,3,1,1,1,0,0,0,1,1,0,0,0,1,1,0,0,0,0,0,0,1,0,0,1,0,1,0,1,1,1,0,0,0,1,0,0,0,0,0,0,0,0,0,0,0,0,4560,4560,0,0,1,0,0,0,0,1,1,0,0,0,0,0,0,0,0,0,0,0,0,0,0,0,0,0,0,0,0,1
449,2,current,1,0,1,-999,-999,-999,-999,-999,-999,-999,-999,-999,-999,-999,-999,-999,-999,-999,-999,-999,-999,-999,-999,-999,-999,-999,-999,0,1,18,1,0,0,0,0,1,0,0,0,0,0,0,0,1,0,0,0,0,0,0,1,2,1,1,1,1,3,850,0,1,0,0,3,1,1,1,0,0,0,1,1,0,0,0,1,1,0,0,0,0,0,0,1,0,0,1,0,1,0,1,1,1,0,0,0,1,0,0,0,0,0,0,0,0,0,0,0,0,4560,4560,0,0,1,0,0,0,0,1,1,0,0,0,0,0,0,0,0,0,0,0,0,0,0,0,0,0,0,0,0,2
450,2,maas,2,0,0,1,0,0,0,0,0,0,0,0,0,0,0,0,0,0,0,0,0,0,0,0,0,1,0,30,0,49,0,0,1,0,0,0,0,0,1,0,0,1,0,0,0,0,0,1,0,0,0,3,1,2,1,1,4,575,0,1,0,0,2,0,0,2,0,1,0,0,0,0,0,0,1,0,0,1,0,0,0,0,0,7,1,1,0,1,0,1,1,1,0,0,0,0,0,0,1,0,5,250,0,0,0,0,175,255,4551,4551,1,1,1,0,0,0,0,0,0,0,0,0,0,0,1,0,0,0,0,0,0,1,20,0,0,0,0,0,0,1
450,2,current,1,1,0,-999,-999,-999,-999,-999,-999,-999,-999,-999,-999,-999,-999,-999,-999,-999,-999,-999,-999,-999,-999,-999,-999,-999,-999,255,0,49,0,0,1,0,0,0,0,0,1,0,0,1,0,0,0,0,0,1,0,0,0,3,1,2,1,1,4,575,0,1,0,0,2,0,0,2,0,1,0,0,0,0,0,0,1,0,0,1,0,0,0,0,0,7,1,1,0,1,0,1,1,1,0,0,0,0,0,0,1,0,5,250,0,0,0,0,175,255,4551,4551,1,1,1,0,0,0,0,0,0,0,0,0,0,0,1,0,0,0,0,0,0,1,20,0,0,0,0,0,0,2
451,2,maas,2,0,0,0,0,0,0,0,0,0,30,0,1,0,0,0,30,0,1,0,0,0,0,0,0,0,0,90,0,20,1,0,0,0,0,1,0,0,0,0,0,1,0,0,1,1,0,1,0,0,0,2,1,1,1,1,3,75,1,0,0,0,1,0,0,1,0,0,0,0,0,0,0,0,1,0,0,1,0,0,0,0,0,7,1,1,0,1,1,1,1,1,0,0,0,0,0,0,1,0,0,150,0,0,0,0,25,150,4227,4227,0,1,1,1,0,0,0,1,1,0,0,0,0,0,0,0,1,0,0,0,0,0,100,0,0,0,0,0,0,1
451,2,current,1,1,0,-999,-999,-999,-999,-999,-999,-999,-999,-999,-999,-999,-999,-999,-999,-999,-999,-999,-999,-999,-999,-999,-999,-999,-999,150,0,20,1,0,0,0,0,1,0,0,0,0,0,1,0,0,1,1,0,1,0,0,0,2,1,1,1,1,3,75,1,0,0,0,1,0,0,1,0,0,0,0,0,0,0,0,1,0,0,1,0,0,0,0,0,7,1,1,0,1,1,1,1,1,0,0,0,0,0,0,1,0,0,150,0,0,0,0,25,150,4227,4227,0,1,1,1,0,0,0,1,1,0,0,0,0,0,0,0,1,0,0,0,0,0,100,0,0,0,0,0,0,2
452,2,maas,2,1,1,1,0,0,0,0,0,0,0,0,0,0,0,0,0,0,0,0,0,0,0,0,0,0,0,20,0,61,0,0,0,1,0,0,0,0,0,1,0,0,1,0,1,1,0,1,1,0,0,2,2,3,1,1,5,1125,0,1,0,0,2,0,1,1,0,0,1,0,0,0,0,0,1,0,0,1,0,0,0,0,0,7,1,1,0,0,0,1,1,0,0,1,0,0,0,0,1,0,5,50,0,0,0,0,25,55,4215,4215,0,0,0,0,0,0,1,0,1,0,0,0,0,0,0,0,0,0,0,0,0,0,0,0,0,0,0,0,0,1
452,2,current,1,0,1,-999,-999,-999,-999,-999,-999,-999,-999,-999,-999,-999,-999,-999,-999,-999,-999,-999,-999,-999,-999,-999,-999,-999,-999,55,0,61,0,0,0,1,0,0,0,0,0,1,0,0,1,0,1,1,0,1,1,0,0,2,2,3,1,1,5,1125,0,1,0,0,2,0,1,1,0,0,1,0,0,0,0,0,1,0,0,1,0,0,0,0,0,7,1,1,0,0,0,1,1,0,0,1,0,0,0,0,1,0,5,50,0,0,0,0,25,55,4215,4215,0,0,0,0,0,0,1,0,1,0,0,0,0,0,0,0,0,0,0,0,0,0,0,0,0,0,0,0,0,2
453,2,maas,2,0,0,0,0,0,0,0,0,0,0,0,0,0,0,0,0,0,0,0,0,0,0,0,0,1,1,10,0,62,0,0,0,1,0,0,0,0,0,1,0,0,1,0,0,0,0,1,0,0,0,2,1,2,1,1,4,9,0,0,0,0,1,0,0,1,1,0,0,0,0,0,0,0,1,0,0,0,0,0,0,1,0,0,0,0,0,0,0,1,1,0,0,0,0,0,1,0,1,0,0,50,0,0,0,0,75,50,4572,4558,0,0,0,0,0,0,1,0,0,0,0,0,0,0,0,0,0,0,0,1,0,0,40,0,0,0,0,0,0,1
453,2,current,1,1,0,-999,-999,-999,-999,-999,-999,-999,-999,-999,-999,-999,-999,-999,-999,-999,-999,-999,-999,-999,-999,-999,-999,-999,-999,50,0,62,0,0,0,1,0,0,0,0,0,1,0,0,1,0,0,0,0,1,0,0,0,2,1,2,1,1,4,9,0,0,0,0,1,0,0,1,1,0,0,0,0,0,0,0,1,0,0,0,0,0,0,1,0,0,0,0,0,0,0,1,1,0,0,0,0,0,1,0,1,0,0,50,0,0,0,0,75,50,4572,4558,0,0,0,0,0,0,1,0,0,0,0,0,0,0,0,0,0,0,0,1,0,0,40,0,0,0,0,0,0,2
454,2,maas,2,0,0,1,0,0,0,0,0,0,0,0,0,0,0,0,30,0,1,0,0,0,1,0,1,0,1,100,0,23,1,0,0,0,0,1,0,0,0,0,0,0,1,0,0,0,0,1,0,0,0,3,1,1,1,1,3,1125,0,1,0,0,2,0,0,2,0,0,0,0,0,1,0,1,0,1,1,0,0,0,0,0,0,7,1,1,0,1,1,1,1,1,0,1,0,0,0,1,1,1,30,250,75,75,125,0,175,555,4551,4553,1,1,1,0,0,0,0,1,0,0,0,0,0,0,0,0,0,0,0,1,0,0,10,1,1,0,0,0,0,1
454,2,current,1,1,0,-999,-999,-999,-999,-999,-999,-999,-999,-999,-999,-999,-999,-999,-999,-999,-999,-999,-999,-999,-999,-999,-999,-999,-999,555,0,23,1,0,0,0,0,1,0,0,0,0,0,0,1,0,0,0,0,1,0,0,0,3,1,1,1,1,3,1125,0,1,0,0,2,0,0,2,0,0,0,0,0,1,0,1,0,1,1,0,0,0,0,0,0,7,1,1,0,1,1,1,1,1,0,1,0,0,0,1,1,1,30,250,75,75,125,0,175,555,4551,4553,1,1,1,0,0,0,0,1,0,0,0,0,0,0,0,0,0,0,0,1,0,0,10,1,1,0,0,0,0,2
455,2,maas,2,0,0,0,0,0,0,0,0,0,0,0,0,0,0,0,0,0,0,0,0,0,0,0,0,0,0,0,0,60,0,0,0,1,0,0,0,0,0,1,0,0,0,1,0,0,0,1,0,0,0,3,1,2,1,1,4,350,1,0,0,0,4,0,0,4,0,0,0,0,1,1,0,0,1,0,0,0,0,0,0,1,0,0,0,1,0,1,0,0,1,0,0,0,1,0,0,0,1,0,0,50,0,0,0,0,25,50,4272,4272,0,0,0,0,0,0,1,0,0,0,0,0,0,0,0,0,0,0,0,0,0,1,0,0,0,0,0,0,1,1
455,2,current,1,1,0,-999,-999,-999,-999,-999,-999,-999,-999,-999,-999,-999,-999,-999,-999,-999,-999,-999,-999,-999,-999,-999,-999,-999,-999,50,0,60,0,0,0,1,0,0,0,0,0,1,0,0,0,1,0,0,0,1,0,0,0,3,1,2,1,1,4,350,1,0,0,0,4,0,0,4,0,0,0,0,1,1,0,0,1,0,0,0,0,0,0,1,0,0,0,1,0,1,0,0,1,0,0,0,1,0,0,0,1,0,0,50,0,0,0,0,25,50,4272,4272,0,0,0,0,0,0,1,0,0,0,0,0,0,0,0,0,0,0,0,0,0,1,0,0,0,0,0,0,1,2
456,2,maas,2,1,1,1,0,80,1,0,0,0,0,0,0,0,0,0,0,0,0,0,0,0,0,0,0,1,1,100,0,24,1,0,0,0,0,1,0,0,0,0,0,0,0,1,0,0,0,1,0,0,0,1,1,1,1,1,3,225,1,0,0,0,3,0,0,3,0,0,0,0,0,1,0,0,1,1,1,0,0,0,0,0,0,7,1,1,0,1,1,1,1,1,0,1,0,0,0,0,0,0,5,250,0,0,0,0,0,255,4215,4215,1,1,0,0,0,0,0,0,0,0,0,0,0,0,0,0,0,0,0,0,1,0,0,0,0,0,0,0,0,1
456,2,current,1,0,1,-999,-999,-999,-999,-999,-999,-999,-999,-999,-999,-999,-999,-999,-999,-999,-999,-999,-999,-999,-999,-999,-999,-999,-999,255,0,24,1,0,0,0,0,1,0,0,0,0,0,0,0,1,0,0,0,1,0,0,0,1,1,1,1,1,3,225,1,0,0,0,3,0,0,3,0,0,0,0,0,1,0,0,1,1,1,0,0,0,0,0,0,7,1,1,0,1,1,1,1,1,0,1,0,0,0,0,0,0,5,250,0,0,0,0,0,255,4215,4215,1,1,0,0,0,0,0,0,0,0,0,0,0,0,0,0,0,0,0,0,1,0,0,0,0,0,0,0,0,2
457,2,maas,2,0,0,0,3,80,1,0,0,0,0,0,0,0,0,0,0,0,0,0,0,0,1,1,0,1,1,220,1,58,0,0,0,1,0,0,0,0,0,1,0,0,1,0,0,0,0,1,0,0,0,2,1,1,1,1,3,3750,0,0,0,1,2,0,0,2,0,1,0,0,0,0,1,0,1,0,1,0,0,0,0,0,0,7,1,0,0,1,1,1,1,1,0,0,0,1,0,1,1,0,70,250,225,25,25,0,125,595,4032,4032,1,0,1,0,0,0,0,0,0,0,1,0,0,0,0,1,0,0,0,0,0,0,150,0,0,0,0,0,0,1
457,2,current,1,1,0,-999,-999,-999,-999,-999,-999,-999,-999,-999,-999,-999,-999,-999,-999,-999,-999,-999,-999,-999,-999,-999,-999,-999,-999,595,1,58,0,0,0,1,0,0,0,0,0,1,0,0,1,0,0,0,0,1,0,0,0,2,1,1,1,1,3,3750,0,0,0,1,2,0,0,2,0,1,0,0,0,0,1,0,1,0,1,0,0,0,0,0,0,7,1,0,0,1,1,1,1,1,0,0,0,1,0,1,1,0,70,250,225,25,25,0,125,595,4032,4032,1,0,1,0,0,0,0,0,0,0,1,0,0,0,0,1,0,0,0,0,0,0,150,0,0,0,0,0,0,2
458,2,maas,2,1,1,0,0,0,0,0,0,0,0,0,0,0,0,0,0,0,0,0,0,0,1,0,0,1,1,30,0,24,1,0,0,0,0,1,0,0,0,0,0,1,0,0,1,1,0,1,0,0,0,3,2,2,1,1,4,2250,0,0,1,0,2,0,0,2,0,1,0,0,0,0,0,1,0,0,1,0,0,0,0,0,0,7,1,1,0,1,1,1,1,1,0,0,1,0,0,0,1,0,5,50,75,25,75,75,75,305,4556,4556,1,1,0,0,1,0,0,1,0,1,0,1,0,0,0,0,0,0,0,0,0,0,0,1,1,0,0,0,1,1
458,2,current,1,0,1,-999,-999,-999,-999,-999,-999,-999,-999,-999,-999,-999,-999,-999,-999,-999,-999,-999,-999,-999,-999,-999,-999,-999,-999,305,0,24,1,0,0,0,0,1,0,0,0,0,0,1,0,0,1,1,0,1,0,0,0,3,2,2,1,1,4,2250,0,0,1,0,2,0,0,2,0,1,0,0,0,0,0,1,0,0,1,0,0,0,0,0,0,7,1,1,0,1,1,1,1,1,0,0,1,0,0,0,1,0,5,50,75,25,75,75,75,305,4556,4556,1,1,0,0,1,0,0,1,0,1,0,1,0,0,0,0,0,0,0,0,0,0,0,1,1,0,0,0,1,2
459,2,maas,2,0,0,0,3,0,0,0,0,0,0,0,0,0,0,0,0,0,0,0,0,0,0,0,0,0,0,120,0,18,1,0,0,0,0,1,0,0,0,0,0,0,0,1,1,0,0,0,0,0,1,1,1,1,1,1,3,350,1,0,0,0,1,0,0,1,1,0,0,0,0,0,0,1,0,0,0,0,1,0,0,0,0,0,0,1,0,1,1,1,1,1,1,0,0,0,0,0,1,0,15,0,0,0,0,0,0,15,4032,4500,1,0,1,0,0,0,0,0,1,0,0,0,0,0,0,0,0,0,0,0,0,0,200,0,0,0,0,0,0,1
459,2,current,1,1,0,-999,-999,-999,-999,-999,-999,-999,-999,-999,-999,-999,-999,-999,-999,-999,-999,-999,-999,-999,-999,-999,-999,-999,-999,15,0,18,1,0,0,0,0,1,0,0,0,0,0,0,0,1,1,0,0,0,0,0,1,1,1,1,1,1,3,350,1,0,0,0,1,0,0,1,1,0,0,0,0,0,0,1,0,0,0,0,1,0,0,0,0,0,0,1,0,1,1,1,1,1,1,0,0,0,0,0,1,0,15,0,0,0,0,0,0,15,4032,4500,1,0,1,0,0,0,0,0,1,0,0,0,0,0,0,0,0,0,0,0,0,0,200,0,0,0,0,0,0,2
460,2,maas,2,0,0,0,0,0,0,0,0,0,0,0,0,0,0,0,0,0,0,0,0,0,0,0,1,0,0,10,1,55,0,0,1,0,0,0,0,0,0,1,0,0,0,1,0,0,0,1,0,1,0,2,1,6,1,3,10,1125,0,1,0,0,4,1,1,2,0,0,1,0,0,0,0,0,1,0,1,0,0,0,0,0,0,7,1,1,0,1,1,1,1,1,0,1,0,0,0,0,1,0,0,350,0,0,0,0,125,350,4557,4557,1,0,1,0,0,0,0,0,1,1,0,0,0,0,1,0,0,0,0,0,0,0,10,0,0,0,0,0,1,1
460,2,current,1,1,0,-999,-999,-999,-999,-999,-999,-999,-999,-999,-999,-999,-999,-999,-999,-999,-999,-999,-999,-999,-999,-999,-999,-999,-999,350,1,55,0,0,1,0,0,0,0,0,0,1,0,0,0,1,0,0,0,1,0,1,0,2,1,6,1,3,10,1125,0,1,0,0,4,1,1,2,0,0,1,0,0,0,0,0,1,0,1,0,0,0,0,0,0,7,1,1,0,1,1,1,1,1,0,1,0,0,0,0,1,0,0,350,0,0,0,0,125,350,4557,4557,1,0,1,0,0,0,0,0,1,1,0,0,0,0,1,0,0,0,0,0,0,0,10,0,0,0,0,0,1,2
461,2,maas,2,0,0,1,0,0,0,0,0,0,0,0,0,0,0,0,0,0,0,0,0,0,0,0,0,0,0,20,0,55,0,0,1,0,0,0,0,0,0,1,0,0,1,0,0,0,0,1,0,0,0,4,1,1,1,1,3,1125,0,1,0,0,3,0,1,2,0,1,1,0,0,0,0,0,1,0,0,0,0,0,0,0,1,0,0,0,1,0,0,0,1,1,0,0,1,1,0,0,1,0,0,50,0,0,0,0,75,50,4573,4558,0,0,1,0,0,0,0,0,1,0,1,0,0,0,0,0,0,0,0,0,0,0,5,0,0,0,0,0,0,1
461,2,current,1,1,0,-999,-999,-999,-999,-999,-999,-999,-999,-999,-999,-999,-999,-999,-999,-999,-999,-999,-999,-999,-999,-999,-999,-999,-999,50,0,55,0,0,1,0,0,0,0,0,0,1,0,0,1,0,0,0,0,1,0,0,0,4,1,1,1,1,3,1125,0,1,0,0,3,0,1,2,0,1,1,0,0,0,0,0,1,0,0,0,0,0,0,0,1,0,0,0,1,0,0,0,1,1,0,0,1,1,0,0,1,0,0,50,0,0,0,0,75,50,4573,4558,0,0,1,0,0,0,0,0,1,0,1,0,0,0,0,0,0,0,0,0,0,0,5,0,0,0,0,0,0,2
462,2,maas,2,0,0,0,0,0,0,0,0,0,0,0,0,0,0,0,0,0,0,0,0,0,0,0,0,0,0,0,0,55,0,0,1,0,0,0,0,0,0,1,0,0,1,0,0,0,0,1,0,0,0,3,2,3,1,1,5,1875,0,0,1,0,2,0,0,2,0,1,0,0,0,0,0,0,1,0,1,0,0,0,0,0,0,7,1,0,1,0,0,0,1,1,0,0,0,0,0,0,1,0,30,50,0,0,0,0,25,80,4562,4573,0,0,0,0,0,0,1,0,1,0,0,0,0,0,0,0,0,0,0,0,0,0,150,0,0,0,0,0,0,1
462,2,current,1,1,0,-999,-999,-999,-999,-999,-999,-999,-999,-999,-999,-999,-999,-999,-999,-999,-999,-999,-999,-999,-999,-999,-999,-999,-999,80,0,55,0,0,1,0,0,0,0,0,0,1,0,0,1,0,0,0,0,1,0,0,0,3,2,3,1,1,5,1875,0,0,1,0,2,0,0,2,0,1,0,0,0,0,0,0,1,0,1,0,0,0,0,0,0,7,1,0,1,0,0,0,1,1,0,0,0,0,0,0,1,0,30,50,0,0,0,0,25,80,4562,4573,0,0,0,0,0,0,1,0,1,0,0,0,0,0,0,0,0,0,0,0,0,0,150,0,0,0,0,0,0,2
463,2,maas,2,0,0,0,0,80,1,0,0,0,0,0,0,0,0,0,0,0,0,0,0,0,0,0,0,0,0,70,0,61,0,0,0,1,0,0,0,0,0,1,0,0,0,1,0,0,0,1,1,0,0,2,1,4,1,1,6,1625,0,0,1,0,2,0,0,2,0,1,0,0,0,0,0,0,1,0,0,0,0,0,0,1,0,0,0,1,0,0,1,0,1,0,0,0,0,1,0,0,0,0,5,50,25,25,25,0,175,130,4218,4218,1,0,0,0,0,0,0,0,0,0,0,0,0,0,0,0,0,0,0,1,0,0,70,0,0,0,0,0,0,1
463,2,current,1,1,0,-999,-999,-999,-999,-999,-999,-999,-999,-999,-999,-999,-999,-999,-999,-999,-999,-999,-999,-999,-999,-999,-999,-999,-999,130,0,61,0,0,0,1,0,0,0,0,0,1,0,0,0,1,0,0,0,1,1,0,0,2,1,4,1,1,6,1625,0,0,1,0,2,0,0,2,0,1,0,0,0,0,0,0,1,0,0,0,0,0,0,1,0,0,0,1,0,0,1,0,1,0,0,0,0,1,0,0,0,0,5,50,25,25,25,0,175,130,4218,4218,1,0,0,0,0,0,0,0,0,0,0,0,0,0,0,0,0,0,0,1,0,0,70,0,0,0,0,0,0,2
464,2,maas,2,1,1,1,0,0,0,0,0,0,0,0,0,0,0,0,0,0,0,0,0,0,0,0,1,0,1,30,0,64,0,0,0,1,0,0,0,0,0,1,0,0,1,0,0,0,0,1,0,0,0,2,1,1,1,1,3,1125,0,1,0,0,1,0,0,1,0,1,0,0,0,0,0,0,1,1,0,0,0,0,0,1,0,0,0,1,0,1,0,1,1,1,0,0,0,0,0,0,1,0,0,50,0,0,0,0,125,50,4558,4558,1,1,1,0,0,1,0,1,0,0,0,1,0,0,0,0,0,0,0,0,0,0,0,0,0,0,0,0,0,1
464,2,current,1,0,1,-999,-999,-999,-999,-999,-999,-999,-999,-999,-999,-999,-999,-999,-999,-999,-999,-999,-999,-999,-999,-999,-999,-999,-999,50,0,64,0,0,0,1,0,0,0,0,0,1,0,0,1,0,0,0,0,1,0,0,0,2,1,1,1,1,3,1125,0,1,0,0,1,0,0,1,0,1,0,0,0,0,0,0,1,1,0,0,0,0,0,1,0,0,0,1,0,1,0,1,1,1,0,0,0,0,0,0,1,0,0,50,0,0,0,0,125,50,4558,4558,1,1,1,0,0,1,0,1,0,0,0,1,0,0,0,0,0,0,0,0,0,0,0,0,0,0,0,0,0,2
465,2,maas,2,0,0,1,0,0,0,0,0,0,0,0,0,0,0,0,0,0,0,0,0,0,0,0,0,0,0,20,1,58,0,0,0,1,0,0,0,0,0,1,0,0,1,0,0,0,0,1,0,1,0,3,1,4,1,1,6,1125,0,1,0,0,2,0,0,2,0,1,0,0,0,0,0,0,1,0,0,0,0,0,0,0,1,0,0,1,0,1,0,1,1,1,0,0,0,1,1,1,1,1,5,50,0,25,0,0,125,80,4350,4000,1,0,1,0,0,0,0,0,1,0,0,0,0,0,0,0,0,0,0,0,0,0,0,0,0,0,0,0,0,1
465,2,current,1,1,0,-999,-999,-999,-999,-999,-999,-999,-999,-999,-999,-999,-999,-999,-999,-999,-999,-999,-999,-999,-999,-999,-999,-999,-999,80,1,58,0,0,0,1,0,0,0,0,0,1,0,0,1,0,0,0,0,1,0,1,0,3,1,4,1,1,6,1125,0,1,0,0,2,0,0,2,0,1,0,0,0,0,0,0,1,0,0,0,0,0,0,0,1,0,0,1,0,1,0,1,1,1,0,0,0,1,1,1,1,1,5,50,0,25,0,0,125,80,4350,4000,1,0,1,0,0,0,0,0,1,0,0,0,0,0,0,0,0,0,0,0,0,0,0,0,0,0,0,0,0,2
466,2,maas,2,1,1,1,0,80,1,0,0,0,0,0,0,0,0,0,0,0,0,0,0,0,1,0,0,0,1,110,0,64,0,0,0,1,0,0,0,0,0,1,0,0,1,0,0,0,0,1,0,0,0,2,1,1,2,1,4,850,0,1,0,0,2,0,0,2,0,1,0,0,0,0,0,0,1,0,0,1,0,0,0,0,0,7,1,1,0,1,0,1,0,1,0,0,0,0,0,0,1,0,5,50,25,25,25,0,75,130,4551,4551,0,1,1,0,0,0,0,1,1,0,0,0,0,0,0,0,0,0,0,0,0,0,0,0,0,0,0,0,0,1
466,2,current,1,0,1,-999,-999,-999,-999,-999,-999,-999,-999,-999,-999,-999,-999,-999,-999,-999,-999,-999,-999,-999,-999,-999,-999,-999,-999,130,0,64,0,0,0,1,0,0,0,0,0,1,0,0,1,0,0,0,0,1,0,0,0,2,1,1,2,1,4,850,0,1,0,0,2,0,0,2,0,1,0,0,0,0,0,0,1,0,0,1,0,0,0,0,0,7,1,1,0,1,0,1,0,1,0,0,0,0,0,0,1,0,5,50,25,25,25,0,75,130,4551,4551,0,1,1,0,0,0,0,1,1,0,0,0,0,0,0,0,0,0,0,0,0,0,0,0,0,0,0,0,0,2
467,2,maas,2,1,1,0,4,0,0,0,0,0,0,0,0,0,0,0,0,0,0,0,0,0,0,0,1,0,0,170,0,58,0,0,0,1,0,0,0,0,0,1,0,1,0,0,0,0,0,1,0,0,0,2,1,1,1,1,3,575,0,1,0,0,0,0,0,0,0,0,0,0,0,1,0,0,1,0,0,0,0,0,0,1,0,0,0,1,0,1,0,1,1,1,1,1,0,0,0,0,1,0,0,250,25,75,0,0,125,350,4214,4214,0,0,1,0,0,0,0,1,0,1,0,0,0,0,0,0,0,0,0,0,0,0,0,0,0,0,0,0,0,1
467,2,current,1,0,1,-999,-999,-999,-999,-999,-999,-999,-999,-999,-999,-999,-999,-999,-999,-999,-999,-999,-999,-999,-999,-999,-999,-999,-999,350,0,58,0,0,0,1,0,0,0,0,0,1,0,1,0,0,0,0,0,1,0,0,0,2,1,1,1,1,3,575,0,1,0,0,0,0,0,0,0,0,0,0,0,1,0,0,1,0,0,0,0,0,0,1,0,0,0,1,0,1,0,1,1,1,1,1,0,0,0,0,1,0,0,250,25,75,0,0,125,350,4214,4214,0,0,1,0,0,0,0,1,0,1,0,0,0,0,0,0,0,0,0,0,0,0,0,0,0,0,0,0,0,2
468,2,maas,2,1,1,1,0,0,0,0,0,0,0,0,0,0,0,0,0,0,0,0,0,0,0,1,0,1,1,30,0,63,0,0,0,1,0,0,0,0,0,1,0,0,1,0,0,0,0,1,0,0,0,2,1,1,1,1,3,2750,0,0,1,0,2,0,0,2,0,1,0,0,0,0,0,0,1,1,0,0,0,0,0,0,1,0,0,1,0,1,0,0,1,1,0,0,0,0,0,0,1,0,5,50,25,0,0,0,0,80,4226,4213,1,0,1,0,0,1,0,1,0,1,1,0,0,0,0,0,1,0,0,0,0,0,0,0,0,0,0,0,0,1
468,2,current,1,0,1,-999,-999,-999,-999,-999,-999,-999,-999,-999,-999,-999,-999,-999,-999,-999,-999,-999,-999,-999,-999,-999,-999,-999,-999,80,0,63,0,0,0,1,0,0,0,0,0,1,0,0,1,0,0,0,0,1,0,0,0,2,1,1,1,1,3,2750,0,0,1,0,2,0,0,2,0,1,0,0,0,0,0,0,1,1,0,0,0,0,0,0,1,0,0,1,0,1,0,0,1,1,0,0,0,0,0,0,1,0,5,50,25,0,0,0,0,80,4226,4213,1,0,1,0,0,1,0,1,0,1,1,0,0,0,0,0,1,0,0,0,0,0,0,0,0,0,0,0,0,2
469,2,maas,2,1,1,0,0,0,0,0,0,0,0,0,0,0,0,0,0,0,0,0,0,0,0,1,0,1,1,10,0,60,0,0,0,1,0,0,0,0,0,1,0,0,1,0,0,0,0,1,0,0,0,3,1,3,1,1,5,1875,0,0,1,0,2,0,0,2,0,0,1,0,0,0,0,0,1,1,0,1,0,0,0,0,0,7,1,1,0,1,1,1,1,1,1,1,0,0,0,0,1,0,5,150,25,25,25,0,125,230,4034,4054,1,1,1,0,0,0,0,1,1,1,0,0,0,0,0,0,0,0,0,0,0,0,0,0,0,0,0,0,0,1
469,2,current,1,0,1,-999,-999,-999,-999,-999,-999,-999,-999,-999,-999,-999,-999,-999,-999,-999,-999,-999,-999,-999,-999,-999,-999,-999,-999,230,0,60,0,0,0,1,0,0,0,0,0,1,0,0,1,0,0,0,0,1,0,0,0,3,1,3,1,1,5,1875,0,0,1,0,2,0,0,2,0,0,1,0,0,0,0,0,1,1,0,1,0,0,0,0,0,7,1,1,0,1,1,1,1,1,1,1,0,0,0,0,1,0,5,150,25,25,25,0,125,230,4034,4054,1,1,1,0,0,0,0,1,1,1,0,0,0,0,0,0,0,0,0,0,0,0,0,0,0,0,0,0,0,2
470,2,maas,2,0,0,0,0,0,0,0,0,0,30,0,1,0,0,0,0,30,0,1,0,0,0,0,0,0,0,70,0,21,1,0,0,0,0,1,0,0,0,0,0,0,0,1,1,1,0,1,0,0,0,2,1,1,1,1,3,575,0,1,0,0,1,0,0,1,0,1,0,0,0,0,1,0,1,1,0,1,0,0,0,0,0,7,1,1,0,1,0,1,1,0,0,1,0,0,0,0,1,0,5,150,125,25,0,0,225,305,4568,4570,0,0,0,0,0,0,1,0,0,0,1,0,0,0,0,0,0,0,0,0,0,0,50,0,0,0,0,0,0,1
470,2,current,1,1,0,-999,-999,-999,-999,-999,-999,-999,-999,-999,-999,-999,-999,-999,-999,-999,-999,-999,-999,-999,-999,-999,-999,-999,-999,305,0,21,1,0,0,0,0,1,0,0,0,0,0,0,0,1,1,1,0,1,0,0,0,2,1,1,1,1,3,575,0,1,0,0,1,0,0,1,0,1,0,0,0,0,1,0,1,1,0,1,0,0,0,0,0,7,1,1,0,1,0,1,1,0,0,1,0,0,0,0,1,0,5,150,125,25,0,0,225,305,4568,4570,0,0,0,0,0,0,1,0,0,0,1,0,0,0,0,0,0,0,0,0,0,0,50,0,0,0,0,0,0,2
471,2,maas,2,1,1,1,0,80,1,0,0,0,0,0,0,0,0,0,0,0,0,0,0,0,0,0,0,0,0,90,0,61,0,0,0,1,0,0,0,0,0,1,0,0,1,0,0,0,0,1,0,0,0,1,1,2,1,1,4,575,0,1,0,0,7,3,0,4,0,1,0,0,0,0,0,0,1,1,0,0,0,1,0,0,0,0,0,1,0,1,1,1,1,1,0,0,0,0,0,1,0,0,5,50,25,25,25,0,0,130,4215,4214,1,1,1,0,0,0,0,1,0,0,0,0,0,0,0,0,0,0,0,0,0,1,0,0,0,0,0,0,0,1
471,2,current,1,0,1,-999,-999,-999,-999,-999,-999,-999,-999,-999,-999,-999,-999,-999,-999,-999,-999,-999,-999,-999,-999,-999,-999,-999,-999,130,0,61,0,0,0,1,0,0,0,0,0,1,0,0,1,0,0,0,0,1,0,0,0,1,1,2,1,1,4,575,0,1,0,0,7,3,0,4,0,1,0,0,0,0,0,0,1,1,0,0,0,1,0,0,0,0,0,1,0,1,1,1,1,1,0,0,0,0,0,1,0,0,5,50,25,25,25,0,0,130,4215,4214,1,1,1,0,0,0,0,1,0,0,0,0,0,0,0,0,0,0,0,0,0,1,0,0,0,0,0,0,0,2
472,2,maas,2,1,1,1,0,0,0,0,0,0,0,0,0,0,0,0,0,0,0,0,0,0,0,0,0,0,0,20,0,64,0,0,0,1,0,0,0,0,0,1,0,0,1,0,0,0,0,1,0,0,0,2,1,1,1,1,3,1125,0,1,0,0,2,0,0,2,0,1,0,0,0,0,0,0,1,0,0,0,0,0,0,1,0,0,0,1,0,1,1,1,1,1,1,0,1,0,0,1,1,0,5,50,25,0,25,0,75,105,4215,4215,1,1,1,0,0,0,0,0,1,0,0,0,0,0,0,0,1,0,0,0,0,0,0,0,0,0,0,0,0,1
472,2,current,1,0,1,-999,-999,-999,-999,-999,-999,-999,-999,-999,-999,-999,-999,-999,-999,-999,-999,-999,-999,-999,-999,-999,-999,-999,-999,105,0,64,0,0,0,1,0,0,0,0,0,1,0,0,1,0,0,0,0,1,0,0,0,2,1,1,1,1,3,1125,0,1,0,0,2,0,0,2,0,1,0,0,0,0,0,0,1,0,0,0,0,0,0,1,0,0,0,1,0,1,1,1,1,1,1,0,1,0,0,1,1,0,5,50,25,0,25,0,75,105,4215,4215,1,1,1,0,0,0,0,0,1,0,0,0,0,0,0,0,1,0,0,0,0,0,0,0,0,0,0,0,0,2
473,2,maas,2,0,0,1,0,0,0,0,0,0,0,0,0,0,0,0,0,0,0,0,0,0,0,0,0,0,0,20,0,19,1,0,0,0,0,1,0,0,0,0,0,0,0,1,0,0,0,0,1,0,0,1,4,1,1,1,3,450,1,0,0,0,2,0,0,2,0,0,0,0,0,1,1,1,0,0,0,1,0,0,0,0,0,7,1,0,0,0,1,1,0,1,0,0,0,0,0,1,0,1,30,450,125,125,175,125,75,1030,4350,4350,0,1,0,0,0,0,0,1,0,1,0,0,0,0,0,0,0,0,0,0,0,0,8,1,0,1,0,0,1,1
473,2,current,1,1,0,-999,-999,-999,-999,-999,-999,-999,-999,-999,-999,-999,-999,-999,-999,-999,-999,-999,-999,-999,-999,-999,-999,-999,-999,1030,0,19,1,0,0,0,0,1,0,0,0,0,0,0,0,1,0,0,0,0,1,0,0,1,4,1,1,1,3,450,1,0,0,0,2,0,0,2,0,0,0,0,0,1,1,1,0,0,0,1,0,0,0,0,0,7,1,0,0,0,1,1,0,1,0,0,0,0,0,1,0,1,30,450,125,125,175,125,75,1030,4350,4350,0,1,0,0,0,0,0,1,0,1,0,0,0,0,0,0,0,0,0,0,0,0,8,1,0,1,0,0,1,2
474,2,maas,2,0,0,0,0,0,0,0,0,0,0,0,0,0,0,0,0,0,0,0,0,0,0,1,0,0,0,0,0,44,0,0,1,0,0,0,0,1,0,0,0,0,0,1,0,0,0,0,0,0,1,2,1,3,1,1,5,725,0,1,0,0,2,0,0,2,0,1,0,0,0,0,0,0,1,0,0,0,0,0,0,0,1,0,0,1,0,0,0,1,1,0,1,0,0,0,0,1,0,1,5,50,0,0,0,0,0,55,4510,4000,1,0,0,0,0,0,0,0,1,0,0,0,0,0,0,0,0,0,0,0,0,0,20,0,0,0,0,0,0,1
474,2,current,1,1,0,-999,-999,-999,-999,-999,-999,-999,-999,-999,-999,-999,-999,-999,-999,-999,-999,-999,-999,-999,-999,-999,-999,-999,-999,55,0,44,0,0,1,0,0,0,0,1,0,0,0,0,0,1,0,0,0,0,0,0,1,2,1,3,1,1,5,725,0,1,0,0,2,0,0,2,0,1,0,0,0,0,0,0,1,0,0,0,0,0,0,0,1,0,0,1,0,0,0,1,1,0,1,0,0,0,0,1,0,1,5,50,0,0,0,0,0,55,4510,4000,1,0,0,0,0,0,0,0,1,0,0,0,0,0,0,0,0,0,0,0,0,0,20,0,0,0,0,0,0,2
475,2,maas,2,0,0,0,0,80,1,0,0,0,0,0,0,0,0,0,0,0,0,0,0,0,0,0,0,0,0,70,0,18,1,0,0,0,0,1,0,0,0,0,0,0,0,1,0,0,0,1,0,0,0,3,1,1,1,1,3,1125,0,1,0,0,2,0,0,2,0,0,1,0,0,0,0,0,1,0,1,0,0,0,0,0,0,7,1,0,0,1,0,1,1,0,0,0,0,0,0,0,0,0,0,50,25,25,0,0,225,100,4301,4301,1,0,1,0,0,0,0,0,1,0,0,0,0,0,0,0,1,0,0,0,0,0,100,0,0,0,0,0,0,1
475,2,current,1,1,0,-999,-999,-999,-999,-999,-999,-999,-999,-999,-999,-999,-999,-999,-999,-999,-999,-999,-999,-999,-999,-999,-999,-999,-999,100,0,18,1,0,0,0,0,1,0,0,0,0,0,0,0,1,0,0,0,1,0,0,0,3,1,1,1,1,3,1125,0,1,0,0,2,0,0,2,0,0,1,0,0,0,0,0,1,0,1,0,0,0,0,0,0,7,1,0,0,1,0,1,1,0,0,0,0,0,0,0,0,0,0,50,25,25,0,0,225,100,4301,4301,1,0,1,0,0,0,0,0,1,0,0,0,0,0,0,0,1,0,0,0,0,0,100,0,0,0,0,0,0,2
476,2,maas,2,1,1,0,7,0,0,0,0,0,0,0,0,0,0,0,0,0,0,0,0,0,0,0,0,0,0,280,1,34,0,1,0,0,0,0,1,0,0,0,0,0,1,0,0,0,0,1,0,0,0,3,1,1,1,1,3,8500,0,0,0,1,2,0,0,2,0,1,0,0,0,0,1,0,1,1,1,0,0,0,0,0,0,7,1,1,0,1,1,1,1,1,0,1,0,0,0,0,1,0,30,150,75,75,25,25,25,380,4165,4165,1,0,1,1,0,0,0,1,1,0,0,0,0,0,0,0,0,0,0,0,0,0,0,0,0,0,0,0,0,1
476,2,current,1,0,1,-999,-999,-999,-999,-999,-999,-999,-999,-999,-999,-999,-999,-999,-999,-999,-999,-999,-999,-999,-999,-999,-999,-999,-999,380,1,34,0,1,0,0,0,0,1,0,0,0,0,0,1,0,0,0,0,1,0,0,0,3,1,1,1,1,3,8500,0,0,0,1,2,0,0,2,0,1,0,0,0,0,1,0,1,1,1,0,0,0,0,0,0,7,1,1,0,1,1,1,1,1,0,1,0,0,0,0,1,0,30,150,75,75,25,25,25,380,4165,4165,1,0,1,1,0,0,0,1,1,0,0,0,0,0,0,0,0,0,0,0,0,0,0,0,0,0,0,0,0,2
477,2,maas,2,1,1,1,5,80,1,0,0,0,0,30,0,1,0,0,0,60,0,0,0,1,1,1,0,1,1,400,1,24,1,0,0,0,0,1,0,0,0,0,0,0,1,0,1,0,1,1,0,0,0,2,1,3,1,2,6,850,0,1,0,0,3,1,0,2,0,1,0,0,0,0,1,1,0,0,1,0,0,0,0,0,0,7,1,1,0,1,1,1,1,1,1,0,0,0,1,1,1,0,5,250,25,25,0,25,225,330,4557,4557,1,1,1,0,0,0,0,0,1,0,0,1,1,0,0,0,0,0,0,0,0,0,0,0,0,0,0,0,0,1
477,2,current,1,0,1,-999,-999,-999,-999,-999,-999,-999,-999,-999,-999,-999,-999,-999,-999,-999,-999,-999,-999,-999,-999,-999,-999,-999,-999,330,1,24,1,0,0,0,0,1,0,0,0,0,0,0,1,0,1,0,1,1,0,0,0,2,1,3,1,2,6,850,0,1,0,0,3,1,0,2,0,1,0,0,0,0,1,1,0,0,1,0,0,0,0,0,0,7,1,1,0,1,1,1,1,1,1,0,0,0,1,1,1,0,5,250,25,25,0,25,225,330,4557,4557,1,1,1,0,0,0,0,0,1,0,0,1,1,0,0,0,0,0,0,0,0,0,0,0,0,0,0,0,0,2
478,2,maas,2,1,1,0,0,80,1,0,0,0,0,0,0,0,0,0,0,0,0,0,0,0,0,0,0,0,0,70,0,28,0,1,0,0,0,0,1,0,0,0,0,1,0,0,1,1,0,1,0,0,0,1,1,1,1,1,3,225,1,0,0,0,3,1,0,2,0,1,0,0,0,0,1,0,1,1,0,0,0,0,0,0,1,0,0,1,0,1,1,1,1,1,0,0,0,0,0,1,0,0,15,0,0,0,75,25,0,115,4000,4000,1,1,1,0,0,0,0,1,0,0,0,0,0,0,0,0,0,0,0,1,0,0,0,0,0,0,0,0,0,1
478,2,current,1,0,1,-999,-999,-999,-999,-999,-999,-999,-999,-999,-999,-999,-999,-999,-999,-999,-999,-999,-999,-999,-999,-999,-999,-999,-999,115,0,28,0,1,0,0,0,0,1,0,0,0,0,1,0,0,1,1,0,1,0,0,0,1,1,1,1,1,3,225,1,0,0,0,3,1,0,2,0,1,0,0,0,0,1,0,1,1,0,0,0,0,0,0,1,0,0,1,0,1,1,1,1,1,0,0,0,0,0,1,0,0,15,0,0,0,75,25,0,115,4000,4000,1,1,1,0,0,0,0,1,0,0,0,0,0,0,0,0,0,0,0,1,0,0,0,0,0,0,0,0,0,2
479,2,maas,2,1,1,1,3,200,0,1,0,0,0,30,0,1,0,0,0,30,0,1,0,0,1,1,0,1,1,350,0,39,0,1,0,0,0,0,0,1,0,0,0,0,1,0,0,0,0,1,0,0,0,2,1,4,1,1,6,1375,0,0,1,0,3,3,0,0,0,1,0,0,0,0,1,0,1,1,1,0,0,0,0,0,0,7,1,1,0,1,1,1,1,1,1,1,0,0,0,0,1,0,5,150,75,125,0,0,125,355,4510,4510,1,1,1,0,0,1,0,1,1,0,0,0,0,0,0,0,0,0,0,0,0,0,0,0,0,0,0,0,1,1
479,2,current,1,0,1,-999,-999,-999,-999,-999,-999,-999,-999,-999,-999,-999,-999,-999,-999,-999,-999,-999,-999,-999,-999,-999,-999,-999,-999,355,0,39,0,1,0,0,0,0,0,1,0,0,0,0,1,0,0,0,0,1,0,0,0,2,1,4,1,1,6,1375,0,0,1,0,3,3,0,0,0,1,0,0,0,0,1,0,1,1,1,0,0,0,0,0,0,7,1,1,0,1,1,1,1,1,1,1,0,0,0,0,1,0,5,150,75,125,0,0,125,355,4510,4510,1,1,1,0,0,1,0,1,1,0,0,0,0,0,0,0,0,0,0,0,0,0,0,0,0,0,0,0,1,2
480,2,maas,2,1,1,1,0,0,0,0,0,0,0,0,0,0,0,0,0,0,0,0,0,0,0,0,0,0,0,20,0,47,0,0,1,0,0,0,0,0,1,0,0,1,0,0,0,0,0,1,0,0,0,2,1,1,1,1,3,850,0,1,0,0,1,0,0,1,0,0,1,0,0,0,0,0,1,0,0,0,0,0,1,0,0,0,0,1,0,1,0,1,1,1,1,0,1,0,0,0,1,0,15,50,0,25,25,25,25,140,4503,4503,1,0,1,1,0,1,0,0,1,0,0,0,0,0,0,0,0,0,0,0,0,0,0,0,0,0,0,0,1,1
480,2,current,1,0,1,-999,-999,-999,-999,-999,-999,-999,-999,-999,-999,-999,-999,-999,-999,-999,-999,-999,-999,-999,-999,-999,-999,-999,-999,140,0,47,0,0,1,0,0,0,0,0,1,0,0,1,0,0,0,0,0,1,0,0,0,2,1,1,1,1,3,850,0,1,0,0,1,0,0,1,0,0,1,0,0,0,0,0,1,0,0,0,0,0,1,0,0,0,0,1,0,1,0,1,1,1,1,0,1,0,0,0,1,0,15,50,0,25,25,25,25,140,4503,4503,1,0,1,1,0,1,0,0,1,0,0,0,0,0,0,0,0,0,0,0,0,0,0,0,0,0,0,0,1,2
481,2,maas,2,1,1,1,0,0,0,0,0,0,0,0,0,0,0,0,0,0,0,0,0,0,0,0,0,0,0,20,1,26,0,1,0,0,0,0,1,0,0,0,0,0,1,0,0,0,0,1,0,0,0,2,1,1,2,1,4,2250,0,0,1,0,3,1,0,2,1,0,0,0,0,0,1,0,1,0,1,0,0,0,0,0,0,7,1,1,0,1,1,1,1,1,0,1,0,0,0,0,1,0,30,150,25,125,75,25,75,430,4108,4108,1,1,1,1,1,0,0,0,0,0,1,1,0,1,0,0,0,0,0,0,0,0,0,0,0,0,0,0,0,1
481,2,current,1,0,1,-999,-999,-999,-999,-999,-999,-999,-999,-999,-999,-999,-999,-999,-999,-999,-999,-999,-999,-999,-999,-999,-999,-999,-999,430,1,26,0,1,0,0,0,0,1,0,0,0,0,0,1,0,0,0,0,1,0,0,0,2,1,1,2,1,4,2250,0,0,1,0,3,1,0,2,1,0,0,0,0,0,1,0,1,0,1,0,0,0,0,0,0,7,1,1,0,1,1,1,1,1,0,1,0,0,0,0,1,0,30,150,25,125,75,25,75,430,4108,4108,1,1,1,1,1,0,0,0,0,0,1,1,0,1,0,0,0,0,0,0,0,0,0,0,0,0,0,0,0,2
482,2,maas,2,1,1,0,0,0,0,0,0,0,0,0,0,0,0,0,0,0,0,0,0,0,0,1,0,0,0,0,1,37,0,1,0,0,0,0,0,1,0,0,0,0,0,1,0,0,0,1,0,0,0,2,1,1,1,1,3,1875,0,0,1,0,3,1,0,2,0,1,1,0,0,0,0,1,0,1,1,0,0,0,0,0,0,7,1,1,0,1,1,1,0,1,0,0,0,0,0,1,0,0,5,50,25,25,25,25,25,155,4005,4000,1,1,1,0,0,1,0,1,1,0,0,0,0,0,0,0,0,0,0,0,0,0,0,0,0,0,0,0,0,1
482,2,current,1,0,1,-999,-999,-999,-999,-999,-999,-999,-999,-999,-999,-999,-999,-999,-999,-999,-999,-999,-999,-999,-999,-999,-999,-999,-999,155,1,37,0,1,0,0,0,0,0,1,0,0,0,0,0,1,0,0,0,1,0,0,0,2,1,1,1,1,3,1875,0,0,1,0,3,1,0,2,0,1,1,0,0,0,0,1,0,1,1,0,0,0,0,0,0,7,1,1,0,1,1,1,0,1,0,0,0,0,0,1,0,0,5,50,25,25,25,25,25,155,4005,4000,1,1,1,0,0,1,0,1,1,0,0,0,0,0,0,0,0,0,0,0,0,0,0,0,0,0,0,0,0,2
483,2,maas,2,1,1,0,0,200,0,1,0,0,0,30,0,1,0,0,0,0,0,0,0,0,0,0,0,0,0,150,0,24,1,0,0,0,0,1,0,0,0,0,0,1,0,0,0,0,0,0,0,0,1,2,1,1,1,2,4,1125,0,1,0,0,3,0,0,3,0,0,0,0,1,0,0,1,0,1,0,0,0,0,0,0,1,0,0,1,0,1,1,1,1,0,0,0,0,0,1,1,1,1,30,50,25,0,75,25,25,205,4215,4215,0,0,1,0,0,0,0,1,0,0,0,0,0,0,0,0,0,0,0,1,0,0,0,0,0,0,0,0,0,1
483,2,current,1,0,1,-999,-999,-999,-999,-999,-999,-999,-999,-999,-999,-999,-999,-999,-999,-999,-999,-999,-999,-999,-999,-999,-999,-999,-999,205,0,24,1,0,0,0,0,1,0,0,0,0,0,1,0,0,0,0,0,0,0,0,1,2,1,1,1,2,4,1125,0,1,0,0,3,0,0,3,0,0,0,0,1,0,0,1,0,1,0,0,0,0,0,0,1,0,0,1,0,1,1,1,1,0,0,0,0,0,1,1,1,1,30,50,25,0,75,25,25,205,4215,4215,0,0,1,0,0,0,0,1,0,0,0,0,0,0,0,0,0,0,0,1,0,0,0,0,0,0,0,0,0,2
484,2,maas,2,1,1,0,0,0,0,0,0,0,0,0,0,0,0,0,0,0,0,0,0,0,0,0,0,1,0,10,0,22,1,0,0,0,0,1,0,0,0,0,0,0,0,1,1,1,0,1,0,0,0,3,1,2,1,1,4,225,1,0,0,0,3,0,1,2,0,0,0,1,0,0,0,0,1,1,0,1,0,0,0,0,0,7,1,1,0,1,1,1,1,1,0,1,0,0,0,1,1,1,15,150,75,125,125,25,25,515,4226,4217,0,1,1,0,0,1,0,1,0,0,0,1,0,0,0,0,0,0,0,0,0,0,0,1,1,0,0,0,0,1
484,2,current,1,0,1,-999,-999,-999,-999,-999,-999,-999,-999,-999,-999,-999,-999,-999,-999,-999,-999,-999,-999,-999,-999,-999,-999,-999,-999,515,0,22,1,0,0,0,0,1,0,0,0,0,0,0,0,1,1,1,0,1,0,0,0,3,1,2,1,1,4,225,1,0,0,0,3,0,1,2,0,0,0,1,0,0,0,0,1,1,0,1,0,0,0,0,0,7,1,1,0,1,1,1,1,1,0,1,0,0,0,1,1,1,15,150,75,125,125,25,25,515,4226,4217,0,1,1,0,0,1,0,1,0,0,0,1,0,0,0,0,0,0,0,0,0,0,0,1,1,0,0,0,0,2
485,2,maas,2,1,1,0,0,0,0,0,0,0,0,0,0,0,0,0,0,0,0,0,0,0,1,0,0,0,0,20,0,18,1,0,0,0,0,1,0,0,0,0,0,0,0,1,1,1,0,1,0,0,0,2,1,1,1,1,3,350,1,0,0,0,2,0,0,2,0,0,0,1,0,0,1,0,1,1,0,0,1,0,0,0,0,0,0,1,0,1,1,1,1,1,0,0,0,0,0,0,1,0,30,50,25,25,25,75,25,230,4305,4305,1,0,1,0,0,0,0,1,0,0,1,0,1,1,0,0,0,0,0,0,0,0,0,0,0,0,0,0,0,1
485,2,current,1,0,1,-999,-999,-999,-999,-999,-999,-999,-999,-999,-999,-999,-999,-999,-999,-999,-999,-999,-999,-999,-999,-999,-999,-999,-999,230,0,18,1,0,0,0,0,1,0,0,0,0,0,0,0,1,1,1,0,1,0,0,0,2,1,1,1,1,3,350,1,0,0,0,2,0,0,2,0,0,0,1,0,0,1,0,1,1,0,0,1,0,0,0,0,0,0,1,0,1,1,1,1,1,0,0,0,0,0,0,1,0,30,50,25,25,25,75,25,230,4305,4305,1,0,1,0,0,0,0,1,0,0,1,0,1,1,0,0,0,0,0,0,0,0,0,0,0,0,0,0,0,2
486,2,maas,2,1,1,0,0,200,0,1,0,0,0,0,0,0,0,0,0,0,0,0,0,0,0,0,0,0,0,130,1,20,1,0,0,0,0,1,0,0,0,0,0,1,0,0,1,1,0,1,0,0,0,1,4,1,1,1,3,4250,0,0,0,1,5,0,0,5,0,0,0,0,0,1,0,1,0,1,0,0,1,0,0,0,0,0,0,1,0,1,1,1,1,0,0,0,0,1,0,1,0,1,30,50,0,0,0,0,0,80,4215,4215,0,0,0,0,1,0,0,0,1,0,0,0,0,0,0,0,0,0,0,0,0,0,0,1,1,0,0,0,0,1
486,2,current,1,0,1,-999,-999,-999,-999,-999,-999,-999,-999,-999,-999,-999,-999,-999,-999,-999,-999,-999,-999,-999,-999,-999,-999,-999,-999,80,1,20,1,0,0,0,0,1,0,0,0,0,0,1,0,0,1,1,0,1,0,0,0,1,4,1,1,1,3,4250,0,0,0,1,5,0,0,5,0,0,0,0,0,1,0,1,0,1,0,0,1,0,0,0,0,0,0,1,0,1,1,1,1,0,0,0,0,1,0,1,0,1,30,50,0,0,0,0,0,80,4215,4215,0,0,0,0,1,0,0,0,1,0,0,0,0,0,0,0,0,0,0,0,0,0,0,1,1,0,0,0,0,2
487,2,maas,2,1,1,1,0,0,0,0,0,0,0,0,0,0,0,0,0,0,0,0,0,0,0,0,0,0,0,20,0,33,0,1,0,0,0,0,1,0,0,0,0,1,0,0,0,0,0,1,1,0,0,2,2,2,2,2,6,1125,0,1,0,0,6,3,1,2,0,1,1,0,0,0,0,0,1,1,1,0,0,0,0,0,0,7,1,1,0,1,1,1,1,1,0,0,1,0,1,1,1,1,15,350,125,125,125,125,125,865,4500,4520,1,1,1,1,1,1,0,1,0,0,0,1,0,0,0,0,0,0,0,0,0,0,0,0,0,0,0,0,0,1
487,2,current,1,0,1,-999,-999,-999,-999,-999,-999,-999,-999,-999,-999,-999,-999,-999,-999,-999,-999,-999,-999,-999,-999,-999,-999,-999,-999,865,0,33,0,1,0,0,0,0,1,0,0,0,0,1,0,0,0,0,0,1,1,0,0,2,2,2,2,2,6,1125,0,1,0,0,6,3,1,2,0,1,1,0,0,0,0,0,1,1,1,0,0,0,0,0,0,7,1,1,0,1,1,1,1,1,0,0,1,0,1,1,1,1,15,350,125,125,125,125,125,865,4500,4520,1,1,1,1,1,1,0,1,0,0,0,1,0,0,0,0,0,0,0,0,0,0,0,0,0,0,0,0,0,2
488,2,maas,2,1,1,0,0,0,0,0,0,0,0,0,0,0,0,0,30,0,1,0,0,0,1,0,0,0,0,70,1,24,1,0,0,0,0,1,0,0,0,0,0,1,0,0,1,1,0,1,0,0,0,3,1,2,1,1,4,1125,0,1,0,0,1,1,0,0,0,1,0,0,0,0,1,0,1,1,1,0,0,0,0,0,0,7,1,1,0,1,1,1,1,1,0,1,0,0,0,1,1,1,5,250,75,125,75,75,125,605,4301,4301,1,1,1,0,0,0,0,1,0,1,1,1,0,0,0,0,0,0,0,0,0,0,0,0,0,0,0,0,0,1
488,2,current,1,0,1,-999,-999,-999,-999,-999,-999,-999,-999,-999,-999,-999,-999,-999,-999,-999,-999,-999,-999,-999,-999,-999,-999,-999,-999,605,1,24,1,0,0,0,0,1,0,0,0,0,0,1,0,0,1,1,0,1,0,0,0,3,1,2,1,1,4,1125,0,1,0,0,1,1,0,0,0,1,0,0,0,0,1,0,1,1,1,0,0,0,0,0,0,7,1,1,0,1,1,1,1,1,0,1,0,0,0,1,1,1,5,250,75,125,75,75,125,605,4301,4301,1,1,1,0,0,0,0,1,0,1,1,1,0,0,0,0,0,0,0,0,0,0,0,0,0,0,0,0,0,2
489,2,maas,2,1,1,0,0,0,0,0,0,0,0,0,0,0,0,0,30,0,1,0,0,0,0,1,0,1,0,60,0,18,1,0,0,0,0,1,0,0,0,0,0,0,0,1,1,1,0,1,0,0,0,2,1,1,2,1,4,1875,0,0,1,0,4,1,1,2,0,0,0,1,0,0,1,1,0,1,0,1,0,0,0,0,0,7,1,1,0,1,1,1,1,1,0,0,0,0,0,0,1,0,30,150,25,25,25,25,75,280,4216,4216,1,0,1,0,0,0,0,1,1,0,0,0,0,0,0,0,0,0,0,0,0,0,0,0,0,0,0,0,0,1
489,2,current,1,0,1,-999,-999,-999,-999,-999,-999,-999,-999,-999,-999,-999,-999,-999,-999,-999,-999,-999,-999,-999,-999,-999,-999,-999,-999,280,0,18,1,0,0,0,0,1,0,0,0,0,0,0,0,1,1,1,0,1,0,0,0,2,1,1,2,1,4,1875,0,0,1,0,4,1,1,2,0,0,0,1,0,0,1,1,0,1,0,1,0,0,0,0,0,7,1,1,0,1,1,1,1,1,0,0,0,0,0,0,1,0,30,150,25,25,25,25,75,280,4216,4216,1,0,1,0,0,0,0,1,1,0,0,0,0,0,0,0,0,0,0,0,0,0,0,0,0,0,0,0,0,2
490,2,maas,2,1,1,1,0,300,0,0,1,0,0,60,0,0,0,1,0,0,0,0,0,0,0,0,0,0,0,270,1,21,1,0,0,0,0,1,0,0,0,0,0,0,1,0,0,0,0,1,0,0,0,2,4,3,5,6,14,1125,0,1,0,0,1,0,0,1,1,0,0,0,0,0,1,1,0,1,0,1,0,0,0,0,0,7,1,1,0,1,1,1,1,1,1,0,1,1,1,1,1,0,50,250,125,125,175,175,125,900,4113,4112,1,1,0,1,1,0,0,1,0,1,0,1,0,0,0,0,0,0,0,0,0,0,0,1,1,0,0,0,0,1
490,2,current,1,0,1,-999,-999,-999,-999,-999,-999,-999,-999,-999,-999,-999,-999,-999,-999,-999,-999,-999,-999,-999,-999,-999,-999,-999,-999,900,1,21,1,0,0,0,0,1,0,0,0,0,0,0,1,0,0,0,0,1,0,0,0,2,4,3,5,6,14,1125,0,1,0,0,1,0,0,1,1,0,0,0,0,0,1,1,0,1,0,1,0,0,0,0,0,7,1,1,0,1,1,1,1,1,1,0,1,1,1,1,1,0,50,250,125,125,175,175,125,900,4113,4112,1,1,0,1,1,0,0,1,0,1,0,1,0,0,0,0,0,0,0,0,0,0,0,1,1,0,0,0,0,2
491,2,maas,2,1,1,0,0,0,0,0,0,0,30,0,1,0,0,0,30,0,1,0,0,0,1,0,0,0,0,110,1,38,0,1,0,0,0,0,0,1,0,0,0,0,1,0,0,0,0,1,1,0,0,3,2,2,1,1,4,2750,0,0,1,0,2,1,1,0,0,1,1,0,0,0,0,0,1,0,1,0,0,0,0,0,0,7,1,1,0,1,1,1,1,1,0,1,0,0,0,0,1,0,5,250,25,75,25,0,175,380,4510,4510,1,1,1,0,0,0,0,1,1,0,0,0,0,0,0,0,0,0,0,0,0,0,0,0,0,0,0,0,0,1
491,2,current,1,0,1,-999,-999,-999,-999,-999,-999,-999,-999,-999,-999,-999,-999,-999,-999,-999,-999,-999,-999,-999,-999,-999,-999,-999,-999,380,1,38,0,1,0,0,0,0,0,1,0,0,0,0,1,0,0,0,0,1,1,0,0,3,2,2,1,1,4,2750,0,0,1,0,2,1,1,0,0,1,1,0,0,0,0,0,1,0,1,0,0,0,0,0,0,7,1,1,0,1,1,1,1,1,0,1,0,0,0,0,1,0,5,250,25,75,25,0,175,380,4510,4510,1,1,1,0,0,0,0,1,1,0,0,0,0,0,0,0,0,0,0,0,0,0,0,0,0,0,0,0,0,2
492,2,maas,2,0,0,1,0,0,0,0,0,0,0,0,0,0,0,0,0,0,0,0,0,0,0,0,0,0,0,20,1,77,0,0,0,0,1,0,0,0,0,0,1,0,0,1,0,0,0,1,0,0,0,2,1,1,1,1,3,1625,0,0,1,0,2,0,0,2,0,1,0,0,0,0,0,0,1,0,0,0,0,0,0,1,0,0,0,1,0,0,0,1,1,1,0,0,1,1,0,1,1,0,5,50,0,0,0,0,175,55,4557,4575,1,0,0,0,0,0,0,0,1,0,0,0,0,0,0,0,0,0,0,0,0,0,5,0,0,0,0,0,0,1
492,2,current,1,1,0,-999,-999,-999,-999,-999,-999,-999,-999,-999,-999,-999,-999,-999,-999,-999,-999,-999,-999,-999,-999,-999,-999,-999,-999,55,1,77,0,0,0,0,1,0,0,0,0,0,1,0,0,1,0,0,0,1,0,0,0,2,1,1,1,1,3,1625,0,0,1,0,2,0,0,2,0,1,0,0,0,0,0,0,1,0,0,0,0,0,0,1,0,0,0,1,0,0,0,1,1,1,0,0,1,1,0,1,1,0,5,50,0,0,0,0,175,55,4557,4575,1,0,0,0,0,0,0,0,1,0,0,0,0,0,0,0,0,0,0,0,0,0,5,0,0,0,0,0,0,2
493,2,maas,2,0,0,1,1,0,0,0,0,0,0,0,0,0,0,0,0,0,0,0,0,0,0,1,0,1,0,70,0,61,0,0,0,1,0,0,0,0,0,1,0,0,1,0,0,0,0,1,0,0,0,2,1,2,1,1,4,450,1,0,0,0,1,0,0,1,1,0,0,0,0,0,0,0,1,0,0,0,0,0,0,0,1,0,0,1,0,1,1,1,1,0,1,0,1,1,0,1,0,1,5,0,0,0,0,0,75,5,4019,4020,1,0,1,0,0,0,0,0,0,0,0,0,0,0,0,0,1,0,0,0,0,0,10,0,0,0,0,0,0,1
493,2,current,1,1,0,-999,-999,-999,-999,-999,-999,-999,-999,-999,-999,-999,-999,-999,-999,-999,-999,-999,-999,-999,-999,-999,-999,-999,-999,5,0,61,0,0,0,1,0,0,0,0,0,1,0,0,1,0,0,0,0,1,0,0,0,2,1,2,1,1,4,450,1,0,0,0,1,0,0,1,1,0,0,0,0,0,0,0,1,0,0,0,0,0,0,0,1,0,0,1,0,1,1,1,1,0,1,0,1,1,0,1,0,1,5,0,0,0,0,0,75,5,4019,4020,1,0,1,0,0,0,0,0,0,0,0,0,0,0,0,0,1,0,0,0,0,0,10,0,0,0,0,0,0,2
494,2,maas,2,1,1,1,0,0,0,0,0,0,0,0,0,0,0,0,0,0,0,0,0,0,0,1,0,0,1,20,0,34,0,1,0,0,0,0,1,0,0,0,0,1,0,0,0,0,0,1,0,0,0,3,1,1,1,2,4,1625,0,0,1,0,3,1,0,2,0,1,1,0,0,0,1,1,0,1,1,0,0,0,0,0,0,7,1,1,0,1,1,1,1,1,1,1,0,0,0,1,1,0,70,250,75,75,75,25,25,570,4008,4008,1,0,1,0,0,1,0,1,0,1,1,0,0,0,0,0,1,0,0,0,0,0,0,1,0,0,0,0,0,1
494,2,current,1,0,1,-999,-999,-999,-999,-999,-999,-999,-999,-999,-999,-999,-999,-999,-999,-999,-999,-999,-999,-999,-999,-999,-999,-999,-999,570,0,34,0,1,0,0,0,0,1,0,0,0,0,1,0,0,0,0,0,1,0,0,0,3,1,1,1,2,4,1625,0,0,1,0,3,1,0,2,0,1,1,0,0,0,1,1,0,1,1,0,0,0,0,0,0,7,1,1,0,1,1,1,1,1,1,1,0,0,0,1,1,0,70,250,75,75,75,25,25,570,4008,4008,1,0,1,0,0,1,0,1,0,1,1,0,0,0,0,0,1,0,0,0,0,0,0,1,0,0,0,0,0,2
495,2,maas,2,1,1,1,0,200,0,1,0,0,0,0,0,0,0,0,0,0,0,0,0,0,0,0,1,0,0,160,1,39,0,1,0,0,0,0,0,1,0,0,0,0,1,0,1,1,0,1,0,0,0,3,1,2,1,1,4,3750,0,0,0,1,4,2,0,2,0,1,1,0,0,0,0,0,1,1,1,0,0,0,0,0,0,7,1,1,0,1,1,1,1,1,1,1,0,1,0,0,1,1,15,350,75,25,75,0,175,540,4300,4306,1,1,1,0,0,1,0,1,0,0,0,0,0,1,0,1,1,0,0,0,0,0,0,0,0,0,0,0,0,1
495,2,current,1,0,1,-999,-999,-999,-999,-999,-999,-999,-999,-999,-999,-999,-999,-999,-999,-999,-999,-999,-999,-999,-999,-999,-999,-999,-999,540,1,39,0,1,0,0,0,0,0,1,0,0,0,0,1,0,1,1,0,1,0,0,0,3,1,2,1,1,4,3750,0,0,0,1,4,2,0,2,0,1,1,0,0,0,0,0,1,1,1,0,0,0,0,0,0,7,1,1,0,1,1,1,1,1,1,1,0,1,0,0,1,1,15,350,75,25,75,0,175,540,4300,4306,1,1,1,0,0,1,0,1,0,0,0,0,0,1,0,1,1,0,0,0,0,0,0,0,0,0,0,0,0,2
496,2,maas,2,1,1,0,6,200,0,1,0,0,30,0,1,0,0,0,0,0,0,0,0,0,0,0,0,0,0,410,0,31,0,1,0,0,0,0,1,0,0,0,0,1,0,0,0,0,0,0,0,1,0,2,1,1,1,1,3,575,0,1,0,0,1,0,0,1,0,1,0,0,0,0,1,0,1,1,0,0,0,0,0,0,1,0,0,0,0,1,1,0,1,1,0,1,0,0,0,1,1,1,15,250,225,75,75,25,175,665,4170,4013,1,0,0,0,0,0,0,1,1,0,0,0,0,0,0,0,0,0,0,0,0,0,0,0,0,0,0,0,0,1
496,2,current,1,0,1,-999,-999,-999,-999,-999,-999,-999,-999,-999,-999,-999,-999,-999,-999,-999,-999,-999,-999,-999,-999,-999,-999,-999,-999,665,0,31,0,1,0,0,0,0,1,0,0,0,0,1,0,0,0,0,0,0,0,1,0,2,1,1,1,1,3,575,0,1,0,0,1,0,0,1,0,1,0,0,0,0,1,0,1,1,0,0,0,0,0,0,1,0,0,0,0,1,1,0,1,1,0,1,0,0,0,1,1,1,15,250,225,75,75,25,175,665,4170,4013,1,0,0,0,0,0,0,1,1,0,0,0,0,0,0,0,0,0,0,0,0,0,0,0,0,0,0,0,0,2
497,2,maas,2,0,0,1,0,0,0,0,0,0,0,0,0,0,0,0,0,0,0,0,0,0,0,0,0,1,1,30,1,72,0,0,0,1,0,0,0,0,0,0,1,0,0,1,0,0,0,1,0,0,0,2,1,1,1,1,3,1125,0,1,0,0,2,0,0,2,0,1,0,0,0,0,0,0,1,0,0,0,0,0,0,1,0,0,0,0,0,0,0,0,1,0,0,0,1,0,0,0,1,0,5,150,25,25,25,25,125,255,4503,4503,1,1,0,0,0,0,0,0,1,1,0,0,0,0,0,0,0,0,0,0,0,0,10,0,0,0,0,0,0,1
497,2,current,1,1,0,-999,-999,-999,-999,-999,-999,-999,-999,-999,-999,-999,-999,-999,-999,-999,-999,-999,-999,-999,-999,-999,-999,-999,-999,255,1,72,0,0,0,1,0,0,0,0,0,0,1,0,0,1,0,0,0,1,0,0,0,2,1,1,1,1,3,1125,0,1,0,0,2,0,0,2,0,1,0,0,0,0,0,0,1,0,0,0,0,0,0,1,0,0,0,0,0,0,0,0,1,0,0,0,1,0,0,0,1,0,5,150,25,25,25,25,125,255,4503,4503,1,1,0,0,0,0,0,0,1,1,0,0,0,0,0,0,0,0,0,0,0,0,10,0,0,0,0,0,0,2
498,2,maas,2,0,0,1,0,0,0,0,0,0,0,0,0,0,0,0,0,0,0,0,0,0,0,0,0,0,0,20,0,25,1,0,0,0,0,0,1,0,0,0,0,0,1,0,0,0,0,1,0,0,0,2,1,1,1,1,3,2750,0,0,1,0,2,0,0,2,0,0,0,0,0,1,0,0,1,0,1,0,0,0,0,0,0,7,1,1,0,1,1,1,1,1,0,1,0,1,0,1,1,1,30,0,0,0,75,25,0,130,4103,4152,1,0,1,0,0,0,0,0,1,0,0,0,0,0,0,0,0,0,0,0,0,0,10,0,0,0,0,0,0,1
498,2,current,1,1,0,-999,-999,-999,-999,-999,-999,-999,-999,-999,-999,-999,-999,-999,-999,-999,-999,-999,-999,-999,-999,-999,-999,-999,-999,130,0,25,1,0,0,0,0,0,1,0,0,0,0,0,1,0,0,0,0,1,0,0,0,2,1,1,1,1,3,2750,0,0,1,0,2,0,0,2,0,0,0,0,0,1,0,0,1,0,1,0,0,0,0,0,0,7,1,1,0,1,1,1,1,1,0,1,0,1,0,1,1,1,30,0,0,0,75,25,0,130,4103,4152,1,0,1,0,0,0,0,0,1,0,0,0,0,0,0,0,0,0,0,0,0,0,10,0,0,0,0,0,0,2
499,2,maas,2,0,0,1,0,0,0,0,0,0,0,30,0,1,0,0,0,0,0,0,0,0,0,0,0,0,0,40,0,24,1,0,0,0,0,1,0,0,0,0,0,0,1,0,0,0,0,1,0,0,0,2,1,1,1,1,3,2750,0,0,1,0,2,0,0,2,0,1,0,0,0,0,0,0,1,0,1,0,0,0,0,0,0,7,1,1,0,1,0,1,1,1,0,1,0,0,0,0,1,0,0,0,0,0,0,0,175,0,4000,4000,0,1,0,0,0,0,0,0,0,0,0,0,1,0,0,0,1,0,0,0,0,0,100,0,0,0,0,0,0,1
499,2,current,1,1,0,-999,-999,-999,-999,-999,-999,-999,-999,-999,-999,-999,-999,-999,-999,-999,-999,-999,-999,-999,-999,-999,-999,-999,-999,0,0,24,1,0,0,0,0,1,0,0,0,0,0,0,1,0,0,0,0,1,0,0,0,2,1,1,1,1,3,2750,0,0,1,0,2,0,0,2,0,1,0,0,0,0,0,0,1,0,1,0,0,0,0,0,0,7,1,1,0,1,0,1,1,1,0,1,0,0,0,0,1,0,0,0,0,0,0,0,175,0,4000,4000,0,1,0,0,0,0,0,0,0,0,0,0,1,0,0,0,1,0,0,0,0,0,100,0,0,0,0,0,0,2
500,2,maas,2,1,1,0,0,0,0,0,0,0,0,0,0,0,0,0,0,0,0,0,0,0,1,1,0,0,0,20,0,50,0,0,1,0,0,0,0,0,1,0,0,1,0,0,0,0,0,1,0,0,0,5,1,1,1,2,4,3250,0,0,0,1,4,0,0,4,0,1,1,0,0,0,0,1,0,1,1,0,0,0,0,0,0,7,1,1,0,1,0,1,1,1,1,1,0,0,0,0,1,0,0,150,0,0,0,0,175,150,4557,4560,0,0,0,0,0,1,0,1,0,0,0,0,0,0,0,0,0,0,1,0,0,0,0,0,0,0,0,0,0,1
500,2,current,1,0,1,-999,-999,-999,-999,-999,-999,-999,-999,-999,-999,-999,-999,-999,-999,-999,-999,-999,-999,-999,-999,-999,-999,-999,-999,150,0,50,0,0,1,0,0,0,0,0,1,0,0,1,0,0,0,0,0,1,0,0,0,5,1,1,1,2,4,3250,0,0,0,1,4,0,0,4,0,1,1,0,0,0,0,1,0,1,1,0,0,0,0,0,0,7,1,1,0,1,0,1,1,1,1,1,0,0,0,0,1,0,0,150,0,0,0,0,175,150,4557,4560,0,0,0,0,0,1,0,1,0,0,0,0,0,0,0,0,0,0,1,0,0,0,0,0,0,0,0,0,0,2
501,2,maas,2,0,0,1,0,80,1,0,0,0,0,0,0,0,0,0,0,0,0,0,0,0,0,1,0,0,1,90,0,28,0,1,0,0,0,0,1,0,0,0,0,0,0,1,0,0,0,1,0,0,0,2,1,1,1,1,3,1625,0,0,1,0,1,0,0,1,1,0,0,0,0,0,0,0,1,0,1,0,0,0,0,0,0,7,1,1,0,1,1,1,1,1,0,1,0,0,0,0,1,0,5,50,75,25,0,0,25,155,4031,4032,1,1,1,0,0,1,0,1,1,0,0,0,0,0,0,0,1,1,0,0,0,0,50,0,0,0,0,0,0,1
501,2,current,1,1,0,-999,-999,-999,-999,-999,-999,-999,-999,-999,-999,-999,-999,-999,-999,-999,-999,-999,-999,-999,-999,-999,-999,-999,-999,155,0,28,0,1,0,0,0,0,1,0,0,0,0,0,0,1,0,0,0,1,0,0,0,2,1,1,1,1,3,1625,0,0,1,0,1,0,0,1,1,0,0,0,0,0,0,0,1,0,1,0,0,0,0,0,0,7,1,1,0,1,1,1,1,1,0,1,0,0,0,0,1,0,5,50,75,25,0,0,25,155,4031,4032,1,1,1,0,0,1,0,1,1,0,0,0,0,0,0,0,1,1,0,0,0,0,50,0,0,0,0,0,0,2
502,2,maas,2,1,1,0,3,0,0,0,0,0,0,0,0,0,0,0,0,30,0,1,0,0,1,0,0,1,0,180,0,28,0,1,0,0,0,0,1,0,0,0,0,1,0,0,1,1,0,1,0,0,0,3,1,1,3,1,5,3250,0,0,0,1,3,1,0,2,0,1,1,0,0,0,1,1,0,1,1,0,0,0,0,0,0,7,1,1,0,1,1,1,1,0,0,1,0,0,0,1,1,0,5,250,75,25,75,75,125,505,4209,4114,0,1,0,0,0,0,0,1,0,0,0,0,0,0,0,0,0,0,1,0,0,0,0,0,0,0,0,0,0,1
502,2,current,1,0,1,-999,-999,-999,-999,-999,-999,-999,-999,-999,-999,-999,-999,-999,-999,-999,-999,-999,-999,-999,-999,-999,-999,-999,-999,505,0,28,0,1,0,0,0,0,1,0,0,0,0,1,0,0,1,1,0,1,0,0,0,3,1,1,3,1,5,3250,0,0,0,1,3,1,0,2,0,1,1,0,0,0,1,1,0,1,1,0,0,0,0,0,0,7,1,1,0,1,1,1,1,0,0,1,0,0,0,1,1,0,5,250,75,25,75,75,125,505,4209,4114,0,1,0,0,0,0,0,1,0,0,0,0,0,0,0,0,0,0,1,0,0,0,0,0,0,0,0,0,0,2
503,2,maas,2,0,0,1,0,80,1,0,0,0,0,30,0,1,0,0,0,30,0,1,0,0,1,1,0,1,1,170,1,41,0,1,0,0,0,0,0,1,0,0,0,0,1,0,0,0,0,1,0,0,0,2,1,1,1,1,3,1875,0,0,1,0,3,0,0,3,0,1,1,0,0,0,0,1,0,0,0,1,0,0,0,0,0,7,1,1,0,1,0,1,1,1,0,1,0,0,0,0,0,0,0,50,25,25,0,0,0,100,4000,4000,0,0,1,0,0,0,0,0,1,0,0,0,0,0,0,0,0,0,0,0,0,0,0,0,0,0,0,0,0,1
503,2,current,1,1,0,-999,-999,-999,-999,-999,-999,-999,-999,-999,-999,-999,-999,-999,-999,-999,-999,-999,-999,-999,-999,-999,-999,-999,-999,100,1,41,0,1,0,0,0,0,0,1,0,0,0,0,1,0,0,0,0,1,0,0,0,2,1,1,1,1,3,1875,0,0,1,0,3,0,0,3,0,1,1,0,0,0,0,1,0,0,0,1,0,0,0,0,0,7,1,1,0,1,0,1,1,1,0,1,0,0,0,0,0,0,0,50,25,25,0,0,0,100,4000,4000,0,0,1,0,0,0,0,0,1,0,0,0,0,0,0,0,0,0,0,0,0,0,0,0,0,0,0,0,0,2
504,2,maas,2,1,1,0,1,0,0,0,0,0,0,0,0,0,0,0,0,0,0,0,0,0,0,0,0,0,0,40,1,56,0,0,1,0,0,0,0,0,0,1,0,0,1,0,0,0,0,1,1,0,0,3,2,1,1,1,3,1125,0,1,0,0,2,0,0,2,0,1,0,0,0,0,0,0,1,1,1,0,0,0,0,0,0,7,1,1,0,1,0,1,1,1,1,1,0,0,0,0,1,0,5,50,25,0,0,0,125,80,4350,4350,1,0,1,0,0,1,0,1,1,1,1,0,0,0,0,0,0,0,0,0,0,0,0,0,0,0,0,0,0,1
504,2,current,1,0,1,-999,-999,-999,-999,-999,-999,-999,-999,-999,-999,-999,-999,-999,-999,-999,-999,-999,-999,-999,-999,-999,-999,-999,-999,80,1,56,0,0,1,0,0,0,0,0,0,1,0,0,1,0,0,0,0,1,1,0,0,3,2,1,1,1,3,1125,0,1,0,0,2,0,0,2,0,1,0,0,0,0,0,0,1,1,1,0,0,0,0,0,0,7,1,1,0,1,0,1,1,1,1,1,0,0,0,0,1,0,5,50,25,0,0,0,125,80,4350,4350,1,0,1,0,0,1,0,1,1,1,1,0,0,0,0,0,0,0,0,0,0,0,0,0,0,0,0,0,0,2
505,2,maas,2,1,1,0,0,0,0,0,0,0,30,0,1,0,0,0,0,0,0,0,0,0,0,0,0,0,0,40,0,47,0,0,1,0,0,0,0,0,1,0,0,0,0,1,0,0,0,1,0,0,0,2,1,2,1,1,4,575,0,1,0,0,1,0,0,1,1,0,0,0,0,0,1,1,0,1,1,0,0,0,0,0,0,7,1,1,0,1,1,1,0,1,0,0,0,0,1,0,0,1,15,150,75,75,25,75,25,415,4551,4551,0,0,0,1,0,0,0,1,1,0,0,0,0,0,0,0,0,0,0,0,0,0,0,0,0,0,0,0,0,1
505,2,current,1,0,1,-999,-999,-999,-999,-999,-999,-999,-999,-999,-999,-999,-999,-999,-999,-999,-999,-999,-999,-999,-999,-999,-999,-999,-999,415,0,47,0,0,1,0,0,0,0,0,1,0,0,0,0,1,0,0,0,1,0,0,0,2,1,2,1,1,4,575,0,1,0,0,1,0,0,1,1,0,0,0,0,0,1,1,0,1,1,0,0,0,0,0,0,7,1,1,0,1,1,1,0,1,0,0,0,0,1,0,0,1,15,150,75,75,25,75,25,415,4551,4551,0,0,0,1,0,0,0,1,1,0,0,0,0,0,0,0,0,0,0,0,0,0,0,0,0,0,0,0,0,2
506,2,maas,2,1,1,0,0,0,0,0,0,0,0,0,0,0,0,0,0,0,0,0,0,0,1,0,0,0,0,20,1,52,0,0,1,0,0,0,0,0,1,0,0,0,0,1,0,0,0,1,1,0,0,2,2,1,1,1,3,350,1,0,0,0,2,2,0,0,0,1,1,0,0,0,1,0,1,1,0,1,0,0,0,0,0,7,1,1,0,1,1,1,0,1,0,0,1,0,0,0,1,1,70,50,25,25,25,25,25,220,4350,4350,1,0,1,0,0,1,0,1,1,0,0,1,1,0,0,0,0,0,0,0,0,0,0,0,0,0,0,0,0,1
506,2,current,1,0,1,-999,-999,-999,-999,-999,-999,-999,-999,-999,-999,-999,-999,-999,-999,-999,-999,-999,-999,-999,-999,-999,-999,-999,-999,220,1,52,0,0,1,0,0,0,0,0,1,0,0,0,0,1,0,0,0,1,1,0,0,2,2,1,1,1,3,350,1,0,0,0,2,2,0,0,0,1,1,0,0,0,1,0,1,1,0,1,0,0,0,0,0,7,1,1,0,1,1,1,0,1,0,0,1,0,0,0,1,1,70,50,25,25,25,25,25,220,4350,4350,1,0,1,0,0,1,0,1,1,0,0,1,1,0,0,0,0,0,0,0,0,0,0,0,0,0,0,0,0,2
507,2,maas,2,0,0,0,2,0,0,0,0,0,0,0,0,0,0,0,0,30,0,1,0,0,0,0,0,0,0,110,0,21,1,0,0,0,0,1,0,0,0,0,0,1,0,0,1,1,0,1,0,0,0,3,1,1,1,1,3,350,1,0,0,0,2,0,0,2,0,1,0,0,0,0,1,1,0,1,0,1,0,0,0,0,0,7,1,1,0,1,1,1,1,1,0,0,1,1,0,0,1,0,15,250,125,75,75,75,125,615,4217,4217,0,0,1,0,0,0,0,1,0,0,1,0,1,0,0,0,0,0,0,0,0,0,100,0,0,0,0,0,0,1
507,2,current,1,1,0,-999,-999,-999,-999,-999,-999,-999,-999,-999,-999,-999,-999,-999,-999,-999,-999,-999,-999,-999,-999,-999,-999,-999,-999,615,0,21,1,0,0,0,0,1,0,0,0,0,0,1,0,0,1,1,0,1,0,0,0,3,1,1,1,1,3,350,1,0,0,0,2,0,0,2,0,1,0,0,0,0,1,1,0,1,0,1,0,0,0,0,0,7,1,1,0,1,1,1,1,1,0,0,1,1,0,0,1,0,15,250,125,75,75,75,125,615,4217,4217,0,0,1,0,0,0,0,1,0,0,1,0,1,0,0,0,0,0,0,0,0,0,100,0,0,0,0,0,0,2
508,2,maas,2,0,0,0,0,0,0,0,0,0,0,0,0,0,0,0,0,0,0,0,0,0,0,1,0,0,0,0,1,62,0,0,0,1,0,0,0,0,0,1,0,0,1,0,0,0,0,1,0,0,0,2,1,2,1,1,4,9,0,0,0,0,4,0,0,4,0,1,0,0,0,0,0,0,1,0,0,0,0,0,0,1,0,0,0,1,0,0,0,0,1,1,0,0,1,0,0,0,1,0,0,150,0,0,0,0,175,150,4215,4215,0,0,0,0,0,1,0,0,1,0,0,0,0,0,0,0,0,0,0,0,0,0,10,0,0,0,0,0,0,1
508,2,current,1,1,0,-999,-999,-999,-999,-999,-999,-999,-999,-999,-999,-999,-999,-999,-999,-999,-999,-999,-999,-999,-999,-999,-999,-999,-999,150,1,62,0,0,0,1,0,0,0,0,0,1,0,0,1,0,0,0,0,1,0,0,0,2,1,2,1,1,4,9,0,0,0,0,4,0,0,4,0,1,0,0,0,0,0,0,1,0,0,0,0,0,0,1,0,0,0,1,0,0,0,0,1,1,0,0,1,0,0,0,1,0,0,150,0,0,0,0,175,150,4215,4215,0,0,0,0,0,1,0,0,1,0,0,0,0,0,0,0,0,0,0,0,0,0,10,0,0,0,0,0,0,2
509,2,maas,2,1,1,1,0,0,0,0,0,0,0,0,0,0,0,0,0,0,0,0,0,0,1,0,1,0,0,50,1,39,0,1,0,0,0,0,0,1,0,0,0,0,1,0,1,1,0,1,0,0,0,3,1,1,1,1,3,3750,0,0,0,1,4,2,0,2,0,1,1,0,0,0,0,1,0,0,1,0,0,0,0,0,0,7,1,1,0,1,1,1,1,0,0,0,0,1,0,0,1,0,15,350,125,125,75,125,125,815,4300,4306,1,1,1,0,0,1,0,1,1,0,0,0,0,0,0,1,0,0,0,0,0,0,0,0,0,0,0,0,0,1
509,2,current,1,0,1,-999,-999,-999,-999,-999,-999,-999,-999,-999,-999,-999,-999,-999,-999,-999,-999,-999,-999,-999,-999,-999,-999,-999,-999,815,1,39,0,1,0,0,0,0,0,1,0,0,0,0,1,0,1,1,0,1,0,0,0,3,1,1,1,1,3,3750,0,0,0,1,4,2,0,2,0,1,1,0,0,0,0,1,0,0,1,0,0,0,0,0,0,7,1,1,0,1,1,1,1,0,0,0,0,1,0,0,1,0,15,350,125,125,75,125,125,815,4300,4306,1,1,1,0,0,1,0,1,1,0,0,0,0,0,0,1,0,0,0,0,0,0,0,0,0,0,0,0,0,2
510,2,maas,2,1,1,1,0,200,0,1,0,0,0,0,0,0,0,0,0,0,0,0,0,0,0,0,1,1,1,170,0,53,0,0,1,0,0,0,0,0,1,0,0,0,1,0,0,0,0,1,0,0,0,3,1,4,1,1,6,2750,0,0,1,0,5,1,0,4,0,0,1,0,0,0,0,1,0,1,1,0,0,0,0,0,0,7,1,1,0,1,1,1,1,1,1,1,0,0,0,0,1,0,70,150,25,25,75,0,175,345,4503,4000,1,1,1,0,0,0,0,1,0,0,0,0,0,0,0,0,0,0,1,0,0,0,0,0,0,0,0,0,0,1
510,2,current,1,0,1,-999,-999,-999,-999,-999,-999,-999,-999,-999,-999,-999,-999,-999,-999,-999,-999,-999,-999,-999,-999,-999,-999,-999,-999,345,0,53,0,0,1,0,0,0,0,0,1,0,0,0,1,0,0,0,0,1,0,0,0,3,1,4,1,1,6,2750,0,0,1,0,5,1,0,4,0,0,1,0,0,0,0,1,0,1,1,0,0,0,0,0,0,7,1,1,0,1,1,1,1,1,1,1,0,0,0,0,1,0,70,150,25,25,75,0,175,345,4503,4000,1,1,1,0,0,0,0,1,0,0,0,0,0,0,0,0,0,0,1,0,0,0,0,0,0,0,0,0,0,2
511,2,maas,2,1,1,0,0,0,0,0,0,0,0,0,0,0,0,0,0,0,0,0,0,0,0,1,0,0,0,0,1,59,0,0,0,1,0,0,0,0,0,1,0,0,0,1,0,0,0,1,0,0,0,2,1,4,1,1,6,725,0,1,0,0,3,0,1,2,0,0,1,1,0,0,0,0,1,1,0,0,0,0,0,0,1,0,0,1,0,1,0,1,1,1,0,0,0,0,0,0,1,0,0,150,0,0,0,0,175,150,4215,4215,0,1,1,0,0,0,0,1,0,0,0,0,0,0,0,0,0,0,0,1,0,0,0,0,0,0,0,0,1,1
511,2,current,1,0,1,-999,-999,-999,-999,-999,-999,-999,-999,-999,-999,-999,-999,-999,-999,-999,-999,-999,-999,-999,-999,-999,-999,-999,-999,150,1,59,0,0,0,1,0,0,0,0,0,1,0,0,0,1,0,0,0,1,0,0,0,2,1,4,1,1,6,725,0,1,0,0,3,0,1,2,0,0,1,1,0,0,0,0,1,1,0,0,0,0,0,0,1,0,0,1,0,1,0,1,1,1,0,0,0,0,0,0,1,0,0,150,0,0,0,0,175,150,4215,4215,0,1,1,0,0,0,0,1,0,0,0,0,0,0,0,0,0,0,0,1,0,0,0,0,0,0,0,0,1,2
512,2,maas,2,0,0,1,2,0,0,0,0,0,0,0,0,0,0,0,0,0,0,0,0,0,0,1,0,0,0,100,1,59,0,0,0,1,0,0,0,0,0,1,0,0,0,1,0,0,0,1,1,1,0,2,1,1,3,1,5,1875,0,0,1,0,1,0,0,1,0,1,0,0,0,0,0,0,1,0,0,0,0,0,0,0,1,0,0,1,0,1,0,1,1,1,0,0,1,1,1,0,1,0,5,250,0,25,25,0,175,305,4212,4212,0,1,1,0,0,0,0,0,1,0,0,0,0,0,0,0,0,0,0,0,0,0,0,0,0,0,0,0,1,1
512,2,current,1,1,0,-999,-999,-999,-999,-999,-999,-999,-999,-999,-999,-999,-999,-999,-999,-999,-999,-999,-999,-999,-999,-999,-999,-999,-999,305,1,59,0,0,0,1,0,0,0,0,0,1,0,0,0,1,0,0,0,1,1,1,0,2,1,1,3,1,5,1875,0,0,1,0,1,0,0,1,0,1,0,0,0,0,0,0,1,0,0,0,0,0,0,0,1,0,0,1,0,1,0,1,1,1,0,0,1,1,1,0,1,0,5,250,0,25,25,0,175,305,4212,4212,0,1,1,0,0,0,0,0,1,0,0,0,0,0,0,0,0,0,0,0,0,0,0,0,0,0,0,0,1,2
513,2,maas,2,0,0,1,0,0,0,0,0,0,0,0,0,0,0,0,0,0,0,0,0,0,0,0,0,0,0,20,0,39,0,1,0,0,0,0,0,1,0,0,0,1,0,0,0,0,0,1,0,0,0,2,1,1,1,1,3,2250,0,0,1,0,1,0,0,1,1,0,0,0,0,0,0,0,1,0,1,0,0,0,0,0,0,7,1,1,0,1,1,1,1,1,1,1,0,0,0,1,1,1,15,150,75,25,75,0,175,340,4053,4006,1,1,1,0,0,0,0,0,0,0,0,0,0,0,0,0,1,0,0,0,0,0,15,0,0,0,0,0,0,1
513,2,current,1,1,0,-999,-999,-999,-999,-999,-999,-999,-999,-999,-999,-999,-999,-999,-999,-999,-999,-999,-999,-999,-999,-999,-999,-999,-999,340,0,39,0,1,0,0,0,0,0,1,0,0,0,1,0,0,0,0,0,1,0,0,0,2,1,1,1,1,3,2250,0,0,1,0,1,0,0,1,1,0,0,0,0,0,0,0,1,0,1,0,0,0,0,0,0,7,1,1,0,1,1,1,1,1,1,1,0,0,0,1,1,1,15,150,75,25,75,0,175,340,4053,4006,1,1,1,0,0,0,0,0,0,0,0,0,0,0,0,0,1,0,0,0,0,0,15,0,0,0,0,0,0,2
514,2,maas,2,1,1,1,2,80,1,0,0,0,30,0,1,0,0,0,30,0,1,0,0,0,0,0,1,1,1,280,0,19,1,0,0,0,0,1,0,0,0,0,0,0,0,1,1,1,0,0,0,0,1,1,1,1,1,1,3,1625,0,0,1,0,3,0,0,3,0,0,0,0,0,1,0,1,0,0,0,0,0,0,0,0,1,0,0,1,0,1,0,1,1,1,0,0,0,1,0,1,0,1,30,0,0,0,0,0,0,30,4215,4215,1,1,1,1,0,0,0,1,0,0,0,0,0,0,0,0,0,0,0,1,0,0,0,1,0,0,0,1,0,1
514,2,current,1,0,1,-999,-999,-999,-999,-999,-999,-999,-999,-999,-999,-999,-999,-999,-999,-999,-999,-999,-999,-999,-999,-999,-999,-999,-999,30,0,19,1,0,0,0,0,1,0,0,0,0,0,0,0,1,1,1,0,0,0,0,1,1,1,1,1,1,3,1625,0,0,1,0,3,0,0,3,0,0,0,0,0,1,0,1,0,0,0,0,0,0,0,0,1,0,0,1,0,1,0,1,1,1,0,0,0,1,0,1,0,1,30,0,0,0,0,0,0,30,4215,4215,1,1,1,1,0,0,0,1,0,0,0,0,0,0,0,0,0,0,0,1,0,0,0,1,0,0,0,1,0,2
515,2,maas,2,1,1,0,0,0,0,0,0,0,0,0,0,0,0,0,0,60,0,0,0,1,0,0,0,0,0,60,0,39,0,1,0,0,0,0,0,1,0,0,0,0,0,1,1,1,0,1,0,0,0,2,1,2,2,2,6,75,1,0,0,0,4,3,0,1,0,0,1,0,0,0,0,0,1,1,0,0,0,0,1,0,0,0,0,1,0,1,1,1,1,1,1,0,1,0,0,1,0,1,30,50,75,125,25,25,125,330,4560,4560,1,0,0,0,1,0,0,1,1,0,0,0,0,0,0,0,0,0,0,0,0,0,0,0,0,0,0,0,1,1
515,2,current,1,0,1,-999,-999,-999,-999,-999,-999,-999,-999,-999,-999,-999,-999,-999,-999,-999,-999,-999,-999,-999,-999,-999,-999,-999,-999,330,0,39,0,1,0,0,0,0,0,1,0,0,0,0,0,1,1,1,0,1,0,0,0,2,1,2,2,2,6,75,1,0,0,0,4,3,0,1,0,0,1,0,0,0,0,0,1,1,0,0,0,0,1,0,0,0,0,1,0,1,1,1,1,1,1,0,1,0,0,1,0,1,30,50,75,125,25,25,125,330,4560,4560,1,0,0,0,1,0,0,1,1,0,0,0,0,0,0,0,0,0,0,0,0,0,0,0,0,0,0,0,1,2
516,2,maas,2,0,0,1,0,0,0,0,0,0,0,0,0,0,0,0,0,0,0,0,0,0,0,0,0,0,0,20,1,62,0,0,0,1,0,0,0,0,0,1,0,1,0,0,0,0,0,1,1,1,0,2,1,1,1,1,3,1875,0,0,1,0,2,0,0,2,0,1,0,0,0,0,0,0,1,0,1,0,0,0,0,0,0,7,1,1,0,0,0,1,1,1,0,0,0,1,0,1,0,0,5,50,0,0,0,0,25,55,4007,4000,1,0,1,0,0,0,0,0,0,0,0,0,0,0,0,0,1,0,0,0,0,0,12,0,0,0,0,0,0,1
516,2,current,1,1,0,-999,-999,-999,-999,-999,-999,-999,-999,-999,-999,-999,-999,-999,-999,-999,-999,-999,-999,-999,-999,-999,-999,-999,-999,55,1,62,0,0,0,1,0,0,0,0,0,1,0,1,0,0,0,0,0,1,1,1,0,2,1,1,1,1,3,1875,0,0,1,0,2,0,0,2,0,1,0,0,0,0,0,0,1,0,1,0,0,0,0,0,0,7,1,1,0,0,0,1,1,1,0,0,0,1,0,1,0,0,5,50,0,0,0,0,25,55,4007,4000,1,0,1,0,0,0,0,0,0,0,0,0,0,0,0,0,1,0,0,0,0,0,12,0,0,0,0,0,0,2
517,2,maas,2,1,1,0,4,300,0,0,1,0,30,0,1,0,0,0,30,0,1,0,0,0,1,1,0,1,1,480,0,42,0,0,1,0,0,0,0,1,0,0,0,0,1,0,0,0,0,1,0,0,0,2,1,2,1,1,4,75,1,0,0,0,2,0,2,0,0,1,1,0,0,0,0,1,0,1,0,1,0,0,0,0,0,7,1,1,0,1,0,1,1,1,0,1,0,1,0,1,1,0,5,250,125,0,0,0,175,380,4178,4178,1,0,0,0,0,0,0,1,0,1,0,0,0,0,0,0,0,0,0,0,0,0,0,0,0,0,0,0,0,1
517,2,current,1,0,1,-999,-999,-999,-999,-999,-999,-999,-999,-999,-999,-999,-999,-999,-999,-999,-999,-999,-999,-999,-999,-999,-999,-999,-999,380,0,42,0,0,1,0,0,0,0,1,0,0,0,0,1,0,0,0,0,1,0,0,0,2,1,2,1,1,4,75,1,0,0,0,2,0,2,0,0,1,1,0,0,0,0,1,0,1,0,1,0,0,0,0,0,7,1,1,0,1,0,1,1,1,0,1,0,1,0,1,1,0,5,250,125,0,0,0,175,380,4178,4178,1,0,0,0,0,0,0,1,0,1,0,0,0,0,0,0,0,0,0,0,0,0,0,0,0,0,0,0,0,2
518,2,maas,2,0,0,1,0,0,0,0,0,0,0,0,0,0,0,0,0,0,0,0,0,0,0,0,0,0,0,20,1,59,0,0,0,1,0,0,0,0,0,1,0,0,0,1,0,0,0,1,0,1,0,2,1,1,1,1,3,850,0,1,0,0,1,0,0,1,1,0,0,0,0,0,0,0,1,0,0,0,0,0,0,0,1,0,0,1,0,1,0,0,1,1,0,0,1,0,0,0,1,0,0,50,0,25,0,0,75,75,4178,4178,0,0,0,0,0,0,1,0,1,0,0,0,0,0,0,0,0,0,0,0,0,0,100,0,0,0,0,0,0,1
518,2,current,1,1,0,-999,-999,-999,-999,-999,-999,-999,-999,-999,-999,-999,-999,-999,-999,-999,-999,-999,-999,-999,-999,-999,-999,-999,-999,75,1,59,0,0,0,1,0,0,0,0,0,1,0,0,0,1,0,0,0,1,0,1,0,2,1,1,1,1,3,850,0,1,0,0,1,0,0,1,1,0,0,0,0,0,0,0,1,0,0,0,0,0,0,0,1,0,0,1,0,1,0,0,1,1,0,0,1,0,0,0,1,0,0,50,0,25,0,0,75,75,4178,4178,0,0,0,0,0,0,1,0,1,0,0,0,0,0,0,0,0,0,0,0,0,0,100,0,0,0,0,0,0,2
519,2,maas,2,0,0,0,0,0,0,0,0,0,0,0,0,0,0,0,0,0,0,0,0,0,0,0,1,1,1,20,0,53,0,0,1,0,0,0,0,0,1,0,0,1,0,0,0,0,0,1,0,0,0,6,1,1,1,1,3,75,1,0,0,0,5,0,0,5,0,1,0,0,0,0,0,0,1,0,0,1,0,0,0,0,0,7,1,1,0,1,0,1,1,1,0,1,0,0,0,0,1,0,0,150,25,25,25,0,175,225,4159,4179,0,1,1,0,0,1,0,1,1,0,0,0,0,0,0,0,0,0,0,0,0,0,0,0,0,0,0,0,0,1
519,2,current,1,1,0,-999,-999,-999,-999,-999,-999,-999,-999,-999,-999,-999,-999,-999,-999,-999,-999,-999,-999,-999,-999,-999,-999,-999,-999,225,0,53,0,0,1,0,0,0,0,0,1,0,0,1,0,0,0,0,0,1,0,0,0,6,1,1,1,1,3,75,1,0,0,0,5,0,0,5,0,1,0,0,0,0,0,0,1,0,0,1,0,0,0,0,0,7,1,1,0,1,0,1,1,1,0,1,0,0,0,0,1,0,0,150,25,25,25,0,175,225,4159,4179,0,1,1,0,0,1,0,1,1,0,0,0,0,0,0,0,0,0,0,0,0,0,0,0,0,0,0,0,0,2
520,2,maas,2,1,1,1,0,0,0,0,0,0,0,0,0,0,0,0,0,0,0,0,0,0,0,0,0,0,0,20,0,48,0,0,1,0,0,0,0,0,1,0,0,0,1,0,0,0,0,1,0,0,0,5,1,1,1,1,3,2750,0,0,1,0,5,0,1,4,0,1,0,0,0,0,1,0,1,0,0,1,0,0,0,0,0,7,1,0,1,1,0,1,1,1,1,0,1,1,0,0,1,1,5,250,0,175,0,0,225,430,4305,4305,1,0,0,0,0,0,0,1,1,0,0,0,0,0,0,0,0,0,0,0,0,0,0,0,0,0,0,0,0,1
520,2,current,1,0,1,-999,-999,-999,-999,-999,-999,-999,-999,-999,-999,-999,-999,-999,-999,-999,-999,-999,-999,-999,-999,-999,-999,-999,-999,430,0,48,0,0,1,0,0,0,0,0,1,0,0,0,1,0,0,0,0,1,0,0,0,5,1,1,1,1,3,2750,0,0,1,0,5,0,1,4,0,1,0,0,0,0,1,0,1,0,0,1,0,0,0,0,0,7,1,0,1,1,0,1,1,1,1,0,1,1,0,0,1,1,5,250,0,175,0,0,225,430,4305,4305,1,0,0,0,0,0,0,1,1,0,0,0,0,0,0,0,0,0,0,0,0,0,0,0,0,0,0,0,0,2
521,2,maas,2,1,1,0,2,80,1,0,0,0,0,0,0,0,0,0,0,0,0,0,0,0,1,0,0,0,1,170,1,51,0,0,1,0,0,0,0,0,1,0,0,0,1,0,0,0,0,1,1,1,0,2,1,3,2,2,7,2750,0,0,1,0,4,2,0,2,0,1,0,0,0,0,1,0,1,1,1,0,0,0,0,0,0,7,1,1,0,1,0,1,1,0,0,0,0,1,0,1,1,0,15,50,25,25,25,25,25,165,4165,4165,1,0,1,0,0,0,0,1,1,0,0,1,0,0,0,0,0,0,0,0,0,0,0,0,0,0,0,0,0,1
521,2,current,1,0,1,-999,-999,-999,-999,-999,-999,-999,-999,-999,-999,-999,-999,-999,-999,-999,-999,-999,-999,-999,-999,-999,-999,-999,-999,165,1,51,0,0,1,0,0,0,0,0,1,0,0,0,1,0,0,0,0,1,1,1,0,2,1,3,2,2,7,2750,0,0,1,0,4,2,0,2,0,1,0,0,0,0,1,0,1,1,1,0,0,0,0,0,0,7,1,1,0,1,0,1,1,0,0,0,0,1,0,1,1,0,15,50,25,25,25,25,25,165,4165,4165,1,0,1,0,0,0,0,1,1,0,0,1,0,0,0,0,0,0,0,0,0,0,0,0,0,0,0,0,0,2
522,2,maas,2,1,1,0,0,0,0,0,0,0,0,0,0,0,0,0,0,0,0,0,0,0,0,0,0,1,0,10,0,23,1,0,0,0,0,1,0,0,0,0,0,1,0,0,1,1,0,1,0,0,0,5,1,1,1,1,3,850,0,1,0,0,4,0,0,4,0,0,0,0,0,1,0,0,1,1,0,0,1,0,0,0,0,0,0,1,0,1,1,1,1,1,0,0,0,0,0,0,1,0,5,250,75,25,25,0,75,380,4553,4556,0,0,1,0,0,1,0,1,0,0,0,0,0,0,0,0,0,0,1,0,0,0,0,0,0,0,0,0,0,1
522,2,current,1,0,1,-999,-999,-999,-999,-999,-999,-999,-999,-999,-999,-999,-999,-999,-999,-999,-999,-999,-999,-999,-999,-999,-999,-999,-999,380,0,23,1,0,0,0,0,1,0,0,0,0,0,1,0,0,1,1,0,1,0,0,0,5,1,1,1,1,3,850,0,1,0,0,4,0,0,4,0,0,0,0,0,1,0,0,1,1,0,0,1,0,0,0,0,0,0,1,0,1,1,1,1,1,0,0,0,0,0,0,1,0,5,250,75,25,25,0,75,380,4553,4556,0,0,1,0,0,1,0,1,0,0,0,0,0,0,0,0,0,0,1,0,0,0,0,0,0,0,0,0,0,2
523,2,maas,2,1,1,0,9,80,1,0,0,0,0,0,0,0,0,0,0,0,0,0,0,0,0,1,0,0,1,430,0,24,1,0,0,0,0,1,0,0,0,0,0,0,0,1,1,1,0,1,0,0,0,4,1,4,1,1,6,3250,0,0,0,1,3,0,0,3,0,0,0,1,0,0,0,0,1,1,1,0,0,0,0,0,0,7,1,1,0,1,1,1,1,1,1,1,0,0,0,0,1,0,5,350,225,25,25,0,225,630,4214,4215,1,1,1,0,0,1,0,1,1,0,0,0,0,0,0,0,0,0,0,0,0,0,0,0,0,0,0,0,0,1
523,2,current,1,0,1,-999,-999,-999,-999,-999,-999,-999,-999,-999,-999,-999,-999,-999,-999,-999,-999,-999,-999,-999,-999,-999,-999,-999,-999,630,0,24,1,0,0,0,0,1,0,0,0,0,0,0,0,1,1,1,0,1,0,0,0,4,1,4,1,1,6,3250,0,0,0,1,3,0,0,3,0,0,0,1,0,0,0,0,1,1,1,0,0,0,0,0,0,7,1,1,0,1,1,1,1,1,1,1,0,0,0,0,1,0,5,350,225,25,25,0,225,630,4214,4215,1,1,1,0,0,1,0,1,1,0,0,0,0,0,0,0,0,0,0,0,0,0,0,0,0,0,0,0,0,2
524,2,maas,2,1,1,0,2,80,1,0,0,0,0,30,0,1,0,0,30,0,1,0,0,0,1,0,0,0,0,240,0,24,1,0,0,0,0,1,0,0,0,0,0,1,0,0,1,1,0,1,0,0,0,2,1,2,1,1,4,4250,0,0,0,1,4,2,0,2,0,1,1,0,0,0,1,1,0,0,1,0,0,0,0,0,0,7,1,1,0,1,1,1,1,1,0,1,0,1,0,1,1,1,15,150,25,75,25,0,125,290,4102,4102,1,1,1,1,0,1,0,1,0,0,1,1,0,0,0,0,0,1,0,0,0,0,0,0,0,0,0,0,0,1
524,2,current,1,0,1,-999,-999,-999,-999,-999,-999,-999,-999,-999,-999,-999,-999,-999,-999,-999,-999,-999,-999,-999,-999,-999,-999,-999,-999,290,0,24,1,0,0,0,0,1,0,0,0,0,0,1,0,0,1,1,0,1,0,0,0,2,1,2,1,1,4,4250,0,0,0,1,4,2,0,2,0,1,1,0,0,0,1,1,0,0,1,0,0,0,0,0,0,7,1,1,0,1,1,1,1,1,0,1,0,1,0,1,1,1,15,150,25,75,25,0,125,290,4102,4102,1,1,1,1,0,1,0,1,0,0,1,1,0,0,0,0,0,1,0,0,0,0,0,0,0,0,0,0,0,2
525,2,maas,2,1,1,0,0,0,0,0,0,0,0,0,0,0,0,0,0,0,0,0,0,0,0,1,0,0,0,0,0,53,0,0,1,0,0,0,0,0,1,0,0,0,0,1,0,0,0,1,0,0,0,3,1,3,1,1,5,1875,0,0,1,0,3,1,0,2,0,0,0,0,1,0,0,0,1,0,0,0,0,0,0,0,1,0,0,1,0,1,1,1,1,1,0,0,1,0,0,0,1,0,0,50,0,0,0,0,125,50,4556,4558,0,1,1,0,0,1,0,0,1,0,0,0,0,0,0,0,0,0,0,0,0,0,0,0,0,0,0,0,0,1
525,2,current,1,0,1,-999,-999,-999,-999,-999,-999,-999,-999,-999,-999,-999,-999,-999,-999,-999,-999,-999,-999,-999,-999,-999,-999,-999,-999,50,0,53,0,0,1,0,0,0,0,0,1,0,0,0,0,1,0,0,0,1,0,0,0,3,1,3,1,1,5,1875,0,0,1,0,3,1,0,2,0,0,0,0,1,0,0,0,1,0,0,0,0,0,0,0,1,0,0,1,0,1,1,1,1,1,0,0,1,0,0,0,1,0,0,50,0,0,0,0,125,50,4556,4558,0,1,1,0,0,1,0,0,1,0,0,0,0,0,0,0,0,0,0,0,0,0,0,0,0,0,0,0,0,2
526,2,maas,2,0,0,0,0,80,1,0,0,0,30,0,1,0,0,0,0,30,0,1,0,0,1,0,0,1,1,170,0,75,0,0,0,1,0,0,0,0,0,0,1,0,1,0,0,0,0,1,0,0,0,2,1,1,1,1,3,1125,0,1,0,0,1,0,0,1,1,0,0,0,0,0,0,1,0,0,0,0,0,0,0,1,0,0,0,1,0,1,0,1,1,1,0,0,1,1,0,1,1,0,5,50,25,0,0,0,25,80,4021,4020,1,0,1,0,0,0,0,0,1,0,0,0,0,0,0,0,0,0,0,0,0,0,100,0,0,0,0,0,0,1
526,2,current,1,1,0,-999,-999,-999,-999,-999,-999,-999,-999,-999,-999,-999,-999,-999,-999,-999,-999,-999,-999,-999,-999,-999,-999,-999,-999,80,0,75,0,0,0,1,0,0,0,0,0,0,1,0,1,0,0,0,0,1,0,0,0,2,1,1,1,1,3,1125,0,1,0,0,1,0,0,1,1,0,0,0,0,0,0,1,0,0,0,0,0,0,0,1,0,0,0,1,0,1,0,1,1,1,0,0,1,1,0,1,1,0,5,50,25,0,0,0,25,80,4021,4020,1,0,1,0,0,0,0,0,1,0,0,0,0,0,0,0,0,0,0,0,0,0,100,0,0,0,0,0,0,2
527,2,maas,2,0,0,0,0,0,0,0,0,0,0,0,0,0,0,0,0,0,0,0,0,0,0,0,1,0,0,10,1,64,0,0,0,1,0,0,0,0,0,1,0,0,1,0,0,0,0,1,1,0,0,2,2,3,1,1,5,575,0,1,0,0,2,0,0,2,0,1,0,0,0,0,0,0,1,0,0,1,0,0,0,0,0,7,1,0,0,1,0,0,1,1,0,0,0,0,0,0,1,0,0,450,0,175,0,0,225,625,4017,4157,0,0,0,0,0,0,1,0,1,0,0,0,0,0,0,0,0,0,0,0,0,0,0,0,0,0,0,0,0,1
527,2,current,1,1,0,-999,-999,-999,-999,-999,-999,-999,-999,-999,-999,-999,-999,-999,-999,-999,-999,-999,-999,-999,-999,-999,-999,-999,-999,625,1,64,0,0,0,1,0,0,0,0,0,1,0,0,1,0,0,0,0,1,1,0,0,2,2,3,1,1,5,575,0,1,0,0,2,0,0,2,0,1,0,0,0,0,0,0,1,0,0,1,0,0,0,0,0,7,1,0,0,1,0,0,1,1,0,0,0,0,0,0,1,0,0,450,0,175,0,0,225,625,4017,4157,0,0,0,0,0,0,1,0,1,0,0,0,0,0,0,0,0,0,0,0,0,0,0,0,0,0,0,0,0,2
528,2,maas,2,0,0,0,0,0,0,0,0,0,0,0,0,0,0,0,0,0,0,0,0,0,0,1,0,0,0,0,1,57,0,0,1,0,0,0,0,0,0,1,0,0,0,1,0,0,0,1,0,0,0,2,1,1,1,1,3,850,0,1,0,0,2,0,0,2,0,1,0,0,0,0,0,0,1,0,1,0,0,0,0,0,0,7,1,0,0,0,0,0,1,0,1,1,0,0,0,0,1,0,0,150,0,0,0,0,225,150,4209,4207,0,0,0,0,0,0,1,0,0,0,0,0,0,0,0,0,0,0,1,0,0,0,0,0,0,0,0,0,0,1
528,2,current,1,1,0,-999,-999,-999,-999,-999,-999,-999,-999,-999,-999,-999,-999,-999,-999,-999,-999,-999,-999,-999,-999,-999,-999,-999,-999,150,1,57,0,0,1,0,0,0,0,0,0,1,0,0,0,1,0,0,0,1,0,0,0,2,1,1,1,1,3,850,0,1,0,0,2,0,0,2,0,1,0,0,0,0,0,0,1,0,1,0,0,0,0,0,0,7,1,0,0,0,0,0,1,0,1,1,0,0,0,0,1,0,0,150,0,0,0,0,225,150,4209,4207,0,0,0,0,0,0,1,0,0,0,0,0,0,0,0,0,0,0,1,0,0,0,0,0,0,0,0,0,0,2
